simple,scrambled
-8*(p_1 · F_3 · p_2*p_3 · F_2 · p_3*p_1 · p_3*p_3 · p_4)/(p_1 · p_2*p_1 · p_3*p_2 · p_3*p_2 · p_4*p_3 · p_4) + 75*(p_1 · F_3 · F_2 · p_3*p_3 · p_4)/(p_1 · p_2*p_1 · p_3*p_2 · p_3),-(8*p_1 · p_3*e_3 · p_2*p_3 · p_2*e_2 · p_3*p_1 · p_3*p_3 · p_4*p_2 · p_3)/((p_1 · p_2*p_1 · p_3*p_2 · p_3*p_2 · p_4*p_3 · p_4*((p_2 · p_3 + p_1 · p_4)))) - (8*p_1 · p_3*e_3 · p_2*p_3 · p_2*e_2 · p_3*p_1 · p_3*p_3 · p_4*p_1 · p_4)/((p_1 · p_2*p_1 · p_3*p_2 · p_3*p_2 · p_4*p_3 · p_4*((p_2 · p_3 + p_1 · p_4)))) + (8*p_1 · p_3*e_3 · p_2*p_3 · e_2*p_2 · p_3*p_1 · p_3*p_3 · p_4*p_2 · p_3)/((p_1 · p_2*p_1 · p_3*p_2 · p_3*p_2 · p_4*p_3 · p_4*((p_2 · p_3 + p_1 · p_4)))) + (8*p_1 · p_3*e_3 · p_2*p_3 · e_2*p_2 · p_3*p_1 · p_3*p_3 · p_4*p_1 · p_4)/((p_1 · p_2*p_1 · p_3*p_2 · p_3*p_2 · p_4*p_3 · p_4*((p_2 · p_3 + p_1 · p_4)))) + (8*p_1 · e_3*p_3 · p_2*p_3 · p_2*e_2 · p_3*p_1 · p_3*p_3 · p_4*p_2 · p_3)/((p_1 · p_2*p_1 · p_3*p_2 · p_3*p_2 · p_4*p_3 · p_4*((p_2 · p_3 + p_1 · p_4)))) + (8*p_1 · e_3*p_3 · p_2*p_3 · p_2*e_2 · p_3*p_1 · p_3*p_3 · p_4*p_1 · p_4)/((p_1 · p_2*p_1 · p_3*p_2 · p_3*p_2 · p_4*p_3 · p_4*((p_2 · p_3 + p_1 · p_4)))) - (8*p_1 · e_3*p_3 · p_2*p_3 · e_2*p_2 · p_3*p_1 · p_3*p_3 · p_4*p_2 · p_3)/((p_1 · p_2*p_1 · p_3*p_2 · p_3*p_2 · p_4*p_3 · p_4*((p_2 · p_3 + p_1 · p_4)))) - (8*p_1 · e_3*p_3 · p_2*p_3 · e_2*p_2 · p_3*p_1 · p_3*p_3 · p_4*p_1 · p_4)/((p_1 · p_2*p_1 · p_3*p_2 · p_3*p_2 · p_4*p_3 · p_4*((p_2 · p_3 + p_1 · p_4)))) + (75*p_1 · p_3*e_3 · p_2*e_2 · p_3*p_3 · p_4*p_2 · p_3)/((p_1 · p_2*p_1 · p_3*p_2 · p_3*((p_2 · p_3 + p_1 · p_4)))) + (75*p_1 · p_3*e_3 · p_2*e_2 · p_3*p_3 · p_4*p_1 · p_4)/((p_1 · p_2*p_1 · p_3*p_2 · p_3*((p_2 · p_3 + p_1 · p_4)))) - (75*p_1 · e_3*p_3 · p_2*e_2 · p_3*p_3 · p_4*p_2 · p_3)/((p_1 · p_2*p_1 · p_3*p_2 · p_3*((p_2 · p_3 + p_1 · p_4)))) - (75*p_1 · e_3*p_3 · p_2*e_2 · p_3*p_3 · p_4*p_1 · p_4)/((p_1 · p_2*p_1 · p_3*p_2 · p_3*((p_2 · p_3 + p_1 · p_4)))) - (75*p_1 · p_3*e_3 · e_2*p_2 · p_3*p_3 · p_4*p_2 · p_3)/((p_1 · p_2*p_1 · p_3*p_2 · p_3*((p_2 · p_3 + p_1 · p_4)))) - (75*p_1 · p_3*e_3 · e_2*p_2 · p_3*p_3 · p_4*p_1 · p_4)/((p_1 · p_2*p_1 · p_3*p_2 · p_3*((p_2 · p_3 + p_1 · p_4)))) + (75*p_1 · e_3*p_3 · e_2*p_2 · p_3*p_3 · p_4*p_2 · p_3)/((p_1 · p_2*p_1 · p_3*p_2 · p_3*((p_2 · p_3 + p_1 · p_4)))) + (75*p_1 · e_3*p_3 · e_2*p_2 · p_3*p_3 · p_4*p_1 · p_4)/((p_1 · p_2*p_1 · p_3*p_2 · p_3*((p_2 · p_3 + p_1 · p_4))))
5*(p_3 · F_2 · F_3 · p_1)/(p_2 · p_4*p_3 · p_4) + 85*(p_4 · F_2 · F_3 · p_2*(p_1 · p_3)^2)/(p_1 · p_3*p_2 · p_3*p_2 · p_4*p_3 · p_4),-(5*p_3 · p_2*e_2 · p_1*e_3 · p_1*p_2 · p_3)/((p_2 · p_4*p_3 · p_4*((p_2 · p_3 + p_1 · p_4)))) - (5*p_3 · p_2*e_2 · p_2*e_3 · p_1*p_2 · p_3)/((p_2 · p_4*p_3 · p_4*((p_2 · p_3 + p_1 · p_4)))) - (5*p_3 · p_2*e_2 · p_4*e_3 · p_1*p_2 · p_3)/((p_2 · p_4*p_3 · p_4*((p_2 · p_3 + p_1 · p_4)))) + (5*p_3 · p_2*e_2 · p_3*e_3 · p_1*p_1 · p_4)/((p_2 · p_4*p_3 · p_4*((p_2 · p_3 + p_1 · p_4)))) - (5*p_3 · e_2*p_2 · p_3*e_3 · p_1*p_2 · p_3)/((p_2 · p_4*p_3 · p_4*((p_2 · p_3 + p_1 · p_4)))) - (5*p_3 · e_2*p_2 · p_3*e_3 · p_1*p_1 · p_4)/((p_2 · p_4*p_3 · p_4*((p_2 · p_3 + p_1 · p_4)))) - (5*p_3 · p_2*e_2 · e_3*p_3 · p_1*p_2 · p_3)/((p_2 · p_4*p_3 · p_4*((p_2 · p_3 + p_1 · p_4)))) - (5*p_3 · p_2*e_2 · e_3*p_3 · p_1*p_1 · p_4)/((p_2 · p_4*p_3 · p_4*((p_2 · p_3 + p_1 · p_4)))) + (5*p_3 · e_2*p_2 · e_3*p_3 · p_1*p_2 · p_3)/((((p_2 · p_4 - p_3 · p_4))*p_3 · p_4*((p_2 · p_3 + p_1 · p_4)))) - (5*p_3 · e_2*p_2 · e_3*p_3 · p_1*p_2 · p_3)/((((p_2 · p_4 - p_3 · p_4))*p_2 · p_4*((p_2 · p_3 + p_1 · p_4)))) + (5*p_3 · e_2*p_2 · e_3*p_3 · p_1*p_1 · p_4)/((p_2 · p_4*p_3 · p_4*((p_2 · p_3 + p_1 · p_4)))) + (85*p_4 · p_2*e_2 · p_3*e_3 · p_2*p_1 · p_3**2*p_2 · p_3)/((p_1 · p_3*p_2 · p_3*p_2 · p_4*p_3 · p_4*((p_2 · p_3 + p_1 · p_4)))) + (85*p_4 · p_2*e_2 · p_3*e_3 · p_2*p_1 · p_3**2*p_1 · p_4)/((p_1 · p_3*p_2 · p_3*p_2 · p_4*p_3 · p_4*((p_2 · p_3 + p_1 · p_4)))) - (85*p_4 · e_2*p_2 · p_3*e_3 · p_2*p_1 · p_3**2*p_2 · p_3)/((p_1 · p_3*p_2 · p_3*p_2 · p_4*p_3 · p_4*((p_2 · p_3 + p_1 · p_4)))) - (85*p_4 · e_2*p_2 · p_3*e_3 · p_2*p_1 · p_3**2*p_1 · p_4)/((p_1 · p_3*p_2 · p_3*p_2 · p_4*p_3 · p_4*((p_2 · p_3 + p_1 · p_4)))) - (85*p_4 · p_2*e_2 · e_3*p_3 · p_2*p_1 · p_3**2*p_2 · p_3)/((p_1 · p_3*p_2 · p_3*p_2 · p_4*p_3 · p_4*((p_2 · p_3 + p_1 · p_4)))) - (85*p_4 · p_2*e_2 · e_3*p_3 · p_2*p_1 · p_3**2*p_1 · p_4)/((p_1 · p_3*p_2 · p_3*p_2 · p_4*p_3 · p_4*((p_2 · p_3 + p_1 · p_4)))) + (85*p_4 · e_2*p_2 · e_3*p_3 · p_2*p_1 · p_3**2*p_2 · p_3)/((p_1 · p_3*p_2 · p_3*p_2 · p_4*p_3 · p_4*((p_2 · p_3 + p_1 · p_4)))) + (85*p_4 · e_2*p_2 · e_3*p_3 · p_2*p_1 · p_3**2*p_1 · p_4)/((p_1 · p_3*p_2 · p_3*p_2 · p_4*p_3 · p_4*((p_2 · p_3 + p_1 · p_4))))
(Tr(F_2 · F_3)*p_2 · p_3)/(p_1 · p_3*p_2 · p_4) + (Tr(F_2 · F_3)*p_1 · p_3)/(p_2 · p_3*p_3 · p_4) + (p_2 · F_3 · F_2 · p_1)/(p_1 · p_3*p_2 · p_3) + (Tr(F_2 · F_3)*p_2 · p_4)/(p_1 · p_2*p_3 · p_4) + (Tr(F_2 · F_3)*(p_1 · p_3)^2)/(p_1 · p_2*p_1 · p_3*p_2 · p_4),(e_2 · p_3*e_3 · p_2*p_2 · p_3)/(p_1 · p_3*p_2 · p_4) - (p_2 · p_3*e_3 · e_2*p_2 · p_3)/(p_1 · p_3*p_2 · p_4) - (e_2 · e_3*p_3 · p_2*p_2 · p_3)/(p_1 · p_3*p_2 · p_4) + (p_2 · e_3*p_3 · e_2*p_2 · p_3)/(p_1 · p_3*p_2 · p_4) + (e_2 · p_3*e_3 · p_2*p_1 · p_3)/(p_2 · p_3*p_3 · p_4) - (p_2 · p_3*e_3 · e_2*p_1 · p_3)/(p_2 · p_3*p_3 · p_4) - (e_2 · e_3*p_3 · p_2*p_1 · p_3)/(p_2 · p_3*p_3 · p_4) + (p_2 · e_3*p_3 · e_2*p_1 · p_3)/(p_2 · p_3*p_3 · p_4) - (p_2 · p_3*e_3 · p_2*e_2 · p_2)/(p_1 · p_3*p_2 · p_3) - (p_2 · p_3*e_3 · p_2*e_2 · p_3)/(p_1 · p_3*p_2 · p_3) - (p_2 · p_3*e_3 · p_2*e_2 · p_4)/(p_1 · p_3*p_2 · p_3) - (p_2 · e_3*p_3 · p_2*e_2 · p_1)/(p_1 · p_3*p_2 · p_3) - (p_2 · p_3*e_3 · e_2*p_2 · p_1)/(p_1 · p_3*p_2 · p_3) + (p_2 · e_3*p_3 · e_2*p_2 · p_1)/(p_1 · p_3*p_2 · p_3) + (e_2 · p_3*e_3 · p_2*p_2 · p_4)/(p_1 · p_2*p_3 · p_4) - (p_2 · p_3*e_3 · e_2*p_2 · p_4)/(p_1 · p_2*p_3 · p_4) - (e_2 · e_3*p_3 · p_2*p_2 · p_4)/(p_1 · p_2*p_4 · p_3) + (p_2 · e_3*p_3 · e_2*p_2 · p_4)/(p_1 · p_2*p_3 · p_4) + (e_2 · p_3*e_3 · p_2*p_1 · p_3**2)/(p_1 · p_2*p_1 · p_3*p_2 · p_4) - (p_2 · p_3*e_3 · e_2*p_1 · p_3**2)/(p_1 · p_2*p_1 · p_3*p_2 · p_4) - (e_2 · e_3*p_3 · p_2*p_1 · p_3**2)/(p_1 · p_2*p_1 · p_3*p_2 · p_4) + (p_2 · e_3*p_3 · e_2*p_1 · p_3**2)/(p_1 · p_2*p_1 · p_3*p_2 · p_4)
-3*(p_2 · F_3 · F_2 · p_1)/(p_2 · p_3*p_3 · p_4) + 10*(p_1 · F_3 · F_2 · p_4*p_1 · p_3)/(p_1 · p_2*p_1 · p_3*p_3 · p_4) - 10*(p_1 · F_2 · p_4*p_4 · F_3 · p_1*p_2 · p_4)/(p_1 · p_3*p_2 · p_3*p_2 · p_4*p_3 · p_4),-(3*p_2 · p_3*e_3 · p_2*e_2 · p_1)/(p_2 · p_3*p_3 · p_4) + (3*p_2 · e_3*p_3 · p_2*e_2 · p_1)/(p_2 · p_3*p_3 · p_4) + (3*p_2 · p_3*e_3 · e_2*p_2 · p_1)/((((p_2 · p_3 - p_3 · p_4))*p_3 · p_4)) - (3*p_2 · p_3*e_3 · e_2*p_2 · p_1)/((((p_2 · p_3 - p_3 · p_4))*p_2 · p_3)) - (3*p_2 · e_3*p_3 · e_2*p_2 · p_1)/(p_2 · p_3*p_3 · p_4) + (10*p_1 · p_3*e_3 · p_2*e_2 · p_4*p_1 · p_3)/(p_1 · p_2*p_1 · p_3*p_3 · p_4) - (10*p_1 · e_3*p_3 · p_2*e_2 · p_4*p_1 · p_3)/(p_1 · p_2*p_1 · p_3*p_3 · p_4) - (10*p_1 · p_3*e_3 · e_2*p_2 · p_4*p_1 · p_3)/(p_1 · p_2*p_1 · p_3*p_3 · p_4) + (10*p_1 · e_3*p_3 · e_2*p_2 · p_4*p_1 · p_3)/(p_1 · p_2*p_1 · p_3*p_3 · p_4) + (10*p_1 · p_2*e_2 · p_4*p_4 · p_3*e_3 · p_2*p_2 · p_4)/(p_1 · p_3*p_2 · p_3*p_2 · p_4*p_3 · p_4) + (10*p_1 · p_2*e_2 · p_4*p_4 · p_3*e_3 · p_3*p_2 · p_4)/(p_1 · p_3*p_2 · p_3*p_2 · p_4*p_3 · p_4) - (10*p_1 · p_2*e_2 · p_4*p_4 · p_3*e_3 · p_1*p_2 · p_4)/(p_1 · p_3*p_2 · p_3*p_2 · p_4*p_3 · p_4) - (10*p_1 · p_2*e_2 · p_4*p_4 · p_3*e_3 · p_2*p_2 · p_4)/(p_1 · p_3*p_2 · p_3*p_2 · p_4*p_3 · p_4) - (10*p_1 · p_2*e_2 · p_4*p_4 · p_3*e_3 · p_3*p_2 · p_4)/(p_1 · p_3*p_2 · p_3*p_2 · p_4*p_3 · p_4) + (10*p_1 · p_2*e_2 · p_4*p_4 · e_3*p_3 · p_1*p_2 · p_4)/(p_1 · p_3*p_2 · p_3*p_2 · p_4*p_3 · p_4) + (10*p_1 · e_2*p_2 · p_4*p_4 · p_3*e_3 · p_1*p_2 · p_4)/((((p_2 · p_3 - p_3 · p_4))*p_3 · p_4*p_1 · p_3*p_2 · p_4)) - (10*p_1 · e_2*p_2 · p_4*p_4 · p_3*e_3 · p_1*p_2 · p_4)/((((p_2 · p_3 - p_3 · p_4))*p_2 · p_3*p_1 · p_3*p_2 · p_4)) - (10*p_1 · e_2*p_2 · p_4*p_4 · e_3*p_3 · p_1*p_4 · p_2)/(p_1 · p_3*p_2 · p_3*p_2 · p_4*p_3 · p_4)
-(p_1 · F_3 · F_2 · p_1*p_2 · p_3)/(p_1 · p_2*p_1 · p_3*p_2 · p_3) - 17*(p_2 · F_3 · p_4*p_3 · F_2 · p_1*p_1 · p_4*p_2 · p_4)/(p_1 · p_2*p_1 · p_3*p_2 · p_3*p_2 · p_4*p_3 · p_4),-(p_1 · p_3*e_3 · p_2*e_2 · p_1*p_2 · p_3)/(p_1 · p_2*p_1 · p_3*p_2 · p_3) + (p_1 · e_3*p_3 · p_2*e_2 · p_1*p_2 · p_3)/(p_1 · p_2*p_1 · p_3*p_2 · p_3) + (p_1 · p_3*e_3 · e_2*p_2 · p_1*p_2 · p_3)/(p_1 · p_2*p_1 · p_3*p_2 · p_3) - (p_1 · e_3*p_3 · e_2*p_2 · p_1*p_2 · p_3)/(p_1 · p_2*p_1 · p_3*p_2 · p_3) + (17*p_2 · p_3*e_3 · p_1*p_3 · p_2*e_2 · p_1*p_1 · p_4*p_2 · p_4)/((((p_3 · p_4 - p_1 · p_3))*p_1 · p_3*p_1 · p_2*p_2 · p_3*p_2 · p_4)) + (17*p_2 · p_3*e_3 · p_2*p_3 · p_2*e_2 · p_1*p_1 · p_4*p_2 · p_4)/((((p_3 · p_4 - p_1 · p_3))*p_1 · p_3*p_1 · p_2*p_2 · p_3*p_2 · p_4)) + (17*p_2 · p_3*e_3 · p_3*p_3 · p_2*e_2 · p_1*p_1 · p_4*p_2 · p_4)/((((p_3 · p_4 - p_1 · p_3))*p_1 · p_3*p_1 · p_2*p_2 · p_3*p_2 · p_4)) + (17*p_2 · p_3*e_3 · p_4*p_3 · p_2*e_2 · p_1*p_1 · p_4*p_2 · p_4)/((((p_4 · p_3 - p_1 · p_3))*p_3 · p_4*p_1 · p_2*p_2 · p_3*p_2 · p_4)) + (17*p_2 · p_3*e_3 · p_4*p_3 · e_2*p_2 · p_1*p_1 · p_4*p_2 · p_4)/(p_1 · p_2*p_1 · p_3*p_2 · p_3*p_2 · p_4*p_3 · p_4) + (17*p_2 · e_3*p_3 · p_4*p_3 · p_2*e_2 · p_1*p_1 · p_4*p_2 · p_4)/((((p_1 · p_3 - p_2 · p_3))*p_2 · p_3*p_1 · p_2*p_2 · p_4*p_3 · p_4)) - (17*p_2 · e_3*p_3 · p_4*p_3 · p_2*e_2 · p_1*p_1 · p_4*p_2 · p_4)/((((p_1 · p_3 - p_2 · p_3))*p_1 · p_3*p_1 · p_2*p_2 · p_4*p_3 · p_4)) - (17*p_2 · e_3*p_3 · p_4*p_3 · e_2*p_2 · p_1*p_1 · p_4*p_2 · p_4)/(p_1 · p_2*p_1 · p_3*p_2 · p_3*p_2 · p_4*p_3 · p_4)
-2*(p_3 · F_2 · F_3 · p_2*p_2 · p_3*p_3 · p_4)/(p_1 · p_2*p_1 · p_3*p_2 · p_4*p_3 · p_4),-(2*p_3 · p_2*e_2 · p_3*e_3 · p_2*p_2 · p_3*p_3 · p_4)/(p_1 · p_2*p_1 · p_3*p_2 · p_4*p_3 · p_4) + (2*p_3 · e_2*p_2 · p_3*e_3 · p_2*p_2 · p_3*p_3 · p_4)/(p_1 · p_2*p_1 · p_3*p_2 · p_4*p_3 · p_4) + (2*p_3 · p_2*e_2 · e_3*p_3 · p_2*p_2 · p_3*p_3 · p_4)/(p_1 · p_2*p_1 · p_3*p_2 · p_4*p_3 · p_4) - (2*p_3 · e_2*p_2 · e_3*p_3 · p_2*p_2 · p_3*p_3 · p_4)/(p_1 · p_2*p_1 · p_3*p_2 · p_4*p_3 · p_4)
8*(p_1 · F_2 · F_3 · p_1*(p_1 · p_4)^2)/(p_1 · p_2*p_1 · p_3*p_2 · p_3*p_3 · p_4) - 48*(Tr(F_2 · F_3)*p_1 · p_4)/(p_1 · p_2*p_1 · p_3) - 11*(p_1 · F_3 · p_2*p_3 · F_2 · p_3*p_2 · p_3)/(p_1 · p_2*p_1 · p_3*p_2 · p_4*p_3 · p_4) - 35*(p_1 · F_3 · p_1*p_4 · F_2 · p_1)/(p_1 · p_3*p_2 · p_4*p_3 · p_4),(8*p_1 · p_2*e_2 · p_3*e_3 · p_1*p_1 · p_4**2)/(p_1 · p_2*p_1 · p_3*p_2 · p_3*p_3 · p_4) - (8*p_1 · e_2*p_2 · p_3*e_3 · p_1*p_1 · p_4**2)/(p_1 · p_2*p_1 · p_3*p_2 · p_3*p_3 · p_4) + (8*p_1 · p_2*e_2 · e_3*p_1 · p_1*p_1 · p_4**2)/(p_1 · p_2*p_1 · p_3*p_2 · p_3*p_3 · p_4) + (8*p_1 · p_2*e_2 · e_3*p_2 · p_1*p_1 · p_4**2)/(p_1 · p_2*p_1 · p_3*p_2 · p_3*p_3 · p_4) + (8*p_1 · p_2*e_2 · e_3*p_4 · p_1*p_1 · p_4**2)/(p_1 · p_2*p_1 · p_3*p_2 · p_3*p_3 · p_4) + (8*p_1 · e_2*p_2 · e_3*p_3 · p_1*p_1 · p_4**2)/(p_1 · p_2*p_1 · p_3*p_2 · p_3*p_3 · p_4) - (48*e_2 · p_3*e_3 · p_2*p_1 · p_4)/(p_1 · p_2*p_1 · p_3) + (48*p_2 · p_3*e_3 · e_2*p_1 · p_4)/(p_1 · p_2*p_1 · p_3) + (48*e_2 · e_3*p_3 · p_2*p_1 · p_4)/(p_1 · p_2*p_1 · p_3) - (48*p_2 · e_3*p_3 · e_2*p_1 · p_4)/(p_1 · p_2*p_1 · p_3) - (11*p_1 · p_3*e_3 · p_2*p_3 · p_2*e_2 · p_3*p_2 · p_3)/(p_1 · p_2*p_1 · p_3*p_2 · p_4*p_3 · p_4) + (11*p_1 · p_3*e_3 · p_2*p_3 · e_2*p_2 · p_3*p_2 · p_3)/(p_1 · p_2*p_1 · p_3*p_2 · p_4*p_3 · p_4) + (11*p_1 · e_3*p_3 · p_2*p_3 · p_2*e_2 · p_3*p_2 · p_3)/(p_1 · p_2*p_1 · p_3*p_2 · p_4*p_3 · p_4) - (11*p_1 · e_3*p_3 · p_2*p_3 · e_2*p_2 · p_3*p_2 · p_3)/(p_1 · p_2*p_1 · p_3*p_2 · p_4*p_3 · p_4) - (35*p_1 · p_3*e_3 · p_1*p_4 · p_2*e_2 · p_1)/(p_1 · p_3*p_2 · p_4*p_3 · p_4) + (35*p_1 · p_3*e_3 · p_1*p_4 · e_2*p_2 · p_1)/(p_1 · p_3*p_2 · p_4*p_3 · p_4) + (35*p_1 · e_3*p_3 · p_1*p_4 · p_2*e_2 · p_1)/(p_1 · p_3*p_2 · p_4*p_3 · p_4) - (35*p_1 · e_3*p_3 · p_1*p_4 · e_2*p_2 · p_1)/(p_1 · p_3*p_2 · p_4*p_3 · p_4)
9*(Tr(F_2 · F_3)*p_2 · p_4)/(p_1 · p_2*p_3 · p_4) - 31*(Tr(F_2 · F_3))/(p_3 · p_4),(9*e_2 · p_3*e_3 · p_2*p_2 · p_4*p_4 · p_2*p_2 · p_3)/((p_1 · p_2*-((p_1 · p_4 + p_2 · p_4 + p_4 · p_4))*((p_4 · p_2 + p_1 · p_3))*p_2 · p_3)) + (9*e_2 · p_3*e_3 · p_2*p_2 · p_4*p_1 · p_3*p_2 · p_3)/((p_1 · p_2*p_3 · p_4*((p_4 · p_2 + p_1 · p_3))*p_2 · p_3)) - (9*p_2 · p_3*e_3 · e_2*p_2 · p_4*p_4 · p_2*p_2 · p_3)/((p_1 · p_2*p_3 · p_4*((p_4 · p_2 + p_1 · p_3))*p_2 · p_3)) - (9*p_2 · p_3*e_3 · e_2*p_2 · p_4*p_1 · p_3*p_2 · p_3)/((p_1 · p_2*p_3 · p_4*((p_4 · p_2 + p_1 · p_3))*p_2 · p_3)) - (9*e_2 · e_3*p_3 · p_2*p_2 · p_4*p_4 · p_2*p_2 · p_3)/((p_1 · p_2*p_3 · p_4*((p_4 · p_2 + p_1 · p_3))*p_2 · p_3)) - (9*e_2 · e_3*p_3 · p_2*p_2 · p_4*p_1 · p_3*p_2 · p_3)/((p_1 · p_2*p_3 · p_4*((p_4 · p_2 + p_1 · p_3))*p_2 · p_3)) + (9*p_2 · e_3*p_3 · e_2*p_2 · p_4*p_4 · p_2*p_2 · p_3)/((p_1 · p_2*p_3 · p_4*((p_4 · p_2 + p_1 · p_3))*p_2 · p_3)) + (9*p_2 · e_3*p_3 · e_2*p_2 · p_4*p_1 · p_3*p_2 · p_3)/((p_1 · p_2*p_3 · p_4*((p_4 · p_2 + p_1 · p_3))*p_2 · p_3)) - (31*e_2 · p_3*e_3 · p_2*p_4 · p_2*p_2 · p_3)/((p_3 · p_4*((p_4 · p_2 + p_1 · p_3))*p_2 · p_3)) - (31*e_2 · p_3*e_3 · p_2*p_1 · p_3*p_2 · p_3)/((p_3 · p_4*((p_4 · p_2 + p_1 · p_3))*p_2 · p_3)) + (31*p_2 · p_3*e_3 · e_2*p_4 · p_2*p_2 · p_3)/((p_3 · p_4*((p_4 · p_2 + p_1 · p_3))*p_2 · p_3)) + (31*p_2 · p_3*e_3 · e_2*p_1 · p_3*p_2 · p_3)/((p_3 · p_4*((p_4 · p_2 + p_1 · p_3))*p_2 · p_3)) + (31*e_2 · e_3*p_3 · p_2*p_4 · p_2*p_2 · p_3)/((p_3 · p_4*((p_4 · p_2 + p_1 · p_3))*p_2 · p_3)) + (31*e_3 · e_2*p_3 · p_2*p_1 · p_3*p_2 · p_3)/((-((p_1 · p_4 + p_2 · p_4 + p_4 · p_4))*((p_4 · p_2 + p_1 · p_3))*p_2 · p_3)) - (31*p_2 · e_3*p_3 · e_2*p_4 · p_2*p_2 · p_3)/((p_3 · p_4*((p_4 · p_2 + p_1 · p_3))*p_2 · p_3)) - (31*p_2 · e_3*p_3 · e_2*p_1 · p_3*p_2 · p_3)/((p_3 · p_4*((p_4 · p_2 + p_1 · p_3))*p_2 · p_3))
-4*(p_2 · F_3 · F_2 · p_4*p_2 · p_3*p_2 · p_4)/(p_1 · p_2*p_2 · p_3*p_2 · p_4*p_3 · p_4) - 52*(p_4 · F_3 · F_2 · p_3*(p_1 · p_2)^2)/(p_1 · p_3*p_2 · p_3*p_2 · p_4*p_3 · p_4) - 38*(p_1 · F_2 · p_4*p_1 · F_3 · p_1)/(p_1 · p_2*p_2 · p_3*p_2 · p_4) + 15*(Tr(F_2 · F_3)*p_1 · p_2*p_2 · p_3)/(p_1 · p_2*p_1 · p_3*p_2 · p_4) + 92*(p_4 · F_2 · F_3 · p_4*p_3 · p_4)/(p_2 · p_3*p_2 · p_4*p_3 · p_4),-(4*p_2 · p_3*e_3 · p_2*e_2 · p_4*p_2 · p_3*p_2 · p_4)/(p_1 · p_2*p_2 · p_3*p_2 · p_4*p_3 · p_4) + (4*p_2 · e_3*p_3 · p_2*e_2 · p_4*p_2 · p_3*p_2 · p_4)/(p_1 · p_2*p_2 · p_3*p_2 · p_4*p_3 · p_4) + (4*p_2 · p_3*e_3 · e_2*p_2 · p_4*p_2 · p_3*p_2 · p_4)/(p_1 · p_2*p_2 · p_3*p_4 · p_2*p_3 · p_4) - (4*p_2 · e_3*p_3 · e_2*p_2 · p_4*p_2 · p_3*p_2 · p_4)/(p_1 · p_2*p_2 · p_3*p_2 · p_4*p_3 · p_4) - (52*p_4 · p_3*e_3 · p_2*e_2 · p_3*p_1 · p_2**2)/(p_1 · p_3*p_2 · p_3*p_2 · p_4*p_3 · p_4) + (52*p_4 · e_3*p_3 · p_2*e_2 · p_3*p_1 · p_2**2)/(p_1 · p_3*p_2 · p_3*p_2 · p_4*p_3 · p_4) + (52*p_4 · p_3*e_3 · e_2*p_2 · p_3*p_1 · p_2**2)/(p_1 · p_3*p_2 · p_3*p_2 · p_4*p_3 · p_4) - (52*p_4 · e_3*p_3 · e_2*p_2 · p_3*p_1 · p_2**2)/(p_1 · p_3*p_2 · p_3*p_2 · p_4*p_3 · p_4) - (38*p_1 · p_2*e_2 · p_4*p_1 · p_3*e_3 · p_1)/(p_1 · p_2*p_2 · p_3*p_2 · p_4) + (38*p_1 · p_2*e_2 · p_4*p_1 · e_3*p_3 · p_1)/(p_1 · p_2*p_2 · p_3*p_2 · p_4) + (38*p_1 · e_2*p_2 · p_4*p_1 · p_3*e_3 · p_1)/(p_1 · p_2*p_2 · p_3*p_2 · p_4) - (38*p_1 · e_2*p_2 · p_4*p_1 · e_3*p_3 · p_1)/(p_1 · p_2*p_2 · p_3*p_2 · p_4) + (15*e_2 · p_3*e_3 · p_2*p_1 · p_2*p_2 · p_3)/(p_1 · p_2*p_1 · p_3*p_2 · p_4) - (15*p_2 · p_3*e_3 · e_2*p_1 · p_2*p_2 · p_3)/(p_1 · p_2*p_1 · p_3*p_2 · p_4) - (15*e_2 · e_3*p_3 · p_2*p_1 · p_2*p_2 · p_3)/(p_1 · p_2*p_1 · p_3*p_2 · p_4) + (15*p_2 · e_3*p_3 · e_2*p_1 · p_2*p_2 · p_3)/(p_1 · p_2*p_1 · p_3*p_2 · p_4) + (92*p_4 · p_2*e_2 · p_3*e_3 · p_4*p_3 · p_4)/(p_2 · p_3*p_2 · p_4*p_3 · p_4) - (92*p_4 · e_2*p_2 · p_3*e_3 · p_4*p_3 · p_4)/(p_2 · p_3*p_2 · p_4*p_3 · p_4) - (92*p_4 · p_2*e_2 · e_3*p_3 · p_4*p_3 · p_4)/(p_2 · p_3*p_2 · p_4*p_3 · p_4) + (92*p_4 · e_2*p_2 · e_3*p_3 · p_4*p_3 · p_4)/(p_2 · p_3*p_2 · p_4*p_3 · p_4)
4*(p_1 · F_3 · p_2*p_3 · F_2 · p_3*p_1 · p_4)/(p_1 · p_3*p_2 · p_3*p_2 · p_4*p_3 · p_4),(4*p_1 · p_3*e_3 · p_2*p_3 · p_2*e_2 · p_3*p_1 · p_4)/((((p_3 · p_4 - p_2 · p_3))*p_2 · p_3*p_1 · p_3*p_2 · p_4)) - (4*p_1 · p_3*e_3 · p_2*p_3 · p_2*e_2 · p_3*p_1 · p_4)/((((p_3 · p_4 - p_2 · p_3))*p_3 · p_4*p_1 · p_3*p_2 · p_4)) - (4*p_1 · p_3*e_3 · p_2*p_3 · e_2*p_2 · p_3*p_1 · p_4)/((((p_3 · p_4 - p_2 · p_4))*p_2 · p_4*p_1 · p_3*p_2 · p_3)) + (4*p_1 · p_3*e_3 · p_2*p_3 · e_2*p_2 · p_3*p_1 · p_4)/((((p_3 · p_4 - p_2 · p_4))*p_3 · p_4*p_1 · p_3*p_2 · p_3)) - (4*p_1 · e_3*p_3 · p_2*p_3 · p_2*e_2 · p_3*p_1 · p_4)/((((p_3 · p_4 - p_2 · p_3))*p_2 · p_3*p_1 · p_3*p_2 · p_4)) + (4*p_1 · e_3*p_3 · p_2*p_3 · p_2*e_2 · p_3*p_1 · p_4)/((((p_3 · p_4 - p_2 · p_3))*p_3 · p_4*p_1 · p_3*p_2 · p_4)) + (4*p_1 · e_3*p_3 · p_2*p_3 · e_2*p_2 · p_3*p_1 · p_4)/((((p_1 · p_3 - p_2 · p_3))*p_2 · p_3*p_2 · p_4*p_3 · p_4)) - (4*p_1 · e_3*p_3 · p_2*p_3 · e_2*p_2 · p_3*p_1 · p_4)/((((p_1 · p_3 - p_2 · p_3))*p_1 · p_3*p_2 · p_4*p_3 · p_4))
-6*(p_1 · F_2 · F_3 · p_4)/(p_2 · p_4*p_3 · p_4),-(6*p_1 · p_2*e_2 · p_3*e_3 · p_2*p_4 · p_2)/((p_2 · p_4*p_3 · p_4*((p_4 · p_2 + p_1 · p_3)))) - (6*p_1 · p_2*e_2 · p_3*e_3 · p_3*p_4 · p_2)/((p_2 · p_4*p_3 · p_4*((p_4 · p_2 + p_1 · p_3)))) - (6*p_1 · p_2*e_2 · p_3*e_3 · p_4*p_4 · p_2)/((p_2 · p_4*p_3 · p_4*((p_4 · p_2 + p_1 · p_3)))) + (6*p_1 · p_2*e_2 · p_3*e_3 · p_2*p_4 · p_2)/((p_2 · p_4*p_3 · p_4*((p_4 · p_2 + p_1 · p_3)))) + (6*p_1 · p_2*e_2 · p_3*e_3 · p_3*p_4 · p_2)/((p_2 · p_4*p_3 · p_4*((p_4 · p_2 + p_1 · p_3)))) - (6*p_1 · p_2*e_2 · p_3*e_3 · p_4*p_1 · p_3)/((p_2 · p_4*p_3 · p_4*((p_4 · p_2 + p_1 · p_3)))) + (6*p_1 · e_2*p_2 · p_3*e_3 · p_4*p_4 · p_2)/((p_2 · p_4*p_3 · p_4*((p_4 · p_2 + p_1 · p_3)))) + (6*p_1 · e_2*p_2 · p_3*e_3 · p_4*p_1 · p_3)/((p_2 · p_4*p_3 · p_4*((p_4 · p_2 + p_1 · p_3)))) + (6*p_1 · p_2*e_2 · e_3*p_3 · p_4*p_4 · p_2)/((p_2 · p_4*p_3 · p_4*((p_4 · p_2 + p_1 · p_3)))) + (6*p_1 · p_2*e_2 · e_3*p_3 · p_4*p_1 · p_3)/((p_2 · p_4*p_3 · p_4*((p_4 · p_2 + p_1 · p_3)))) - (6*p_1 · e_2*p_2 · e_3*p_3 · p_4*p_4 · p_2)/((p_2 · p_4*p_3 · p_4*((p_4 · p_2 + p_1 · p_3)))) - (6*p_1 · e_2*p_2 · e_3*p_3 · p_4*p_1 · p_3)/((p_2 · p_4*p_3 · p_4*((p_4 · p_2 + p_1 · p_3))))
9*(Tr(F_2 · F_3))/(p_2 · p_3) + 35*(Tr(F_2 · F_3))/(p_1 · p_3) - 93*(p_3 · F_2 · p_3*p_4 · F_3 · p_4)/(p_1 · p_3*p_2 · p_4*p_3 · p_4) + 50*(p_4 · F_2 · F_3 · p_1*p_1 · p_4)/(p_1 · p_2*p_2 · p_3*p_3 · p_4) + 6*(p_4 · F_3 · F_2 · p_4*p_1 · p_3)/(p_1 · p_2*p_1 · p_3*p_2 · p_3),(9*e_2 · p_3*e_3 · p_2*p_3 · p_2)/(p_2 · p_3*p_3 · p_2) - (9*p_2 · p_3*e_3 · e_2*p_3 · p_2)/(p_2 · p_3*p_3 · p_2) - (9*e_2 · e_3*p_3 · p_2*p_3 · p_2)/(p_2 · p_3*p_3 · p_2) + (9*p_2 · e_3*p_3 · e_2*p_3 · p_2)/(p_2 · p_3*p_3 · p_2) + (35*e_2 · p_3*e_3 · p_2*p_3 · p_2)/(p_1 · p_3*p_3 · p_2) - (35*p_2 · p_3*e_3 · e_2*p_3 · p_2)/(p_1 · p_3*p_3 · p_2) - (35*e_2 · e_3*p_3 · p_2*p_3 · p_2)/(p_1 · p_3*p_3 · p_2) + (35*p_2 · e_3*p_3 · e_2*p_3 · p_2)/(p_1 · p_3*p_3 · p_2) - (93*p_3 · p_2*e_2 · p_3*p_4 · p_3*e_3 · p_4*p_3 · p_2)/(p_1 · p_3*p_2 · p_4*p_3 · p_4*p_3 · p_2) + (93*p_3 · p_2*e_2 · p_3*p_4 · e_3*p_3 · p_4*p_3 · p_2)/(p_1 · p_3*p_2 · p_4*p_3 · p_4*p_3 · p_2) + (93*p_3 · e_2*p_2 · p_3*p_4 · p_3*e_3 · p_4*p_3 · p_2)/(p_1 · p_3*p_2 · p_4*p_3 · p_4*p_3 · p_2) - (93*p_3 · e_2*p_2 · p_3*p_4 · e_3*p_3 · p_4*p_3 · p_2)/(p_1 · p_3*p_2 · p_4*p_4 · p_3*p_3 · p_2) + (50*p_4 · p_2*e_2 · p_3*e_3 · p_1*p_1 · p_4*p_3 · p_2)/(p_1 · p_2*p_2 · p_3*p_3 · p_4*p_3 · p_2) - (50*p_4 · e_2*p_2 · p_3*e_3 · p_1*p_1 · p_4*p_3 · p_2)/(p_1 · p_2*p_2 · p_3*p_3 · p_4*p_3 · p_2) - (50*p_4 · p_2*e_2 · e_3*p_3 · p_1*p_1 · p_4*p_3 · p_2)/(p_1 · p_2*p_2 · p_3*p_3 · p_4*p_3 · p_2) + (50*p_4 · e_2*p_2 · e_3*p_3 · p_1*p_1 · p_4*p_3 · p_2)/(p_1 · p_2*p_2 · p_3*p_3 · p_4*p_3 · p_2) + (6*p_4 · p_3*e_3 · p_2*e_2 · p_4*p_1 · p_3*p_3 · p_2)/(p_1 · p_2*p_1 · p_3*p_2 · p_3*p_3 · p_2) - (6*p_4 · e_3*p_3 · p_2*e_2 · p_4*p_1 · p_3*p_3 · p_2)/(p_1 · p_2*p_1 · p_3*p_3 · p_2*p_3 · p_2) - (6*p_4 · p_3*e_3 · e_2*p_2 · p_4*p_1 · p_3*p_3 · p_2)/(p_1 · p_2*p_1 · p_3*p_2 · p_3*p_3 · p_2) + (6*p_4 · e_3*p_3 · e_2*p_2 · p_4*p_1 · p_3*p_3 · p_2)/(p_1 · p_2*p_1 · p_3*p_2 · p_3*p_3 · p_2)
9*(Tr(F_2 · F_3))/(p_2 · p_3) + 52*(p_3 · F_2 · F_3 · p_4*p_2 · p_4)/(p_1 · p_2*p_2 · p_4*p_3 · p_4) + 82*(p_1 · F_2 · F_3 · p_2*p_1 · p_3*p_2 · p_3)/(p_1 · p_3*p_2 · p_3*p_2 · p_4*p_3 · p_4),(9*e_2 · p_3*e_3 · p_2*p_4 · p_3)/((p_3 · p_2*((p_4 · p_3 + p_2 · p_1)))) + (9*e_2 · p_3*e_3 · p_2*p_2 · p_1)/((p_3 · p_2*((p_4 · p_3 + p_2 · p_1)))) - (9*p_2 · p_3*e_3 · e_2*p_4 · p_3)/((p_2 · p_3*((p_4 · p_3 + p_2 · p_1)))) - (9*p_2 · p_3*e_3 · e_2*p_2 · p_1)/((p_2 · p_3*((p_4 · p_3 + p_2 · p_1)))) - (9*e_2 · e_3*p_3 · p_2*p_4 · p_3)/((p_2 · p_3*((p_4 · p_3 + p_2 · p_1)))) - (9*e_2 · e_3*p_3 · p_2*p_2 · p_1)/((p_2 · p_3*((p_4 · p_3 + p_2 · p_1)))) + (9*p_2 · e_3*p_3 · e_2*p_4 · p_3)/((p_2 · p_3*((p_4 · p_3 + p_2 · p_1)))) + (9*p_2 · e_3*p_3 · e_2*p_2 · p_1)/((p_2 · p_3*((p_4 · p_3 + p_2 · p_1)))) - (52*p_3 · p_2*e_2 · p_3*e_3 · p_4*p_1 · p_4*p_4 · p_3)/((p_1 · p_2*p_2 · p_4*p_3 · p_4*((p_4 · p_3 + p_2 · p_1)))) - (52*p_3 · p_2*e_2 · p_3*e_3 · p_4*p_1 · p_4*p_2 · p_1)/((p_1 · p_2*p_2 · p_4*p_3 · p_4*((p_4 · p_3 + p_2 · p_1)))) - (52*p_3 · p_2*e_2 · p_3*e_3 · p_4*p_3 · p_4*p_4 · p_3)/((p_1 · p_2*p_2 · p_4*p_3 · p_4*((p_4 · p_3 + p_2 · p_1)))) - (52*p_3 · p_2*e_2 · p_3*e_3 · p_4*p_3 · p_4*p_2 · p_1)/((p_1 · p_2*p_2 · p_4*p_3 · p_4*((p_4 · p_3 + p_2 · p_1)))) - (52*p_3 · p_2*e_2 · p_3*e_3 · p_4*p_4 · p_4*p_4 · p_3)/((p_1 · p_2*p_2 · p_4*p_3 · p_4*((p_4 · p_3 + p_2 · p_1)))) - (52*p_3 · p_2*e_2 · p_3*e_3 · p_4*p_4 · p_4*p_2 · p_1)/((p_1 · p_2*p_2 · p_4*p_3 · p_4*((p_4 · p_3 + p_2 · p_1)))) + (52*p_3 · e_2*p_1 · p_3*e_3 · p_4*p_2 · p_4*p_4 · p_3)/((p_1 · p_2*p_2 · p_4*p_3 · p_4*((p_4 · p_3 + p_2 · p_1)))) + (52*p_3 · e_2*p_1 · p_3*e_3 · p_4*p_2 · p_4*p_2 · p_1)/((p_1 · p_2*p_2 · p_4*p_3 · p_4*((p_4 · p_3 + p_2 · p_1)))) + (52*p_3 · e_2*p_3 · p_3*e_3 · p_4*p_2 · p_4*p_4 · p_3)/((p_1 · p_2*p_2 · p_4*p_3 · p_4*((p_4 · p_3 + p_2 · p_1)))) + (52*p_3 · e_2*p_3 · p_3*e_3 · p_4*p_2 · p_4*p_2 · p_1)/((p_1 · p_2*p_2 · p_4*p_3 · p_4*((p_4 · p_3 + p_2 · p_1)))) + (52*p_3 · e_2*p_4 · p_3*e_3 · p_4*p_2 · p_4*p_4 · p_3)/((p_1 · p_2*p_2 · p_4*p_3 · p_4*((p_4 · p_3 + p_2 · p_1)))) + (52*p_3 · e_2*p_4 · p_3*e_3 · p_4*p_2 · p_4*p_2 · p_1)/((p_1 · p_2*p_2 · p_4*p_3 · p_4*((p_4 · p_3 + p_2 · p_1)))) - (52*p_3 · p_2*e_2 · e_3*p_3 · p_4*p_2 · p_4*p_4 · p_3)/((p_1 · p_2*p_2 · p_4*p_3 · p_4*((p_4 · p_3 + p_2 · p_1)))) - (52*p_3 · p_2*e_2 · e_3*p_3 · p_4*p_2 · p_4*p_2 · p_1)/((p_1 · p_2*p_2 · p_4*p_3 · p_4*((p_4 · p_3 + p_2 · p_1)))) + (52*p_3 · e_2*p_2 · e_3*p_3 · p_4*p_2 · p_4*p_4 · p_3)/((p_1 · p_2*p_2 · p_4*p_3 · p_4*((p_4 · p_3 + p_2 · p_1)))) + (52*p_3 · e_2*p_2 · e_3*p_3 · p_4*p_2 · p_4*p_2 · p_1)/((p_1 · p_2*p_2 · p_4*p_3 · p_4*((p_4 · p_3 + p_2 · p_1)))) + (82*p_1 · p_2*e_2 · p_3*e_3 · p_2*p_1 · p_3*p_2 · p_3*p_4 · p_3)/((p_1 · p_3*p_2 · p_3*p_2 · p_4*p_3 · p_4*((p_4 · p_3 + p_2 · p_1)))) + (82*p_1 · p_2*e_2 · p_3*e_3 · p_2*p_1 · p_3*p_2 · p_3*p_2 · p_1)/((p_1 · p_3*p_2 · p_3*p_2 · p_4*p_3 · p_4*((p_4 · p_3 + p_2 · p_1)))) - (82*p_1 · e_2*p_2 · p_3*e_3 · p_2*p_1 · p_3*p_2 · p_3*p_4 · p_3)/((p_1 · p_3*p_2 · p_3*p_2 · p_4*p_3 · p_4*((p_4 · p_3 + p_2 · p_1)))) - (82*p_1 · e_2*p_2 · p_3*e_3 · p_2*p_1 · p_3*p_2 · p_3*p_2 · p_1)/((p_1 · p_3*p_2 · p_3*p_2 · p_4*p_3 · p_4*((p_4 · p_3 + p_2 · p_1)))) - (82*p_1 · p_2*e_2 · e_3*p_3 · p_2*p_1 · p_3*p_2 · p_3*p_4 · p_3)/((p_1 · p_3*p_2 · p_3*p_2 · p_4*p_3 · p_4*((p_4 · p_3 + p_2 · p_1)))) - (82*p_1 · p_2*e_2 · e_3*p_3 · p_2*p_1 · p_3*p_2 · p_3*p_2 · p_1)/((p_1 · p_3*p_2 · p_3*p_2 · p_4*p_3 · p_4*((p_4 · p_3 + p_2 · p_1)))) + (82*p_1 · e_2*p_2 · e_3*p_3 · p_2*p_1 · p_3*p_2 · p_3*p_4 · p_3)/((p_1 · p_3*p_2 · p_3*p_2 · p_4*p_3 · p_4*((p_4 · p_3 + p_2 · p_1)))) + (82*p_1 · e_2*p_2 · e_3*p_3 · p_2*p_1 · p_3*p_2 · p_3*p_2 · p_1)/((p_1 · p_3*p_2 · p_3*p_2 · p_4*p_3 · p_4*((p_4 · p_3 + p_2 · p_1))))
-7*(p_3 · F_2 · p_3*p_4 · F_3 · p_1*p_1 · p_2*p_2 · p_4)/(p_1 · p_2*p_1 · p_3*p_2 · p_3*p_2 · p_4*p_3 · p_4) - 16*(p_1 · F_2 · F_3 · p_4*p_2 · p_4*p_3 · p_4)/(p_1 · p_2*p_2 · p_3*p_2 · p_4*p_3 · p_4) + 57*(p_3 · F_2 · p_1*p_4 · F_3 · p_2*p_1 · p_4*p_2 · p_3)/(p_1 · p_2*p_1 · p_3*p_2 · p_3*p_2 · p_4*p_3 · p_4),-(7*p_3 · p_2*e_2 · p_3*p_4 · p_3*e_3 · p_1*p_1 · p_2*p_2 · p_4)/(p_1 · p_2*p_1 · p_3*p_2 · p_3*p_2 · p_4*p_3 · p_4) + (7*p_3 · p_2*e_2 · p_3*p_4 · e_3*p_3 · p_1*p_1 · p_2*p_2 · p_4)/(p_1 · p_2*p_1 · p_3*p_2 · p_3*p_2 · p_4*p_3 · p_4) + (7*p_3 · e_2*p_2 · p_3*p_4 · p_3*e_3 · p_1*p_1 · p_2*p_2 · p_4)/(p_1 · p_2*p_1 · p_3*p_2 · p_3*p_2 · p_4*p_3 · p_4) - (7*p_3 · e_2*p_2 · p_3*p_4 · e_3*p_3 · p_1*p_1 · p_2*p_2 · p_4)/(p_1 · p_2*p_1 · p_3*p_2 · p_3*p_2 · p_4*p_3 · p_4) + (16*p_1 · p_2*e_2 · p_3*e_3 · p_1*p_2 · p_4*p_3 · p_4)/(p_1 · p_2*p_2 · p_3*p_2 · p_4*p_3 · p_4) + (16*p_1 · p_2*e_2 · p_3*e_3 · p_2*p_2 · p_4*p_3 · p_4)/(p_1 · p_2*p_2 · p_3*p_2 · p_4*p_3 · p_4) + (16*p_1 · p_2*e_2 · p_3*e_3 · p_3*p_2 · p_4*p_3 · p_4)/(p_1 · p_2*p_2 · p_3*p_2 · p_4*p_3 · p_4) - (16*p_1 · e_2*p_2 · p_3*e_3 · p_1*p_2 · p_4*p_3 · p_4)/(p_1 · p_2*p_2 · p_3*p_2 · p_4*p_3 · p_4) - (16*p_1 · e_2*p_2 · p_3*e_3 · p_2*p_2 · p_4*p_3 · p_4)/(p_1 · p_2*p_2 · p_3*p_2 · p_4*p_3 · p_4) - (16*p_1 · e_2*p_2 · p_3*e_3 · p_3*p_2 · p_4*p_3 · p_4)/(p_1 · p_2*p_2 · p_3*p_2 · p_4*p_3 · p_4) + (16*p_1 · p_2*e_2 · e_3*p_3 · p_4*p_2 · p_4*p_3 · p_4)/(p_1 · p_2*p_2 · p_3*p_2 · p_4*p_3 · p_4) - (16*p_1 · e_2*p_2 · e_3*p_3 · p_4*p_2 · p_4*p_3 · p_4)/((((p_2 · p_3 - p_2 · p_4))*p_2 · p_4*p_1 · p_2*p_3 · p_4)) + (16*p_1 · e_2*p_2 · e_3*p_3 · p_4*p_2 · p_4*p_3 · p_4)/((((p_2 · p_3 - p_2 · p_4))*p_2 · p_3*p_1 · p_2*p_3 · p_4)) + (57*p_3 · p_2*e_2 · p_1*p_4 · p_3*e_3 · p_2*p_1 · p_4*p_2 · p_3)/(p_1 · p_2*p_1 · p_3*p_2 · p_3*p_2 · p_4*p_3 · p_4) - (57*p_3 · p_2*e_2 · p_1*p_4 · e_3*p_3 · p_2*p_1 · p_4*p_2 · p_3)/(p_1 · p_2*p_1 · p_3*p_2 · p_3*p_2 · p_4*p_3 · p_4) - (57*p_3 · e_2*p_2 · p_1*p_4 · p_3*e_3 · p_2*p_1 · p_4*p_2 · p_3)/(p_1 · p_2*p_1 · p_3*p_2 · p_3*p_2 · p_4*p_3 · p_4) + (57*p_3 · e_2*p_2 · p_1*p_4 · e_3*p_3 · p_2*p_1 · p_4*p_2 · p_3)/(p_1 · p_2*p_1 · p_3*p_2 · p_3*p_2 · p_4*p_3 · p_4)
-(p_4 · F_2 · F_3 · p_1*p_1 · p_3)/(p_1 · p_2*p_1 · p_3*p_2 · p_3) - 5*(Tr(F_2 · F_3))/(p_3 · p_4) + 21*(p_1 · F_3 · F_2 · p_1*p_1 · p_3)/(p_1 · p_2*p_1 · p_3*p_3 · p_4) + 28*(p_1 · F_2 · p_1*p_1 · F_3 · p_1*p_1 · p_3*p_1 · p_4)/(p_1 · p_2*p_1 · p_3*p_2 · p_3*p_2 · p_4*p_3 · p_4),-(p_4 · p_2*e_2 · p_3*e_3 · p_1*p_1 · p_3*p_1 · p_3)/((p_1 · p_2*p_1 · p_3*p_2 · p_3*((p_1 · p_3 + p_4 · p_2)))) - (p_4 · p_2*e_2 · p_3*e_3 · p_1*p_1 · p_3*p_4 · p_2)/((p_1 · p_2*p_1 · p_3*p_2 · p_3*((p_1 · p_3 + p_4 · p_2)))) + (p_4 · e_2*p_2 · p_3*e_3 · p_1*p_1 · p_3*p_1 · p_3)/((p_1 · p_2*p_1 · p_3*p_2 · p_3*((p_1 · p_3 + p_4 · p_2)))) + (p_4 · e_2*p_2 · p_3*e_3 · p_1*p_1 · p_3*p_4 · p_2)/((p_1 · p_2*p_1 · p_3*p_2 · p_3*((p_1 · p_3 + p_4 · p_2)))) + (p_4 · p_2*e_2 · e_3*p_3 · p_1*p_1 · p_3*p_1 · p_3)/((p_1 · p_2*p_1 · p_3*p_2 · p_3*((p_1 · p_3 + p_4 · p_2)))) + (p_4 · p_2*e_2 · e_3*p_3 · p_1*p_1 · p_3*p_4 · p_2)/((p_1 · p_2*p_1 · p_3*p_2 · p_3*((p_1 · p_3 + p_4 · p_2)))) - (p_4 · e_2*p_2 · e_3*p_3 · p_1*p_1 · p_3*p_1 · p_3)/((p_1 · p_2*p_1 · p_3*p_2 · p_3*((p_1 · p_3 + p_4 · p_2)))) - (p_4 · e_2*p_2 · e_3*p_3 · p_1*p_1 · p_3*p_4 · p_2)/((p_1 · p_2*p_1 · p_3*p_2 · p_3*((p_1 · p_3 + p_4 · p_2)))) - (5*e_2 · p_3*e_3 · p_2*p_1 · p_3)/((p_3 · p_4*((p_1 · p_3 + p_4 · p_2)))) - (5*e_2 · p_3*e_3 · p_2*p_4 · p_2)/((p_3 · p_4*((p_1 · p_3 + p_4 · p_2)))) + (5*p_2 · p_3*e_3 · e_2*p_1 · p_3)/((p_3 · p_4*((p_1 · p_3 + p_4 · p_2)))) + (5*p_2 · p_3*e_3 · e_2*p_4 · p_2)/((p_3 · p_4*((p_1 · p_3 + p_4 · p_2)))) + (5*e_2 · e_3*p_3 · p_2*p_1 · p_3)/((p_3 · p_4*((p_1 · p_3 + p_4 · p_2)))) + (5*e_2 · e_3*p_3 · p_2*p_4 · p_2)/((p_3 · p_4*((p_1 · p_3 + p_4 · p_2)))) - (5*p_2 · e_3*p_3 · e_2*p_1 · p_3)/((p_3 · p_4*((p_1 · p_3 + p_4 · p_2)))) - (5*p_2 · e_3*p_3 · e_2*p_4 · p_2)/((p_3 · p_4*((p_1 · p_3 + p_4 · p_2)))) + (21*p_1 · p_3*e_3 · p_2*e_2 · p_1*p_1 · p_3*p_1 · p_3)/((p_1 · p_2*p_1 · p_3*p_3 · p_4*((p_1 · p_3 + p_4 · p_2)))) + (21*p_1 · p_3*e_3 · p_2*e_2 · p_1*p_1 · p_3*p_4 · p_2)/((p_1 · p_2*p_1 · p_3*p_3 · p_4*((p_1 · p_3 + p_4 · p_2)))) - (21*p_1 · e_3*p_3 · p_2*e_2 · p_1*p_1 · p_3*p_1 · p_3)/((p_1 · p_2*p_1 · p_3*p_3 · p_4*((p_1 · p_3 + p_4 · p_2)))) - (21*p_1 · e_3*p_3 · p_2*e_2 · p_1*p_1 · p_3*p_4 · p_2)/((p_1 · p_2*p_1 · p_3*p_3 · p_4*((p_1 · p_3 + p_4 · p_2)))) - (21*p_1 · p_3*e_3 · e_2*p_2 · p_1*p_1 · p_3*p_1 · p_3)/((p_1 · p_2*p_1 · p_3*p_3 · p_4*((p_1 · p_3 + p_4 · p_2)))) - (21*p_1 · p_3*e_3 · e_2*p_2 · p_1*p_1 · p_3*p_4 · p_2)/((p_1 · p_2*p_1 · p_3*p_3 · p_4*((p_1 · p_3 + p_4 · p_2)))) + (21*p_1 · e_3*p_3 · e_2*p_2 · p_1*p_1 · p_3*p_1 · p_3)/((p_1 · p_2*p_1 · p_3*p_3 · p_4*((p_1 · p_3 + p_4 · p_2)))) + (21*p_1 · e_3*p_3 · e_2*p_2 · p_1*p_1 · p_3*p_4 · p_2)/((p_1 · p_2*p_1 · p_3*p_3 · p_4*((p_1 · p_3 + p_4 · p_2)))) + (28*p_1 · p_2*e_2 · p_1*p_1 · p_3*e_3 · p_1*p_1 · p_3*p_1 · p_4*p_1 · p_3)/((p_1 · p_2*p_1 · p_3*p_2 · p_3*p_2 · p_4*p_3 · p_4*((p_1 · p_3 + p_4 · p_2)))) + (28*p_1 · p_2*e_2 · p_1*p_1 · p_3*e_3 · p_1*p_1 · p_3*p_1 · p_4*p_4 · p_2)/((p_1 · p_2*p_1 · p_3*p_2 · p_3*p_2 · p_4*p_3 · p_4*((p_1 · p_3 + p_4 · p_2)))) - (28*p_1 · p_2*e_2 · p_1*p_1 · e_3*p_3 · p_1*p_1 · p_3*p_1 · p_4*p_1 · p_3)/((p_1 · p_2*p_1 · p_3*p_2 · p_3*p_2 · p_4*p_3 · p_4*((p_1 · p_3 + p_4 · p_2)))) - (28*p_1 · p_2*e_2 · p_1*p_1 · e_3*p_3 · p_1*p_1 · p_3*p_1 · p_4*p_4 · p_2)/((p_1 · p_2*p_1 · p_3*p_2 · p_3*p_2 · p_4*p_3 · p_4*((p_1 · p_3 + p_4 · p_2)))) - (28*p_1 · e_2*p_2 · p_1*p_1 · p_3*e_3 · p_1*p_1 · p_3*p_1 · p_4*p_1 · p_3)/((p_1 · p_2*p_1 · p_3*p_2 · p_3*p_2 · p_4*p_3 · p_4*((p_1 · p_3 + p_4 · p_2)))) - (28*p_1 · e_2*p_2 · p_1*p_1 · p_3*e_3 · p_1*p_1 · p_3*p_1 · p_4*p_4 · p_2)/((p_1 · p_2*p_1 · p_3*p_2 · p_3*p_2 · p_4*p_3 · p_4*((p_1 · p_3 + p_4 · p_2)))) + (28*p_1 · e_2*p_2 · p_1*p_1 · e_3*p_3 · p_1*p_1 · p_3*p_1 · p_4*p_1 · p_3)/((p_1 · p_2*p_1 · p_3*p_2 · p_3*p_2 · p_4*p_3 · p_4*((p_1 · p_3 + p_4 · p_2)))) + (28*p_1 · e_2*p_2 · p_1*p_1 · e_3*p_3 · p_1*p_1 · p_3*p_1 · p_4*p_4 · p_2)/((p_1 · p_2*p_1 · p_3*p_2 · p_3*p_2 · p_4*p_3 · p_4*((p_1 · p_3 + p_4 · p_2))))
(p_2 · F_3 · F_2 · p_1*p_2 · p_3)/(p_1 · p_3*p_2 · p_3*p_3 · p_4) + (Tr(F_2 · F_3)*p_1 · p_4)/(p_1 · p_3*p_2 · p_3) + (p_3 · F_2 · F_3 · p_4*p_2 · p_3)/(p_1 · p_2*p_1 · p_3*p_3 · p_4) + (Tr(F_2 · F_3)*p_3 · p_4)/(p_1 · p_2*p_1 · p_3),(p_2 · p_3*e_3 · p_2*e_2 · p_1*p_2 · p_3*p_1 · p_3)/(p_1 · p_3*p_2 · p_3*p_3 · p_4*p_1 · p_3) - (p_2 · e_3*p_3 · p_2*e_2 · p_1*p_2 · p_3*p_1 · p_3)/(p_1 · p_3*p_2 · p_3*p_3 · p_4*p_1 · p_3) - (p_2 · p_3*e_3 · e_2*p_2 · p_1*p_2 · p_3*p_1 · p_3)/(p_1 · p_3*p_2 · p_3*p_3 · p_4*p_1 · p_3) + (p_2 · e_3*p_3 · e_2*p_2 · p_1*p_2 · p_3*p_1 · p_3)/(p_1 · p_3*p_2 · p_3*p_3 · p_4*p_1 · p_3) + (e_2 · p_3*e_3 · p_2*p_1 · p_4*p_1 · p_3)/(p_1 · p_3*p_2 · p_3*p_1 · p_3) - (p_2 · p_3*e_3 · e_2*p_1 · p_4*p_1 · p_3)/(p_1 · p_3*p_2 · p_3*p_1 · p_3) - (e_2 · e_3*p_3 · p_2*p_1 · p_4*p_1 · p_3)/(p_1 · p_3*p_2 · p_3*p_1 · p_3) + (p_2 · e_3*p_3 · e_2*p_1 · p_4*p_1 · p_3)/(p_1 · p_3*p_2 · p_3*p_1 · p_3) + (p_3 · p_2*e_2 · p_3*e_3 · p_4*p_2 · p_3*p_1 · p_3)/(p_1 · p_2*p_1 · p_3*p_3 · p_4*p_1 · p_3) - (p_3 · e_2*p_2 · p_3*e_3 · p_4*p_2 · p_3*p_1 · p_3)/(p_1 · p_2*p_1 · p_3*p_3 · p_4*p_1 · p_3) - (p_3 · p_2*e_2 · e_3*p_4 · p_3*p_2 · p_3*p_1 · p_3)/(p_1 · p_2*p_1 · p_3*p_3 · p_4*p_1 · p_3) + (p_3 · e_2*p_2 · e_3*p_3 · p_4*p_2 · p_3*p_1 · p_3)/(p_1 · p_2*p_1 · p_3*p_3 · p_4*p_1 · p_3) + (e_2 · p_3*e_3 · p_2*p_3 · p_4*p_1 · p_3)/(p_1 · p_2*p_1 · p_3*p_1 · p_3) - (p_2 · p_3*e_3 · e_2*p_3 · p_4*p_1 · p_3)/(p_1 · p_2*p_1 · p_3*p_1 · p_3) - (e_2 · e_3*p_3 · p_2*p_3 · p_4*p_1 · p_3)/(p_1 · p_2*p_1 · p_3*p_1 · p_3) + (p_2 · e_3*p_3 · e_2*p_3 · p_4*p_1 · p_3)/(p_1 · p_2*p_1 · p_3*p_1 · p_3)
-2*(p_3 · F_2 · F_3 · p_4*p_1 · p_3*p_2 · p_4)/(p_1 · p_3*p_2 · p_3*p_2 · p_4*p_3 · p_4),-(2*p_3 · p_2*e_2 · p_3*e_3 · p_4*p_1 · p_3*p_2 · p_4*p_3 · p_1)/((p_1 · p_3*p_2 · p_3*p_2 · p_4*p_3 · p_4*((p_3 · p_1 + p_4 · p_2)))) - (2*p_3 · p_2*e_2 · p_3*e_3 · p_4*p_1 · p_3*p_2 · p_4*p_4 · p_2)/((p_1 · p_3*p_2 · p_3*p_2 · p_4*p_3 · p_4*((p_3 · p_1 + p_4 · p_2)))) + (2*p_3 · e_2*p_2 · p_3*e_3 · p_4*p_1 · p_3*p_2 · p_4*p_3 · p_1)/((p_1 · p_3*p_2 · p_3*p_2 · p_4*p_3 · p_4*((p_3 · p_1 + p_4 · p_2)))) + (2*p_3 · e_2*p_2 · p_3*e_3 · p_4*p_1 · p_3*p_2 · p_4*p_4 · p_2)/((p_1 · p_3*p_2 · p_3*p_2 · p_4*p_3 · p_4*((p_3 · p_1 + p_4 · p_2)))) + (2*p_3 · p_2*e_2 · e_3*p_3 · p_4*p_1 · p_3*p_2 · p_4*p_3 · p_1)/((p_1 · p_3*p_2 · p_3*p_2 · p_4*p_3 · p_4*((p_3 · p_1 + p_4 · p_2)))) + (2*p_3 · p_2*e_2 · e_3*p_3 · p_4*p_1 · p_3*p_2 · p_4*p_4 · p_2)/((p_1 · p_3*p_2 · p_3*p_2 · p_4*p_3 · p_4*((p_3 · p_1 + p_4 · p_2)))) - (2*p_3 · e_2*p_2 · e_3*p_3 · p_4*p_1 · p_3*p_4 · p_2*p_3 · p_1)/((p_1 · p_3*p_2 · p_3*p_2 · p_4*p_3 · p_4*((p_3 · p_1 + p_4 · p_2)))) - (2*p_3 · e_2*p_2 · e_3*p_3 · p_4*p_1 · p_3*p_2 · p_4*p_4 · p_2)/((p_1 · p_3*p_2 · p_3*p_2 · p_4*p_3 · p_4*((p_3 · p_1 + p_4 · p_2))))
-9*(Tr(F_2 · F_3)*(p_3 · p_4)^2)/(p_2 · p_3*p_2 · p_4*p_3 · p_4) - 20*(p_1 · F_3 · p_2*p_3 · F_2 · p_3*p_2 · p_4*p_3 · p_4)/(p_1 · p_2*p_1 · p_3*p_2 · p_3*p_2 · p_4*p_3 · p_4) + 26*(p_4 · F_2 · F_3 · p_4*p_1 · p_4*p_3 · p_4)/(p_1 · p_2*p_1 · p_3*p_2 · p_3*p_3 · p_4),-(9*e_2 · p_3*e_3 · p_2*p_3 · p_4**2*p_3 · p_2)/((p_2 · p_3*p_2 · p_4*p_3 · p_4*((p_3 · p_2 + p_1 · p_4)))) - (9*e_2 · p_3*e_3 · p_2*p_3 · p_4**2*p_1 · p_4)/((p_2 · p_3*p_2 · p_4*p_3 · p_4*((p_3 · p_2 + p_1 · p_4)))) + (9*p_2 · p_3*e_3 · e_2*p_3 · p_4**2*p_3 · p_2)/((p_2 · p_3*p_2 · p_4*p_3 · p_4*((p_3 · p_2 + p_1 · p_4)))) + (9*p_2 · p_3*e_3 · e_2*p_3 · p_4**2*p_1 · p_4)/((p_2 · p_3*p_2 · p_4*p_3 · p_4*((p_3 · p_2 + p_1 · p_4)))) + (9*e_2 · e_3*p_3 · p_2*p_3 · p_4**2*p_3 · p_2)/((p_2 · p_3*p_2 · p_4*p_3 · p_4*((p_3 · p_2 + p_1 · p_4)))) + (9*e_2 · e_3*p_3 · p_2*p_3 · p_4**2*p_1 · p_4)/((p_2 · p_3*p_2 · p_4*p_3 · p_4*((p_3 · p_2 + p_1 · p_4)))) - (9*p_2 · e_3*p_3 · e_2*p_3 · p_4**2*p_3 · p_2)/((p_2 · p_3*p_2 · p_4*p_3 · p_4*((p_3 · p_2 + p_1 · p_4)))) - (9*p_2 · e_3*p_3 · e_2*p_3 · p_4**2*p_1 · p_4)/((p_2 · p_3*p_2 · p_4*p_3 · p_4*((p_3 · p_2 + p_1 · p_4)))) - (20*p_1 · p_3*e_3 · p_2*p_3 · p_2*e_2 · p_3*p_2 · p_4*p_3 · p_4*p_3 · p_2)/((p_1 · p_2*p_1 · p_3*p_2 · p_3*p_2 · p_4*p_3 · p_4*((p_3 · p_2 + p_1 · p_4)))) - (20*p_1 · p_3*e_3 · p_2*p_3 · p_2*e_2 · p_3*p_2 · p_4*p_3 · p_4*p_1 · p_4)/((p_1 · p_2*p_1 · p_3*p_2 · p_3*p_2 · p_4*p_3 · p_4*((p_3 · p_2 + p_1 · p_4)))) + (20*p_1 · p_3*e_3 · p_2*p_3 · e_2*p_2 · p_3*p_2 · p_4*p_3 · p_4*p_3 · p_2)/((p_1 · p_2*p_1 · p_3*p_2 · p_3*p_4 · p_2*p_3 · p_4*((p_3 · p_2 + p_1 · p_4)))) + (20*p_1 · p_3*e_3 · p_2*p_3 · e_2*p_2 · p_3*p_2 · p_4*p_3 · p_4*p_1 · p_4)/((p_1 · p_2*p_1 · p_3*p_2 · p_3*p_4 · p_2*p_3 · p_4*((p_3 · p_2 + p_1 · p_4)))) + (20*p_1 · e_3*p_3 · p_2*p_3 · p_2*e_2 · p_3*p_2 · p_4*p_3 · p_4*p_3 · p_2)/((p_1 · p_2*p_1 · p_3*p_2 · p_3*p_2 · p_4*p_3 · p_4*((p_3 · p_2 + p_1 · p_4)))) + (20*p_1 · e_3*p_3 · p_2*p_3 · p_2*e_2 · p_3*p_2 · p_4*p_3 · p_4*p_1 · p_4)/((p_1 · p_2*p_1 · p_3*p_2 · p_3*p_2 · p_4*p_3 · p_4*((p_3 · p_2 + p_1 · p_4)))) - (20*p_1 · e_3*p_3 · p_2*p_3 · e_2*p_2 · p_3*p_2 · p_4*p_3 · p_4*p_3 · p_2)/((p_1 · p_2*p_1 · p_3*p_2 · p_3*p_2 · p_4*p_3 · p_4*((p_3 · p_2 + p_1 · p_4)))) - (20*p_1 · e_3*p_3 · p_2*p_3 · e_2*p_2 · p_3*p_2 · p_4*p_3 · p_4*p_4 · p_1)/((p_1 · p_2*p_1 · p_3*p_2 · p_3*p_2 · p_4*p_3 · p_4*((p_3 · p_2 + p_1 · p_4)))) + (26*p_4 · p_2*e_2 · p_3*e_3 · p_4*p_1 · p_4*p_3 · p_4*p_3 · p_2)/((p_1 · p_2*p_1 · p_3*p_2 · p_3*p_3 · p_4*((p_3 · p_2 + p_1 · p_4)))) + (26*p_4 · p_2*e_2 · p_3*e_3 · p_4*p_1 · p_4*p_3 · p_4*p_1 · p_4)/((p_1 · p_2*p_1 · p_3*p_2 · p_3*p_3 · p_4*((p_3 · p_2 + p_1 · p_4)))) - (26*p_4 · e_2*p_2 · p_3*e_3 · p_4*p_1 · p_4*p_3 · p_4*p_3 · p_2)/((p_1 · p_2*p_1 · p_3*p_2 · p_3*p_3 · p_4*((p_3 · p_2 + p_1 · p_4)))) - (26*p_4 · e_2*p_2 · p_3*e_3 · p_4*p_1 · p_4*p_3 · p_4*p_1 · p_4)/((p_1 · p_2*p_1 · p_3*p_2 · p_3*p_3 · p_4*((p_3 · p_2 + p_1 · p_4)))) - (26*p_4 · p_2*e_2 · e_3*p_3 · p_4*p_1 · p_4*p_3 · p_4*p_3 · p_2)/((p_1 · p_2*p_1 · p_3*p_2 · p_3*p_3 · p_4*((p_3 · p_2 + p_1 · p_4)))) - (26*p_4 · p_2*e_2 · e_3*p_3 · p_4*p_1 · p_4*p_3 · p_4*p_1 · p_4)/((p_1 · p_2*p_1 · p_3*p_2 · p_3*p_3 · p_4*((p_3 · p_2 + p_1 · p_4)))) + (26*p_4 · e_2*p_2 · e_3*p_3 · p_4*p_1 · p_4*p_3 · p_4*p_3 · p_2)/((p_1 · p_2*p_1 · p_3*p_2 · p_3*p_3 · p_4*((p_3 · p_2 + p_1 · p_4)))) + (26*p_4 · e_2*p_2 · e_3*p_3 · p_4*p_1 · p_4*p_3 · p_4*p_1 · p_4)/((p_1 · p_2*p_1 · p_3*p_2 · p_3*p_3 · p_4*((p_3 · p_2 + p_1 · p_4))))
-2*(p_2 · F_3 · p_2*p_4 · F_2 · p_3)/(p_2 · p_3*p_2 · p_4*p_3 · p_4) - 91*(p_2 · F_3 · F_2 · p_3*p_1 · p_4)/(p_2 · p_3*p_2 · p_4*p_3 · p_4),-(2*p_2 · p_3*e_3 · p_2*p_4 · p_2*e_2 · p_3*p_1 · p_2)/((p_2 · p_3*p_2 · p_4*p_3 · p_4*((p_1 · p_2 + p_3 · p_4)))) - (2*p_2 · p_3*e_3 · p_2*p_4 · p_2*e_2 · p_3*p_3 · p_4)/((p_2 · p_3*p_2 · p_4*p_3 · p_4*((p_1 · p_2 + p_3 · p_4)))) + (2*p_2 · p_3*e_3 · p_2*p_4 · e_2*p_2 · p_3*p_1 · p_2)/((p_3 · p_2*p_2 · p_4*p_3 · p_4*((p_1 · p_2 + p_3 · p_4)))) + (2*p_2 · p_3*e_3 · p_2*p_4 · e_2*p_2 · p_3*p_3 · p_4)/((p_3 · p_2*p_2 · p_4*p_3 · p_4*((p_1 · p_2 + p_3 · p_4)))) + (2*p_2 · e_3*p_3 · p_2*p_4 · p_2*e_2 · p_3*p_1 · p_2)/((p_2 · p_3*p_2 · p_4*p_3 · p_4*((p_1 · p_2 + p_3 · p_4)))) + (2*p_2 · e_3*p_3 · p_2*p_4 · p_2*e_2 · p_3*p_3 · p_4)/((p_2 · p_3*p_2 · p_4*p_3 · p_4*((p_1 · p_2 + p_3 · p_4)))) - (2*p_2 · e_3*p_3 · p_2*p_4 · e_2*p_2 · p_3*p_1 · p_2)/((p_2 · p_3*p_2 · p_4*p_3 · p_4*((p_1 · p_2 + p_3 · p_4)))) - (2*p_2 · e_3*p_3 · p_2*p_4 · e_2*p_2 · p_3*p_3 · p_4)/((p_2 · p_3*p_2 · p_4*p_3 · p_4*((p_1 · p_2 + p_3 · p_4)))) - (91*p_2 · p_3*e_3 · p_2*e_2 · p_3*p_1 · p_4*p_1 · p_2)/((((p_2 · p_3 - p_3 · p_4))*p_3 · p_4*p_2 · p_4*((p_1 · p_2 + p_3 · p_4)))) - (91*p_2 · p_3*e_3 · p_2*e_2 · p_3*p_1 · p_4*p_3 · p_4)/((((p_2 · p_3 - p_3 · p_4))*p_3 · p_4*p_2 · p_4*((p_1 · p_2 + p_3 · p_4)))) + (91*p_2 · p_3*e_3 · p_2*e_2 · p_3*p_1 · p_4*p_1 · p_2)/((((p_2 · p_3 - p_3 · p_4))*p_2 · p_3*p_2 · p_4*((p_1 · p_2 + p_3 · p_4)))) + (91*p_2 · p_3*e_3 · p_2*e_2 · p_3*p_1 · p_4*p_3 · p_4)/((((p_2 · p_3 - p_3 · p_4))*p_2 · p_3*p_2 · p_4*((p_1 · p_2 + p_3 · p_4)))) + (91*p_2 · e_3*p_3 · p_2*e_2 · p_3*p_1 · p_4*p_1 · p_2)/((p_2 · p_3*p_2 · p_4*-((p_1 · p_4 + p_2 · p_4 + p_4 · p_4))*((p_1 · p_2 + p_3 · p_4)))) + (91*p_2 · e_3*p_3 · p_2*e_2 · p_3*p_1 · p_4*p_3 · p_4)/((p_2 · p_3*p_2 · p_4*-((p_1 · p_4 + p_2 · p_4 + p_4 · p_4))*((p_1 · p_2 + p_3 · p_4)))) + (91*p_2 · p_3*e_3 · e_2*p_2 · p_3*p_1 · p_4*p_1 · p_2)/((p_2 · p_3*p_2 · p_4*p_3 · p_4*((p_1 · p_2 + p_3 · p_4)))) + (91*p_2 · p_3*e_3 · e_2*p_2 · p_3*p_1 · p_4*p_3 · p_4)/((p_2 · p_3*p_2 · p_4*p_3 · p_4*((p_1 · p_2 + p_3 · p_4)))) - (91*p_2 · e_3*p_3 · e_2*p_2 · p_3*p_1 · p_4*p_1 · p_2)/((p_2 · p_3*p_2 · p_4*p_3 · p_4*((p_1 · p_2 + p_3 · p_4)))) - (91*p_2 · e_3*p_3 · e_2*p_2 · p_3*p_1 · p_4*p_3 · p_4)/((p_2 · p_3*p_2 · p_4*p_3 · p_4*((p_1 · p_2 + p_3 · p_4))))
-3*(p_1 · F_2 · F_3 · p_2)/(p_2 · p_3*p_3 · p_4) - 23*(p_1 · F_2 · F_3 · p_2*p_1 · p_4*p_2 · p_4)/(p_1 · p_2*p_2 · p_3*p_2 · p_4*p_3 · p_4) + 64*(p_1 · F_2 · F_3 · p_4)/(p_2 · p_4*p_3 · p_4) + 71*(p_1 · F_2 · F_3 · p_2)/(p_2 · p_4*p_3 · p_4) - 89*(p_3 · F_2 · p_1*p_4 · F_3 · p_2*p_1 · p_3*p_2 · p_4)/(p_1 · p_2*p_1 · p_3*p_2 · p_3*p_2 · p_4*p_3 · p_4),-(3*p_1 · p_2*e_2 · p_3*e_3 · p_2*p_1 · p_4)/(p_2 · p_3*p_3 · p_4*p_1 · p_4) + (3*p_1 · e_2*p_3 · p_2*e_3 · p_2*p_1 · p_4)/(p_2 · p_3*p_3 · p_4*p_1 · p_4) + (3*p_1 · p_2*e_2 · e_3*p_3 · p_2*p_1 · p_4)/(p_2 · p_3*p_3 · p_4*p_1 · p_4) - (3*p_1 · e_2*p_2 · e_3*p_3 · p_2*p_1 · p_4)/(p_2 · p_3*p_3 · p_4*p_1 · p_4) - (23*p_1 · p_2*e_2 · p_3*e_3 · p_2*p_1 · p_4*p_2 · p_4*p_1 · p_4)/(p_1 · p_2*p_2 · p_3*p_2 · p_4*p_3 · p_4*p_1 · p_4) + (23*p_1 · e_2*p_2 · p_3*e_3 · p_2*p_1 · p_4*p_2 · p_4*p_1 · p_4)/(p_1 · p_2*p_2 · p_3*p_2 · p_4*p_3 · p_4*p_1 · p_4) + (23*p_1 · p_2*e_2 · e_3*p_3 · p_2*p_1 · p_4*p_2 · p_4*p_1 · p_4)/(p_1 · p_2*p_2 · p_3*p_2 · p_4*p_3 · p_4*p_1 · p_4) - (23*p_1 · e_2*p_2 · e_3*p_3 · p_2*p_1 · p_4*p_2 · p_4*p_1 · p_4)/(p_1 · p_2*p_2 · p_3*p_2 · p_4*p_3 · p_4*p_1 · p_4) + (64*p_1 · p_2*e_2 · p_3*e_3 · p_4*p_1 · p_4)/(p_2 · p_4*p_3 · p_4*p_1 · p_4) - (64*p_1 · e_2*p_2 · p_3*e_3 · p_4*p_1 · p_4)/(p_2 · p_4*p_3 · p_4*p_1 · p_4) - (64*p_1 · p_2*e_2 · e_3*p_3 · p_4*p_1 · p_4)/(p_2 · p_4*p_3 · p_4*p_1 · p_4) + (64*p_1 · e_2*p_2 · e_3*p_3 · p_4*p_1 · p_4)/(p_2 · p_4*p_3 · p_4*p_1 · p_4) + (71*p_1 · p_2*e_2 · p_3*e_3 · p_2*p_1 · p_4)/(p_2 · p_4*p_3 · p_4*p_1 · p_4) - (71*p_1 · e_2*p_2 · p_3*e_3 · p_2*p_1 · p_4)/(p_2 · p_4*p_3 · p_4*p_1 · p_4) - (71*p_1 · p_2*e_2 · e_3*p_3 · p_2*p_1 · p_4)/(p_2 · p_4*p_3 · p_4*p_1 · p_4) + (71*p_1 · e_2*p_2 · e_3*p_3 · p_2*p_1 · p_4)/(p_2 · p_4*p_3 · p_4*p_1 · p_4) + (89*p_3 · p_2*e_2 · p_1*p_4 · p_3*e_3 · p_2*p_1 · p_3*p_2 · p_4*p_2 · p_4)/(p_1 · p_2*p_1 · p_3*p_2 · p_3*p_2 · p_4*p_3 · p_4*p_1 · p_4) + (89*p_3 · p_2*e_2 · p_1*p_4 · p_3*e_3 · p_2*p_1 · p_3*p_2 · p_4*p_3 · p_4)/(p_1 · p_2*p_1 · p_3*p_2 · p_3*p_2 · p_4*p_3 · p_4*p_1 · p_4) + (89*p_3 · p_2*e_2 · p_1*p_4 · p_3*e_3 · p_2*p_1 · p_3*p_2 · p_4*p_4 · p_4)/(p_1 · p_2*p_1 · p_3*p_2 · p_3*p_2 · p_4*p_3 · p_4*p_1 · p_4) + (89*p_3 · p_2*e_2 · p_1*p_4 · e_3*p_3 · p_2*p_1 · p_3*p_2 · p_4*p_1 · p_4)/(p_1 · p_2*p_1 · p_3*p_2 · p_3*p_2 · p_4*p_3 · p_4*p_1 · p_4) - (89*p_3 · e_2*p_2 · p_1*p_4 · p_3*e_3 · p_2*p_1 · p_3*p_1 · p_4*p_1 · p_4)/(p_1 · p_2*p_1 · p_3*p_2 · p_3*p_2 · p_4*p_3 · p_4*p_1 · p_4) - (89*p_3 · e_2*p_2 · p_1*p_4 · p_3*e_3 · p_2*p_1 · p_3*p_3 · p_4*p_1 · p_4)/(p_1 · p_2*p_1 · p_3*p_2 · p_3*p_2 · p_4*p_3 · p_4*p_1 · p_4) - (89*p_3 · e_2*p_2 · p_1*p_4 · p_3*e_3 · p_2*p_1 · p_3*p_4 · p_4*p_1 · p_4)/(p_1 · p_2*p_1 · p_3*p_2 · p_3*p_2 · p_4*p_3 · p_4*p_1 · p_4) - (89*p_3 · e_2*p_2 · p_1*p_4 · e_3*p_3 · p_2*p_1 · p_3*p_2 · p_4*p_1 · p_4)/(p_1 · p_2*p_1 · p_3*p_2 · p_3*p_2 · p_4*p_3 · p_4*p_1 · p_4)
9*(p_2 · F_3 · F_2 · p_3)/(p_2 · p_4*p_3 · p_4) - 37*(Tr(F_2 · F_3))/(p_1 · p_2),(9*p_2 · p_3*e_3 · p_2*e_2 · p_3*p_1 · p_4)/((((p_2 · p_4 - p_3 · p_4))*p_3 · p_4*((p_1 · p_4 + p_3 · p_2)))) + (9*p_2 · p_3*e_3 · p_2*e_2 · p_3*p_3 · p_2)/((((p_2 · p_4 - p_3 · p_4))*p_3 · p_4*((p_1 · p_4 + p_3 · p_2)))) - (9*p_2 · p_3*e_3 · p_2*e_2 · p_3*p_1 · p_4)/((((p_2 · p_4 - p_3 · p_4))*p_2 · p_4*((p_1 · p_4 + p_3 · p_2)))) - (9*p_2 · p_3*e_3 · p_2*e_2 · p_3*p_3 · p_2)/((((p_2 · p_4 - p_3 · p_4))*p_2 · p_4*((p_1 · p_4 + p_3 · p_2)))) - (9*p_2 · e_3*p_3 · p_2*e_2 · p_3*p_1 · p_4)/((-((p_1 · p_4 + p_3 · p_4 + -((p_1 · p_4 + p_2 · p_4 + p_3 · p_4))))*p_3 · p_4*((p_1 · p_4 + p_3 · p_2)))) - (9*p_2 · e_3*p_3 · p_2*e_2 · p_3*p_3 · p_2)/((-((p_1 · p_4 + p_3 · p_4 + -((p_1 · p_4 + p_2 · p_4 + p_3 · p_4))))*p_3 · p_4*((p_1 · p_4 + p_3 · p_2)))) - (9*p_2 · p_3*e_3 · e_2*p_2 · p_3*p_1 · p_4)/((p_2 · p_4*p_3 · p_4*((p_1 · p_4 + p_3 · p_2)))) - (9*p_2 · p_3*e_3 · e_2*p_2 · p_3*p_3 · p_2)/((p_2 · p_4*p_3 · p_4*((p_1 · p_4 + p_3 · p_2)))) + (9*p_2 · e_3*p_3 · e_2*p_2 · p_3*p_1 · p_4)/((p_2 · p_4*p_3 · p_4*((p_1 · p_4 + p_3 · p_2)))) + (9*p_2 · e_3*p_3 · e_2*p_2 · p_3*p_3 · p_2)/((p_2 · p_4*p_3 · p_4*((p_1 · p_4 + p_3 · p_2)))) - (37*e_2 · p_3*e_3 · p_2*p_1 · p_4)/((p_1 · p_2*((p_1 · p_4 + p_3 · p_2)))) - (37*e_2 · p_3*e_3 · p_2*p_3 · p_2)/((p_1 · p_2*((p_1 · p_4 + p_3 · p_2)))) + (37*p_2 · p_3*e_3 · e_2*p_1 · p_4)/((p_1 · p_2*((p_1 · p_4 + p_3 · p_2)))) + (37*p_2 · p_3*e_3 · e_2*p_3 · p_2)/((p_1 · p_2*((p_1 · p_4 + p_3 · p_2)))) + (37*e_2 · e_3*p_3 · p_2*p_1 · p_4)/((p_1 · p_2*((p_1 · p_4 + p_3 · p_2)))) + (37*e_2 · e_3*p_3 · p_2*p_3 · p_2)/((p_1 · p_2*((p_1 · p_4 + p_3 · p_2)))) - (37*p_2 · e_3*p_3 · e_2*p_1 · p_4)/((p_1 · p_2*((p_1 · p_4 + p_3 · p_2)))) - (37*p_2 · e_3*p_3 · e_2*p_3 · p_2)/((p_1 · p_2*((p_1 · p_4 + p_3 · p_2))))
2*(p_1 · F_3 · p_4*p_3 · F_2 · p_3)/(p_1 · p_3*p_2 · p_3*p_2 · p_4),(2*p_1 · p_3*e_3 · p_4*p_3 · p_2*e_2 · p_3)/((p_1 · p_3*p_2 · p_3*-((p_1 · p_4 + p_3 · p_4 + p_4 · p_4)))) - (2*p_1 · p_3*e_3 · p_4*p_3 · e_2*p_2 · p_3)/(p_1 · p_3*p_2 · p_3*p_2 · p_4) - (2*p_1 · e_3*p_3 · p_4*p_3 · p_2*e_2 · p_3)/(p_1 · p_3*p_2 · p_3*p_2 · p_4) + (2*p_1 · e_3*p_3 · p_4*p_3 · e_2*p_2 · p_3)/((((p_1 · p_3 - p_2 · p_3))*p_2 · p_3*p_2 · p_4)) - (2*p_1 · e_3*p_3 · p_4*p_3 · e_2*p_2 · p_3)/((((p_1 · p_3 - p_2 · p_3))*p_1 · p_3*p_2 · p_4))
-6*(Tr(F_2 · F_3))/(p_2 · p_4) - 8*(Tr(F_2 · F_3))/(p_1 · p_2) - 27*(p_4 · F_2 · p_3*p_4 · F_3 · p_4)/(p_1 · p_2*p_2 · p_3*p_2 · p_4) - 80*(p_1 · F_3 · F_2 · p_4)/(p_1 · p_2*p_1 · p_3) + 77*(p_1 · F_3 · F_2 · p_4)/(p_2 · p_3*p_2 · p_4),-(6*e_2 · p_3*e_3 · p_2*p_3 · p_1)/((p_2 · p_4*((p_3 · p_1 + p_4 · p_2)))) - (6*e_2 · p_3*e_3 · p_2*p_4 · p_2)/((p_2 · p_4*((p_3 · p_1 + p_4 · p_2)))) + (6*p_2 · p_3*e_3 · e_2*p_3 · p_1)/((p_2 · p_4*((p_3 · p_1 + p_4 · p_2)))) + (6*p_2 · p_3*e_3 · e_2*p_4 · p_2)/((p_2 · p_4*((p_3 · p_1 + p_4 · p_2)))) + (6*e_2 · e_3*p_3 · p_2*p_3 · p_1)/((p_2 · p_4*((p_3 · p_1 + p_4 · p_2)))) + (6*e_2 · e_3*p_3 · p_2*p_4 · p_2)/((p_2 · p_4*((p_3 · p_1 + p_4 · p_2)))) - (6*p_2 · e_3*p_3 · e_2*p_3 · p_1)/((p_2 · p_4*((p_3 · p_1 + p_4 · p_2)))) - (6*p_2 · e_3*p_3 · e_2*p_4 · p_2)/((p_2 · p_4*((p_3 · p_1 + p_4 · p_2)))) - (8*e_2 · p_3*e_3 · p_2*p_3 · p_1)/((p_1 · p_2*((p_3 · p_1 + p_4 · p_2)))) - (8*e_2 · p_3*e_3 · p_2*p_4 · p_2)/((p_1 · p_2*((p_3 · p_1 + p_4 · p_2)))) + (8*p_2 · p_3*e_3 · e_2*p_3 · p_1)/((p_1 · p_2*((p_3 · p_1 + p_4 · p_2)))) + (8*p_2 · p_3*e_3 · e_2*p_4 · p_2)/((p_1 · p_2*((p_3 · p_1 + p_4 · p_2)))) + (8*e_2 · e_3*p_3 · p_2*p_3 · p_1)/((p_1 · p_2*((p_3 · p_1 + p_4 · p_2)))) + (8*e_2 · e_3*p_3 · p_2*p_4 · p_2)/((p_1 · p_2*((p_3 · p_1 + p_4 · p_2)))) - (8*p_2 · e_3*p_3 · e_2*p_3 · p_1)/((p_1 · p_2*((p_3 · p_1 + p_4 · p_2)))) - (8*p_2 · e_3*p_3 · e_2*p_4 · p_2)/((p_1 · p_2*((p_3 · p_1 + p_4 · p_2)))) - (27*p_4 · p_2*e_2 · p_3*p_4 · p_3*e_3 · p_4*p_3 · p_1)/((p_1 · p_2*p_2 · p_3*p_2 · p_4*((p_3 · p_1 + p_4 · p_2)))) - (27*p_4 · p_2*e_2 · p_3*p_4 · p_3*e_3 · p_4*p_4 · p_2)/((p_1 · p_2*p_2 · p_3*p_2 · p_4*((p_3 · p_1 + p_4 · p_2)))) + (27*p_4 · p_2*e_2 · p_3*p_4 · e_3*p_3 · p_4*p_3 · p_1)/((p_1 · p_2*p_2 · p_3*p_2 · p_4*((p_3 · p_1 + p_4 · p_2)))) + (27*p_4 · p_2*e_2 · p_3*p_4 · e_3*p_3 · p_4*p_4 · p_2)/((p_1 · p_2*p_2 · p_3*p_2 · p_4*((p_3 · p_1 + p_4 · p_2)))) + (27*p_4 · e_2*p_2 · p_3*p_4 · p_3*e_3 · p_4*p_3 · p_1)/((p_1 · p_2*p_2 · p_3*p_2 · p_4*((p_3 · p_1 + p_4 · p_2)))) + (27*p_4 · e_2*p_2 · p_3*p_4 · p_3*e_3 · p_4*p_4 · p_2)/((p_1 · p_2*p_2 · p_3*p_2 · p_4*((p_3 · p_1 + p_4 · p_2)))) - (27*p_4 · e_2*p_2 · p_3*p_4 · e_3*p_3 · p_4*p_3 · p_1)/((p_1 · p_2*p_2 · p_3*p_2 · p_4*((p_3 · p_1 + p_4 · p_2)))) - (27*p_4 · e_2*p_2 · p_3*p_4 · e_3*p_3 · p_4*p_4 · p_2)/((p_1 · p_2*p_2 · p_3*p_2 · p_4*((p_3 · p_1 + p_4 · p_2)))) - (80*p_1 · p_3*e_3 · p_2*e_2 · p_4*p_3 · p_1)/((p_1 · p_2*p_1 · p_3*((p_3 · p_1 + p_4 · p_2)))) - (80*p_1 · p_3*e_3 · p_2*e_2 · p_4*p_4 · p_2)/((p_1 · p_2*p_1 · p_3*((p_3 · p_1 + p_4 · p_2)))) + (80*p_1 · e_3*p_3 · p_2*e_2 · p_4*p_3 · p_1)/((p_1 · p_2*p_1 · p_3*((p_3 · p_1 + p_4 · p_2)))) + (80*p_1 · e_3*p_3 · p_2*e_2 · p_4*p_4 · p_2)/((p_1 · p_2*p_1 · p_3*((p_3 · p_1 + p_4 · p_2)))) + (80*p_1 · p_3*e_3 · e_2*p_2 · p_4*p_3 · p_1)/((p_1 · p_2*p_1 · p_3*((p_3 · p_1 + p_4 · p_2)))) + (80*p_1 · p_3*e_3 · e_2*p_2 · p_4*p_4 · p_2)/((p_1 · p_2*p_1 · p_3*((p_3 · p_1 + p_4 · p_2)))) - (80*p_1 · e_3*p_3 · e_2*p_2 · p_4*p_3 · p_1)/((p_1 · p_2*p_1 · p_3*((p_3 · p_1 + p_4 · p_2)))) - (80*p_1 · e_3*p_3 · e_2*p_2 · p_4*p_4 · p_2)/((p_1 · p_2*p_1 · p_3*((p_3 · p_1 + p_4 · p_2)))) + (77*p_1 · p_3*e_3 · p_2*e_2 · p_4*p_3 · p_1)/((p_2 · p_3*p_2 · p_4*((p_3 · p_1 + p_4 · p_2)))) + (77*p_1 · p_3*e_3 · p_2*e_2 · p_4*p_4 · p_2)/((p_2 · p_3*p_2 · p_4*((p_3 · p_1 + p_4 · p_2)))) - (77*p_1 · e_3*p_3 · p_2*e_2 · p_4*p_3 · p_1)/((p_2 · p_3*p_2 · p_4*((p_3 · p_1 + p_4 · p_2)))) - (77*p_1 · e_3*p_3 · p_2*e_2 · p_4*p_4 · p_2)/((p_2 · p_3*p_2 · p_4*((p_3 · p_1 + p_4 · p_2)))) - (77*p_1 · p_3*e_3 · e_2*p_2 · p_4*p_3 · p_1)/((p_2 · p_3*p_2 · p_4*((p_3 · p_1 + p_4 · p_2)))) - (77*p_1 · p_3*e_3 · e_2*p_2 · p_4*p_4 · p_2)/((p_2 · p_3*p_2 · p_4*((p_3 · p_1 + p_4 · p_2)))) + (77*p_1 · e_3*p_3 · e_2*p_2 · p_4*p_3 · p_1)/((p_2 · p_3*p_2 · p_4*((p_3 · p_1 + p_4 · p_2)))) + (77*p_1 · e_3*p_3 · e_2*p_2 · p_4*p_4 · p_2)/((p_2 · p_3*p_2 · p_4*((p_3 · p_1 + p_4 · p_2))))
4*(p_1 · F_2 · p_1*p_2 · F_3 · p_4*(p_1 · p_3)^2)/(p_1 · p_2*p_1 · p_3*p_2 · p_3*p_2 · p_4*p_3 · p_4) - 13*(Tr(F_2 · F_3)*p_1 · p_2)/(p_1 · p_3*p_2 · p_4) - 58*(Tr(F_2 · F_3)*p_1 · p_2)/(p_1 · p_3*p_2 · p_3) + 51*(p_4 · F_3 · F_2 · p_1*p_1 · p_3)/(p_1 · p_2*p_2 · p_4*p_3 · p_4),(4*p_1 · p_2*e_2 · p_1*p_2 · p_3*e_3 · p_4*p_1 · p_3**2)/(p_1 · p_2*p_1 · p_3*p_2 · p_3*p_2 · p_4*p_3 · p_4) - (4*p_1 · p_2*e_2 · p_1*p_2 · e_3*p_3 · p_4*p_1 · p_3**2)/(p_1 · p_2*p_1 · p_3*p_2 · p_3*p_2 · p_4*p_3 · p_4) - (4*p_1 · e_2*p_2 · p_1*p_2 · p_3*e_3 · p_4*p_1 · p_3**2)/(p_1 · p_2*p_1 · p_3*p_2 · p_3*p_2 · p_4*p_3 · p_4) + (4*p_1 · e_2*p_2 · p_1*p_2 · e_3*p_3 · p_4*p_1 · p_3**2)/(p_1 · p_2*p_1 · p_3*p_2 · p_3*p_2 · p_4*p_3 · p_4) - (13*e_2 · p_3*e_3 · p_2*p_1 · p_2)/(p_1 · p_3*p_2 · p_4) + (13*p_2 · p_3*e_3 · e_2*p_1 · p_2)/(p_1 · p_3*p_2 · p_4) + (13*e_2 · e_3*p_3 · p_2*p_1 · p_2)/(p_1 · p_3*p_2 · p_4) - (13*p_2 · e_3*p_3 · e_2*p_1 · p_2)/((p_1 · p_3*-((p_1 · p_4 + p_3 · p_4 + p_4 · p_4)))) - (58*e_2 · p_3*e_3 · p_2*p_1 · p_2)/(p_1 · p_3*p_2 · p_3) + (58*p_2 · p_3*e_3 · e_2*p_1 · p_2)/(p_1 · p_3*p_2 · p_3) + (58*e_2 · e_3*p_3 · p_2*p_1 · p_2)/(p_1 · p_3*p_2 · p_3) - (58*p_2 · e_3*p_3 · e_2*p_1 · p_2)/(p_1 · p_3*p_2 · p_3) + (51*p_4 · p_3*e_3 · p_2*e_2 · p_1*p_1 · p_3)/(p_1 · p_2*p_2 · p_4*p_3 · p_4) - (51*p_4 · e_3*p_3 · p_2*e_2 · p_1*p_1 · p_3)/(p_1 · p_2*p_2 · p_4*p_3 · p_4) - (51*p_4 · p_3*e_3 · e_2*p_2 · p_1*p_1 · p_3)/(p_1 · p_2*p_2 · p_4*p_3 · p_4) + (51*p_4 · e_3*p_3 · e_2*p_2 · p_1*p_1 · p_3)/(p_1 · p_2*p_2 · p_4*p_3 · p_4)
7*(p_1 · F_2 · p_1*p_4 · F_3 · p_1*p_1 · p_4)/(p_1 · p_2*p_2 · p_3*p_2 · p_4*p_3 · p_4) + 44*(Tr(F_2 · F_3))/(p_2 · p_4) - 4*(Tr(F_2 · F_3)*p_2 · p_3)/(p_2 · p_3*p_2 · p_4) + 37*(p_4 · F_2 · p_4*p_4 · F_3 · p_1*p_2 · p_3)/(p_1 · p_3*p_2 · p_3*p_2 · p_4*p_3 · p_4),(7*p_1 · p_2*e_2 · p_1*p_4 · p_3*e_3 · p_1*p_1 · p_4)/(p_1 · p_2*p_2 · p_3*p_2 · p_4*p_3 · p_4) - (7*p_1 · p_2*e_2 · p_1*p_4 · e_3*p_3 · p_1*p_1 · p_4)/(p_1 · p_2*p_2 · p_3*p_2 · p_4*p_3 · p_4) - (7*p_1 · e_2*p_2 · p_1*p_4 · p_3*e_3 · p_1*p_1 · p_4)/(p_1 · p_2*p_2 · p_3*p_2 · p_4*p_3 · p_4) + (7*p_1 · e_2*p_2 · p_1*p_4 · e_3*p_3 · p_1*p_1 · p_4)/(p_1 · p_2*p_2 · p_3*p_4 · p_2*p_3 · p_4) - (44*e_2 · p_3*e_3 · p_1)/(p_2 · p_4) - (44*e_2 · p_3*e_3 · p_3)/(p_2 · p_4) - (44*e_2 · p_3*e_3 · p_4)/(p_2 · p_4) - (44*p_2 · p_3*e_3 · e_2)/(p_2 · p_4) - (44*e_2 · e_3*p_3 · p_2)/(p_2 · p_4) + (44*p_2 · e_3*p_3 · e_2)/(p_2 · p_4) + (4*e_2 · p_3*e_3 · p_2*p_1 · p_3)/(p_2 · p_3*p_2 · p_4) + (4*e_2 · p_3*e_3 · p_2*p_3 · p_3)/(p_2 · p_3*p_2 · p_4) + (4*e_2 · p_3*e_3 · p_2*p_4 · p_3)/(p_2 · p_3*p_2 · p_4) + (4*p_2 · p_3*e_3 · e_2*p_2 · p_3)/(p_2 · p_3*p_2 · p_4) + (4*e_2 · e_3*p_3 · p_2*p_2 · p_3)/(p_2 · p_3*p_2 · p_4) - (4*p_2 · e_3*p_3 · e_2*p_2 · p_3)/(p_2 · p_3*p_2 · p_4) + (37*p_4 · p_2*e_2 · p_4*p_4 · p_3*e_3 · p_1*p_2 · p_3)/(p_1 · p_3*p_2 · p_3*p_2 · p_4*p_3 · p_4) - (37*p_4 · p_2*e_2 · p_4*p_4 · e_3*p_3 · p_1*p_2 · p_3)/(p_1 · p_3*p_2 · p_3*p_2 · p_4*p_3 · p_4) + (37*p_4 · e_2*p_1 · p_4*p_4 · p_3*e_3 · p_1*p_2 · p_3)/(p_1 · p_3*p_2 · p_3*p_2 · p_4*p_3 · p_4) + (37*p_4 · e_2*p_3 · p_4*p_4 · p_3*e_3 · p_1*p_2 · p_3)/(p_1 · p_3*p_2 · p_3*p_2 · p_4*p_3 · p_4) + (37*p_4 · e_2*p_4 · p_4*p_4 · p_3*e_3 · p_1*p_2 · p_3)/(p_1 · p_3*p_2 · p_3*p_2 · p_4*p_3 · p_4) + (37*p_4 · e_2*p_2 · p_4*p_4 · e_3*p_3 · p_1*p_2 · p_3)/(p_1 · p_3*p_2 · p_3*p_2 · p_4*p_3 · p_4)
(p_1 · F_2 · F_3 · p_4*p_1 · p_4)/(p_2 · p_3*p_2 · p_4*p_3 · p_4) + (Tr(F_2 · F_3)*p_1 · p_2*p_2 · p_3)/(p_2 · p_3*p_2 · p_4*p_3 · p_4) + (Tr(F_2 · F_3))/(p_2 · p_4) + (p_1 · F_3 · F_2 · p_3*p_1 · p_3)/(p_1 · p_3*p_2 · p_4*p_3 · p_4) + (p_1 · F_3 · F_2 · p_1*p_1 · p_4)/(p_1 · p_2*p_1 · p_3*p_2 · p_3),(p_1 · p_2*e_2 · p_3*e_3 · p_4*p_1 · p_4)/(p_2 · p_3*p_2 · p_4*p_3 · p_4) - (p_1 · e_2*p_2 · p_3*e_3 · p_4*p_1 · p_4)/((((p_2 · p_3 - p_2 · p_4))*p_2 · p_4*p_3 · p_4)) + (p_1 · e_2*p_2 · p_3*e_3 · p_4*p_1 · p_4)/((((p_2 · p_3 - p_2 · p_4))*p_2 · p_3*p_3 · p_4)) - (p_1 · p_2*e_2 · e_3*p_3 · p_4*p_1 · p_4)/(p_2 · p_3*p_4 · p_2*p_3 · p_4) + (p_1 · e_2*p_2 · e_3*p_3 · p_4*p_1 · p_4)/(p_2 · p_3*p_2 · p_4*p_3 · p_4) + (e_2 · p_3*e_3 · p_2*p_1 · p_2*p_2 · p_3)/(p_2 · p_3*p_2 · p_4*p_3 · p_4) - (p_2 · p_3*e_3 · e_2*p_1 · p_2*p_2 · p_3)/(p_2 · p_3*p_2 · p_4*p_3 · p_4) - (e_2 · e_3*p_3 · p_2*p_1 · p_2*p_2 · p_3)/(p_2 · p_3*p_2 · p_4*p_3 · p_4) + (p_2 · e_3*p_3 · e_2*p_1 · p_2*p_2 · p_3)/(p_2 · p_3*p_2 · p_4*p_3 · p_4) + (e_2 · p_3*e_3 · p_2)/(p_2 · p_4) - (p_2 · p_3*e_3 · e_2)/(p_2 · p_4) - (e_2 · e_3*p_3 · p_2)/(p_2 · p_4) + (p_2 · e_3*p_3 · e_2)/(p_2 · p_4) + (p_1 · p_3*e_3 · p_2*e_2 · p_3*p_1 · p_3)/(p_1 · p_3*p_2 · p_4*p_3 · p_4) - (p_1 · e_3*p_3 · p_2*e_2 · p_3*p_1 · p_3)/(p_1 · p_3*p_2 · p_4*p_3 · p_4) - (p_1 · p_3*e_3 · e_2*p_2 · p_3*p_1 · p_3)/(p_1 · p_3*p_2 · p_4*p_3 · p_4) + (p_1 · e_3*p_3 · e_2*p_2 · p_3*p_1 · p_3)/(p_1 · p_3*p_2 · p_4*p_3 · p_4) + (p_1 · p_3*e_3 · p_2*e_2 · p_1*p_1 · p_4)/(p_1 · p_2*p_1 · p_3*p_2 · p_3) - (p_1 · e_3*p_3 · p_2*e_2 · p_1*p_1 · p_4)/(p_1 · p_2*p_1 · p_3*p_2 · p_3) - (p_1 · p_3*e_3 · e_2*p_2 · p_1*p_1 · p_4)/(p_1 · p_2*p_1 · p_3*p_2 · p_3) + (p_1 · e_3*p_3 · e_2*p_2 · p_1*p_1 · p_4)/(p_1 · p_2*p_1 · p_3*p_2 · p_3)
(p_4 · F_3 · F_2 · p_4)/(p_1 · p_3*p_2 · p_3) + (p_2 · F_3 · F_2 · p_3*p_1 · p_3)/(p_1 · p_2*p_2 · p_3*p_3 · p_4),(p_4 · p_3*e_3 · p_2*e_2 · p_4*p_4 · p_1)/((p_1 · p_3*p_2 · p_3*((p_4 · p_1 + p_3 · p_2)))) + (p_4 · p_3*e_3 · p_2*e_2 · p_4*p_3 · p_2)/((p_1 · p_3*p_2 · p_3*((p_4 · p_1 + p_3 · p_2)))) - (p_4 · e_3*p_3 · p_2*e_2 · p_4*p_4 · p_1)/((p_1 · p_3*p_2 · p_3*((p_4 · p_1 + p_3 · p_2)))) - (p_4 · e_3*p_3 · p_2*e_2 · p_4*p_3 · p_2)/((p_1 · p_3*p_2 · p_3*((p_4 · p_1 + p_3 · p_2)))) - (p_4 · p_3*e_3 · e_2*p_2 · p_4*p_4 · p_1)/((p_1 · p_3*p_2 · p_3*((p_4 · p_1 + p_3 · p_2)))) - (p_4 · p_3*e_3 · e_2*p_2 · p_4*p_3 · p_2)/((p_1 · p_3*p_2 · p_3*((p_4 · p_1 + p_3 · p_2)))) + (p_4 · e_3*p_3 · e_2*p_2 · p_4*p_4 · p_1)/((p_1 · p_3*p_2 · p_3*((p_4 · p_1 + p_3 · p_2)))) + (p_4 · e_3*p_3 · e_2*p_2 · p_4*p_3 · p_2)/((p_1 · p_3*p_2 · p_3*((p_4 · p_1 + p_3 · p_2)))) + (p_2 · p_3*e_3 · p_2*e_2 · p_3*p_3 · p_1*p_4 · p_1)/((p_1 · p_2*p_2 · p_3*p_3 · p_4*((p_4 · p_1 + p_3 · p_2)))) + (p_2 · p_3*e_3 · p_2*e_2 · p_3*p_3 · p_1*p_3 · p_2)/((p_1 · p_2*p_2 · p_3*p_3 · p_4*((p_4 · p_1 + p_3 · p_2)))) - (p_2 · e_3*p_3 · p_2*e_2 · p_3*p_1 · p_3*p_4 · p_1)/((p_1 · p_2*p_2 · p_3*p_3 · p_4*((p_4 · p_1 + p_3 · p_2)))) - (p_2 · e_3*p_3 · p_2*e_2 · p_3*p_1 · p_3*p_3 · p_2)/((p_1 · p_2*p_2 · p_3*p_3 · p_4*((p_4 · p_1 + p_3 · p_2)))) - (p_2 · p_3*e_3 · e_2*p_2 · p_3*p_1 · p_3*p_4 · p_1)/((p_1 · p_2*p_2 · p_3*p_3 · p_4*((p_4 · p_1 + p_3 · p_2)))) - (p_2 · p_3*e_3 · e_2*p_2 · p_3*p_1 · p_3*p_3 · p_2)/((p_1 · p_2*p_2 · p_3*p_3 · p_4*((p_4 · p_1 + p_3 · p_2)))) + (p_2 · e_3*p_3 · e_2*p_2 · p_3*p_1 · p_3*p_4 · p_1)/((p_1 · p_2*p_2 · p_3*p_3 · p_4*((p_4 · p_1 + p_3 · p_2)))) + (p_2 · e_3*p_3 · e_2*p_2 · p_3*p_1 · p_3*p_3 · p_2)/((p_1 · p_2*p_2 · p_3*p_3 · p_4*((p_4 · p_1 + p_3 · p_2))))
-8*(Tr(F_2 · F_3)*p_1 · p_3)/(p_2 · p_4*p_3 · p_4),-(8*e_2 · p_3*e_3 · p_2*p_1 · p_3)/(p_2 · p_4*p_3 · p_4) + (8*p_2 · p_3*e_3 · e_2*p_1 · p_3)/(p_2 · p_4*p_3 · p_4) + (8*e_2 · e_3*p_3 · p_2*p_1 · p_3)/((((p_2 · p_4 - p_3 · p_4))*p_3 · p_4)) - (8*e_2 · e_3*p_3 · p_2*p_1 · p_3)/((((p_2 · p_4 - p_3 · p_4))*p_2 · p_4)) - (8*p_2 · e_3*p_3 · e_2*p_1 · p_3)/(p_2 · p_4*p_3 · p_4)
(Tr(F_2 · F_3)*p_2 · p_4)/(p_1 · p_2*p_3 · p_4) - 34*(Tr(F_2 · F_3))/(p_2 · p_4),(e_2 · p_3*e_3 · p_2*p_2 · p_4*p_4 · p_2*p_2 · p_1)/((p_1 · p_2*p_3 · p_4*p_4 · p_2*((p_2 · p_1 + p_4 · p_3)))) + (e_2 · p_3*e_3 · p_2*p_2 · p_4*p_4 · p_2*p_4 · p_3)/((p_1 · p_2*p_3 · p_4*p_4 · p_2*((p_2 · p_1 + p_4 · p_3)))) - (p_2 · p_3*e_3 · e_2*p_2 · p_4*p_4 · p_2*p_2 · p_1)/((p_1 · p_2*p_3 · p_4*p_4 · p_2*((p_2 · p_1 + p_4 · p_3)))) - (p_2 · p_3*e_3 · e_2*p_2 · p_4*p_4 · p_2*p_4 · p_3)/((p_1 · p_2*p_3 · p_4*p_4 · p_2*((p_2 · p_1 + p_4 · p_3)))) - (e_2 · e_3*p_3 · p_2*p_2 · p_4*p_4 · p_2*p_2 · p_1)/((p_1 · p_2*p_3 · p_4*p_4 · p_2*((p_2 · p_1 + p_4 · p_3)))) - (e_2 · e_3*p_3 · p_2*p_2 · p_4*p_4 · p_2*p_4 · p_3)/((p_1 · p_2*p_3 · p_4*p_4 · p_2*((p_2 · p_1 + p_4 · p_3)))) + (p_2 · e_3*p_3 · e_2*p_2 · p_4*p_4 · p_2*p_2 · p_1)/((p_1 · p_2*p_3 · p_4*p_4 · p_2*((p_2 · p_1 + p_4 · p_3)))) + (p_2 · e_3*p_3 · e_2*p_2 · p_4*p_4 · p_2*p_4 · p_3)/((p_1 · p_2*p_3 · p_4*p_4 · p_2*((p_2 · p_1 + p_4 · p_3)))) - (34*e_2 · p_3*e_3 · p_2*p_4 · p_2*p_2 · p_1)/((p_2 · p_4*p_4 · p_2*((p_2 · p_1 + p_4 · p_3)))) - (34*e_2 · p_3*e_3 · p_2*p_4 · p_2*p_4 · p_3)/((p_2 · p_4*p_4 · p_2*((p_2 · p_1 + p_4 · p_3)))) + (34*p_2 · p_3*e_3 · e_2*p_4 · p_2*p_2 · p_1)/((p_2 · p_4*p_4 · p_2*((p_2 · p_1 + p_4 · p_3)))) + (34*p_2 · p_3*e_3 · e_2*p_4 · p_2*p_4 · p_3)/((p_2 · p_4*p_4 · p_2*((p_2 · p_1 + p_4 · p_3)))) + (34*e_2 · e_3*p_3 · p_2*p_4 · p_2*p_2 · p_1)/((p_2 · p_4*p_4 · p_2*((p_2 · p_1 + p_4 · p_3)))) + (34*e_2 · e_3*p_3 · p_2*p_4 · p_2*p_4 · p_3)/((p_2 · p_4*p_4 · p_2*((p_2 · p_1 + p_4 · p_3)))) - (34*p_2 · e_3*p_3 · e_2*p_4 · p_2*p_2 · p_1)/((p_2 · p_4*p_4 · p_2*((p_2 · p_1 + p_4 · p_3)))) - (34*p_2 · e_3*p_3 · e_2*p_4 · p_2*p_4 · p_3)/((p_2 · p_4*p_4 · p_2*((p_2 · p_1 + p_4 · p_3))))
(p_4 · F_2 · F_3 · p_2)/(p_2 · p_3*p_2 · p_4) + (Tr(F_2 · F_3)*p_1 · p_3*p_2 · p_3)/(p_1 · p_3*p_2 · p_3*p_2 · p_4),-(p_2 · p_4*e_2 · p_1*e_3 · p_2)/(p_2 · p_3*p_2 · p_4) - (p_4 · p_2*e_2 · p_2*e_3 · p_2)/(p_2 · p_3*p_2 · p_4) - (p_4 · p_2*e_2 · p_4*e_3 · p_2)/(p_2 · p_3*p_2 · p_4) - (p_4 · e_2*p_2 · p_3*e_3 · p_2)/(p_2 · p_3*p_2 · p_4) - (p_4 · p_2*e_2 · e_3*p_3 · p_2)/(p_2 · p_3*p_2 · p_4) + (p_4 · e_2*p_2 · e_3*p_3 · p_2)/(p_2 · p_3*p_2 · p_4) + (e_2 · p_3*e_3 · p_2*p_1 · p_3*p_2 · p_3)/(p_1 · p_3*p_2 · p_3*p_2 · p_4) - (p_2 · p_3*e_3 · e_2*p_1 · p_3*p_2 · p_3)/(p_1 · p_3*p_2 · p_3*p_2 · p_4) - (e_2 · e_3*p_3 · p_2*p_1 · p_3*p_2 · p_3)/(p_1 · p_3*p_2 · p_3*p_2 · p_4) + (p_2 · e_3*p_3 · e_2*p_1 · p_3*p_2 · p_3)/(p_1 · p_3*p_2 · p_3*p_2 · p_4)
3*(p_4 · F_2 · F_3 · p_1)/(p_1 · p_2*p_1 · p_3) - 43*(p_4 · F_3 · F_2 · p_4*p_2 · p_4)/(p_1 · p_3*p_2 · p_4*p_3 · p_4) - 80*(p_1 · F_2 · p_4*p_1 · F_3 · p_4*p_3 · p_4)/(p_1 · p_2*p_2 · p_3*p_2 · p_4*p_3 · p_4),(3*p_4 · p_2*e_2 · p_3*e_3 · p_1)/((((p_1 · p_2 - p_1 · p_3))*p_1 · p_3)) - (3*p_4 · p_2*e_2 · p_3*e_3 · p_1)/((((p_1 · p_2 - p_1 · p_3))*p_1 · p_2)) - (3*p_4 · e_2*p_2 · p_3*e_3 · p_1)/(p_1 · p_2*p_1 · p_3) - (3*p_4 · p_2*e_2 · e_3*p_3 · p_1)/(p_1 · p_2*p_1 · p_3) - (3*e_2 · p_1*p_2 · e_3*p_3 · p_1)/(p_1 · p_2*p_1 · p_3) - (3*e_2 · p_2*p_2 · e_3*p_3 · p_1)/(p_1 · p_2*p_1 · p_3) - (3*e_2 · p_3*p_2 · e_3*p_3 · p_1)/(p_1 · p_2*p_1 · p_3) - (43*p_4 · p_3*e_3 · p_2*e_2 · p_4*p_2 · p_4)/(p_1 · p_3*p_2 · p_4*p_3 · p_4) + (43*p_4 · e_3*p_3 · p_2*e_2 · p_4*p_2 · p_4)/(p_1 · p_3*p_2 · p_4*p_3 · p_4) + (43*p_4 · p_3*e_3 · e_2*p_2 · p_4*p_2 · p_4)/(p_1 · p_3*p_2 · p_4*p_3 · p_4) - (43*p_4 · e_3*p_3 · e_2*p_2 · p_4*p_2 · p_4)/(p_1 · p_3*p_2 · p_4*p_3 · p_4) - (80*p_1 · p_2*e_2 · p_4*p_1 · p_3*e_3 · p_4*p_3 · p_4)/(p_1 · p_2*p_2 · p_3*p_2 · p_4*p_3 · p_4) + (80*p_1 · p_2*e_2 · p_4*p_1 · e_3*p_3 · p_4*p_3 · p_4)/(p_1 · p_2*p_2 · p_3*p_2 · p_4*p_3 · p_4) + (80*p_1 · e_2*p_2 · p_4*p_1 · p_3*e_3 · p_4*p_3 · p_4)/(p_1 · p_2*p_2 · p_3*p_2 · p_4*p_3 · p_4) - (80*p_1 · e_2*p_2 · p_4*p_1 · e_3*p_3 · p_4*p_3 · p_4)/(p_1 · p_2*p_2 · p_3*p_2 · p_4*p_3 · p_4)
-9*(Tr(F_2 · F_3)*p_1 · p_4)/(p_1 · p_2*p_1 · p_3),-(9*e_2 · p_3*e_3 · p_2*p_1 · p_4*p_4 · p_1*p_1 · p_2)/((p_1 · p_2*p_1 · p_3*((p_4 · p_1 + p_2 · p_3))*((p_1 · p_2 + p_3 · p_4)))) - (9*e_2 · p_3*e_3 · p_2*p_1 · p_4*p_4 · p_1*p_3 · p_4)/((p_1 · p_2*p_1 · p_3*((p_4 · p_1 + p_2 · p_3))*((p_1 · p_2 + p_3 · p_4)))) - (9*e_2 · p_3*e_3 · p_2*p_1 · p_4*p_2 · p_3*p_1 · p_2)/((p_1 · p_2*p_1 · p_3*((p_4 · p_1 + p_2 · p_3))*((p_1 · p_2 + p_3 · p_4)))) - (9*e_2 · p_3*e_3 · p_2*p_1 · p_4*p_2 · p_3*p_3 · p_4)/((p_1 · p_2*p_1 · p_3*((p_4 · p_1 + p_2 · p_3))*((p_1 · p_2 + p_3 · p_4)))) + (9*p_2 · p_3*e_3 · e_2*p_1 · p_4*p_4 · p_1*p_1 · p_2)/((p_1 · p_2*p_1 · p_3*((p_4 · p_1 + p_2 · p_3))*((p_1 · p_2 + p_3 · p_4)))) + (9*p_2 · p_3*e_3 · e_2*p_1 · p_4*p_4 · p_1*p_3 · p_4)/((p_1 · p_2*p_1 · p_3*((p_4 · p_1 + p_2 · p_3))*((p_1 · p_2 + p_3 · p_4)))) + (9*p_2 · p_3*e_3 · e_2*p_1 · p_4*p_2 · p_3*p_1 · p_2)/((p_1 · p_2*p_1 · p_3*((p_4 · p_1 + p_2 · p_3))*((p_1 · p_2 + p_3 · p_4)))) + (9*p_2 · p_3*e_3 · e_2*p_1 · p_4*p_2 · p_3*p_3 · p_4)/((p_1 · p_2*p_1 · p_3*((p_4 · p_1 + p_2 · p_3))*((p_1 · p_2 + p_3 · p_4)))) + (9*e_2 · e_3*p_3 · p_2*p_1 · p_4*p_4 · p_1*p_1 · p_2)/((p_1 · p_2*p_1 · p_3*((p_4 · p_1 + p_2 · p_3))*((p_1 · p_2 + p_3 · p_4)))) + (9*e_2 · e_3*p_3 · p_2*p_1 · p_4*p_4 · p_1*p_3 · p_4)/((p_1 · p_2*p_1 · p_3*((p_4 · p_1 + p_2 · p_3))*((p_1 · p_2 + p_3 · p_4)))) - (9*e_2 · e_3*p_3 · p_2*p_1 · p_4*p_1 · p_3*p_1 · p_2)/((p_1 · p_2*p_1 · p_3*((p_4 · p_1 + p_2 · p_3))*((p_1 · p_2 + p_3 · p_4)))) - (9*e_2 · e_3*p_3 · p_2*p_1 · p_4*p_3 · p_3*p_1 · p_2)/((p_1 · p_2*p_1 · p_3*((p_4 · p_1 + p_2 · p_3))*((p_1 · p_2 + p_3 · p_4)))) - (9*e_2 · e_3*p_3 · p_2*p_1 · p_4*p_4 · p_3*p_1 · p_2)/((p_1 · p_2*p_1 · p_3*((p_4 · p_1 + p_2 · p_3))*((p_1 · p_2 + p_3 · p_4)))) + (9*e_2 · e_3*p_3 · p_2*p_1 · p_4*p_2 · p_3*p_3 · p_4)/((p_1 · p_2*p_1 · p_3*((p_4 · p_1 + p_2 · p_3))*((p_1 · p_2 + p_3 · p_4)))) - (9*p_2 · e_3*p_3 · e_2*p_1 · p_4*p_4 · p_1*p_1 · p_2)/((p_1 · p_2*p_1 · p_3*((p_4 · p_1 + p_2 · p_3))*((p_1 · p_2 + p_3 · p_4)))) - (9*p_2 · e_3*p_3 · e_2*p_1 · p_4*p_4 · p_1*p_3 · p_4)/((p_1 · p_2*p_1 · p_3*((p_4 · p_1 + p_2 · p_3))*((p_1 · p_2 + p_3 · p_4)))) - (9*p_2 · e_3*p_3 · e_2*p_1 · p_4*p_2 · p_3*p_1 · p_2)/((p_1 · p_2*p_1 · p_3*((p_4 · p_1 + p_2 · p_3))*((p_1 · p_2 + p_3 · p_4)))) - (9*p_2 · e_3*p_3 · e_2*p_1 · p_4*p_2 · p_3*p_3 · p_4)/((p_1 · p_2*p_1 · p_3*((p_4 · p_1 + p_2 · p_3))*((p_1 · p_2 + p_3 · p_4))))
5*(Tr(F_2 · F_3)*p_3 · p_4)/(p_2 · p_3*p_3 · p_4),(5*e_2 · p_3*e_3 · p_2*p_3 · p_4*p_3 · p_1*p_4 · p_1)/((p_2 · p_3*p_3 · p_4*((p_3 · p_1 + p_4 · p_2))*((p_4 · p_1 + p_3 · p_2)))) + (5*e_2 · p_3*e_3 · p_2*p_3 · p_4*p_3 · p_1*p_3 · p_2)/((p_2 · p_3*p_3 · p_4*((p_3 · p_1 + p_4 · p_2))*((p_4 · p_1 + p_3 · p_2)))) + (5*e_2 · p_3*e_3 · p_2*p_3 · p_4*p_4 · p_2*p_4 · p_1)/((p_2 · p_3*p_3 · p_4*((p_3 · p_1 + p_4 · p_2))*((p_4 · p_1 + p_3 · p_2)))) + (5*e_2 · p_3*e_3 · p_2*p_3 · p_4*p_4 · p_2*p_3 · p_2)/((p_2 · p_3*p_3 · p_4*((p_3 · p_1 + p_4 · p_2))*((p_4 · p_1 + p_3 · p_2)))) - (5*p_2 · p_3*e_3 · e_2*p_3 · p_4*p_3 · p_1*p_4 · p_1)/((p_2 · p_3*p_3 · p_4*((p_3 · p_1 + p_4 · p_2))*((p_4 · p_1 + p_3 · p_2)))) - (5*p_2 · p_3*e_3 · e_2*p_3 · p_4*p_3 · p_1*p_3 · p_2)/((p_2 · p_3*p_3 · p_4*((p_3 · p_1 + p_4 · p_2))*((p_4 · p_1 + p_3 · p_2)))) - (5*p_2 · p_3*e_3 · e_2*p_3 · p_4*p_4 · p_2*p_4 · p_1)/((p_2 · p_3*p_3 · p_4*((p_3 · p_1 + p_4 · p_2))*((p_4 · p_1 + p_3 · p_2)))) - (5*p_2 · p_3*e_3 · e_2*p_3 · p_4*p_4 · p_2*p_3 · p_2)/((p_2 · p_3*p_3 · p_4*((p_3 · p_1 + p_4 · p_2))*((p_4 · p_1 + p_3 · p_2)))) - (5*e_2 · e_3*p_3 · p_2*p_3 · p_4*p_3 · p_1*p_4 · p_1)/((p_2 · p_3*p_3 · p_4*((p_3 · p_1 + p_4 · p_2))*((p_4 · p_1 + p_3 · p_2)))) - (5*e_2 · e_3*p_3 · p_2*p_3 · p_4*p_3 · p_1*p_3 · p_2)/((p_2 · p_3*p_3 · p_4*((p_3 · p_1 + p_4 · p_2))*((p_4 · p_1 + p_3 · p_2)))) - (5*e_2 · e_3*p_3 · p_2*p_3 · p_4*p_4 · p_2*p_4 · p_1)/((p_2 · p_3*p_3 · p_4*((p_3 · p_1 + p_4 · p_2))*((p_4 · p_1 + p_3 · p_2)))) - (5*e_2 · e_3*p_3 · p_2*p_3 · p_4*p_4 · p_2*p_3 · p_2)/((p_2 · p_3*p_3 · p_4*((p_3 · p_1 + p_4 · p_2))*((p_4 · p_1 + p_3 · p_2)))) + (5*p_2 · e_3*p_3 · e_2*p_3 · p_4*p_3 · p_1*p_4 · p_1)/((p_2 · p_3*p_3 · p_4*((p_3 · p_1 + -((p_1 · p_2 + p_2 · p_2 + p_3 · p_2))))*((p_4 · p_1 + p_3 · p_2)))) + (5*p_2 · e_3*p_3 · e_2*p_3 · p_4*p_3 · p_1*p_3 · p_2)/((p_2 · p_3*p_3 · p_4*((p_3 · p_1 + -((p_1 · p_2 + p_2 · p_2 + p_3 · p_2))))*((p_4 · p_1 + p_3 · p_2)))) + (5*p_2 · e_3*p_3 · e_2*p_3 · p_4*p_4 · p_2*p_4 · p_1)/((p_2 · p_3*p_3 · p_4*((p_3 · p_1 + p_4 · p_2))*((p_4 · p_1 + p_3 · p_2)))) + (5*p_2 · e_3*p_3 · e_2*p_3 · p_4*p_4 · p_2*p_3 · p_2)/((p_2 · p_3*p_3 · p_4*((p_3 · p_1 + p_4 · p_2))*((p_4 · p_1 + p_3 · p_2))))
(p_2 · F_3 · F_2 · p_3*p_1 · p_3*p_3 · p_4)/(p_1 · p_2*p_1 · p_3*p_2 · p_3*p_2 · p_4) + (p_4 · F_2 · F_3 · p_4)/(p_1 · p_2*p_3 · p_4),(p_2 · p_3*e_3 · p_2*e_2 · p_3*p_1 · p_3*p_3 · p_4)/(p_1 · p_2*p_1 · p_3*p_2 · p_3*p_2 · p_4) - (p_2 · e_3*p_3 · p_2*e_2 · p_3*p_1 · p_3*p_3 · p_4)/(p_1 · p_2*p_1 · p_3*p_2 · p_3*p_2 · p_4) - (p_2 · p_3*e_3 · e_2*p_2 · p_3*p_1 · p_3*p_3 · p_4)/(p_1 · p_2*p_1 · p_3*p_2 · p_3*p_2 · p_4) + (p_2 · e_3*p_3 · e_2*p_2 · p_3*p_1 · p_3*p_3 · p_4)/((((p_2 · p_3 - p_2 · p_4))*p_2 · p_4*p_1 · p_2*p_1 · p_3)) - (p_2 · e_3*p_3 · e_2*p_2 · p_3*p_1 · p_3*p_3 · p_4)/((((p_2 · p_3 - p_2 · p_4))*p_2 · p_3*p_1 · p_2*p_1 · p_3)) + (p_4 · p_2*e_2 · p_3*e_3 · p_4)/(p_1 · p_2*p_3 · p_4) - (p_4 · e_2*p_2 · p_3*e_3 · p_4)/(p_1 · p_2*p_3 · p_4) - (p_4 · p_2*e_2 · e_3*p_3 · p_4)/(p_1 · p_2*p_3 · p_4) + (p_4 · e_2*p_2 · e_3*p_3 · p_4)/(p_2 · p_1*p_3 · p_4)
6*(p_4 · F_3 · F_2 · p_1)/(p_1 · p_3*p_2 · p_3),(6*p_4 · p_3*e_3 · p_2*e_2 · p_1*p_3 · p_4)/((p_1 · p_3*p_2 · p_3*((p_3 · p_4 + p_2 · p_1)))) + (6*p_4 · p_3*e_3 · p_2*e_2 · p_1*p_2 · p_1)/((p_1 · p_3*p_2 · p_3*((p_3 · p_4 + p_2 · p_1)))) - (6*p_4 · e_3*p_3 · p_2*e_2 · p_1*p_3 · p_4)/((p_1 · p_3*p_2 · p_3*((p_3 · p_4 + p_2 · p_1)))) - (6*p_4 · e_3*p_3 · p_2*e_2 · p_1*p_2 · p_1)/((p_1 · p_3*p_2 · p_3*((p_3 · p_4 + p_2 · p_1)))) - (6*p_4 · p_3*e_3 · e_2*p_2 · p_1*p_3 · p_4)/((p_1 · p_3*p_2 · p_3*((p_3 · p_4 + p_2 · p_1)))) - (6*p_4 · p_3*e_3 · e_2*p_2 · p_1*p_2 · p_1)/((p_1 · p_3*p_2 · p_3*((p_3 · p_4 + p_2 · p_1)))) + (6*p_4 · e_3*p_3 · e_2*p_2 · p_1*p_3 · p_4)/((((p_1 · p_3 - p_2 · p_3))*p_2 · p_3*((p_3 · p_4 + p_2 · p_1)))) + (6*p_4 · e_3*p_3 · e_2*p_2 · p_1*p_2 · p_1)/((((p_1 · p_3 - p_2 · p_3))*p_2 · p_3*((p_3 · p_4 + p_2 · p_1)))) - (6*p_4 · e_3*p_3 · e_2*p_2 · p_1*p_3 · p_4)/((((p_1 · p_3 - p_2 · p_3))*p_1 · p_3*((p_3 · p_4 + p_2 · p_1)))) - (6*p_4 · e_3*p_3 · e_2*p_2 · p_1*p_2 · p_1)/((((p_1 · p_3 - p_2 · p_3))*p_1 · p_3*((p_3 · p_4 + p_2 · p_1))))
(p_2 · F_3 · F_2 · p_4*p_1 · p_3*p_2 · p_3)/(p_1 · p_2*p_1 · p_3*p_2 · p_4*p_3 · p_4),(p_2 · p_3*e_3 · p_2*p_4 · e_2*p_1 · p_3*p_2 · p_3*p_2 · p_4)/((p_1 · p_2*p_1 · p_3*p_2 · p_4*p_3 · p_4*((p_2 · p_4 + p_1 · p_3)))) + (p_2 · p_3*e_3 · p_2*p_4 · e_2*p_1 · p_3*p_2 · p_3*p_1 · p_3)/((p_1 · p_2*p_1 · p_3*p_2 · p_4*p_3 · p_4*((p_2 · p_4 + p_1 · p_3)))) - (p_2 · e_3*p_3 · p_2*e_2 · p_4*p_1 · p_3*p_2 · p_3*p_2 · p_4)/((p_1 · p_2*p_1 · p_3*p_2 · p_4*p_3 · p_4*((p_2 · p_4 + p_1 · p_3)))) - (p_2 · e_3*p_3 · p_2*e_2 · p_4*p_1 · p_3*p_2 · p_3*p_1 · p_3)/((p_1 · p_2*p_1 · p_3*p_2 · p_4*p_3 · p_4*((p_2 · p_4 + p_1 · p_3)))) - (p_2 · p_3*e_3 · e_2*p_2 · p_4*p_1 · p_3*p_2 · p_3*p_2 · p_4)/((p_1 · p_2*p_1 · p_3*p_4 · p_2*p_3 · p_4*((p_2 · p_4 + p_1 · p_3)))) - (p_2 · p_3*e_3 · e_2*p_2 · p_4*p_1 · p_3*p_2 · p_3*p_1 · p_3)/((p_1 · p_2*p_1 · p_3*p_4 · p_2*p_3 · p_4*((p_2 · p_4 + p_1 · p_3)))) + (p_2 · e_3*p_3 · e_2*p_2 · p_4*p_1 · p_3*p_2 · p_3*p_2 · p_4)/((p_1 · p_2*p_1 · p_3*p_2 · p_4*p_3 · p_4*((p_2 · p_4 + p_1 · p_3)))) + (p_2 · e_3*p_3 · e_2*p_2 · p_4*p_1 · p_3*p_2 · p_3*p_1 · p_3)/((p_1 · p_2*p_1 · p_3*p_2 · p_4*p_3 · p_4*((p_2 · p_4 + p_1 · p_3))))
-2*(Tr(F_2 · F_3)*p_2 · p_3)/(p_1 · p_2*p_1 · p_3) + 75*(Tr(F_2 · F_3)*p_2 · p_3)/(p_1 · p_2*p_2 · p_3) - 54*(p_1 · F_3 · F_2 · p_1)/(p_2 · p_4*p_3 · p_4),-(2*e_2 · p_3*e_3 · p_2*p_2 · p_3)/(p_1 · p_2*p_1 · p_3) + (2*p_2 · p_3*e_3 · e_2*p_2 · p_3)/(p_1 · p_2*p_1 · p_3) + (2*e_2 · e_3*p_3 · p_2*p_2 · p_3)/(p_1 · p_2*p_1 · p_3) - (2*p_2 · e_3*p_3 · e_2*p_2 · p_3)/(p_1 · p_2*p_1 · p_3) + (75*e_2 · p_3*p_2 · e_3*p_2 · p_3)/(p_1 · p_2*p_2 · p_3) - (75*p_2 · p_3*e_3 · e_2*p_2 · p_3)/(p_1 · p_2*p_2 · p_3) - (75*e_2 · e_3*p_3 · p_2*p_2 · p_3)/(p_1 · p_2*p_2 · p_3) + (75*p_2 · e_3*p_3 · e_2*p_2 · p_3)/(p_1 · p_2*p_2 · p_3) - (54*p_1 · p_3*e_3 · p_2*e_2 · p_1)/(p_2 · p_4*p_3 · p_4) + (54*p_1 · e_3*p_3 · p_2*e_2 · p_1)/(p_2 · p_4*p_3 · p_4) + (54*p_1 · p_3*e_3 · e_2*p_2 · p_1)/(p_2 · p_4*p_3 · p_4) - (54*p_1 · e_3*p_3 · e_2*p_2 · p_1)/(p_2 · p_4*p_3 · p_4)
7*(p_1 · F_3 · p_4*p_3 · F_2 · p_3)/(p_1 · p_2*p_1 · p_3*p_2 · p_3) - 58*(Tr(F_2 · F_3)*p_1 · p_3*p_1 · p_4)/(p_1 · p_2*p_1 · p_3*p_2 · p_3),(7*p_1 · p_3*e_3 · p_4*p_3 · p_2*e_2 · p_3*p_2 · p_1*p_2 · p_1)/(p_1 · p_2*p_1 · p_3*p_2 · p_3*p_2 · p_1*p_2 · p_1) - (7*p_1 · p_3*e_3 · p_4*p_3 · e_2*p_2 · p_3*p_2 · p_1*p_2 · p_1)/(p_1 · p_2*p_1 · p_3*p_2 · p_3*p_2 · p_1*p_2 · p_1) - (7*p_1 · e_3*p_3 · p_4*p_3 · p_2*e_2 · p_3*p_2 · p_1*p_2 · p_1)/((((p_1 · p_3 - p_2 · p_3))*p_2 · p_3*p_1 · p_2*p_2 · p_1*p_2 · p_1)) + (7*p_1 · e_3*p_3 · p_4*p_3 · p_2*e_2 · p_3*p_2 · p_1*p_2 · p_1)/((((p_1 · p_3 - p_2 · p_3))*p_1 · p_3*p_1 · p_2*p_2 · p_1*p_2 · p_1)) + (7*p_1 · e_3*p_3 · p_4*p_3 · e_2*p_2 · p_3*p_2 · p_1*p_2 · p_1)/(p_1 · p_2*p_1 · p_3*p_2 · p_3*p_2 · p_1*p_2 · p_1) - (58*e_2 · p_3*e_3 · p_2*p_1 · p_3*p_1 · p_4*p_2 · p_1*p_2 · p_1)/(p_1 · p_2*p_1 · p_3*p_2 · p_3*p_2 · p_1*p_2 · p_1) + (58*p_2 · p_3*e_3 · e_2*p_1 · p_3*p_1 · p_4*p_2 · p_1*p_2 · p_1)/(p_1 · p_2*p_1 · p_3*p_2 · p_3*p_2 · p_1*p_2 · p_1) + (58*e_2 · e_3*p_3 · p_2*p_1 · p_3*p_1 · p_4*p_2 · p_1*p_2 · p_1)/(p_1 · p_2*p_1 · p_3*p_2 · p_3*p_2 · p_1*p_2 · p_1) - (58*p_2 · e_3*p_3 · e_2*p_1 · p_3*p_1 · p_4*p_2 · p_1*p_2 · p_1)/((p_1 · p_2*p_1 · p_3*p_2 · p_3*-((p_1 · p_1 + p_3 · p_1 + p_4 · p_1))*p_2 · p_1))
-5*(p_4 · F_2 · p_1*p_4 · F_3 · p_1)/(p_1 · p_2*p_1 · p_3*p_3 · p_4),-(5*p_4 · p_2*e_2 · p_1*p_4 · p_3*e_3 · p_1)/((((p_1 · p_3 - p_3 · p_4))*p_3 · p_4*p_1 · p_2)) + (5*p_4 · p_2*e_2 · p_1*p_4 · p_3*e_3 · p_1)/((((p_1 · p_3 - p_3 · p_4))*p_1 · p_3*p_1 · p_2)) + (5*p_4 · p_2*e_2 · p_1*p_4 · e_3*p_3 · p_1)/((((p_3 · p_4 - p_1 · p_3))*p_1 · p_3*p_1 · p_2)) - (5*p_4 · p_2*e_2 · p_1*p_4 · e_3*p_3 · p_1)/((((p_3 · p_4 - p_1 · p_3))*p_3 · p_4*p_1 · p_2)) + (5*p_4 · e_2*p_2 · p_1*p_4 · p_3*e_3 · p_1)/(p_1 · p_2*p_1 · p_3*p_3 · p_4) - (5*p_4 · e_2*p_2 · p_1*p_4 · e_3*p_3 · p_1)/(p_1 · p_2*p_1 · p_3*p_3 · p_4)
(Tr(F_2 · F_3))/(p_2 · p_3) + (p_2 · F_3 · F_2 · p_4)/(p_2 · p_3*p_2 · p_4) + (p_3 · F_2 · F_3 · p_4)/(p_1 · p_2*p_2 · p_3),(e_2 · p_3*e_3 · p_2*p_1 · p_2)/(p_2 · p_3*p_1 · p_2) - (p_2 · p_3*e_3 · e_2*p_1 · p_2)/(p_2 · p_3*p_1 · p_2) - (e_2 · e_3*p_3 · p_2*p_1 · p_2)/(p_2 · p_3*p_1 · p_2) + (p_2 · e_3*p_3 · e_2*p_1 · p_2)/(p_2 · p_3*p_1 · p_2) + (p_2 · p_3*e_3 · p_2*e_2 · p_4*p_1 · p_2)/(p_2 · p_3*p_2 · p_4*p_1 · p_2) - (p_2 · e_3*p_3 · p_2*e_2 · p_4*p_1 · p_2)/((((p_2 · p_3 - p_1 · p_2))*p_1 · p_2*p_2 · p_4)) + (p_2 · e_3*p_3 · p_2*e_2 · p_4*p_1 · p_2)/((((p_2 · p_3 - p_1 · p_2))*p_2 · p_3*p_2 · p_4)) - (p_2 · p_3*e_3 · e_2*p_2 · p_4*p_1 · p_2)/((((p_1 · p_2 - p_2 · p_3))*p_2 · p_3*p_2 · p_4)) + (p_2 · p_3*e_3 · e_2*p_2 · p_4*p_1 · p_2)/((((p_1 · p_2 - p_2 · p_3))*p_1 · p_2*p_2 · p_4)) + (p_2 · e_3*p_3 · e_2*p_2 · p_4*p_1 · p_2)/(p_2 · p_3*p_2 · p_4*p_1 · p_2) + (p_3 · p_2*e_2 · p_3*e_3 · p_4*p_1 · p_2)/(p_1 · p_2*p_2 · p_3*p_1 · p_2) - (p_3 · e_2*p_2 · p_3*e_3 · p_4*p_1 · p_2)/(p_1 · p_2*p_2 · p_3*p_1 · p_2) - (p_3 · p_2*e_2 · e_3*p_3 · p_4*p_1 · p_2)/(p_2 · p_1*p_2 · p_3*p_1 · p_2) + (p_3 · e_2*p_2 · e_3*p_3 · p_4*p_1 · p_2)/(p_1 · p_2*p_2 · p_3*p_1 · p_2)
-2*(Tr(F_2 · F_3)*p_2 · p_3*p_2 · p_4)/(p_1 · p_2*p_1 · p_3*p_3 · p_4) - 71*(p_2 · F_3 · F_2 · p_3)/(p_1 · p_2*p_2 · p_3),-(2*e_2 · p_3*e_3 · p_2*p_2 · p_3*p_2 · p_4)/(p_1 · p_2*p_1 · p_3*p_3 · p_4) + (2*p_2 · p_3*e_3 · e_2*p_2 · p_3*p_2 · p_4)/(p_1 · p_2*p_1 · p_3*p_3 · p_4) + (2*e_2 · e_3*p_3 · p_2*p_2 · p_3*p_2 · p_4)/(p_1 · p_2*p_1 · p_3*p_3 · p_4) - (2*p_2 · e_3*p_3 · e_2*p_2 · p_3*p_2 · p_4)/((((p_1 · p_2 - p_1 · p_3))*p_1 · p_3*p_3 · p_4)) + (2*p_2 · e_3*p_3 · e_2*p_2 · p_3*p_2 · p_4)/((((p_1 · p_2 - p_1 · p_3))*p_1 · p_2*p_3 · p_4)) - (71*p_2 · p_3*e_3 · p_2*e_2 · p_3)/(p_1 · p_2*p_2 · p_3) + (71*p_2 · e_3*p_3 · p_2*e_2 · p_3)/(p_1 · p_2*p_2 · p_3) + (71*p_2 · p_3*e_3 · e_2*p_2 · p_3)/(p_1 · p_2*p_2 · p_3) - (71*p_2 · e_3*p_3 · e_2*p_2 · p_3)/(p_1 · p_2*p_2 · p_3)
-8*(p_4 · F_2 · p_3*p_4 · F_3 · p_1*p_1 · p_4)/(p_1 · p_2*p_1 · p_3*p_2 · p_3*p_2 · p_4) + 40*(p_4 · F_3 · F_2 · p_1)/(p_1 · p_2*p_2 · p_3) + 10*(Tr(F_2 · F_3))/(p_1 · p_3),-(8*p_4 · p_2*e_2 · p_3*p_4 · p_3*e_3 · p_1*p_1 · p_4*p_3 · p_1*p_3 · p_2)/((p_1 · p_2*p_1 · p_3*p_2 · p_3*p_2 · p_4*((p_3 · p_1 + p_4 · p_2))*p_3 · p_2)) - (8*p_4 · p_2*e_2 · p_3*p_4 · p_3*e_3 · p_1*p_1 · p_4*p_4 · p_2*p_3 · p_2)/((p_1 · p_2*p_1 · p_3*p_2 · p_3*p_2 · p_4*((p_3 · p_1 + p_4 · p_2))*p_3 · p_2)) + (8*p_4 · p_2*e_2 · p_3*p_4 · e_3*p_3 · p_1*p_1 · p_4*p_3 · p_1*p_3 · p_2)/((p_1 · p_2*p_1 · p_3*p_2 · p_3*p_2 · p_4*((p_3 · p_1 + p_4 · p_2))*p_3 · p_2)) + (8*p_4 · p_2*e_2 · p_3*p_4 · e_3*p_3 · p_1*p_1 · p_4*p_4 · p_2*p_3 · p_2)/((p_1 · p_2*p_1 · p_3*p_2 · p_3*p_2 · p_4*((p_3 · p_1 + p_4 · p_2))*p_3 · p_2)) + (8*p_4 · e_2*p_2 · p_3*p_4 · p_3*e_3 · p_1*p_1 · p_4*p_3 · p_1*p_3 · p_2)/((p_1 · p_2*p_1 · p_3*p_2 · p_3*p_2 · p_4*((p_3 · p_1 + p_4 · p_2))*p_3 · p_2)) + (8*p_4 · e_2*p_2 · p_3*p_4 · p_3*e_3 · p_1*p_1 · p_4*p_4 · p_2*p_3 · p_2)/((p_1 · p_2*p_1 · p_3*p_2 · p_3*p_2 · p_4*((p_3 · p_1 + p_4 · p_2))*p_3 · p_2)) - (8*p_4 · e_2*p_2 · p_3*p_4 · e_3*p_3 · p_1*p_1 · p_4*p_3 · p_1*p_3 · p_2)/((p_1 · p_2*p_1 · p_3*p_2 · p_3*p_2 · p_4*((p_3 · p_1 + p_4 · p_2))*p_3 · p_2)) - (8*p_4 · e_2*p_2 · p_3*p_4 · e_3*p_3 · p_1*p_1 · p_4*p_4 · p_2*p_3 · p_2)/((p_1 · p_2*p_1 · p_3*p_2 · p_3*p_2 · p_4*((p_3 · p_1 + p_4 · p_2))*p_3 · p_2)) + (40*p_4 · p_3*e_3 · p_2*e_2 · p_1*p_3 · p_1*p_3 · p_2)/((p_1 · p_2*p_2 · p_3*((p_3 · p_1 + p_4 · p_2))*p_3 · p_2)) + (40*p_4 · p_3*e_3 · p_2*e_2 · p_1*p_4 · p_2*p_3 · p_2)/((p_1 · p_2*p_2 · p_3*((p_3 · p_1 + p_4 · p_2))*p_3 · p_2)) - (40*p_4 · e_3*p_3 · p_2*e_2 · p_1*p_3 · p_1*p_3 · p_2)/((p_1 · p_2*p_2 · p_3*((p_3 · p_1 + p_4 · p_2))*p_3 · p_2)) - (40*p_4 · e_3*p_3 · p_2*e_2 · p_1*p_4 · p_2*p_3 · p_2)/((p_1 · p_2*p_2 · p_3*((p_3 · p_1 + p_4 · p_2))*p_3 · p_2)) - (40*p_4 · p_3*e_3 · e_2*p_2 · p_1*p_3 · p_1*p_3 · p_2)/((p_1 · p_2*p_2 · p_3*((p_3 · p_1 + p_4 · p_2))*p_3 · p_2)) - (40*p_4 · p_3*e_3 · e_2*p_2 · p_1*p_4 · p_2*p_3 · p_2)/((p_1 · p_2*p_2 · p_3*((p_3 · p_1 + p_4 · p_2))*p_3 · p_2)) + (40*p_4 · e_3*p_3 · e_2*p_2 · p_1*p_3 · p_1*p_3 · p_2)/((p_1 · p_2*p_2 · p_3*((p_3 · p_1 + p_4 · p_2))*p_3 · p_2)) + (40*p_4 · e_3*p_3 · e_2*p_2 · p_1*p_4 · p_2*p_3 · p_2)/((p_1 · p_2*p_2 · p_3*((p_3 · p_1 + p_4 · p_2))*p_3 · p_2)) + (10*e_2 · p_3*e_3 · p_2*p_3 · p_1*p_3 · p_2)/((p_1 · p_3*((p_3 · p_1 + p_4 · p_2))*p_3 · p_2)) + (10*e_2 · p_3*e_3 · p_2*p_4 · p_2*p_3 · p_2)/((p_1 · p_3*((p_3 · p_1 + p_4 · p_2))*p_3 · p_2)) - (10*p_2 · p_3*e_3 · e_2*p_3 · p_1*p_3 · p_2)/((p_1 · p_3*((p_3 · p_1 + p_4 · p_2))*p_3 · p_2)) - (10*p_2 · p_3*e_3 · e_2*p_4 · p_2*p_3 · p_2)/((p_1 · p_3*((p_3 · p_1 + p_4 · p_2))*p_3 · p_2)) - (10*e_2 · e_3*p_3 · p_2*p_3 · p_1*p_3 · p_2)/((p_1 · p_3*((p_3 · p_1 + p_4 · p_2))*p_3 · p_2)) - (10*e_2 · e_3*p_3 · p_2*p_4 · p_2*p_3 · p_2)/((p_1 · p_3*((p_3 · p_1 + p_4 · p_2))*p_3 · p_2)) + (10*p_2 · e_3*p_3 · e_2*p_3 · p_1*p_3 · p_2)/((p_1 · p_3*((p_3 · p_1 + p_4 · p_2))*p_3 · p_2)) + (10*p_2 · e_3*p_3 · e_2*p_4 · p_2*p_3 · p_2)/((p_1 · p_3*((p_3 · p_1 + p_4 · p_2))*p_3 · p_2))
-3*(p_1 · F_2 · p_4*p_4 · F_3 · p_2*(p_1 · p_2)^2)/(p_1 · p_2*p_1 · p_3*p_2 · p_3*p_2 · p_4*p_3 · p_4) + 83*(p_4 · F_3 · F_2 · p_4*p_2 · p_3)/(p_1 · p_2*p_1 · p_3*p_2 · p_3) - 65*(p_4 · F_3 · F_2 · p_4*p_2 · p_4)/(p_1 · p_2*p_1 · p_3*p_2 · p_4) - 55*(Tr(F_2 · F_3)*p_3 · p_4)/(p_1 · p_2*p_1 · p_3) - 8*(p_1 · F_2 · F_3 · p_2)/(p_1 · p_2*p_2 · p_3),-(3*p_1 · p_2*e_2 · p_4*p_4 · p_3*e_3 · p_2*p_1 · p_2**2*p_1 · p_3)/(p_1 · p_2*p_1 · p_3*p_2 · p_3*p_2 · p_4*p_3 · p_4*p_1 · p_3) + (3*p_1 · p_2*e_2 · p_4*p_4 · e_3*p_3 · p_2*p_1 · p_2**2*p_1 · p_3)/(p_1 · p_2*p_1 · p_3*p_2 · p_3*p_2 · p_4*p_3 · p_4*p_1 · p_3) + (3*p_1 · e_2*p_2 · p_4*p_4 · p_3*e_3 · p_2*p_1 · p_2**2*p_1 · p_3)/((p_1 · p_2*p_1 · p_3*-((p_1 · p_3 + p_3 · p_3 + p_4 · p_3))*p_2 · p_4*p_3 · p_4*p_1 · p_3)) - (3*p_1 · e_2*p_2 · p_4*p_4 · e_3*p_3 · p_2*p_1 · p_2**2*p_1 · p_3)/(p_1 · p_2*p_1 · p_3*p_2 · p_3*p_2 · p_4*p_3 · p_4*p_1 · p_3) + (83*p_4 · p_3*e_3 · p_2*e_2 · p_4*p_2 · p_3*p_1 · p_3)/(p_1 · p_2*p_1 · p_3*p_2 · p_3*p_1 · p_3) - (83*p_4 · e_3*p_3 · p_2*e_2 · p_4*p_2 · p_3*p_1 · p_3)/(p_1 · p_2*p_1 · p_3*p_2 · p_3*p_1 · p_3) - (83*p_4 · p_3*e_3 · e_2*p_2 · p_4*p_2 · p_3*p_1 · p_3)/(p_1 · p_2*p_1 · p_3*p_2 · p_3*p_1 · p_3) + (83*p_4 · e_3*p_3 · e_2*p_2 · p_4*p_2 · p_3*p_1 · p_3)/(p_1 · p_2*p_1 · p_3*p_2 · p_3*p_1 · p_3) - (65*p_4 · p_3*e_3 · p_2*e_2 · p_4*p_2 · p_4*p_1 · p_3)/(p_1 · p_2*p_1 · p_3*p_2 · p_4*p_1 · p_3) + (65*p_4 · e_3*p_3 · p_2*e_2 · p_4*p_2 · p_4*p_1 · p_3)/(p_1 · p_2*p_1 · p_3*p_2 · p_4*p_1 · p_3) + (65*p_4 · p_3*e_3 · e_2*p_2 · p_4*p_2 · p_4*p_1 · p_3)/(p_1 · p_2*p_1 · p_3*p_2 · p_4*p_1 · p_3) - (65*p_4 · e_3*p_3 · e_2*p_2 · p_4*p_2 · p_4*p_1 · p_3)/(p_1 · p_2*p_1 · p_3*p_2 · p_4*p_1 · p_3) - (55*e_2 · p_3*e_3 · p_2*p_3 · p_4*p_1 · p_3)/(p_1 · p_2*p_1 · p_3*p_1 · p_3) + (55*p_2 · p_3*e_3 · e_2*p_3 · p_4*p_1 · p_3)/(p_1 · p_2*p_1 · p_3*p_1 · p_3) + (55*e_2 · e_3*p_3 · p_2*p_3 · p_4*p_1 · p_3)/(p_1 · p_2*p_1 · p_3*p_1 · p_3) - (55*p_2 · e_3*p_3 · e_2*p_3 · p_4*p_1 · p_3)/(p_1 · p_2*p_1 · p_3*p_1 · p_3) - (8*p_2 · p_1*e_2 · p_3*e_3 · p_2*p_1 · p_3)/(p_1 · p_2*p_2 · p_3*p_1 · p_3) + (8*p_1 · e_2*p_2 · p_3*e_3 · p_2*p_1 · p_3)/((((p_1 · p_3 - p_2 · p_3))*p_2 · p_3*p_1 · p_2)) - (8*p_1 · e_2*p_2 · p_3*e_3 · p_2*p_1 · p_3)/((((p_1 · p_3 - p_2 · p_3))*p_1 · p_3*p_1 · p_2)) + (8*p_1 · p_2*e_2 · e_3*p_3 · p_2*p_1 · p_3)/(p_1 · p_2*p_2 · p_3*p_1 · p_3) - (8*p_1 · e_2*p_2 · e_3*p_3 · p_2*p_1 · p_3)/(p_1 · p_2*p_2 · p_3*p_1 · p_3)
5*(Tr(F_2 · F_3))/(p_1 · p_2) - 63*(p_2 · F_3 · p_4*p_3 · F_2 · p_1*p_1 · p_4*p_2 · p_3)/(p_1 · p_2*p_1 · p_3*p_2 · p_3*p_2 · p_4*p_3 · p_4) - 57*(Tr(F_2 · F_3)*p_1 · p_3*p_3 · p_4)/(p_1 · p_2*p_2 · p_3*p_3 · p_4) + 10*(Tr(F_2 · F_3)*p_1 · p_3)/(p_1 · p_2*p_2 · p_3),(5*e_2 · p_3*e_3 · p_2)/(p_1 · p_2) - (5*p_2 · p_3*e_3 · e_2)/(p_1 · p_2) - (5*e_2 · e_3*p_3 · p_2)/(p_1 · p_2) + (5*p_2 · e_3*p_3 · e_2)/(p_1 · p_2) - (63*p_2 · p_3*e_3 · p_4*p_3 · p_2*e_2 · p_1*p_1 · p_4*p_2 · p_3)/(p_1 · p_2*p_1 · p_3*p_2 · p_3*p_2 · p_4*p_3 · p_4) + (63*p_2 · p_3*e_3 · p_4*p_3 · e_2*p_2 · p_1*p_1 · p_4*p_2 · p_3)/(p_1 · p_2*p_1 · p_3*p_2 · p_3*p_2 · p_4*p_3 · p_4) + (63*p_2 · e_3*p_3 · p_4*p_3 · p_2*e_2 · p_1*p_1 · p_4*p_2 · p_3)/(p_1 · p_2*p_1 · p_3*p_2 · p_3*p_2 · p_4*p_4 · p_3) - (63*p_2 · e_3*p_3 · p_4*p_3 · e_2*p_2 · p_1*p_1 · p_4*p_2 · p_3)/(p_1 · p_2*p_1 · p_3*p_2 · p_3*p_2 · p_4*p_3 · p_4) - (57*e_2 · p_3*e_3 · p_2*p_1 · p_3*p_3 · p_4)/(p_1 · p_2*p_2 · p_3*p_3 · p_4) + (57*p_2 · p_3*e_3 · e_2*p_1 · p_3*p_3 · p_4)/(p_1 · p_2*p_2 · p_3*p_3 · p_4) + (57*e_2 · e_3*p_3 · p_2*p_1 · p_3*p_3 · p_4)/(p_1 · p_2*p_2 · p_3*p_3 · p_4) - (57*p_2 · e_3*p_3 · e_2*p_1 · p_3*p_3 · p_4)/(p_1 · p_2*p_2 · p_3*p_3 · p_4) + (10*e_2 · p_3*e_3 · p_2*p_1 · p_3)/(p_1 · p_2*p_2 · p_3) - (10*p_2 · p_3*e_3 · e_2*p_1 · p_3)/(p_1 · p_2*p_2 · p_3) - (10*e_2 · e_3*p_3 · p_2*p_1 · p_3)/(p_1 · p_2*p_2 · p_3) + (10*p_2 · e_3*p_3 · e_2*p_3 · p_1)/(p_1 · p_2*p_2 · p_3)
-(p_2 · F_3 · F_2 · p_3)/(p_1 · p_2*p_2 · p_3) + 69*(Tr(F_2 · F_3))/(p_2 · p_4) - 99*(Tr(F_2 · F_3))/(p_2 · p_3) + 3*(Tr(F_2 · F_3))/(p_1 · p_3) - 8*(p_1 · F_3 · p_4*p_3 · F_2 · p_1)/(p_1 · p_2*p_1 · p_3*p_2 · p_3),-(p_2 · p_3*e_3 · p_2*e_2 · p_3)/((((p_1 · p_2 - p_2 · p_3))*p_2 · p_3)) + (p_2 · p_3*e_3 · p_2*e_2 · p_3)/((((p_1 · p_2 - p_2 · p_3))*p_1 · p_2)) + (p_2 · e_3*p_3 · p_2*e_2 · p_3)/(p_1 · p_2*p_2 · p_3) + (p_2 · p_3*e_3 · e_2*p_2 · p_3)/(p_1 · p_2*p_2 · p_3) - (p_2 · e_3*p_3 · e_2*p_2 · p_3)/(p_1 · p_2*p_2 · p_3) + (69*e_2 · p_3*e_3 · p_2)/(p_2 · p_4) - (69*p_2 · p_3*e_3 · e_2)/(p_2 · p_4) - (69*e_2 · e_3*p_3 · p_2)/(p_2 · p_4) + (69*p_2 · e_3*p_3 · e_2)/(p_2 · p_4) - (99*e_2 · p_3*e_3 · p_2)/(p_2 · p_3) + (99*p_2 · p_3*e_3 · e_2)/(p_2 · p_3) + (99*e_2 · e_3*p_3 · p_2)/(p_2 · p_3) - (99*p_2 · e_3*p_3 · e_2)/(p_2 · p_3) + (3*e_2 · p_3*e_3 · p_2)/(p_1 · p_3) - (3*p_2 · p_3*e_3 · e_2)/(p_1 · p_3) - (3*e_2 · e_3*p_3 · p_2)/(p_1 · p_3) + (3*p_2 · e_3*p_3 · e_2)/(p_1 · p_3) - (8*p_1 · p_3*e_3 · p_4*p_3 · p_2*e_2 · p_1)/(p_1 · p_2*p_1 · p_3*p_2 · p_3) + (8*p_1 · p_3*e_3 · p_4*p_3 · e_2*p_2 · p_1)/(p_1 · p_2*p_1 · p_3*p_2 · p_3) + (8*p_1 · e_3*p_3 · p_4*p_3 · p_2*e_2 · p_1)/((p_1 · p_2*-((p_2 · p_3 + p_3 · p_3 + p_4 · p_3))*p_2 · p_3)) - (8*p_1 · e_3*p_3 · p_4*p_3 · e_2*p_2 · p_1)/(p_1 · p_2*p_1 · p_3*p_2 · p_3)
2*(p_4 · F_3 · F_2 · p_1*p_1 · p_3*p_2 · p_3)/(p_1 · p_2*p_2 · p_3*p_2 · p_4*p_3 · p_4) + 33*(p_1 · F_2 · F_3 · p_2)/(p_2 · p_4*p_3 · p_4) - 49*(p_1 · F_3 · F_2 · p_3*p_1 · p_3*p_2 · p_4)/(p_1 · p_2*p_1 · p_3*p_2 · p_4*p_3 · p_4) + 96*(Tr(F_2 · F_3))/(p_1 · p_3),-(2*p_4 · p_3*e_3 · p_2*e_2 · p_2*p_1 · p_3*p_2 · p_3*p_4 · p_2)/(p_1 · p_2*p_2 · p_3*p_2 · p_4*p_3 · p_4*p_4 · p_2) - (2*p_4 · p_3*e_3 · p_2*e_2 · p_3*p_1 · p_3*p_2 · p_3*p_4 · p_2)/(p_1 · p_2*p_2 · p_3*p_2 · p_4*p_3 · p_4*p_4 · p_2) - (2*p_4 · p_3*e_3 · p_2*e_2 · p_4*p_1 · p_3*p_2 · p_3*p_4 · p_2)/(p_1 · p_2*p_2 · p_3*p_2 · p_4*p_3 · p_4*p_4 · p_2) - (2*p_4 · e_3*p_3 · p_2*e_2 · p_1*p_1 · p_3*p_2 · p_3*p_4 · p_2)/(p_1 · p_2*p_2 · p_3*p_2 · p_4*p_3 · p_4*p_4 · p_2) - (2*p_4 · p_3*e_3 · e_2*p_2 · p_1*p_1 · p_3*p_2 · p_3*p_4 · p_2)/(p_1 · p_2*p_2 · p_3*p_2 · p_4*p_3 · p_4*p_4 · p_2) + (2*p_4 · e_3*p_3 · e_2*p_2 · p_1*p_1 · p_3*p_2 · p_3*p_4 · p_2)/(p_1 · p_2*p_2 · p_3*p_2 · p_4*p_3 · p_4*p_4 · p_2) + (33*p_1 · p_2*e_2 · p_3*e_3 · p_2*p_4 · p_2)/(p_2 · p_4*p_3 · p_4*p_4 · p_2) - (33*p_1 · e_2*p_2 · p_3*e_3 · p_2*p_4 · p_2)/(p_2 · p_4*p_3 · p_4*p_4 · p_2) - (33*p_1 · p_2*e_2 · e_3*p_3 · p_2*p_4 · p_2)/(p_2 · p_4*p_3 · p_4*p_4 · p_2) + (33*p_1 · e_2*p_2 · e_3*p_3 · p_2*p_4 · p_2)/(p_2 · p_4*p_3 · p_4*p_4 · p_2) - (49*p_1 · p_3*e_3 · p_2*e_2 · p_3*p_1 · p_3*p_2 · p_4*p_4 · p_2)/(p_1 · p_2*p_1 · p_3*p_2 · p_4*p_3 · p_4*p_4 · p_2) + (49*p_1 · e_3*p_3 · p_2*e_2 · p_3*p_1 · p_3*p_2 · p_4*p_4 · p_2)/(p_1 · p_2*p_1 · p_3*p_2 · p_4*p_3 · p_4*p_4 · p_2) + (49*p_1 · p_3*e_3 · e_2*p_2 · p_3*p_1 · p_3*p_2 · p_4*p_4 · p_2)/(p_1 · p_2*p_1 · p_3*p_2 · p_4*p_3 · p_4*p_4 · p_2) - (49*p_1 · e_3*p_3 · e_2*p_2 · p_3*p_1 · p_3*p_2 · p_4*p_4 · p_2)/(p_1 · p_2*p_1 · p_3*p_2 · p_4*p_3 · p_4*p_4 · p_2) + (96*e_2 · p_3*e_3 · p_2*p_4 · p_2)/(p_1 · p_3*p_4 · p_2) - (96*p_2 · p_3*e_3 · e_2*p_4 · p_2)/(p_1 · p_3*p_4 · p_2) - (96*e_2 · e_3*p_3 · p_2*p_4 · p_2)/(p_1 · p_3*p_4 · p_2) + (96*p_2 · e_3*p_3 · e_2*p_4 · p_2)/(p_1 · p_3*p_4 · p_2)
-5*(p_3 · F_2 · F_3 · p_1*p_1 · p_4)/(p_1 · p_2*p_2 · p_4*p_3 · p_4) + 62*(p_4 · F_2 · p_3*p_4 · F_3 · p_2*p_1 · p_2)/(p_1 · p_2*p_1 · p_3*p_2 · p_3*p_3 · p_4),-(5*p_3 · p_2*e_2 · p_3*e_3 · p_1*p_1 · p_4*p_3 · p_2*p_2 · p_4*p_4 · p_3)/((p_1 · p_2*p_2 · p_4*p_3 · p_4*((p_3 · p_2 + p_4 · p_1))*p_2 · p_4*p_4 · p_3)) - (5*p_3 · p_2*e_2 · p_3*e_3 · p_1*p_1 · p_4*p_4 · p_1*p_2 · p_4*p_4 · p_3)/((p_1 · p_2*p_2 · p_4*p_3 · p_4*((p_3 · p_2 + p_4 · p_1))*p_2 · p_4*p_4 · p_3)) + (5*p_3 · e_2*p_2 · p_3*e_3 · p_1*p_1 · p_4*p_3 · p_2*p_2 · p_4*p_4 · p_3)/((p_1 · p_2*p_2 · p_4*p_3 · p_4*((p_3 · p_2 + p_4 · p_1))*p_2 · p_4*p_4 · p_3)) + (5*p_3 · e_2*p_2 · p_3*e_3 · p_1*p_1 · p_4*p_4 · p_1*p_2 · p_4*p_4 · p_3)/((p_1 · p_2*p_2 · p_4*p_3 · p_4*((p_3 · p_2 + p_4 · p_1))*p_2 · p_4*p_4 · p_3)) + (5*p_3 · p_2*e_2 · e_3*p_3 · p_1*p_1 · p_4*p_3 · p_2*p_2 · p_4*p_4 · p_3)/((p_1 · p_2*p_2 · p_4*p_3 · p_4*((p_3 · p_2 + p_4 · p_1))*p_2 · p_4*p_4 · p_3)) + (5*p_3 · p_2*e_2 · e_3*p_3 · p_1*p_1 · p_4*p_4 · p_1*p_2 · p_4*p_4 · p_3)/((p_1 · p_2*p_2 · p_4*p_3 · p_4*((p_3 · p_2 + p_4 · p_1))*p_2 · p_4*p_4 · p_3)) - (5*p_3 · e_2*p_2 · e_3*p_3 · p_1*p_1 · p_4*p_3 · p_2*p_2 · p_4*p_4 · p_3)/((p_1 · p_2*p_2 · p_4*p_3 · p_4*((p_3 · p_2 + p_4 · p_1))*p_2 · p_4*p_4 · p_3)) - (5*p_3 · e_2*p_2 · e_3*p_3 · p_1*p_1 · p_4*p_4 · p_1*p_2 · p_4*p_4 · p_3)/((p_1 · p_2*p_2 · p_4*p_3 · p_4*((p_3 · p_2 + p_4 · p_1))*p_2 · p_4*p_4 · p_3)) + (62*p_4 · p_2*e_2 · p_3*p_4 · p_3*e_3 · p_2*p_1 · p_2*p_3 · p_2*p_2 · p_4*p_4 · p_3)/((p_1 · p_2*p_1 · p_3*p_2 · p_3*p_3 · p_4*((p_3 · p_2 + p_4 · p_1))*p_2 · p_4*p_4 · p_3)) + (62*p_4 · p_2*e_2 · p_3*p_4 · p_3*e_3 · p_2*p_1 · p_2*p_4 · p_1*p_2 · p_4*p_4 · p_3)/((p_1 · p_2*p_1 · p_3*p_2 · p_3*p_3 · p_4*((p_3 · p_2 + p_4 · p_1))*p_2 · p_4*p_4 · p_3)) - (62*p_4 · p_2*e_2 · p_3*p_4 · e_3*p_3 · p_2*p_1 · p_2*p_3 · p_2*p_2 · p_4*p_4 · p_3)/((p_1 · p_2*p_1 · p_3*p_2 · p_3*p_3 · p_4*((p_3 · p_2 + p_4 · p_1))*p_2 · p_4*p_4 · p_3)) - (62*p_4 · p_2*e_2 · p_3*p_4 · e_3*p_3 · p_2*p_1 · p_2*p_4 · p_1*p_2 · p_4*p_4 · p_3)/((p_1 · p_2*p_1 · p_3*p_2 · p_3*p_3 · p_4*((p_3 · p_2 + p_4 · p_1))*p_2 · p_4*p_4 · p_3)) - (62*p_4 · e_2*p_2 · p_3*p_4 · p_3*e_3 · p_2*p_1 · p_2*p_3 · p_2*p_2 · p_4*p_4 · p_3)/((p_1 · p_2*p_1 · p_3*p_3 · p_2*p_3 · p_4*((p_3 · p_2 + p_4 · p_1))*p_2 · p_4*p_4 · p_3)) - (62*p_4 · e_2*p_2 · p_3*p_4 · p_3*e_3 · p_2*p_1 · p_2*p_4 · p_1*p_2 · p_4*p_4 · p_3)/((p_1 · p_2*p_1 · p_3*p_2 · p_3*p_3 · p_4*((p_3 · p_2 + p_4 · p_1))*p_2 · p_4*p_4 · p_3)) + (62*p_4 · e_2*p_2 · p_3*p_4 · e_3*p_3 · p_2*p_1 · p_2*p_3 · p_2*p_2 · p_4*p_4 · p_3)/((p_1 · p_2*p_1 · p_3*p_2 · p_3*p_3 · p_4*((p_3 · p_2 + p_4 · p_1))*p_2 · p_4*p_4 · p_3)) + (62*p_4 · e_2*p_2 · p_3*p_4 · e_3*p_3 · p_2*p_1 · p_2*p_4 · p_1*p_2 · p_4*p_4 · p_3)/((p_1 · p_2*p_1 · p_3*p_2 · p_3*p_3 · p_4*((p_3 · p_2 + p_4 · p_1))*p_2 · p_4*p_4 · p_3))
4*(p_2 · F_3 · F_2 · p_1*p_2 · p_3)/(p_1 · p_2*p_1 · p_3*p_2 · p_4) + 55*(p_4 · F_2 · F_3 · p_2*p_1 · p_4)/(p_1 · p_2*p_2 · p_3*p_2 · p_4) + 39*(p_4 · F_2 · F_3 · p_1)/(p_2 · p_3*p_2 · p_4),(4*p_2 · p_3*e_3 · p_2*e_2 · p_1*p_2 · p_3*p_4 · p_1)/((p_1 · p_2*p_1 · p_3*p_2 · p_4*((p_4 · p_1 + p_3 · p_2)))) + (4*p_2 · p_3*e_3 · p_2*e_2 · p_1*p_2 · p_3*p_3 · p_2)/((p_1 · p_2*p_1 · p_3*p_2 · p_4*((p_4 · p_1 + p_3 · p_2)))) - (4*p_2 · e_3*p_3 · p_2*e_2 · p_1*p_2 · p_3*p_4 · p_1)/((p_1 · p_2*p_1 · p_3*p_2 · p_4*((p_4 · p_1 + p_3 · p_2)))) - (4*p_2 · e_3*p_3 · p_2*e_2 · p_1*p_2 · p_3*p_3 · p_2)/((p_1 · p_2*p_1 · p_3*p_2 · p_4*((p_4 · p_1 + p_3 · p_2)))) - (4*p_2 · p_3*e_3 · e_2*p_2 · p_1*p_2 · p_3*p_4 · p_1)/((p_1 · p_2*p_1 · p_3*p_2 · p_4*((p_4 · p_1 + p_3 · p_2)))) - (4*p_2 · p_3*e_3 · e_2*p_2 · p_1*p_2 · p_3*p_3 · p_2)/((p_1 · p_2*p_1 · p_3*p_2 · p_4*((p_4 · p_1 + p_3 · p_2)))) + (4*p_2 · e_3*p_3 · e_2*p_2 · p_1*p_2 · p_3*p_4 · p_1)/((p_1 · p_2*p_1 · p_3*p_2 · p_4*((p_4 · p_1 + p_3 · p_2)))) + (4*p_2 · e_3*p_3 · e_2*p_2 · p_1*p_2 · p_3*p_3 · p_2)/((p_1 · p_2*p_1 · p_3*p_2 · p_4*((p_4 · p_1 + p_3 · p_2)))) + (55*p_4 · p_2*e_2 · p_3*e_3 · p_2*p_1 · p_4*p_4 · p_1)/((p_1 · p_2*p_2 · p_3*p_2 · p_4*((p_4 · p_1 + p_3 · p_2)))) + (55*p_4 · p_2*e_2 · p_3*e_3 · p_2*p_1 · p_4*p_3 · p_2)/((p_1 · p_2*p_2 · p_3*p_2 · p_4*((p_4 · p_1 + p_3 · p_2)))) - (55*p_4 · e_2*p_2 · p_3*e_3 · p_2*p_1 · p_4*p_4 · p_1)/((p_1 · p_2*p_2 · p_3*p_2 · p_4*((p_4 · p_1 + p_3 · p_2)))) - (55*p_4 · e_2*p_2 · p_3*e_3 · p_2*p_1 · p_4*p_3 · p_2)/((p_1 · p_2*p_2 · p_3*p_2 · p_4*((p_4 · p_1 + p_3 · p_2)))) - (55*p_4 · p_2*e_2 · e_3*p_3 · p_2*p_1 · p_4*p_4 · p_1)/((p_1 · p_2*p_2 · p_3*p_2 · p_4*((p_4 · p_1 + p_3 · p_2)))) - (55*p_4 · p_2*e_2 · e_3*p_3 · p_2*p_1 · p_4*p_3 · p_2)/((p_1 · p_2*p_2 · p_3*p_2 · p_4*((p_4 · p_1 + p_3 · p_2)))) + (55*p_4 · e_2*p_2 · e_3*p_3 · p_2*p_1 · p_4*p_4 · p_1)/((p_1 · p_2*p_2 · p_3*p_2 · p_4*((p_4 · p_1 + -((p_1 · p_2 + p_2 · p_2 + p_4 · p_2)))))) + (55*p_4 · e_2*p_2 · e_3*p_3 · p_2*p_1 · p_4*p_3 · p_2)/((p_1 · p_2*p_2 · p_3*p_2 · p_4*((p_4 · p_1 + p_3 · p_2)))) + (39*p_4 · p_2*e_2 · p_3*e_3 · p_1*p_4 · p_1)/((p_2 · p_3*p_2 · p_4*((p_4 · p_1 + p_3 · p_2)))) + (39*p_4 · p_2*e_2 · p_3*e_3 · p_1*p_3 · p_2)/((p_2 · p_3*p_2 · p_4*((p_4 · p_1 + p_3 · p_2)))) - (39*p_4 · e_2*p_2 · p_3*e_3 · p_1*p_4 · p_1)/((p_2 · p_3*p_2 · p_4*((p_4 · p_1 + p_3 · p_2)))) - (39*p_4 · e_2*p_2 · p_3*e_3 · p_1*p_3 · p_2)/((p_2 · p_3*p_2 · p_4*((p_4 · p_1 + p_3 · p_2)))) - (39*p_4 · p_2*e_2 · e_3*p_3 · p_1*p_4 · p_1)/((p_2 · p_3*p_2 · p_4*((p_4 · p_1 + p_3 · p_2)))) - (39*p_4 · p_2*e_2 · e_3*p_3 · p_1*p_3 · p_2)/((p_2 · p_3*p_2 · p_4*((p_4 · p_1 + p_3 · p_2)))) + (39*p_4 · e_2*p_2 · e_3*p_3 · p_1*p_4 · p_1)/((p_2 · p_3*p_2 · p_4*((p_4 · p_1 + p_3 · p_2)))) + (39*p_4 · e_2*p_2 · e_3*p_3 · p_1*p_3 · p_2)/((((p_2 · p_4 - p_2 · p_3))*p_2 · p_3*((p_4 · p_1 + p_3 · p_2)))) - (39*p_4 · e_2*p_2 · e_3*p_3 · p_1*p_3 · p_2)/((((p_2 · p_4 - p_2 · p_3))*p_2 · p_4*((p_4 · p_1 + p_3 · p_2))))
-9*(p_3 · F_2 · F_3 · p_2)/(p_1 · p_2*p_2 · p_3) - 31*(p_3 · F_2 · F_3 · p_1)/(p_1 · p_3*p_2 · p_3) - 41*(Tr(F_2 · F_3))/(p_1 · p_3) - 63*(Tr(F_2 · F_3))/(p_2 · p_4) + 41*(p_1 · F_2 · p_3*p_4 · F_3 · p_4)/(p_1 · p_3*p_2 · p_3*p_2 · p_4),-(9*p_3 · p_2*e_2 · p_3*e_3 · p_2*p_3 · p_2*p_2 · p_1*p_2 · p_4)/(p_1 · p_2*p_2 · p_3*p_3 · p_2*p_2 · p_1*p_2 · p_4) + (9*p_3 · e_2*p_2 · p_3*e_3 · p_2*p_3 · p_2*p_2 · p_1*p_2 · p_4)/(p_1 · p_2*p_2 · p_3*p_3 · p_2*p_2 · p_1*p_2 · p_4) + (9*p_3 · p_2*e_2 · e_3*p_3 · p_2*p_3 · p_2*p_2 · p_1*p_2 · p_4)/(p_1 · p_2*p_2 · p_3*p_3 · p_2*p_2 · p_1*p_2 · p_4) - (9*p_3 · e_2*p_2 · e_3*p_3 · p_2*p_3 · p_2*p_2 · p_1*p_2 · p_4)/(p_1 · p_2*p_2 · p_3*p_3 · p_2*p_2 · p_1*p_2 · p_4) - (31*p_3 · p_2*e_2 · p_3*e_3 · p_1*p_3 · p_2*p_2 · p_1*p_2 · p_4)/(p_1 · p_3*p_2 · p_3*p_3 · p_2*p_2 · p_1*p_2 · p_4) + (31*p_3 · e_2*p_2 · p_3*e_3 · p_1*p_3 · p_2*p_2 · p_1*p_2 · p_4)/(p_1 · p_3*p_2 · p_3*p_3 · p_2*p_2 · p_1*p_2 · p_4) + (31*p_3 · p_2*e_2 · e_3*p_3 · p_1*p_3 · p_2*p_2 · p_1*p_2 · p_4)/(p_1 · p_3*p_2 · p_3*p_3 · p_2*p_2 · p_1*p_2 · p_4) - (31*p_3 · e_2*p_2 · e_3*p_3 · p_1*p_3 · p_2*p_2 · p_1*p_2 · p_4)/(p_1 · p_3*p_2 · p_3*p_3 · p_2*p_2 · p_1*p_2 · p_4) - (41*e_2 · p_3*e_3 · p_2*p_3 · p_2*p_2 · p_1*p_2 · p_4)/(p_1 · p_3*p_3 · p_2*p_2 · p_1*p_2 · p_4) + (41*p_2 · p_3*e_3 · e_2*p_3 · p_2*p_2 · p_1*p_2 · p_4)/((((p_1 · p_3 - p_3 · p_2))*p_3 · p_2*p_2 · p_1*p_2 · p_4)) - (41*p_2 · p_3*e_3 · e_2*p_3 · p_2*p_2 · p_1*p_2 · p_4)/((((p_1 · p_3 - p_3 · p_2))*p_1 · p_3*p_2 · p_1*p_2 · p_4)) + (41*e_2 · e_3*p_3 · p_2*p_3 · p_2*p_2 · p_1*p_2 · p_4)/(p_1 · p_3*p_3 · p_2*p_2 · p_1*p_2 · p_4) - (41*p_2 · e_3*p_3 · e_2*p_3 · p_2*p_2 · p_1*p_2 · p_4)/(p_1 · p_3*p_3 · p_2*p_2 · p_1*p_2 · p_4) - (63*e_2 · p_3*e_3 · p_2*p_3 · p_2*p_2 · p_1*p_2 · p_4)/(p_2 · p_4*p_3 · p_2*p_2 · p_1*p_2 · p_4) + (63*p_2 · p_3*e_3 · e_2*p_3 · p_2*p_2 · p_1*p_2 · p_4)/(p_2 · p_4*p_3 · p_2*p_2 · p_1*p_2 · p_4) + (63*e_2 · e_3*p_3 · p_2*p_3 · p_2*p_2 · p_1*p_2 · p_4)/(p_2 · p_4*p_3 · p_2*p_2 · p_1*p_2 · p_4) - (63*p_2 · e_3*p_3 · e_2*p_3 · p_2*p_2 · p_1*p_2 · p_4)/(p_2 · p_4*p_3 · p_2*p_2 · p_1*p_2 · p_4) + (41*p_1 · p_2*e_2 · p_3*p_4 · p_3*e_3 · p_4*p_3 · p_2*p_2 · p_1*p_2 · p_4)/(p_1 · p_3*p_2 · p_3*p_2 · p_4*p_3 · p_2*p_2 · p_1*p_2 · p_4) - (41*p_1 · p_2*e_2 · p_3*p_4 · e_3*p_3 · p_4*p_3 · p_2*p_2 · p_1*p_2 · p_4)/(p_1 · p_3*p_2 · p_3*p_2 · p_4*p_3 · p_2*p_2 · p_1*p_2 · p_4) - (41*p_1 · e_2*p_2 · p_3*p_4 · p_3*e_3 · p_4*p_3 · p_2*p_2 · p_1*p_2 · p_4)/(p_1 · p_3*p_2 · p_3*p_2 · p_4*p_3 · p_2*p_2 · p_1*p_2 · p_4) + (41*p_1 · e_2*p_2 · p_3*p_4 · e_3*p_3 · p_4*p_3 · p_2*p_2 · p_1*p_2 · p_4)/(p_1 · p_3*p_2 · p_3*p_2 · p_4*p_3 · p_2*p_2 · p_1*p_2 · p_4)
(p_1 · F_2 · p_4*p_4 · F_3 · p_4)/(p_1 · p_2*p_2 · p_3*p_3 · p_4) + (Tr(F_2 · F_3)*p_2 · p_3)/(p_1 · p_2*p_2 · p_4) + (p_1 · F_3 · p_4*p_3 · F_2 · p_1*(p_3 · p_4)^2)/(p_1 · p_2*p_1 · p_3*p_2 · p_3*p_2 · p_4*p_3 · p_4) + (p_4 · F_3 · F_2 · p_4*p_3 · p_4)/(p_1 · p_2*p_2 · p_3*p_2 · p_4) + (Tr(F_2 · F_3)*p_1 · p_4*p_2 · p_3)/(p_1 · p_2*p_2 · p_3*p_3 · p_4),(p_1 · p_2*e_2 · p_4*p_4 · p_3*e_3 · p_4*p_2 · p_1)/(p_1 · p_2*p_2 · p_3*p_3 · p_4*p_2 · p_1) - (p_1 · p_2*e_2 · p_4*p_4 · e_3*p_3 · p_4*p_2 · p_1)/(p_1 · p_2*p_2 · p_3*p_3 · p_4*p_2 · p_1) - (p_1 · e_2*p_2 · p_4*p_4 · p_3*e_3 · p_4*p_2 · p_1)/(p_1 · p_2*p_2 · p_3*p_3 · p_4*p_2 · p_1) + (p_1 · e_2*p_2 · p_4*p_4 · e_3*p_3 · p_4*p_2 · p_1)/(p_1 · p_2*p_2 · p_3*p_3 · p_4*p_2 · p_1) + (e_2 · p_3*e_3 · p_2*p_2 · p_3*p_2 · p_1)/(p_1 · p_2*p_2 · p_4*p_2 · p_1) - (p_2 · p_3*e_3 · e_2*p_2 · p_3*p_2 · p_1)/(p_1 · p_2*p_2 · p_4*p_2 · p_1) - (e_2 · e_3*p_3 · p_2*p_2 · p_3*p_2 · p_1)/(p_1 · p_2*p_2 · p_4*p_2 · p_1) + (p_2 · e_3*p_3 · e_2*p_2 · p_3*p_2 · p_1)/(p_1 · p_2*p_2 · p_4*p_2 · p_1) + (p_1 · p_3*e_3 · p_4*p_3 · p_2*e_2 · p_1*p_3 · p_4**2*p_2 · p_1)/(p_1 · p_2*p_1 · p_3*p_2 · p_3*p_2 · p_4*p_3 · p_4*p_2 · p_1) - (p_1 · p_3*e_3 · p_4*p_3 · e_2*p_2 · p_1*p_3 · p_4**2*p_2 · p_1)/(p_1 · p_2*p_1 · p_3*p_2 · p_3*p_2 · p_4*p_3 · p_4*p_2 · p_1) - (p_1 · e_3*p_3 · p_4*p_3 · p_2*e_2 · p_1*p_3 · p_4**2*p_2 · p_1)/(p_1 · p_2*p_1 · p_3*p_2 · p_3*p_2 · p_4*p_3 · p_4*p_2 · p_1) + (p_1 · e_3*p_3 · p_4*p_3 · e_2*p_2 · p_1*p_3 · p_4**2*p_2 · p_1)/(p_1 · p_2*p_1 · p_3*p_2 · p_3*p_2 · p_4*p_3 · p_4*p_2 · p_1) + (p_4 · p_3*e_3 · p_2*e_2 · p_4*p_3 · p_4*p_2 · p_1)/(p_1 · p_2*p_2 · p_3*p_2 · p_4*p_2 · p_1) - (p_4 · e_3*p_3 · p_2*e_2 · p_4*p_3 · p_4*p_2 · p_1)/(p_1 · p_2*p_2 · p_3*p_2 · p_4*p_2 · p_1) - (p_4 · p_3*e_3 · e_2*p_2 · p_4*p_3 · p_4*p_2 · p_1)/(p_1 · p_2*p_2 · p_3*p_2 · p_4*p_2 · p_1) + (e_3 · p_4*p_3 · e_2*p_2 · p_4*p_3 · p_4*p_2 · p_1)/((p_1 · p_2*p_2 · p_3*-((p_1 · p_4 + p_3 · p_4 + p_4 · p_4))*p_2 · p_1)) + (e_2 · p_3*e_3 · p_2*p_1 · p_4*p_2 · p_3*p_2 · p_1)/(p_1 · p_2*p_2 · p_3*p_3 · p_4*p_2 · p_1) - (p_2 · p_3*e_3 · e_2*p_1 · p_4*p_2 · p_3*p_2 · p_1)/(p_1 · p_2*p_2 · p_3*p_3 · p_4*p_2 · p_1) - (e_2 · e_3*p_3 · p_2*p_1 · p_4*p_2 · p_3*p_2 · p_1)/(p_1 · p_2*p_2 · p_3*p_3 · p_4*p_2 · p_1) + (p_2 · e_3*p_3 · e_2*p_1 · p_4*p_2 · p_3*p_2 · p_1)/(p_1 · p_2*p_2 · p_3*p_3 · p_4*p_2 · p_1)
(p_1 · F_2 · p_3*p_1 · F_3 · p_2*p_1 · p_2*p_3 · p_4)/(p_1 · p_2*p_1 · p_3*p_2 · p_3*p_2 · p_4*p_3 · p_4) - 23*(Tr(F_2 · F_3)*p_2 · p_3)/(p_1 · p_3*p_2 · p_4) - 41*(p_1 · F_2 · F_3 · p_1)/(p_1 · p_2*p_2 · p_3),(p_1 · p_2*e_2 · p_3*p_1 · p_3*e_3 · p_2*p_1 · p_2*p_3 · p_4)/((p_1 · p_2*-((p_2 · p_3 + p_3 · p_3 + p_4 · p_3))*p_2 · p_3*p_2 · p_4*p_3 · p_4)) - (p_1 · p_2*e_2 · p_3*p_1 · e_3*p_3 · p_2*p_1 · p_2*p_3 · p_4)/(p_1 · p_2*p_1 · p_3*p_2 · p_3*p_2 · p_4*p_3 · p_4) - (p_1 · e_2*p_2 · p_3*p_1 · p_3*e_3 · p_2*p_1 · p_2*p_3 · p_4)/(p_1 · p_2*p_1 · p_3*p_2 · p_3*p_2 · p_4*p_3 · p_4) + (p_1 · e_2*p_2 · p_3*p_1 · e_3*p_3 · p_2*p_1 · p_2*p_3 · p_4)/(p_1 · p_2*p_1 · p_3*p_2 · p_3*p_2 · p_4*p_3 · p_4) - (23*e_2 · p_3*e_3 · p_2*p_2 · p_3)/(p_1 · p_3*p_2 · p_4) + (23*p_2 · p_3*e_3 · e_2*p_2 · p_3)/(p_1 · p_3*p_2 · p_4) + (23*e_2 · e_3*p_3 · p_2*p_2 · p_3)/(p_1 · p_3*p_2 · p_4) - (23*p_2 · e_3*p_3 · e_2*p_2 · p_3)/(p_1 · p_3*p_2 · p_4) - (41*p_1 · p_2*e_2 · p_3*e_3 · p_1)/(p_1 · p_2*p_2 · p_3) + (41*p_1 · e_2*p_2 · p_3*e_3 · p_1)/(p_1 · p_2*p_2 · p_3) + (41*p_1 · p_2*e_2 · e_3*p_3 · p_1)/(p_1 · p_2*p_2 · p_3) - (41*p_1 · e_2*p_2 · e_3*p_3 · p_1)/(p_1 · p_2*p_2 · p_3)
(p_3 · F_2 · F_3 · p_2)/(p_1 · p_3*p_2 · p_3) + (Tr(F_2 · F_3))/(p_2 · p_3) + (p_4 · F_2 · F_3 · p_4*p_1 · p_2*p_1 · p_3)/(p_1 · p_2*p_1 · p_3*p_2 · p_3*p_2 · p_4) + (Tr(F_2 · F_3)*p_1 · p_4)/(p_1 · p_3*p_2 · p_4),(p_3 · p_2*e_2 · p_3*e_3 · p_2*p_1 · p_3)/(p_1 · p_3*p_2 · p_3*p_1 · p_3) - (p_3 · e_2*p_2 · p_3*e_3 · p_2*p_1 · p_3)/(p_1 · p_3*p_2 · p_3*p_1 · p_3) - (p_3 · p_2*e_2 · e_3*p_3 · p_2*p_1 · p_3)/(p_1 · p_3*p_2 · p_3*p_1 · p_3) + (p_3 · e_2*p_2 · e_3*p_3 · p_2*p_1 · p_3)/(p_1 · p_3*p_2 · p_3*p_1 · p_3) + (e_2 · p_3*e_3 · p_2*p_1 · p_3)/(p_2 · p_3*p_1 · p_3) - (p_2 · p_3*e_3 · e_2*p_1 · p_3)/(p_2 · p_3*p_1 · p_3) - (e_2 · e_3*p_3 · p_2*p_1 · p_3)/(p_2 · p_3*p_1 · p_3) + (p_2 · e_3*p_3 · e_2*p_1 · p_3)/(p_2 · p_3*p_1 · p_3) + (p_4 · p_2*e_2 · p_3*e_3 · p_4*p_1 · p_2*p_1 · p_3*p_1 · p_3)/(p_1 · p_2*p_1 · p_3*p_2 · p_3*p_2 · p_4*p_1 · p_3) - (p_4 · e_2*p_2 · p_3*e_3 · p_4*p_1 · p_2*p_1 · p_3*p_1 · p_3)/(p_1 · p_2*p_1 · p_3*p_2 · p_3*p_2 · p_4*p_1 · p_3) - (p_4 · p_2*e_2 · e_3*p_3 · p_4*p_1 · p_2*p_1 · p_3*p_1 · p_3)/(p_1 · p_2*p_1 · p_3*p_2 · p_3*p_2 · p_4*p_1 · p_3) + (p_4 · e_2*p_2 · e_3*p_3 · p_4*p_1 · p_2*p_1 · p_3*p_1 · p_3)/(p_1 · p_2*p_1 · p_3*p_2 · p_3*p_2 · p_4*p_1 · p_3) + (e_2 · p_3*e_3 · p_2*p_1 · p_4*p_1 · p_3)/(p_1 · p_3*p_2 · p_4*p_1 · p_3) - (p_2 · p_3*e_3 · e_2*p_1 · p_4*p_1 · p_3)/(p_1 · p_3*p_2 · p_4*p_1 · p_3) - (e_2 · e_3*p_3 · p_2*p_1 · p_4*p_1 · p_3)/(p_1 · p_3*p_2 · p_4*p_1 · p_3) + (p_2 · e_3*p_3 · e_2*p_1 · p_4*p_1 · p_3)/(p_1 · p_3*p_2 · p_4*p_1 · p_3)
-9*(p_1 · F_2 · F_3 · p_1)/(p_2 · p_3*p_3 · p_4) + 43*(Tr(F_2 · F_3)*p_2 · p_4)/(p_1 · p_3*p_3 · p_4) + 41*(Tr(F_2 · F_3)*p_1 · p_3)/(p_1 · p_2*p_1 · p_3) + 77*(p_1 · F_2 · F_3 · p_4*p_3 · p_4)/(p_1 · p_3*p_2 · p_3*p_3 · p_4),-(9*p_1 · p_2*e_2 · p_3*e_3 · p_1*p_3 · p_1)/((p_2 · p_3*p_3 · p_4*((p_3 · p_1 + p_2 · p_4)))) - (9*p_1 · p_2*e_2 · p_3*e_3 · p_1*p_2 · p_4)/((p_2 · p_3*p_3 · p_4*((p_3 · p_1 + p_2 · p_4)))) + (9*p_1 · e_2*p_2 · p_3*e_3 · p_1*p_3 · p_1)/((p_2 · p_3*p_3 · p_4*((p_3 · p_1 + p_2 · p_4)))) + (9*p_1 · e_2*p_2 · p_3*e_3 · p_1*p_2 · p_4)/((p_2 · p_3*p_3 · p_4*((p_3 · p_1 + p_2 · p_4)))) + (9*p_1 · p_2*e_2 · e_3*p_3 · p_1*p_3 · p_1)/((p_2 · p_3*p_3 · p_4*((p_3 · p_1 + p_2 · p_4)))) + (9*p_1 · p_2*e_2 · e_3*p_3 · p_1*p_2 · p_4)/((p_2 · p_3*p_3 · p_4*((p_3 · p_1 + p_2 · p_4)))) - (9*p_1 · e_2*p_2 · e_3*p_3 · p_1*p_3 · p_1)/((p_2 · p_3*p_3 · p_4*((p_3 · p_1 + p_2 · p_4)))) - (9*p_1 · e_2*p_2 · e_3*p_3 · p_1*p_2 · p_4)/((p_2 · p_3*p_3 · p_4*((p_3 · p_1 + p_2 · p_4)))) + (43*e_2 · p_3*e_3 · p_2*p_2 · p_4*p_3 · p_1)/((p_1 · p_3*p_3 · p_4*((p_3 · p_1 + p_2 · p_4)))) + (43*e_2 · p_3*e_3 · p_2*p_2 · p_4*p_2 · p_4)/((p_1 · p_3*p_3 · p_4*((p_3 · p_1 + p_2 · p_4)))) - (43*p_2 · p_3*e_3 · e_2*p_2 · p_4*p_3 · p_1)/((p_1 · p_3*p_3 · p_4*((p_3 · p_1 + p_2 · p_4)))) - (43*p_2 · p_3*e_3 · e_2*p_2 · p_4*p_2 · p_4)/((p_3 · p_1*p_3 · p_4*((p_3 · p_1 + p_2 · p_4)))) - (43*e_2 · e_3*p_3 · p_2*p_2 · p_4*p_3 · p_1)/((p_1 · p_3*p_3 · p_4*((p_3 · p_1 + p_2 · p_4)))) - (43*e_2 · e_3*p_3 · p_2*p_2 · p_4*p_2 · p_4)/((p_1 · p_3*p_3 · p_4*((p_3 · p_1 + p_2 · p_4)))) + (43*p_2 · e_3*p_3 · e_2*p_2 · p_4*p_3 · p_1)/((p_1 · p_3*p_3 · p_4*((p_3 · p_1 + p_2 · p_4)))) + (43*p_2 · e_3*p_3 · e_2*p_2 · p_4*p_2 · p_4)/((p_1 · p_3*p_3 · p_4*((p_3 · p_1 + p_2 · p_4)))) + (41*e_2 · p_3*e_3 · p_2*p_1 · p_3*p_3 · p_1)/((p_1 · p_2*p_1 · p_3*((p_3 · p_1 + p_2 · p_4)))) + (41*e_2 · p_3*e_3 · p_2*p_1 · p_3*p_2 · p_4)/((p_1 · p_2*p_1 · p_3*((p_3 · p_1 + p_2 · p_4)))) - (41*p_2 · p_3*e_3 · e_2*p_1 · p_3*p_3 · p_1)/((((p_1 · p_3 - p_1 · p_2))*p_1 · p_2*((p_3 · p_1 + p_2 · p_4)))) - (41*p_2 · p_3*e_3 · e_2*p_1 · p_3*p_2 · p_4)/((((p_1 · p_3 - p_1 · p_2))*p_1 · p_2*((p_3 · p_1 + p_2 · p_4)))) + (41*p_2 · p_3*e_3 · e_2*p_1 · p_3*p_3 · p_1)/((((p_1 · p_3 - p_1 · p_2))*p_1 · p_3*((p_3 · p_1 + p_2 · p_4)))) + (41*p_2 · p_3*e_3 · e_2*p_1 · p_3*p_2 · p_4)/((((p_1 · p_3 - p_1 · p_2))*p_1 · p_3*((p_3 · p_1 + p_2 · p_4)))) - (41*e_2 · e_3*p_3 · p_2*p_1 · p_3*p_3 · p_1)/((p_1 · p_2*p_1 · p_3*((p_3 · p_1 + p_2 · p_4)))) - (41*e_2 · e_3*p_3 · p_2*p_1 · p_3*p_2 · p_4)/((p_1 · p_2*p_1 · p_3*((p_3 · p_1 + p_2 · p_4)))) + (41*p_2 · e_3*p_3 · e_2*p_1 · p_3*p_3 · p_1)/((p_1 · p_2*p_1 · p_3*((p_3 · p_1 + p_2 · p_4)))) + (41*p_2 · e_3*p_3 · e_2*p_1 · p_3*p_2 · p_4)/((p_1 · p_2*p_1 · p_3*((p_3 · p_1 + p_2 · p_4)))) + (77*p_1 · p_2*e_2 · p_3*e_3 · p_4*p_3 · p_4*p_3 · p_1)/((p_1 · p_3*p_2 · p_3*p_3 · p_4*((p_3 · p_1 + p_2 · p_4)))) + (77*p_1 · p_2*e_2 · p_3*e_3 · p_4*p_3 · p_4*p_2 · p_4)/((p_1 · p_3*p_2 · p_3*p_3 · p_4*((p_3 · p_1 + p_2 · p_4)))) - (77*p_1 · e_2*p_2 · p_3*e_3 · p_4*p_3 · p_4*p_3 · p_1)/((p_1 · p_3*p_2 · p_3*p_3 · p_4*((p_3 · p_1 + p_2 · p_4)))) - (77*p_1 · e_2*p_2 · p_3*e_3 · p_4*p_3 · p_4*p_2 · p_4)/((p_1 · p_3*p_2 · p_3*p_3 · p_4*((p_3 · p_1 + p_2 · p_4)))) - (77*p_1 · p_2*e_2 · e_3*p_3 · p_4*p_3 · p_4*p_3 · p_1)/((p_1 · p_3*p_2 · p_3*p_3 · p_4*((p_3 · p_1 + p_2 · p_4)))) - (77*p_1 · p_2*e_2 · e_3*p_3 · p_4*p_3 · p_4*p_2 · p_4)/((p_1 · p_3*p_2 · p_3*p_3 · p_4*((p_3 · p_1 + p_2 · p_4)))) + (77*p_1 · e_2*p_2 · e_3*p_3 · p_4*p_3 · p_4*p_3 · p_1)/((p_1 · p_3*p_2 · p_3*-((p_1 · p_4 + p_2 · p_4 + p_4 · p_4))*((p_3 · p_1 + p_2 · p_4)))) + (77*p_1 · e_2*p_2 · e_3*p_3 · p_4*p_3 · p_4*p_2 · p_4)/((p_1 · p_3*p_2 · p_3*-((p_1 · p_4 + p_2 · p_4 + p_4 · p_4))*((p_3 · p_1 + p_2 · p_4))))
9*(p_2 · F_3 · p_4*p_4 · F_2 · p_3*p_1 · p_4*p_2 · p_4)/(p_1 · p_2*p_1 · p_3*p_2 · p_3*p_2 · p_4*p_3 · p_4) + 61*(p_4 · F_3 · F_2 · p_3*p_1 · p_4*p_3 · p_4)/(p_1 · p_2*p_1 · p_3*p_2 · p_4*p_3 · p_4) + 83*(p_1 · F_3 · p_2*p_3 · F_2 · p_1*(p_1 · p_2)^2)/(p_1 · p_2*p_1 · p_3*p_2 · p_3*p_2 · p_4*p_3 · p_4) - 47*(p_2 · F_3 · p_2*p_3 · F_2 · p_1)/(p_1 · p_3*p_2 · p_4*p_3 · p_4) - 31*(Tr(F_2 · F_3)*p_2 · p_3)/(p_1 · p_3*p_2 · p_3),-(9*p_2 · p_3*e_3 · p_4*p_4 · p_2*e_2 · p_1*p_1 · p_4*p_2 · p_4)/(p_1 · p_2*p_1 · p_3*p_2 · p_3*p_2 · p_4*p_3 · p_4) - (9*p_2 · p_3*e_3 · p_4*p_4 · p_2*e_2 · p_2*p_1 · p_4*p_2 · p_4)/(p_1 · p_2*p_1 · p_3*p_2 · p_3*p_2 · p_4*p_3 · p_4) - (9*p_2 · p_3*e_3 · p_4*p_4 · p_2*e_2 · p_4*p_1 · p_4*p_2 · p_4)/(p_1 · p_2*p_1 · p_3*p_2 · p_3*p_2 · p_4*p_3 · p_4) - (9*p_2 · p_3*e_3 · p_4*p_4 · e_2*p_2 · p_3*p_1 · p_4*p_2 · p_4)/(p_1 · p_2*p_1 · p_3*p_2 · p_3*p_2 · p_4*p_3 · p_4) - (9*p_2 · e_3*p_3 · p_4*p_4 · p_2*e_2 · p_3*p_1 · p_4*p_2 · p_4)/(p_1 · p_2*p_1 · p_3*p_2 · p_3*p_2 · p_4*p_3 · p_4) + (9*p_2 · e_3*p_3 · p_4*p_4 · e_2*p_2 · p_3*p_1 · p_4*p_2 · p_4)/(p_1 · p_2*p_1 · p_3*p_2 · p_3*p_2 · p_4*p_3 · p_4) + (61*p_4 · p_3*e_3 · p_2*e_2 · p_3*p_1 · p_4*p_3 · p_4)/(p_1 · p_2*p_1 · p_3*p_2 · p_4*p_3 · p_4) - (61*p_4 · e_3*p_3 · p_2*e_2 · p_3*p_1 · p_4*p_3 · p_4)/(p_1 · p_2*p_1 · p_3*p_2 · p_4*p_3 · p_4) - (61*p_4 · p_3*e_3 · e_2*p_2 · p_3*p_1 · p_4*p_3 · p_4)/(p_1 · p_2*p_1 · p_3*p_2 · p_4*p_3 · p_4) + (61*p_4 · e_3*p_3 · e_2*p_2 · p_3*p_1 · p_4*p_3 · p_4)/(p_1 · p_2*p_1 · p_3*p_2 · p_4*p_3 · p_4) + (83*p_1 · p_3*e_3 · p_2*p_3 · p_2*e_2 · p_1*p_1 · p_2**2)/(p_1 · p_2*p_1 · p_3*p_2 · p_3*p_2 · p_4*p_3 · p_4) - (83*p_1 · p_3*e_3 · p_2*p_3 · e_2*p_2 · p_1*p_1 · p_2**2)/((((p_3 · p_4 - p_1 · p_3))*p_1 · p_3*p_1 · p_2*p_2 · p_3*p_2 · p_4)) + (83*p_1 · p_3*e_3 · p_2*p_3 · e_2*p_2 · p_1*p_1 · p_2**2)/((((p_3 · p_4 - p_1 · p_3))*p_3 · p_4*p_1 · p_2*p_2 · p_3*p_2 · p_4)) - (83*p_1 · e_3*p_3 · p_2*p_3 · p_2*e_2 · p_1*p_1 · p_2**2)/(p_1 · p_2*p_1 · p_3*p_2 · p_3*p_2 · p_4*p_3 · p_4) + (83*p_1 · e_3*p_3 · p_2*p_3 · e_2*p_2 · p_1*p_1 · p_2**2)/(p_1 · p_2*p_1 · p_3*p_2 · p_3*p_2 · p_4*p_3 · p_4) - (47*p_2 · p_3*e_3 · p_2*p_3 · p_2*e_2 · p_1)/(p_1 · p_3*p_2 · p_4*p_3 · p_4) + (47*p_2 · p_3*e_3 · p_2*p_3 · e_2*p_2 · p_1)/(p_1 · p_3*p_2 · p_4*p_3 · p_4) + (47*p_2 · e_3*p_3 · p_2*p_3 · p_2*e_2 · p_1)/(p_1 · p_3*p_2 · p_4*p_3 · p_4) - (47*p_2 · e_3*p_3 · p_2*p_3 · e_2*p_2 · p_1)/(p_1 · p_3*p_2 · p_4*p_3 · p_4) - (31*e_2 · p_3*e_3 · p_2*p_2 · p_3)/(p_1 · p_3*p_2 · p_3) + (31*p_2 · p_3*e_3 · e_2*p_2 · p_3)/(p_1 · p_3*p_2 · p_3) + (31*e_2 · e_3*p_3 · p_2*p_2 · p_3)/(p_1 · p_3*p_2 · p_3) - (31*p_2 · e_3*p_3 · e_2*p_2 · p_3)/(p_1 · p_3*p_2 · p_3)
(p_1 · F_3 · p_1*p_4 · F_2 · p_1)/(p_1 · p_3*p_2 · p_3*p_2 · p_4) + 55*(p_3 · F_2 · F_3 · p_2*p_1 · p_4)/(p_1 · p_3*p_2 · p_3*p_2 · p_4) - 85*(Tr(F_2 · F_3))/(p_1 · p_2) + 75*(Tr(F_2 · F_3))/(p_1 · p_2) + 22*(p_1 · F_3 · F_2 · p_1*p_3 · p_4)/(p_1 · p_2*p_2 · p_3*p_2 · p_4),(p_1 · p_3*e_3 · p_1*p_4 · p_2*e_2 · p_1)/(p_1 · p_3*p_2 · p_3*p_2 · p_4) - (p_1 · p_3*e_3 · p_1*p_4 · e_2*p_2 · p_1)/(p_1 · p_3*p_2 · p_3*p_2 · p_4) - (p_1 · e_3*p_3 · p_1*p_4 · p_2*e_2 · p_1)/(p_1 · p_3*p_3 · p_2*p_2 · p_4) + (p_1 · e_3*p_3 · p_1*p_4 · e_2*p_2 · p_1)/(p_1 · p_3*p_2 · p_3*p_2 · p_4) + (55*p_3 · p_2*e_2 · p_3*e_3 · p_2*p_1 · p_4)/(p_1 · p_3*p_2 · p_3*p_2 · p_4) - (55*p_3 · e_2*p_2 · p_3*e_3 · p_2*p_1 · p_4)/(p_1 · p_3*p_2 · p_3*p_2 · p_4) - (55*p_3 · p_2*e_2 · e_3*p_3 · p_2*p_1 · p_4)/(p_1 · p_3*p_2 · p_3*p_2 · p_4) + (55*p_3 · e_2*p_2 · e_3*p_3 · p_2*p_1 · p_4)/(p_1 · p_3*p_2 · p_3*p_2 · p_4) - (85*e_2 · p_3*e_3 · p_2)/(p_1 · p_2) + (85*p_2 · p_3*e_3 · e_2)/(p_1 · p_2) + (85*e_2 · e_3*p_3 · p_2)/(p_1 · p_2) - (85*p_2 · e_3*p_3 · e_2)/(p_1 · p_2) + (75*e_2 · p_3*e_3 · p_2)/(p_1 · p_2) - (75*p_2 · p_3*e_3 · e_2)/(p_1 · p_2) - (75*e_2 · e_3*p_3 · p_2)/(p_1 · p_2) + (75*p_2 · e_3*p_3 · e_2)/(p_1 · p_2) + (22*p_1 · p_3*e_3 · p_2*e_2 · p_1*p_3 · p_4)/(p_1 · p_2*p_2 · p_3*p_2 · p_4) - (22*p_1 · e_3*p_3 · p_2*e_2 · p_1*p_3 · p_4)/(p_1 · p_2*p_2 · p_3*p_2 · p_4) - (22*p_1 · p_3*e_3 · e_2*p_2 · p_1*p_3 · p_4)/(p_1 · p_2*p_2 · p_3*p_2 · p_4) + (22*p_1 · e_3*p_3 · e_2*p_2 · p_1*p_3 · p_4)/(p_1 · p_2*p_2 · p_3*p_2 · p_4)
5*(Tr(F_2 · F_3)*p_1 · p_4*p_3 · p_4)/(p_1 · p_2*p_2 · p_3*p_2 · p_4) + 81*(p_1 · F_3 · F_2 · p_3*p_1 · p_3*p_3 · p_4)/(p_1 · p_2*p_1 · p_3*p_2 · p_4*p_3 · p_4) + 37*(p_1 · F_2 · p_4*p_4 · F_3 · p_2*p_1 · p_3*p_2 · p_3)/(p_1 · p_2*p_1 · p_3*p_2 · p_3*p_2 · p_4*p_3 · p_4),(5*e_2 · p_3*e_3 · p_2*p_1 · p_4*p_3 · p_4)/(p_1 · p_2*p_2 · p_3*p_2 · p_4) - (5*p_2 · p_3*e_3 · e_2*p_1 · p_4*p_3 · p_4)/(p_1 · p_2*p_2 · p_3*p_2 · p_4) - (5*e_2 · e_3*p_3 · p_2*p_1 · p_4*p_3 · p_4)/(p_1 · p_2*p_2 · p_3*p_2 · p_4) + (5*p_2 · e_3*p_3 · e_2*p_1 · p_4*p_3 · p_4)/(p_1 · p_2*p_2 · p_3*p_2 · p_4) + (81*p_1 · p_3*e_3 · p_2*e_2 · p_3*p_1 · p_3*p_3 · p_4)/(p_1 · p_2*p_1 · p_3*p_2 · p_4*p_3 · p_4) - (81*p_1 · e_3*p_3 · p_2*e_2 · p_3*p_1 · p_3*p_3 · p_4)/(p_1 · p_2*p_1 · p_3*p_2 · p_4*p_3 · p_4) - (81*p_1 · p_3*e_3 · e_2*p_2 · p_3*p_1 · p_3*p_3 · p_4)/(p_1 · p_2*p_1 · p_3*p_2 · p_4*p_3 · p_4) + (81*p_1 · e_3*p_3 · e_2*p_2 · p_3*p_3 · p_1*p_3 · p_4)/(p_1 · p_2*p_1 · p_3*p_2 · p_4*p_3 · p_4) + (37*p_1 · p_2*e_2 · p_4*p_4 · p_3*e_3 · p_2*p_1 · p_3*p_2 · p_3)/(p_1 · p_2*p_1 · p_3*p_2 · p_3*p_2 · p_4*p_3 · p_4) - (37*p_1 · p_2*e_2 · p_4*p_4 · e_3*p_3 · p_2*p_1 · p_3*p_2 · p_3)/(p_1 · p_2*p_1 · p_3*p_2 · p_3*p_2 · p_4*p_3 · p_4) - (37*p_1 · e_2*p_2 · p_4*p_4 · p_3*e_3 · p_2*p_1 · p_3*p_2 · p_3)/(p_1 · p_2*p_1 · p_3*p_2 · p_3*p_2 · p_4*p_3 · p_4) + (37*p_1 · e_2*p_2 · p_4*p_4 · e_3*p_3 · p_2*p_1 · p_3*p_2 · p_3)/(p_1 · p_2*p_1 · p_3*p_2 · p_3*p_2 · p_4*p_3 · p_4)
-8*(p_2 · F_3 · F_2 · p_1)/(p_2 · p_3*p_3 · p_4) + 53*(Tr(F_2 · F_3))/(p_1 · p_3) + 22*(p_1 · F_2 · F_3 · p_4*p_1 · p_2)/(p_1 · p_2*p_2 · p_3*p_2 · p_4) + 36*(p_4 · F_2 · F_3 · p_4*p_2 · p_4)/(p_1 · p_3*p_2 · p_3*p_3 · p_4) - 54*(p_2 · F_3 · p_4*p_4 · F_2 · p_4*(p_2 · p_3)^2)/(p_1 · p_2*p_1 · p_3*p_2 · p_3*p_2 · p_4*p_3 · p_4),-(8*p_2 · p_3*e_3 · p_2*e_2 · p_1*p_4 · p_1)/(p_2 · p_3*p_3 · p_4*p_4 · p_1) + (8*p_2 · e_3*p_3 · p_2*e_2 · p_1*p_4 · p_1)/(p_2 · p_3*p_3 · p_4*p_4 · p_1) + (8*p_2 · p_3*e_3 · e_2*p_2 · p_1*p_4 · p_1)/(p_2 · p_3*p_3 · p_4*p_4 · p_1) - (8*p_2 · e_3*p_3 · e_2*p_2 · p_1*p_4 · p_1)/(p_2 · p_3*p_3 · p_4*p_4 · p_1) + (53*e_2 · p_3*e_3 · p_2*p_4 · p_1)/(p_1 · p_3*p_4 · p_1) - (53*p_2 · p_3*e_3 · e_2*p_4 · p_1)/(p_1 · p_3*p_4 · p_1) - (53*e_2 · e_3*p_3 · p_2*p_4 · p_1)/(p_1 · p_3*p_4 · p_1) + (53*p_2 · e_3*p_3 · e_2*p_4 · p_1)/(p_1 · p_3*p_4 · p_1) + (22*p_1 · p_2*e_2 · p_3*e_3 · p_4*p_1 · p_2*p_4 · p_1)/(p_1 · p_2*p_2 · p_3*p_2 · p_4*p_4 · p_1) - (22*p_1 · e_2*p_2 · p_3*e_3 · p_4*p_1 · p_2*p_4 · p_1)/(p_1 · p_2*p_2 · p_3*p_2 · p_4*p_4 · p_1) - (22*p_1 · p_2*e_2 · e_3*p_3 · p_4*p_1 · p_2*p_4 · p_1)/(p_1 · p_2*p_2 · p_3*p_2 · p_4*p_4 · p_1) + (22*p_1 · e_2*p_2 · e_3*p_3 · p_4*p_1 · p_2*p_4 · p_1)/(p_1 · p_2*p_2 · p_3*p_2 · p_4*p_4 · p_1) + (36*p_4 · p_2*e_2 · p_3*e_3 · p_4*p_2 · p_4*p_4 · p_1)/(p_1 · p_3*p_2 · p_3*p_3 · p_4*p_4 · p_1) - (36*p_4 · e_2*p_2 · p_3*e_3 · p_4*p_2 · p_4*p_4 · p_1)/(p_1 · p_3*p_2 · p_3*p_3 · p_4*p_4 · p_1) - (36*p_4 · p_2*e_2 · e_3*p_3 · p_4*p_2 · p_4*p_4 · p_1)/(p_1 · p_3*p_2 · p_3*p_3 · p_4*p_4 · p_1) + (36*p_4 · e_2*p_2 · e_3*p_3 · p_4*p_2 · p_4*p_4 · p_1)/(p_1 · p_3*p_2 · p_3*p_3 · p_4*p_4 · p_1) - (54*p_2 · p_3*e_3 · p_4*p_4 · p_2*e_2 · p_4*p_2 · p_3**2*p_4 · p_1)/(p_1 · p_2*p_1 · p_3*p_2 · p_3*p_2 · p_4*p_3 · p_4*p_4 · p_1) + (54*p_2 · p_3*e_3 · p_4*p_4 · e_2*p_2 · p_4*p_2 · p_3**2*p_4 · p_1)/(p_1 · p_2*p_1 · p_3*p_2 · p_3*p_2 · p_4*p_3 · p_4*p_4 · p_1) + (54*p_2 · e_3*p_3 · p_4*p_4 · p_2*e_2 · p_4*p_2 · p_3**2*p_4 · p_1)/(p_1 · p_2*p_1 · p_3*p_2 · p_3*p_2 · p_4*p_3 · p_4*p_4 · p_1) - (54*p_2 · e_3*p_3 · p_4*p_4 · e_2*p_2 · p_4*p_2 · p_3**2*p_4 · p_1)/(p_1 · p_2*p_1 · p_3*p_2 · p_3*p_2 · p_4*p_3 · p_4*p_4 · p_1)
-(Tr(F_2 · F_3)*p_2 · p_3)/(p_1 · p_3*p_2 · p_4) + 48*(p_1 · F_2 · p_1*p_2 · F_3 · p_1*p_2 · p_3)/(p_1 · p_2*p_2 · p_3*p_2 · p_4*p_3 · p_4) - 55*(p_4 · F_3 · F_2 · p_4)/(p_1 · p_3*p_2 · p_3),-(e_2 · p_3*e_3 · p_2*p_2 · p_3*p_4 · p_3*p_3 · p_2*p_4 · p_3)/(p_1 · p_3*p_2 · p_4*p_4 · p_3*p_3 · p_2*p_4 · p_3) + (p_2 · p_3*e_3 · e_2*p_2 · p_3*p_4 · p_3*p_3 · p_2*p_4 · p_3)/(p_1 · p_3*p_2 · p_4*p_4 · p_3*p_3 · p_2*p_4 · p_3) + (e_2 · e_3*p_3 · p_2*p_2 · p_3*p_4 · p_3*p_3 · p_2*p_4 · p_3)/(p_1 · p_3*p_2 · p_4*p_4 · p_3*p_3 · p_2*p_4 · p_3) - (p_2 · e_3*p_3 · e_2*p_2 · p_3*p_4 · p_3*p_3 · p_2*p_4 · p_3)/(p_1 · p_3*p_2 · p_4*p_4 · p_3*p_3 · p_2*p_4 · p_3) - (48*p_1 · p_2*e_2 · p_2*p_2 · p_3*e_3 · p_1*p_2 · p_3*p_4 · p_3*p_3 · p_2*p_4 · p_3)/(p_1 · p_2*p_2 · p_3*p_2 · p_4*p_3 · p_4*p_4 · p_3*p_3 · p_2*p_4 · p_3) - (48*p_1 · p_2*e_2 · p_3*p_2 · p_3*e_3 · p_1*p_2 · p_3*p_4 · p_3*p_3 · p_2*p_4 · p_3)/(p_1 · p_2*p_2 · p_3*p_2 · p_4*p_3 · p_4*p_4 · p_3*p_3 · p_2*p_4 · p_3) - (48*p_1 · p_2*e_2 · p_4*p_2 · p_3*e_3 · p_1*p_2 · p_3*p_4 · p_3*p_3 · p_2*p_4 · p_3)/(p_1 · p_2*p_2 · p_3*p_2 · p_4*p_3 · p_4*p_4 · p_3*p_3 · p_2*p_4 · p_3) - (48*p_1 · p_2*e_2 · p_1*p_2 · e_3*p_3 · p_1*p_2 · p_3*p_4 · p_3*p_3 · p_2*p_4 · p_3)/(p_1 · p_2*p_2 · p_3*p_2 · p_4*p_3 · p_4*p_4 · p_3*p_3 · p_2*p_4 · p_3) - (48*p_1 · e_2*p_2 · p_1*p_2 · p_3*e_3 · p_1*p_2 · p_3*p_4 · p_3*p_3 · p_2*p_4 · p_3)/(p_1 · p_2*p_2 · p_3*p_2 · p_4*p_3 · p_4*p_4 · p_3*p_3 · p_2*p_4 · p_3) + (48*p_1 · e_2*p_2 · p_1*p_2 · e_3*p_3 · p_1*p_2 · p_3*p_4 · p_3*p_3 · p_2*p_4 · p_3)/(p_1 · p_2*p_2 · p_3*p_2 · p_4*p_3 · p_4*p_4 · p_3*p_3 · p_2*p_4 · p_3) - (55*p_4 · p_3*e_3 · p_2*e_2 · p_4*p_4 · p_3*p_3 · p_2*p_4 · p_3)/(p_1 · p_3*p_2 · p_3*p_4 · p_3*p_3 · p_2*p_4 · p_3) + (55*p_4 · e_3*p_3 · p_2*e_2 · p_4*p_4 · p_3*p_3 · p_2*p_4 · p_3)/(p_1 · p_3*p_2 · p_3*p_4 · p_3*p_3 · p_2*p_4 · p_3) + (55*p_4 · p_3*e_3 · e_2*p_2 · p_4*p_4 · p_3*p_3 · p_2*p_4 · p_3)/(p_1 · p_3*p_2 · p_3*p_4 · p_3*p_3 · p_2*p_4 · p_3) - (55*p_4 · e_3*p_3 · e_2*p_2 · p_4*p_4 · p_3*p_3 · p_2*p_4 · p_3)/(p_1 · p_3*p_2 · p_3*p_4 · p_3*p_3 · p_2*p_4 · p_3)
(p_4 · F_2 · F_3 · p_4*p_3 · p_4)/(p_1 · p_3*p_2 · p_4*p_3 · p_4) + (p_1 · F_3 · F_2 · p_1*p_1 · p_2*p_2 · p_4)/(p_1 · p_2*p_1 · p_3*p_2 · p_3*p_3 · p_4),(p_4 · p_2*e_2 · p_3*e_3 · p_4*p_3 · p_4)/(p_1 · p_3*p_2 · p_4*p_3 · p_4) - (p_4 · e_2*p_2 · p_3*e_3 · p_4*p_3 · p_4)/(p_1 · p_3*p_2 · p_4*p_3 · p_4) - (p_4 · p_2*e_2 · e_3*p_3 · p_4*p_3 · p_4)/(p_1 · p_3*p_2 · p_4*p_3 · p_4) + (e_2 · p_4*p_2 · e_3*p_3 · p_4*p_3 · p_4)/(p_1 · p_3*p_2 · p_4*p_3 · p_4) + (p_1 · p_3*e_3 · p_2*e_2 · p_1*p_1 · p_2*p_2 · p_4)/(p_1 · p_2*p_1 · p_3*p_2 · p_3*p_3 · p_4) - (p_1 · e_3*p_3 · p_2*e_2 · p_1*p_1 · p_2*p_2 · p_4)/(p_1 · p_2*p_1 · p_3*p_2 · p_3*p_3 · p_4) - (p_1 · p_3*e_3 · e_2*p_2 · p_1*p_1 · p_2*p_2 · p_4)/(p_1 · p_2*p_1 · p_3*p_2 · p_3*p_3 · p_4) + (p_1 · e_3*p_3 · e_2*p_2 · p_1*p_1 · p_2*p_2 · p_4)/(p_1 · p_2*p_1 · p_3*p_2 · p_3*p_3 · p_4)
(p_1 · F_3 · p_1*p_3 · F_2 · p_4*p_3 · p_4)/(p_1 · p_2*p_1 · p_3*p_2 · p_3*p_2 · p_4) + (p_1 · F_3 · p_1*p_3 · F_2 · p_1)/(p_1 · p_2*p_2 · p_3*p_3 · p_4) + (Tr(F_2 · F_3)*p_2 · p_4*p_3 · p_4)/(p_1 · p_3*p_2 · p_3*p_2 · p_4) + (p_1 · F_3 · p_2*p_4 · F_2 · p_3*p_3 · p_4)/(p_1 · p_3*p_2 · p_3*p_2 · p_4*p_3 · p_4) + (p_1 · F_2 · p_4*p_4 · F_3 · p_4*p_1 · p_4)/(p_1 · p_2*p_1 · p_3*p_2 · p_4*p_3 · p_4),(p_1 · p_3*e_3 · p_1*p_3 · p_2*e_2 · p_4*p_3 · p_4*p_4 · p_3)/(p_1 · p_2*p_1 · p_3*p_2 · p_3*p_2 · p_4*p_4 · p_3) - (p_1 · p_3*e_3 · p_1*p_3 · e_2*p_2 · p_4*p_3 · p_4*p_4 · p_3)/(p_1 · p_2*p_1 · p_3*p_2 · p_3*p_2 · p_4*p_4 · p_3) - (p_1 · e_3*p_3 · p_1*p_3 · p_2*e_2 · p_4*p_3 · p_4*p_4 · p_3)/(p_1 · p_2*p_1 · p_3*p_2 · p_3*p_2 · p_4*p_4 · p_3) + (p_1 · e_3*p_3 · p_1*p_3 · e_2*p_2 · p_4*p_3 · p_4*p_4 · p_3)/(p_1 · p_2*p_1 · p_3*p_2 · p_3*p_2 · p_4*p_4 · p_3) + (p_1 · p_3*e_3 · p_1*p_3 · p_2*e_2 · p_1*p_4 · p_3)/(p_1 · p_2*p_2 · p_3*p_3 · p_4*p_4 · p_3) - (p_1 · p_3*e_3 · p_1*p_3 · e_2*p_2 · p_1*p_4 · p_3)/(p_1 · p_2*p_2 · p_3*p_3 · p_4*p_4 · p_3) - (p_1 · e_3*p_3 · p_1*p_3 · p_2*e_2 · p_1*p_4 · p_3)/(p_1 · p_2*p_2 · p_3*p_4 · p_3*p_4 · p_3) + (p_1 · e_3*p_3 · p_1*p_3 · e_2*p_2 · p_1*p_4 · p_3)/(p_1 · p_2*p_2 · p_3*p_3 · p_4*p_4 · p_3) + (e_2 · p_3*e_3 · p_2*p_2 · p_4*p_3 · p_4*p_4 · p_3)/(p_1 · p_3*p_2 · p_3*p_2 · p_4*p_4 · p_3) - (p_2 · p_3*e_3 · e_2*p_2 · p_4*p_3 · p_4*p_4 · p_3)/(p_1 · p_3*p_2 · p_3*p_2 · p_4*p_4 · p_3) - (e_2 · e_3*p_3 · p_2*p_2 · p_4*p_3 · p_4*p_4 · p_3)/(p_1 · p_3*p_2 · p_3*p_2 · p_4*p_4 · p_3) + (p_2 · e_3*p_3 · e_2*p_2 · p_4*p_3 · p_4*p_4 · p_3)/(p_1 · p_3*p_2 · p_3*p_2 · p_4*p_4 · p_3) + (p_1 · p_3*e_3 · p_2*p_4 · p_2*e_2 · p_3*p_3 · p_4*p_4 · p_3)/(p_1 · p_3*p_2 · p_3*p_2 · p_4*p_3 · p_4*p_4 · p_3) - (p_1 · p_3*e_3 · p_2*p_4 · e_2*p_2 · p_3*p_3 · p_4*p_4 · p_3)/(p_1 · p_3*p_2 · p_3*p_2 · p_4*p_3 · p_4*p_4 · p_3) - (p_1 · e_3*p_3 · p_2*p_4 · p_2*e_2 · p_3*p_3 · p_4*p_4 · p_3)/(p_1 · p_3*p_2 · p_3*p_2 · p_4*p_3 · p_4*p_4 · p_3) + (p_1 · e_3*p_3 · p_2*p_4 · e_2*p_2 · p_3*p_3 · p_4*p_4 · p_3)/(p_1 · p_3*p_2 · p_3*p_2 · p_4*p_3 · p_4*p_4 · p_3) + (p_1 · p_2*e_2 · p_4*p_4 · p_3*e_3 · p_4*p_1 · p_4*p_4 · p_3)/(p_1 · p_2*p_1 · p_3*p_2 · p_4*p_3 · p_4*p_4 · p_3) - (p_1 · p_2*e_2 · p_4*p_4 · e_3*p_3 · p_4*p_1 · p_4*p_4 · p_3)/(p_1 · p_2*p_1 · p_3*p_2 · p_4*p_3 · p_4*p_4 · p_3) - (p_1 · e_2*p_2 · p_4*p_4 · p_3*e_3 · p_4*p_1 · p_4*p_4 · p_3)/(p_1 · p_2*p_1 · p_3*p_2 · p_4*p_3 · p_4*p_4 · p_3) + (p_1 · e_2*p_2 · p_4*p_4 · e_3*p_3 · p_4*p_1 · p_4*p_4 · p_3)/(p_1 · p_2*p_1 · p_3*p_2 · p_4*p_3 · p_4*p_4 · p_3)
-9*(p_4 · F_2 · F_3 · p_1)/(p_1 · p_2*p_1 · p_3) - 67*(p_1 · F_3 · p_2*p_3 · F_2 · p_4*p_3 · p_4)/(p_1 · p_3*p_2 · p_3*p_2 · p_4*p_3 · p_4),-(9*p_4 · p_2*e_2 · p_3*e_3 · p_1)/(p_1 · p_2*p_1 · p_3) + (9*p_4 · e_2*p_2 · p_3*e_3 · p_1)/((((p_1 · p_2 - p_1 · p_3))*p_1 · p_3)) - (9*p_4 · e_2*p_2 · p_3*e_3 · p_1)/((((p_1 · p_2 - p_1 · p_3))*p_1 · p_2)) + (9*p_4 · p_2*e_2 · e_3*p_3 · p_1)/(p_1 · p_2*p_1 · p_3) - (9*p_4 · e_2*p_2 · e_3*p_3 · p_1)/(p_1 · p_2*p_1 · p_3) + (67*p_1 · p_3*e_3 · p_2*p_3 · p_2*e_2 · p_4*p_1 · p_4)/(p_1 · p_3*p_2 · p_3*p_2 · p_4*p_3 · p_4) + (67*p_1 · p_3*e_3 · p_2*p_3 · p_2*e_2 · p_4*p_2 · p_4)/((((p_2 · p_3 - p_2 · p_4))*p_2 · p_4*p_1 · p_3*p_3 · p_4)) - (67*p_1 · p_3*e_3 · p_2*p_3 · p_2*e_2 · p_4*p_2 · p_4)/((((p_2 · p_3 - p_2 · p_4))*p_2 · p_3*p_1 · p_3*p_3 · p_4)) + (67*p_1 · p_3*e_3 · p_2*p_3 · p_2*e_2 · p_4*p_4 · p_4)/(p_1 · p_3*p_2 · p_3*p_2 · p_4*p_3 · p_4) + (67*p_1 · p_3*e_3 · p_2*p_3 · e_2*p_2 · p_4*p_3 · p_4)/(p_1 · p_3*p_2 · p_3*p_2 · p_4*p_3 · p_4) + (67*p_1 · e_3*p_3 · p_2*p_3 · p_2*e_2 · p_4*p_3 · p_4)/(p_1 · p_3*p_2 · p_3*p_2 · p_4*p_3 · p_4) - (67*p_1 · e_3*p_3 · p_2*p_3 · e_2*p_2 · p_4*p_3 · p_4)/(p_1 · p_3*p_2 · p_3*p_2 · p_4*p_3 · p_4)
2*(p_4 · F_2 · F_3 · p_2)/(p_1 · p_2*p_1 · p_3) + 93*(p_4 · F_2 · F_3 · p_4)/(p_1 · p_3*p_2 · p_4) - 6*(Tr(F_2 · F_3)*p_2 · p_4)/(p_1 · p_3*p_3 · p_4) + 28*(Tr(F_2 · F_3))/(p_1 · p_3),-(2*p_4 · p_2*e_2 · p_1*e_3 · p_2)/(p_1 · p_2*p_1 · p_3) - (2*p_4 · p_2*e_2 · p_2*e_3 · p_2)/(p_1 · p_2*p_1 · p_3) - (2*p_4 · p_2*e_2 · p_4*e_3 · p_2)/(p_1 · p_2*p_1 · p_3) - (2*p_4 · e_2*p_2 · p_3*e_3 · p_2)/(p_1 · p_2*p_1 · p_3) - (2*p_4 · p_2*e_2 · e_3*p_3 · p_2)/(p_1 · p_2*p_1 · p_3) + (2*p_4 · e_2*p_2 · e_3*p_3 · p_2)/(p_1 · p_2*p_1 · p_3) + (93*p_4 · p_2*e_2 · p_3*e_3 · p_4)/(p_1 · p_3*p_2 · p_4) - (93*p_4 · e_2*p_2 · p_3*e_3 · p_4)/(p_1 · p_3*p_2 · p_4) - (93*p_4 · p_2*e_2 · e_3*p_3 · p_4)/(p_1 · p_3*p_2 · p_4) + (93*p_4 · e_2*p_2 · e_3*p_3 · p_4)/(p_1 · p_3*p_2 · p_4) - (6*e_2 · p_3*e_3 · p_2*p_2 · p_4)/(p_1 · p_3*p_3 · p_4) + (6*p_2 · p_3*e_3 · e_2*p_2 · p_4)/(p_1 · p_3*p_3 · p_4) + (6*e_2 · e_3*p_3 · p_2*p_2 · p_4)/(p_1 · p_3*p_3 · p_4) - (6*p_2 · e_3*p_3 · e_2*p_2 · p_4)/(p_1 · p_3*p_4 · p_3) + (28*e_2 · p_3*e_3 · p_2)/(p_1 · p_3) - (28*p_2 · p_3*e_3 · e_2)/(p_1 · p_3) - (28*e_2 · e_3*p_3 · p_2)/(p_1 · p_3) + (28*p_2 · e_3*p_3 · e_2)/(p_1 · p_3)
2*(p_1 · F_2 · F_3 · p_1)/(p_1 · p_2*p_2 · p_3) + 18*(p_3 · F_2 · F_3 · p_4)/(p_1 · p_2*p_1 · p_3),-(2*p_1 · p_2*e_2 · p_1*e_3 · p_1*p_2 · p_3)/((p_1 · p_2*p_2 · p_3*((p_2 · p_3 + p_4 · p_1)))) - (2*p_1 · p_2*e_2 · p_1*e_3 · p_1*p_4 · p_1)/((p_1 · p_2*p_2 · p_3*((p_2 · p_3 + p_4 · p_1)))) - (2*p_1 · p_2*e_2 · p_2*e_3 · p_1*p_2 · p_3)/((p_1 · p_2*p_2 · p_3*((p_2 · p_3 + p_4 · p_1)))) - (2*p_1 · p_2*e_2 · p_2*e_3 · p_1*p_4 · p_1)/((p_1 · p_2*p_2 · p_3*((p_2 · p_3 + p_4 · p_1)))) - (2*p_1 · p_2*e_2 · p_4*e_3 · p_1*p_2 · p_3)/((p_1 · p_2*p_2 · p_3*((p_2 · p_3 + p_4 · p_1)))) - (2*p_1 · p_2*e_2 · p_4*e_3 · p_1*p_4 · p_1)/((p_1 · p_2*p_2 · p_3*((p_2 · p_3 + p_4 · p_1)))) - (2*p_1 · e_2*p_2 · p_3*e_3 · p_1*p_2 · p_3)/((p_1 · p_2*p_2 · p_3*((p_2 · p_3 + p_4 · p_1)))) - (2*p_1 · e_2*p_2 · p_3*e_3 · p_1*p_4 · p_1)/((p_1 · p_2*p_2 · p_3*((p_2 · p_3 + p_4 · p_1)))) - (2*p_1 · p_2*e_2 · e_3*p_3 · p_1*p_2 · p_3)/((((p_2 · p_3 - p_1 · p_2))*p_1 · p_2*((p_2 · p_3 + p_4 · p_1)))) - (2*p_1 · p_2*e_2 · e_3*p_3 · p_1*p_4 · p_1)/((((p_2 · p_3 - p_1 · p_2))*p_1 · p_2*((p_2 · p_3 + p_4 · p_1)))) + (2*p_1 · p_2*e_2 · e_3*p_3 · p_1*p_2 · p_3)/((((p_2 · p_3 - p_1 · p_2))*p_2 · p_3*((p_2 · p_3 + p_4 · p_1)))) + (2*p_1 · p_2*e_2 · e_3*p_3 · p_1*p_4 · p_1)/((((p_2 · p_3 - p_1 · p_2))*p_2 · p_3*((p_2 · p_3 + p_4 · p_1)))) + (2*p_1 · e_2*p_2 · e_3*p_3 · p_1*p_2 · p_3)/((p_1 · p_2*p_2 · p_3*((p_2 · p_3 + p_4 · p_1)))) + (2*p_1 · e_2*p_2 · e_3*p_3 · p_1*p_4 · p_1)/((p_1 · p_2*p_2 · p_3*((p_2 · p_3 + p_4 · p_1)))) + (18*p_3 · p_2*e_2 · p_3*e_3 · p_4*p_2 · p_3)/((p_1 · p_2*p_1 · p_3*((p_2 · p_3 + p_4 · p_1)))) + (18*p_3 · p_2*e_2 · p_3*e_3 · p_4*p_4 · p_1)/((p_1 · p_2*p_1 · p_3*((p_2 · p_3 + p_4 · p_1)))) - (18*p_3 · e_2*p_2 · p_3*e_3 · p_4*p_2 · p_3)/((p_1 · p_2*p_1 · p_3*((p_2 · p_3 + p_4 · p_1)))) - (18*p_3 · e_2*p_2 · p_3*e_3 · p_4*p_4 · p_1)/((p_1 · p_2*p_1 · p_3*((p_2 · p_3 + p_4 · p_1)))) - (18*p_3 · p_2*e_2 · e_3*p_3 · p_4*p_2 · p_3)/((p_1 · p_2*p_1 · p_3*((p_2 · p_3 + p_4 · p_1)))) - (18*p_3 · p_2*e_2 · e_3*p_3 · p_4*p_4 · p_1)/((p_1 · p_2*p_1 · p_3*((p_2 · p_3 + p_4 · p_1)))) + (18*p_3 · e_2*p_2 · e_3*p_3 · p_4*p_2 · p_3)/((p_1 · p_2*p_1 · p_3*((p_2 · p_3 + p_4 · p_1)))) + (18*p_3 · e_2*p_2 · e_3*p_3 · p_4*p_4 · p_1)/((p_1 · p_2*p_1 · p_3*((p_2 · p_3 + p_4 · p_1))))
-2*(Tr(F_2 · F_3))/(p_2 · p_4),-(2*e_2 · p_3*e_3 · p_2*p_4 · p_3)/((p_2 · p_4*((p_4 · p_3 + p_1 · p_2)))) - (2*e_2 · p_3*e_3 · p_2*p_1 · p_2)/((p_2 · p_4*((p_4 · p_3 + p_1 · p_2)))) + (2*p_2 · p_3*e_3 · e_2*p_4 · p_3)/((p_2 · p_4*((p_4 · p_3 + p_1 · p_2)))) + (2*p_2 · p_3*e_3 · e_2*p_1 · p_2)/((p_2 · p_4*((p_4 · p_3 + p_1 · p_2)))) + (2*e_2 · e_3*p_3 · p_2*p_4 · p_3)/((p_2 · p_4*((p_4 · p_3 + p_1 · p_2)))) + (2*e_2 · e_3*p_3 · p_2*p_1 · p_2)/((p_2 · p_4*((p_4 · p_3 + p_1 · p_2)))) - (2*p_2 · e_3*p_3 · e_2*p_4 · p_3)/((p_2 · p_4*((p_4 · p_3 + p_1 · p_2)))) - (2*p_2 · e_3*p_3 · e_2*p_1 · p_2)/((p_2 · p_4*((p_4 · p_3 + p_1 · p_2))))
8*(Tr(F_2 · F_3))/(p_2 · p_4) + 26*(p_1 · F_3 · F_2 · p_1)/(p_2 · p_4*p_3 · p_4) - 63*(p_1 · F_2 · p_3*p_1 · F_3 · p_4*(p_3 · p_4)^2)/(p_1 · p_2*p_1 · p_3*p_2 · p_3*p_2 · p_4*p_3 · p_4) - 54*(p_1 · F_2 · F_3 · p_1*p_2 · p_3)/(p_1 · p_2*p_2 · p_4*p_3 · p_4),(8*e_2 · p_3*e_3 · p_2*p_2 · p_3)/((p_2 · p_4*((p_2 · p_3 + p_4 · p_1)))) + (8*e_2 · p_3*e_3 · p_2*p_4 · p_1)/((p_2 · p_4*((p_2 · p_3 + p_4 · p_1)))) - (8*p_2 · p_3*e_3 · e_2*p_2 · p_3)/((p_2 · p_4*((p_2 · p_3 + p_4 · p_1)))) - (8*p_2 · p_3*e_3 · e_2*p_4 · p_1)/((p_2 · p_4*((p_2 · p_3 + p_4 · p_1)))) - (8*e_2 · e_3*p_3 · p_2*p_2 · p_3)/((p_2 · p_4*((p_2 · p_3 + p_4 · p_1)))) - (8*e_2 · e_3*p_3 · p_2*p_4 · p_1)/((p_2 · p_4*((p_2 · p_3 + p_4 · p_1)))) + (8*p_2 · e_3*p_3 · e_2*p_2 · p_3)/((p_2 · p_4*((p_2 · p_3 + p_4 · p_1)))) + (8*p_2 · e_3*p_3 · e_2*p_4 · p_1)/((p_2 · p_4*((p_2 · p_3 + p_4 · p_1)))) + (26*p_1 · p_3*e_3 · p_2*e_2 · p_1*p_2 · p_3)/((p_2 · p_4*p_3 · p_4*((p_2 · p_3 + p_4 · p_1)))) + (26*p_1 · p_3*e_3 · p_2*e_2 · p_1*p_4 · p_1)/((p_2 · p_4*p_3 · p_4*((p_2 · p_3 + p_4 · p_1)))) - (26*p_1 · e_3*p_3 · p_2*e_2 · p_1*p_2 · p_3)/((p_2 · p_4*p_3 · p_4*((p_2 · p_3 + p_4 · p_1)))) - (26*p_1 · e_3*p_3 · p_2*e_2 · p_1*p_4 · p_1)/((p_2 · p_4*p_3 · p_4*((p_2 · p_3 + p_4 · p_1)))) - (26*p_1 · p_3*e_3 · e_2*p_2 · p_1*p_2 · p_3)/((p_2 · p_4*p_3 · p_4*((p_2 · p_3 + p_4 · p_1)))) - (26*p_1 · p_3*e_3 · e_2*p_2 · p_1*p_4 · p_1)/((p_2 · p_4*p_3 · p_4*((p_2 · p_3 + p_4 · p_1)))) + (26*p_1 · e_3*p_3 · e_2*p_2 · p_1*p_2 · p_3)/((p_2 · p_4*p_3 · p_4*((p_2 · p_3 + p_4 · p_1)))) + (26*p_1 · e_3*p_3 · e_2*p_2 · p_1*p_4 · p_1)/((p_2 · p_4*p_3 · p_4*((p_2 · p_3 + p_4 · p_1)))) - (63*p_1 · p_2*e_2 · p_3*p_1 · p_3*e_3 · p_4*p_3 · p_4**2*p_2 · p_3)/((p_1 · p_2*p_1 · p_3*p_2 · p_3*p_2 · p_4*p_3 · p_4*((p_2 · p_3 + p_4 · p_1)))) - (63*p_1 · p_2*e_2 · p_3*p_1 · p_3*e_3 · p_4*p_3 · p_4**2*p_4 · p_1)/((p_1 · p_2*p_1 · p_3*p_2 · p_3*p_2 · p_4*p_3 · p_4*((p_2 · p_3 + p_4 · p_1)))) + (63*p_1 · p_2*e_2 · p_3*p_1 · e_3*p_3 · p_4*p_3 · p_4**2*p_2 · p_3)/((p_1 · p_2*p_1 · p_3*p_2 · p_3*p_2 · p_4*p_3 · p_4*((p_2 · p_3 + p_4 · p_1)))) + (63*p_1 · p_2*e_2 · p_3*p_1 · e_3*p_3 · p_4*p_3 · p_4**2*p_4 · p_1)/((p_1 · p_2*p_1 · p_3*p_2 · p_3*p_2 · p_4*p_3 · p_4*((p_2 · p_3 + p_4 · p_1)))) + (63*p_1 · e_2*p_2 · p_3*p_1 · p_3*e_3 · p_4*p_3 · p_4**2*p_2 · p_3)/((p_1 · p_2*p_1 · p_3*p_2 · p_3*p_2 · p_4*p_3 · p_4*((p_2 · p_3 + p_4 · p_1)))) + (63*p_1 · e_2*p_2 · p_3*p_1 · p_3*e_3 · p_4*p_3 · p_4**2*p_4 · p_1)/((p_1 · p_2*p_1 · p_3*p_2 · p_3*p_2 · p_4*p_3 · p_4*((p_2 · p_3 + p_4 · p_1)))) - (63*p_1 · e_2*p_2 · p_3*p_1 · e_3*p_3 · p_4*p_3 · p_4**2*p_2 · p_3)/((p_1 · p_2*p_1 · p_3*p_2 · p_3*p_2 · p_4*p_3 · p_4*((p_2 · p_3 + p_4 · p_1)))) - (63*p_1 · e_2*p_2 · p_3*p_1 · e_3*p_3 · p_4*p_3 · p_4**2*p_4 · p_1)/((p_1 · p_2*p_1 · p_3*p_2 · p_3*p_2 · p_4*p_3 · p_4*((p_2 · p_3 + p_4 · p_1)))) - (54*p_1 · p_2*e_2 · p_3*e_3 · p_1*p_2 · p_3*p_2 · p_3)/((p_1 · p_2*p_2 · p_4*p_3 · p_4*((p_2 · p_3 + p_4 · p_1)))) - (54*p_1 · p_2*e_2 · p_3*e_3 · p_1*p_2 · p_3*p_4 · p_1)/((p_1 · p_2*p_2 · p_4*p_3 · p_4*((p_2 · p_3 + p_4 · p_1)))) + (54*p_1 · e_2*p_2 · p_3*e_3 · p_1*p_2 · p_3*p_2 · p_3)/((p_1 · p_2*p_2 · p_4*p_3 · p_4*((p_2 · p_3 + p_4 · p_1)))) + (54*p_1 · e_2*p_2 · p_3*e_3 · p_1*p_2 · p_3*p_4 · p_1)/((p_1 · p_2*p_2 · p_4*p_3 · p_4*((p_2 · p_3 + p_4 · p_1)))) + (54*p_1 · p_2*e_2 · e_3*p_3 · p_1*p_2 · p_3*p_2 · p_3)/((p_1 · p_2*p_2 · p_4*p_3 · p_4*((p_2 · p_3 + p_4 · p_1)))) + (54*p_1 · p_2*e_2 · e_3*p_3 · p_1*p_2 · p_3*p_4 · p_1)/((p_1 · p_2*p_2 · p_4*p_3 · p_4*((p_2 · p_3 + p_4 · p_1)))) - (54*p_1 · e_2*p_2 · e_3*p_3 · p_1*p_2 · p_3*p_2 · p_3)/((p_1 · p_2*p_2 · p_4*p_3 · p_4*((p_2 · p_3 + p_4 · p_1)))) - (54*p_1 · e_2*p_2 · e_3*p_3 · p_1*p_2 · p_3*p_4 · p_1)/((p_1 · p_2*p_2 · p_4*p_3 · p_4*((p_2 · p_3 + p_4 · p_1))))
8*(p_1 · F_2 · F_3 · p_1)/(p_2 · p_4*p_3 · p_4) + 94*(Tr(F_2 · F_3)*p_1 · p_4*p_2 · p_3)/(p_1 · p_3*p_2 · p_3*p_2 · p_4),(8*p_1 · p_2*e_2 · p_3*e_3 · p_1*p_2 · p_1*p_1 · p_2*p_3 · p_1*p_3 · p_4)/(p_2 · p_4*p_3 · p_4*p_2 · p_1*p_1 · p_2*p_3 · p_1*p_3 · p_4) - (8*p_1 · e_2*p_2 · p_3*e_3 · p_1*p_2 · p_1*p_1 · p_2*p_3 · p_1*p_3 · p_4)/(p_2 · p_4*p_3 · p_4*p_2 · p_1*p_1 · p_2*p_3 · p_1*p_3 · p_4) - (8*p_1 · p_2*e_2 · e_3*p_3 · p_1*p_2 · p_1*p_1 · p_2*p_3 · p_1*p_3 · p_4)/(p_2 · p_4*p_3 · p_4*p_2 · p_1*p_1 · p_2*p_3 · p_1*p_3 · p_4) + (8*p_1 · e_2*p_2 · e_3*p_3 · p_1*p_2 · p_1*p_1 · p_2*p_3 · p_1*p_3 · p_4)/(p_2 · p_4*p_3 · p_4*p_2 · p_1*p_1 · p_2*p_3 · p_1*p_3 · p_4) + (94*e_2 · p_3*e_3 · p_2*p_1 · p_4*p_2 · p_3*p_2 · p_1*p_1 · p_2*p_3 · p_1*p_3 · p_4)/(p_1 · p_3*p_2 · p_3*p_2 · p_4*p_2 · p_1*p_1 · p_2*p_3 · p_1*p_3 · p_4) - (94*p_2 · p_3*e_3 · e_2*p_1 · p_4*p_2 · p_3*p_2 · p_1*p_1 · p_2*p_3 · p_1*p_3 · p_4)/(p_1 · p_3*p_2 · p_3*p_2 · p_4*p_2 · p_1*p_1 · p_2*p_3 · p_1*p_3 · p_4) - (94*e_2 · e_3*p_3 · p_2*p_1 · p_4*p_2 · p_3*p_2 · p_1*p_1 · p_2*p_3 · p_1*p_3 · p_4)/(p_1 · p_3*p_2 · p_3*p_2 · p_4*p_2 · p_1*p_1 · p_2*p_3 · p_1*p_3 · p_4) + (94*p_2 · e_3*p_3 · e_2*p_1 · p_4*p_2 · p_3*p_2 · p_1*p_1 · p_2*p_3 · p_1*p_3 · p_4)/(p_1 · p_3*p_2 · p_3*p_2 · p_4*p_2 · p_1*p_1 · p_2*p_3 · p_1*p_3 · p_4)
-7*(Tr(F_2 · F_3)*p_1 · p_3*p_1 · p_4)/(p_1 · p_2*p_1 · p_3*p_2 · p_4),-(7*e_2 · p_3*e_3 · p_2*p_1 · p_3*p_1 · p_4*p_1 · p_3)/((p_1 · p_2*p_1 · p_3*p_2 · p_4*((p_1 · p_3 + p_4 · p_2)))) - (7*e_2 · p_3*e_3 · p_2*p_1 · p_3*p_1 · p_4*p_4 · p_2)/((p_1 · p_2*p_1 · p_3*p_2 · p_4*((p_1 · p_3 + p_4 · p_2)))) + (7*p_2 · p_3*e_3 · e_2*p_1 · p_3*p_1 · p_4*p_1 · p_3)/((p_1 · p_2*p_1 · p_3*p_2 · p_4*((p_1 · p_3 + p_4 · p_2)))) + (7*p_2 · p_3*e_3 · e_2*p_1 · p_3*p_1 · p_4*p_4 · p_2)/((p_1 · p_2*p_1 · p_3*p_2 · p_4*((p_1 · p_3 + p_4 · p_2)))) + (7*e_2 · e_3*p_3 · p_2*p_1 · p_3*p_1 · p_4*p_1 · p_3)/((p_1 · p_2*p_1 · p_3*p_2 · p_4*((p_1 · p_3 + p_4 · p_2)))) + (7*e_2 · e_3*p_3 · p_2*p_1 · p_3*p_1 · p_4*p_4 · p_2)/((p_1 · p_2*p_1 · p_3*p_2 · p_4*((p_1 · p_3 + p_4 · p_2)))) - (7*p_2 · e_3*p_3 · e_2*p_1 · p_3*p_1 · p_4*p_1 · p_3)/((p_1 · p_2*p_1 · p_3*p_2 · p_4*((p_1 · p_3 + p_4 · p_2)))) - (7*p_2 · e_3*p_3 · e_2*p_1 · p_3*p_1 · p_4*p_4 · p_2)/((p_1 · p_2*p_1 · p_3*p_2 · p_4*((p_1 · p_3 + p_4 · p_2))))
(p_3 · F_2 · F_3 · p_2)/(p_1 · p_2*p_1 · p_3) + (p_2 · F_3 · F_2 · p_1)/(p_1 · p_3*p_2 · p_4) + (p_1 · F_3 · p_2*p_3 · F_2 · p_4*p_1 · p_3*p_3 · p_4)/(p_1 · p_2*p_1 · p_3*p_2 · p_3*p_2 · p_4*p_3 · p_4) + (Tr(F_2 · F_3)*p_1 · p_3*p_2 · p_3)/(p_1 · p_3*p_2 · p_3*p_3 · p_4) + (p_1 · F_3 · p_1*p_3 · F_2 · p_1*p_1 · p_3*p_3 · p_4)/(p_1 · p_2*p_1 · p_3*p_2 · p_3*p_2 · p_4*p_3 · p_4),(p_3 · p_2*e_2 · p_3*e_3 · p_2)/(p_1 · p_2*p_1 · p_3) - (p_3 · e_2*p_2 · p_3*e_3 · p_2)/(p_1 · p_2*p_1 · p_3) - (p_3 · p_2*e_2 · e_3*p_3 · p_2)/(p_1 · p_2*p_1 · p_3) + (p_3 · e_2*p_2 · e_3*p_3 · p_2)/(p_1 · p_2*p_1 · p_3) + (p_2 · p_3*e_3 · p_2*e_2 · p_1)/(p_1 · p_3*p_2 · p_4) - (p_2 · e_3*p_3 · p_2*e_2 · p_1)/(p_1 · p_3*p_2 · p_4) - (p_2 · p_3*e_3 · e_2*p_2 · p_1)/(p_1 · p_3*p_2 · p_4) + (p_2 · e_3*p_3 · e_2*p_2 · p_1)/(p_1 · p_3*p_2 · p_4) + (p_1 · p_3*e_3 · p_2*p_3 · p_2*e_2 · p_4*p_1 · p_3*p_3 · p_4)/(p_1 · p_2*p_1 · p_3*p_2 · p_3*p_2 · p_4*p_3 · p_4) - (p_1 · p_3*e_3 · p_2*p_3 · e_2*p_2 · p_4*p_1 · p_3*p_3 · p_4)/(p_1 · p_2*p_1 · p_3*p_2 · p_3*p_2 · p_4*p_3 · p_4) - (p_1 · e_3*p_3 · p_2*p_3 · p_2*e_2 · p_4*p_1 · p_3*p_3 · p_4)/(p_1 · p_2*p_1 · p_3*p_2 · p_3*p_2 · p_4*p_3 · p_4) + (p_1 · e_3*p_3 · p_2*p_3 · e_2*p_2 · p_4*p_1 · p_3*p_3 · p_4)/(p_1 · p_2*p_1 · p_3*p_2 · p_3*p_2 · p_4*p_3 · p_4) - (e_2 · p_3*e_3 · p_2*p_1 · p_3*p_1 · p_3)/(p_1 · p_3*p_2 · p_3*p_3 · p_4) - (e_2 · p_3*e_3 · p_2*p_1 · p_3*p_3 · p_3)/(p_1 · p_3*p_2 · p_3*p_3 · p_4) - (e_2 · p_3*e_3 · p_2*p_1 · p_3*p_4 · p_3)/(p_1 · p_3*p_2 · p_3*p_3 · p_4) - (p_2 · p_3*e_3 · e_2*p_1 · p_3*p_2 · p_3)/(p_1 · p_3*p_2 · p_3*p_3 · p_4) - (e_2 · e_3*p_3 · p_2*p_1 · p_3*p_2 · p_3)/(p_1 · p_3*p_2 · p_3*p_3 · p_4) + (p_2 · e_3*p_3 · e_2*p_1 · p_3*p_2 · p_3)/(p_1 · p_3*p_2 · p_3*p_3 · p_4) + (p_1 · p_3*e_3 · p_1*p_3 · p_2*e_2 · p_1*p_1 · p_3*p_3 · p_4)/(p_1 · p_2*p_1 · p_3*p_2 · p_3*p_2 · p_4*p_3 · p_4) - (p_1 · p_3*e_3 · p_1*p_3 · e_2*p_2 · p_1*p_1 · p_3*p_3 · p_4)/(p_1 · p_2*p_1 · p_3*p_2 · p_3*p_2 · p_4*p_3 · p_4) - (p_1 · e_3*p_3 · p_1*p_3 · p_2*e_2 · p_1*p_1 · p_3*p_3 · p_4)/(p_1 · p_2*p_1 · p_3*p_2 · p_3*p_2 · p_4*p_3 · p_4) + (p_1 · e_3*p_3 · p_1*p_3 · e_2*p_2 · p_1*p_1 · p_3*p_3 · p_4)/(p_1 · p_2*p_1 · p_3*p_2 · p_3*p_2 · p_4*p_3 · p_4)
8*(p_4 · F_2 · F_3 · p_4*p_2 · p_4)/(p_1 · p_2*p_2 · p_3*p_2 · p_4) + 6*(p_2 · F_3 · F_2 · p_4*p_1 · p_3*p_3 · p_4)/(p_1 · p_2*p_1 · p_3*p_2 · p_4*p_3 · p_4) + 12*(p_3 · F_2 · p_3*p_4 · F_3 · p_1*(p_2 · p_4)^2)/(p_1 · p_2*p_1 · p_3*p_2 · p_3*p_2 · p_4*p_3 · p_4) - 77*(p_3 · F_2 · F_3 · p_4)/(p_2 · p_3*p_3 · p_4),(8*p_4 · p_2*e_2 · p_3*e_3 · p_4*p_2 · p_4*p_1 · p_2)/((p_1 · p_2*p_2 · p_3*p_2 · p_4*((p_1 · p_2 + p_3 · p_4)))) + (8*p_4 · p_2*e_2 · p_3*e_3 · p_4*p_2 · p_4*p_3 · p_4)/((p_1 · p_2*p_2 · p_3*p_2 · p_4*((p_1 · p_2 + p_3 · p_4)))) - (8*p_4 · e_2*p_2 · p_3*e_3 · p_4*p_2 · p_4*p_1 · p_2)/((p_1 · p_2*p_2 · p_3*p_2 · p_4*((p_1 · p_2 + p_3 · p_4)))) - (8*p_4 · e_2*p_2 · p_3*e_3 · p_4*p_2 · p_4*p_3 · p_4)/((p_1 · p_2*p_2 · p_3*p_2 · p_4*((p_1 · p_2 + p_3 · p_4)))) - (8*p_4 · p_2*e_2 · e_3*p_3 · p_4*p_2 · p_4*p_1 · p_2)/((p_1 · p_2*p_2 · p_3*p_2 · p_4*((p_1 · p_2 + p_3 · p_4)))) - (8*p_4 · p_2*e_2 · e_3*p_3 · p_4*p_2 · p_4*p_3 · p_4)/((p_1 · p_2*p_2 · p_3*p_2 · p_4*((p_1 · p_2 + p_3 · p_4)))) + (8*p_4 · e_2*p_2 · e_3*p_3 · p_4*p_2 · p_4*p_1 · p_2)/((p_1 · p_2*p_2 · p_3*p_2 · p_4*((p_1 · p_2 + p_3 · p_4)))) + (8*p_4 · e_2*p_2 · e_3*p_3 · p_4*p_2 · p_4*p_3 · p_4)/((p_1 · p_2*p_2 · p_3*p_2 · p_4*((p_1 · p_2 + p_3 · p_4)))) + (6*p_2 · p_3*e_3 · p_2*e_2 · p_4*p_1 · p_3*p_3 · p_4*p_1 · p_2)/((p_1 · p_2*p_1 · p_3*p_2 · p_4*p_3 · p_4*((p_1 · p_2 + p_3 · p_4)))) + (6*p_2 · p_3*e_3 · p_2*e_2 · p_4*p_1 · p_3*p_3 · p_4*p_3 · p_4)/((p_1 · p_2*p_1 · p_3*p_2 · p_4*p_3 · p_4*((p_1 · p_2 + p_3 · p_4)))) - (6*p_2 · e_3*p_3 · p_2*e_2 · p_4*p_1 · p_3*p_3 · p_4*p_1 · p_2)/((p_1 · p_2*p_1 · p_3*p_2 · p_4*p_3 · p_4*((p_1 · p_2 + p_3 · p_4)))) - (6*p_2 · e_3*p_3 · p_2*e_2 · p_4*p_1 · p_3*p_3 · p_4*p_3 · p_4)/((p_1 · p_2*p_1 · p_3*p_2 · p_4*p_3 · p_4*((p_1 · p_2 + p_3 · p_4)))) - (6*p_2 · p_3*e_3 · e_2*p_2 · p_4*p_1 · p_3*p_3 · p_4*p_1 · p_2)/((p_1 · p_2*p_1 · p_3*p_2 · p_4*p_3 · p_4*((p_1 · p_2 + p_3 · p_4)))) - (6*p_2 · p_3*e_3 · e_2*p_2 · p_4*p_1 · p_3*p_3 · p_4*p_3 · p_4)/((p_1 · p_2*p_1 · p_3*p_2 · p_4*p_3 · p_4*((p_1 · p_2 + p_3 · p_4)))) + (6*p_2 · e_3*p_3 · e_2*p_2 · p_4*p_1 · p_3*p_3 · p_4*p_1 · p_2)/((p_1 · p_2*p_1 · p_3*p_2 · p_4*p_3 · p_4*((p_1 · p_2 + p_3 · p_4)))) + (6*p_2 · e_3*p_3 · e_2*p_2 · p_4*p_1 · p_3*p_3 · p_4*p_3 · p_4)/((p_1 · p_2*p_1 · p_3*p_2 · p_4*p_3 · p_4*((p_1 · p_2 + p_3 · p_4)))) + (12*p_3 · p_2*e_2 · p_3*p_4 · p_3*e_3 · p_1*p_2 · p_4**2*p_1 · p_2)/((p_1 · p_2*p_1 · p_3*p_2 · p_3*p_2 · p_4*p_3 · p_4*((p_1 · p_2 + p_3 · p_4)))) + (12*p_3 · p_2*e_2 · p_3*p_4 · p_3*e_3 · p_1*p_2 · p_4**2*p_3 · p_4)/((p_1 · p_2*p_1 · p_3*p_2 · p_3*p_2 · p_4*p_3 · p_4*((p_1 · p_2 + p_3 · p_4)))) - (12*p_3 · p_2*e_2 · p_3*p_4 · e_3*p_3 · p_1*p_2 · p_4**2*p_1 · p_2)/((p_1 · p_2*p_1 · p_3*p_2 · p_3*p_2 · p_4*p_3 · p_4*((p_1 · p_2 + p_3 · p_4)))) - (12*p_3 · p_2*e_2 · p_3*p_4 · e_3*p_3 · p_1*p_2 · p_4**2*p_3 · p_4)/((p_1 · p_2*p_1 · p_3*p_2 · p_3*p_2 · p_4*p_3 · p_4*((p_1 · p_2 + p_3 · p_4)))) - (12*p_3 · e_2*p_2 · p_3*p_4 · p_3*e_3 · p_1*p_2 · p_4**2*p_1 · p_2)/((p_1 · p_2*p_1 · p_3*p_2 · p_3*p_2 · p_4*p_3 · p_4*((p_1 · p_2 + p_3 · p_4)))) - (12*p_3 · e_2*p_2 · p_3*p_4 · p_3*e_3 · p_1*p_2 · p_4**2*p_3 · p_4)/((p_1 · p_2*p_1 · p_3*p_2 · p_3*p_2 · p_4*p_3 · p_4*((p_1 · p_2 + p_3 · p_4)))) + (12*p_3 · e_2*p_2 · p_3*p_4 · e_3*p_3 · p_1*p_2 · p_4**2*p_1 · p_2)/((p_1 · p_2*p_1 · p_3*p_2 · p_3*p_2 · p_4*p_3 · p_4*((p_1 · p_2 + p_3 · p_4)))) + (12*p_3 · e_2*p_2 · p_3*p_4 · e_3*p_3 · p_1*p_2 · p_4**2*p_3 · p_4)/((p_1 · p_2*p_1 · p_3*p_2 · p_3*p_2 · p_4*p_3 · p_4*((p_1 · p_2 + p_3 · p_4)))) - (77*p_3 · p_2*e_2 · p_3*e_3 · p_4*p_1 · p_2)/((p_2 · p_3*p_3 · p_4*((p_1 · p_2 + p_3 · p_4)))) - (77*p_3 · p_2*e_2 · p_3*e_3 · p_4*p_3 · p_4)/((p_2 · p_3*p_3 · p_4*((p_1 · p_2 + p_3 · p_4)))) + (77*p_3 · e_2*p_2 · p_3*e_3 · p_4*p_1 · p_2)/((p_2 · p_3*p_3 · p_4*((p_1 · p_2 + p_3 · p_4)))) + (77*p_3 · e_2*p_2 · p_3*e_3 · p_4*p_3 · p_4)/((p_2 · p_3*p_3 · p_4*((p_1 · p_2 + p_3 · p_4)))) + (77*p_3 · p_2*e_2 · e_3*p_3 · p_4*p_1 · p_2)/((p_2 · p_3*p_3 · p_4*((p_1 · p_2 + p_3 · p_4)))) + (77*p_3 · p_2*e_2 · e_3*p_3 · p_4*p_3 · p_4)/((p_2 · p_3*p_3 · p_4*((p_1 · p_2 + p_3 · p_4)))) - (77*p_3 · e_2*p_2 · e_3*p_3 · p_4*p_1 · p_2)/((p_2 · p_3*p_3 · p_4*((p_1 · p_2 + p_3 · p_4)))) - (77*p_3 · e_2*p_2 · e_3*p_3 · p_4*p_3 · p_4)/((p_2 · p_3*p_3 · p_4*((p_1 · p_2 + p_3 · p_4))))
(p_3 · F_2 · F_3 · p_4)/(p_2 · p_3*p_2 · p_4) + (Tr(F_2 · F_3))/(p_3 · p_4),(p_3 · p_2*e_2 · p_3*e_3 · p_4)/(p_2 · p_3*p_2 · p_4) - (p_3 · e_2*p_2 · p_3*e_3 · p_4)/(p_2 · p_3*p_2 · p_4) + (p_1 · p_2*e_2 · e_3*p_3 · p_4)/(p_2 · p_3*p_2 · p_4) + (p_2 · p_2*e_2 · e_3*p_3 · p_4)/(p_2 · p_3*p_2 · p_4) + (p_4 · p_2*e_2 · e_3*p_3 · p_4)/(p_2 · p_3*p_2 · p_4) + (p_3 · e_2*p_2 · e_3*p_3 · p_4)/(p_2 · p_3*p_2 · p_4) + (e_2 · p_3*e_3 · p_2)/(p_3 · p_4) - (p_2 · p_3*e_3 · e_2)/(p_3 · p_4) - (e_2 · e_3*p_3 · p_2)/(p_3 · p_4) + (p_2 · e_3*p_3 · e_2)/(p_3 · p_4)
-9*(p_2 · F_3 · p_2*p_3 · F_2 · p_4*p_1 · p_4)/(p_1 · p_2*p_2 · p_3*p_2 · p_4*p_3 · p_4) + 97*(Tr(F_2 · F_3))/(p_2 · p_3) - 48*(p_1 · F_2 · p_4*p_2 · F_3 · p_4*p_1 · p_4)/(p_1 · p_2*p_1 · p_3*p_2 · p_4*p_3 · p_4) - 6*(p_1 · F_3 · F_2 · p_3)/(p_1 · p_3*p_2 · p_3),-(9*p_2 · p_3*e_3 · p_2*p_3 · p_2*e_2 · p_4*p_1 · p_4*p_4 · p_1)/(p_1 · p_2*p_2 · p_3*p_2 · p_4*p_3 · p_4*p_4 · p_1) + (9*p_2 · p_3*e_3 · p_2*p_3 · e_2*p_2 · p_4*p_1 · p_4*p_4 · p_1)/(p_1 · p_2*p_2 · p_3*p_2 · p_4*p_3 · p_4*p_4 · p_1) + (9*p_2 · e_3*p_3 · p_2*p_3 · p_2*e_2 · p_4*p_1 · p_4*p_4 · p_1)/(p_1 · p_2*p_2 · p_3*p_2 · p_4*p_3 · p_4*p_4 · p_1) - (9*p_2 · e_3*p_3 · p_2*p_3 · e_2*p_2 · p_4*p_1 · p_4*p_4 · p_1)/(p_1 · p_2*p_2 · p_3*p_2 · p_4*p_3 · p_4*p_4 · p_1) + (97*e_2 · p_3*e_3 · p_2*p_4 · p_1)/(p_2 · p_3*p_4 · p_1) - (97*p_2 · p_3*e_3 · e_2*p_4 · p_1)/(p_2 · p_3*p_4 · p_1) - (97*e_3 · e_2*p_3 · p_2*p_4 · p_1)/((((p_4 · p_1 - p_2 · p_3))*p_2 · p_3)) + (97*e_3 · e_2*p_3 · p_2*p_4 · p_1)/((((p_4 · p_1 - p_2 · p_3))*p_4 · p_1)) + (97*p_2 · e_3*p_3 · e_2*p_4 · p_1)/(p_2 · p_3*p_4 · p_1) - (48*p_1 · p_2*e_2 · p_4*p_2 · p_3*e_3 · p_4*p_1 · p_4*p_4 · p_1)/(p_1 · p_2*p_1 · p_3*p_2 · p_4*p_3 · p_4*p_4 · p_1) + (48*p_1 · p_2*e_2 · p_4*p_2 · e_3*p_3 · p_4*p_1 · p_4*p_4 · p_1)/(p_1 · p_2*p_1 · p_3*p_2 · p_4*p_3 · p_4*p_4 · p_1) + (48*p_1 · e_2*p_2 · p_4*p_2 · p_3*e_3 · p_4*p_1 · p_4*p_4 · p_1)/(p_1 · p_2*p_1 · p_3*p_2 · p_4*p_3 · p_4*p_4 · p_1) - (48*p_1 · e_2*p_2 · p_4*p_2 · e_3*p_3 · p_4*p_1 · p_4*p_4 · p_1)/(p_1 · p_2*p_1 · p_3*p_2 · p_4*p_3 · p_4*p_4 · p_1) - (6*p_1 · p_3*e_3 · p_2*e_2 · p_3*p_4 · p_1)/((-((p_2 · p_3 + p_3 · p_3 + p_4 · p_3))*p_2 · p_3*p_4 · p_1)) + (6*p_1 · e_3*p_3 · p_2*e_2 · p_3*p_4 · p_1)/(p_1 · p_3*p_2 · p_3*p_4 · p_1) + (6*p_1 · p_3*e_3 · e_2*p_2 · p_3*p_4 · p_1)/((((p_2 · p_3 - p_1 · p_3))*p_1 · p_3*p_4 · p_1)) - (6*p_1 · p_3*e_3 · e_2*p_2 · p_3*p_4 · p_1)/((((p_2 · p_3 - p_1 · p_3))*p_2 · p_3*p_4 · p_1)) - (6*p_1 · e_3*p_3 · e_2*p_2 · p_3*p_4 · p_1)/(p_1 · p_3*p_2 · p_3*p_4 · p_1)
(Tr(F_2 · F_3)*p_1 · p_3*p_1 · p_4)/(p_1 · p_2*p_2 · p_4*p_3 · p_4) + 70*(p_2 · F_3 · p_1*p_3 · F_2 · p_4*p_1 · p_4*p_2 · p_4)/(p_1 · p_2*p_1 · p_3*p_2 · p_3*p_2 · p_4*p_3 · p_4) + 55*(p_4 · F_2 · F_3 · p_4)/(p_1 · p_3*p_2 · p_4) + 58*(p_4 · F_3 · F_2 · p_1*p_2 · p_4)/(p_1 · p_3*p_2 · p_3*p_2 · p_4),(e_2 · p_3*e_3 · p_2*p_1 · p_3*p_1 · p_4)/(p_1 · p_2*p_2 · p_4*p_3 · p_4) - (p_2 · p_3*e_3 · e_2*p_1 · p_3*p_1 · p_4)/(p_2 · p_1*p_2 · p_4*p_3 · p_4) - (e_2 · e_3*p_3 · p_2*p_1 · p_3*p_1 · p_4)/(p_1 · p_2*p_2 · p_4*p_3 · p_4) + (p_2 · e_3*p_3 · e_2*p_1 · p_3*p_1 · p_4)/(p_1 · p_2*p_2 · p_4*p_3 · p_4) + (70*p_2 · p_3*e_3 · p_1*p_3 · p_2*e_2 · p_4*p_1 · p_4*p_2 · p_4)/(p_1 · p_2*p_1 · p_3*p_2 · p_3*p_2 · p_4*p_3 · p_4) - (70*p_2 · p_3*e_3 · p_1*p_3 · e_2*p_2 · p_4*p_1 · p_4*p_2 · p_4)/(p_1 · p_2*p_1 · p_3*p_2 · p_3*p_2 · p_4*p_3 · p_4) - (70*p_2 · e_3*p_3 · p_1*p_3 · p_2*e_2 · p_4*p_1 · p_4*p_2 · p_4)/(p_1 · p_2*p_1 · p_3*p_2 · p_3*p_2 · p_4*p_3 · p_4) + (70*p_2 · e_3*p_3 · p_1*p_3 · e_2*p_2 · p_4*p_1 · p_4*p_2 · p_4)/(p_1 · p_2*p_1 · p_3*p_2 · p_3*p_2 · p_4*p_3 · p_4) + (55*p_4 · p_2*e_2 · p_3*e_3 · p_4)/(p_1 · p_3*p_2 · p_4) - (55*p_4 · e_2*p_2 · p_3*e_3 · p_4)/(p_3 · p_1*p_2 · p_4) - (55*p_4 · p_2*e_2 · e_3*p_3 · p_4)/(p_1 · p_3*p_2 · p_4) + (55*p_4 · e_2*p_2 · e_3*p_3 · p_4)/(p_1 · p_3*p_2 · p_4) + (58*p_4 · p_3*e_3 · p_2*e_2 · p_1*p_2 · p_4)/(p_1 · p_3*p_2 · p_3*p_2 · p_4) - (58*p_4 · e_3*p_3 · p_2*e_2 · p_1*p_2 · p_4)/(p_1 · p_3*p_2 · p_3*p_2 · p_4) - (58*p_4 · p_3*e_3 · e_2*p_2 · p_1*p_2 · p_4)/(p_1 · p_3*p_2 · p_3*p_2 · p_4) + (58*p_4 · e_3*p_3 · e_2*p_2 · p_1*p_2 · p_4)/(p_1 · p_3*p_2 · p_3*p_2 · p_4)
-9*(p_2 · F_3 · p_4*p_3 · F_2 · p_4*(p_3 · p_4)^2)/(p_1 · p_2*p_1 · p_3*p_2 · p_3*p_2 · p_4*p_3 · p_4) + 77*(p_1 · F_3 · F_2 · p_4*p_3 · p_4)/(p_1 · p_2*p_2 · p_3*p_2 · p_4),-(9*p_2 · p_3*e_3 · p_4*p_3 · p_2*e_2 · p_4*p_3 · p_4**2)/((p_1 · p_2*p_1 · p_3*-((p_1 · p_3 + p_3 · p_3 + p_4 · p_3))*p_2 · p_4*p_3 · p_4)) + (9*p_2 · p_3*e_3 · p_4*p_3 · e_2*p_2 · p_4*p_3 · p_4**2)/(p_1 · p_2*p_1 · p_3*p_2 · p_3*p_2 · p_4*p_3 · p_4) + (9*p_2 · e_3*p_3 · p_4*p_3 · p_2*e_2 · p_4*p_3 · p_4**2)/((((p_1 · p_2 - p_1 · p_3))*p_1 · p_3*p_2 · p_3*p_2 · p_4*p_3 · p_4)) - (9*p_2 · e_3*p_3 · p_4*p_3 · p_2*e_2 · p_4*p_3 · p_4**2)/((((p_1 · p_2 - p_1 · p_3))*p_1 · p_2*p_2 · p_3*p_2 · p_4*p_3 · p_4)) - (9*p_2 · e_3*p_3 · p_4*p_3 · e_2*p_2 · p_4*p_3 · p_4**2)/(p_1 · p_2*p_1 · p_3*p_2 · p_3*p_2 · p_4*p_3 · p_4) + (77*p_1 · p_3*e_3 · p_2*e_2 · p_4*p_3 · p_4)/(p_1 · p_2*p_2 · p_3*p_2 · p_4) - (77*p_1 · e_3*p_3 · p_2*e_2 · p_4*p_3 · p_4)/(p_1 · p_2*p_2 · p_3*p_2 · p_4) - (77*p_1 · p_3*e_3 · e_2*p_2 · p_4*p_3 · p_4)/(p_1 · p_2*p_2 · p_3*p_2 · p_4) + (77*p_1 · e_3*p_3 · e_2*p_2 · p_4*p_3 · p_4)/(p_1 · p_2*p_2 · p_3*p_2 · p_4)
6*(p_2 · F_3 · F_2 · p_3)/(p_1 · p_2*p_1 · p_3) + 76*(p_2 · F_3 · p_4*p_3 · F_2 · p_4*p_1 · p_4)/(p_1 · p_2*p_2 · p_3*p_2 · p_4*p_3 · p_4) - 67*(p_4 · F_2 · F_3 · p_4*p_3 · p_4)/(p_1 · p_2*p_2 · p_3*p_3 · p_4) - 96*(Tr(F_2 · F_3))/(p_2 · p_4),(6*p_2 · p_3*e_3 · p_2*e_2 · p_3*p_3 · p_2)/(p_1 · p_2*p_1 · p_3*p_3 · p_2) - (6*p_2 · e_3*p_3 · p_2*e_2 · p_3*p_3 · p_2)/(p_1 · p_2*p_1 · p_3*p_3 · p_2) - (6*p_2 · p_3*e_3 · e_2*p_2 · p_3*p_3 · p_2)/((((p_1 · p_2 - p_1 · p_3))*p_1 · p_3*p_3 · p_2)) + (6*p_2 · p_3*e_3 · e_2*p_2 · p_3*p_3 · p_2)/((((p_1 · p_2 - p_1 · p_3))*p_1 · p_2*p_3 · p_2)) + (6*p_2 · e_3*p_3 · e_2*p_2 · p_3*p_3 · p_2)/(p_1 · p_2*p_1 · p_3*p_3 · p_2) + (76*p_2 · p_3*e_3 · p_4*p_3 · p_2*e_2 · p_4*p_1 · p_4*p_3 · p_2)/(p_1 · p_2*p_2 · p_3*p_2 · p_4*p_3 · p_4*p_3 · p_2) - (76*p_2 · p_3*e_3 · p_4*p_3 · e_2*p_2 · p_4*p_1 · p_4*p_3 · p_2)/(p_1 · p_2*p_2 · p_3*p_2 · p_4*p_3 · p_4*p_3 · p_2) - (76*p_2 · e_3*p_3 · p_4*p_3 · p_2*e_2 · p_4*p_1 · p_4*p_3 · p_2)/(p_1 · p_2*p_2 · p_3*p_2 · p_4*p_3 · p_4*p_3 · p_2) + (76*p_2 · e_3*p_3 · p_4*p_3 · e_2*p_2 · p_4*p_1 · p_4*p_3 · p_2)/(p_1 · p_2*p_2 · p_3*p_2 · p_4*p_3 · p_4*p_3 · p_2) - (67*p_4 · p_2*e_2 · p_3*e_3 · p_4*p_3 · p_4*p_3 · p_2)/((p_1 · p_2*p_2 · p_3*-((p_1 · p_4 + p_2 · p_4 + p_4 · p_4))*p_3 · p_2)) + (67*p_4 · e_2*p_2 · p_3*e_3 · p_4*p_3 · p_4*p_3 · p_2)/(p_1 · p_2*p_2 · p_3*p_3 · p_4*p_3 · p_2) + (67*p_4 · p_2*e_2 · e_3*p_3 · p_4*p_3 · p_4*p_3 · p_2)/(p_1 · p_2*p_2 · p_3*p_3 · p_4*p_3 · p_2) - (67*p_4 · e_2*p_2 · e_3*p_3 · p_4*p_3 · p_4*p_3 · p_2)/(p_1 · p_2*p_2 · p_3*p_3 · p_4*p_3 · p_2) - (96*e_2 · p_3*e_3 · p_2*p_3 · p_2)/(p_2 · p_4*p_3 · p_2) + (96*p_2 · p_3*e_3 · e_2*p_3 · p_2)/(p_2 · p_4*p_3 · p_2) + (96*e_2 · e_3*p_3 · p_2*p_3 · p_2)/(p_2 · p_4*p_3 · p_2) - (96*p_2 · e_3*p_3 · e_2*p_3 · p_2)/(p_2 · p_4*p_3 · p_2)
6*(Tr(F_2 · F_3)*p_1 · p_3)/(p_1 · p_3*p_2 · p_4),(6*e_2 · p_3*e_3 · p_2*p_1 · p_3*p_1 · p_3*p_1 · p_3)/((p_1 · p_3*p_2 · p_4*p_1 · p_3*((p_1 · p_3 + p_4 · p_2)))) + (6*e_2 · p_3*e_3 · p_2*p_1 · p_3*p_1 · p_3*p_4 · p_2)/((p_1 · p_3*p_2 · p_4*p_1 · p_3*((p_1 · p_3 + p_4 · p_2)))) - (6*p_2 · p_3*e_3 · e_2*p_1 · p_3*p_1 · p_3*p_1 · p_3)/((-((p_2 · p_3 + p_3 · p_3 + p_4 · p_3))*p_2 · p_4*p_1 · p_3*((p_1 · p_3 + p_4 · p_2)))) - (6*p_2 · p_3*e_3 · e_2*p_1 · p_3*p_1 · p_3*p_4 · p_2)/((p_1 · p_3*p_2 · p_4*p_1 · p_3*((p_1 · p_3 + p_4 · p_2)))) - (6*e_2 · e_3*p_3 · p_2*p_1 · p_3*p_1 · p_3*p_1 · p_3)/((p_1 · p_3*p_2 · p_4*p_1 · p_3*((p_1 · p_3 + p_4 · p_2)))) - (6*e_2 · e_3*p_3 · p_2*p_1 · p_3*p_1 · p_3*p_4 · p_2)/((p_1 · p_3*p_2 · p_4*p_1 · p_3*((p_1 · p_3 + p_4 · p_2)))) + (6*p_2 · e_3*p_3 · e_2*p_1 · p_3*p_1 · p_3*p_1 · p_3)/((p_1 · p_3*p_2 · p_4*p_1 · p_3*((p_1 · p_3 + p_4 · p_2)))) + (6*p_2 · e_3*p_3 · e_2*p_1 · p_3*p_1 · p_3*p_4 · p_2)/((p_1 · p_3*p_2 · p_4*p_1 · p_3*((p_1 · p_3 + p_4 · p_2))))
6*(p_4 · F_2 · F_3 · p_2)/(p_2 · p_3*p_2 · p_4),(6*p_4 · p_2*e_2 · p_3*e_3 · p_2*p_1 · p_4)/(p_2 · p_3*p_2 · p_4*p_1 · p_4) - (6*p_4 · e_2*p_2 · p_3*e_3 · p_2*p_1 · p_4)/(p_2 · p_3*p_2 · p_4*p_1 · p_4) + (6*p_1 · p_2*e_2 · e_3*p_3 · p_2*p_1 · p_4)/(p_2 · p_3*p_2 · p_4*p_1 · p_4) + (6*p_2 · p_2*e_2 · e_3*p_3 · p_2*p_1 · p_4)/(p_2 · p_3*p_2 · p_4*p_1 · p_4) + (6*p_3 · p_2*e_2 · e_3*p_3 · p_2*p_1 · p_4)/(p_2 · p_3*p_2 · p_4*p_1 · p_4) + (6*p_4 · e_2*p_2 · e_3*p_3 · p_2*p_1 · p_4)/(p_2 · p_3*p_2 · p_4*p_1 · p_4)
-9*(p_1 · F_3 · F_2 · p_4*p_1 · p_3*p_2 · p_3)/(p_1 · p_2*p_1 · p_3*p_2 · p_4*p_3 · p_4) - 10*(Tr(F_2 · F_3)*p_1 · p_2*p_3 · p_4)/(p_1 · p_3*p_2 · p_3*p_2 · p_4) - 37*(p_2 · F_3 · p_4*p_4 · F_2 · p_1*p_1 · p_2*p_1 · p_3)/(p_1 · p_2*p_1 · p_3*p_2 · p_3*p_2 · p_4*p_3 · p_4) - 67*(p_2 · F_3 · F_2 · p_1)/(p_2 · p_4*p_3 · p_4),-(9*p_1 · p_3*e_3 · p_2*e_2 · p_4*p_1 · p_3*p_2 · p_3*p_4 · p_3)/((p_1 · p_2*p_1 · p_3*p_2 · p_4*p_3 · p_4*((p_4 · p_3 + p_2 · p_1)))) - (9*p_1 · p_3*e_3 · p_2*e_2 · p_4*p_1 · p_3*p_2 · p_3*p_2 · p_1)/((p_1 · p_2*p_1 · p_3*p_2 · p_4*p_3 · p_4*((p_4 · p_3 + p_2 · p_1)))) + (9*p_1 · e_3*p_3 · p_2*e_2 · p_4*p_1 · p_3*p_2 · p_3*p_4 · p_3)/((p_1 · p_2*p_1 · p_3*p_2 · p_4*p_3 · p_4*((p_4 · p_3 + p_2 · p_1)))) + (9*p_1 · e_3*p_3 · p_2*e_2 · p_4*p_1 · p_3*p_2 · p_3*p_2 · p_1)/((p_1 · p_2*p_1 · p_3*p_2 · p_4*p_3 · p_4*((p_4 · p_3 + p_2 · p_1)))) + (9*p_1 · p_3*e_3 · e_2*p_2 · p_4*p_1 · p_3*p_2 · p_3*p_4 · p_3)/((p_1 · p_2*p_1 · p_3*p_2 · p_4*p_3 · p_4*((p_4 · p_3 + p_2 · p_1)))) + (9*p_1 · p_3*e_3 · e_2*p_2 · p_4*p_1 · p_3*p_2 · p_3*p_2 · p_1)/((p_1 · p_2*p_1 · p_3*p_2 · p_4*p_3 · p_4*((p_4 · p_3 + p_2 · p_1)))) - (9*p_1 · e_3*p_3 · e_2*p_2 · p_4*p_1 · p_3*p_2 · p_3*p_4 · p_3)/((p_1 · p_2*p_1 · p_3*p_2 · p_4*p_3 · p_4*((p_4 · p_3 + p_2 · p_1)))) - (9*p_1 · e_3*p_3 · e_2*p_2 · p_4*p_1 · p_3*p_2 · p_3*p_2 · p_1)/((p_1 · p_2*p_1 · p_3*p_2 · p_4*p_3 · p_4*((p_4 · p_3 + p_2 · p_1)))) - (10*e_2 · p_3*e_3 · p_2*p_1 · p_2*p_3 · p_4*p_4 · p_3)/((p_1 · p_3*p_2 · p_3*p_2 · p_4*((p_4 · p_3 + p_2 · p_1)))) - (10*e_2 · p_3*e_3 · p_2*p_1 · p_2*p_3 · p_4*p_2 · p_1)/((p_1 · p_3*p_2 · p_3*p_2 · p_4*((p_4 · p_3 + p_2 · p_1)))) + (10*p_2 · p_3*e_3 · e_2*p_1 · p_2*p_3 · p_4*p_4 · p_3)/((p_1 · p_3*p_2 · p_3*p_2 · p_4*((p_4 · p_3 + p_2 · p_1)))) + (10*p_2 · p_3*e_3 · e_2*p_1 · p_2*p_3 · p_4*p_2 · p_1)/((p_1 · p_3*p_2 · p_3*p_2 · p_4*((p_4 · p_3 + p_2 · p_1)))) + (10*e_2 · e_3*p_3 · p_2*p_1 · p_2*p_3 · p_4*p_4 · p_3)/((p_1 · p_3*p_2 · p_3*p_2 · p_4*((p_4 · p_3 + p_2 · p_1)))) + (10*e_2 · e_3*p_3 · p_2*p_1 · p_2*p_3 · p_4*p_2 · p_1)/((p_1 · p_3*p_2 · p_3*p_2 · p_4*((p_4 · p_3 + p_2 · p_1)))) - (10*p_2 · e_3*p_3 · e_2*p_1 · p_2*p_3 · p_4*p_4 · p_3)/((p_1 · p_3*p_2 · p_3*p_2 · p_4*((p_4 · p_3 + p_2 · p_1)))) - (10*p_2 · e_3*p_3 · e_2*p_1 · p_2*p_3 · p_4*p_2 · p_1)/((p_1 · p_3*p_2 · p_3*p_2 · p_4*((p_4 · p_3 + p_2 · p_1)))) - (37*p_2 · p_3*e_3 · p_4*p_4 · p_2*e_2 · p_1*p_1 · p_2*p_1 · p_3*p_4 · p_3)/((p_1 · p_2*p_1 · p_3*p_2 · p_3*p_2 · p_4*p_3 · p_4*((p_4 · p_3 + p_2 · p_1)))) - (37*p_2 · p_3*e_3 · p_4*p_4 · p_2*e_2 · p_1*p_1 · p_2*p_1 · p_3*p_2 · p_1)/((p_1 · p_2*p_1 · p_3*p_2 · p_3*p_2 · p_4*p_3 · p_4*((p_4 · p_3 + p_2 · p_1)))) + (37*p_2 · p_3*e_3 · p_4*p_4 · e_2*p_2 · p_1*p_1 · p_2*p_1 · p_3*p_4 · p_3)/((p_1 · p_2*p_1 · p_3*p_2 · p_3*p_2 · p_4*p_3 · p_4*((p_4 · p_3 + p_2 · p_1)))) + (37*p_2 · p_3*e_3 · p_4*p_4 · e_2*p_2 · p_1*p_1 · p_2*p_1 · p_3*p_2 · p_1)/((p_1 · p_2*p_1 · p_3*p_2 · p_3*p_2 · p_4*p_3 · p_4*((p_4 · p_3 + p_2 · p_1)))) + (37*p_2 · e_3*p_3 · p_4*p_4 · p_2*e_2 · p_1*p_1 · p_2*p_1 · p_3*p_4 · p_3)/((p_1 · p_2*p_1 · p_3*p_2 · p_3*p_2 · p_4*p_3 · p_4*((p_4 · p_3 + p_2 · p_1)))) + (37*p_2 · e_3*p_3 · p_4*p_4 · p_2*e_2 · p_1*p_1 · p_2*p_1 · p_3*p_2 · p_1)/((p_1 · p_2*p_1 · p_3*p_2 · p_3*p_2 · p_4*p_3 · p_4*((p_4 · p_3 + p_2 · p_1)))) - (37*p_2 · e_3*p_3 · p_4*p_4 · e_2*p_2 · p_1*p_1 · p_2*p_1 · p_3*p_4 · p_3)/((p_1 · p_2*p_1 · p_3*p_2 · p_3*p_2 · p_4*-((p_1 · p_4 + p_2 · p_4 + p_4 · p_4))*((p_4 · p_3 + p_2 · p_1)))) - (37*p_2 · e_3*p_3 · p_4*p_4 · e_2*p_2 · p_1*p_1 · p_2*p_1 · p_3*p_2 · p_1)/((p_1 · p_2*p_1 · p_3*p_2 · p_3*p_2 · p_4*-((p_1 · p_4 + p_2 · p_4 + p_4 · p_4))*((p_4 · p_3 + p_2 · p_1)))) - (67*p_2 · p_3*e_3 · p_2*e_2 · p_1*p_4 · p_3)/((p_2 · p_4*p_3 · p_4*((p_4 · p_3 + p_2 · p_1)))) - (67*p_2 · p_3*e_3 · p_2*e_2 · p_1*p_2 · p_1)/((p_2 · p_4*p_3 · p_4*((p_4 · p_3 + p_2 · p_1)))) + (67*p_2 · e_3*p_3 · p_2*e_2 · p_1*p_4 · p_3)/((p_2 · p_4*p_3 · p_4*((p_4 · p_3 + p_2 · p_1)))) + (67*p_2 · e_3*p_3 · p_2*e_2 · p_1*p_2 · p_1)/((p_2 · p_4*p_3 · p_4*((p_4 · p_3 + p_2 · p_1)))) + (67*p_2 · p_3*e_3 · e_2*p_2 · p_1*p_4 · p_3)/((p_2 · p_4*p_3 · p_4*((p_4 · p_3 + p_2 · p_1)))) + (67*p_2 · p_3*e_3 · e_2*p_2 · p_1*p_2 · p_1)/((p_2 · p_4*p_3 · p_4*((p_4 · p_3 + p_2 · p_1)))) - (67*p_2 · e_3*p_3 · e_2*p_2 · p_1*p_4 · p_3)/((p_2 · p_4*p_3 · p_4*((p_4 · p_3 + p_2 · p_1)))) - (67*p_2 · e_3*p_3 · e_2*p_2 · p_1*p_2 · p_1)/((p_2 · p_4*p_3 · p_4*((p_4 · p_3 + p_2 · p_1))))
3*(Tr(F_2 · F_3)*p_1 · p_4)/(p_2 · p_3*p_2 · p_4) - 64*(p_2 · F_3 · F_2 · p_4*p_1 · p_3)/(p_1 · p_2*p_1 · p_3*p_2 · p_3) - 89*(p_2 · F_3 · F_2 · p_1)/(p_2 · p_4*p_3 · p_4) - 79*(Tr(F_2 · F_3)*p_1 · p_3*p_3 · p_4)/(p_1 · p_3*p_2 · p_4*p_3 · p_4),(3*e_2 · p_3*e_3 · p_2*p_1 · p_4*p_1 · p_3)/((p_2 · p_3*p_2 · p_4*((p_1 · p_3 + p_4 · p_2)))) + (3*e_2 · p_3*e_3 · p_2*p_1 · p_4*p_4 · p_2)/((p_2 · p_3*p_2 · p_4*((p_1 · p_3 + p_4 · p_2)))) - (3*p_2 · p_3*e_3 · e_2*p_1 · p_4*p_1 · p_3)/((p_2 · p_3*p_2 · p_4*((p_1 · p_3 + p_4 · p_2)))) - (3*p_2 · p_3*e_3 · e_2*p_1 · p_4*p_4 · p_2)/((p_2 · p_3*p_2 · p_4*((p_1 · p_3 + p_4 · p_2)))) - (3*e_2 · e_3*p_3 · p_2*p_1 · p_4*p_1 · p_3)/((p_2 · p_3*p_2 · p_4*((p_1 · p_3 + p_4 · p_2)))) - (3*e_2 · e_3*p_3 · p_2*p_1 · p_4*p_4 · p_2)/((p_2 · p_3*p_2 · p_4*((p_1 · p_3 + p_4 · p_2)))) + (3*p_2 · e_3*p_3 · e_2*p_1 · p_4*p_1 · p_3)/((p_2 · p_3*p_2 · p_4*((p_1 · p_3 + p_4 · p_2)))) + (3*p_2 · e_3*p_3 · e_2*p_1 · p_4*p_4 · p_2)/((p_2 · p_3*p_2 · p_4*((p_1 · p_3 + p_4 · p_2)))) - (64*p_2 · p_3*e_3 · p_2*e_2 · p_4*p_1 · p_3*p_1 · p_3)/((p_1 · p_2*p_1 · p_3*p_2 · p_3*((p_1 · p_3 + p_4 · p_2)))) - (64*p_2 · p_3*e_3 · p_2*e_2 · p_4*p_1 · p_3*p_4 · p_2)/((p_1 · p_2*p_1 · p_3*p_2 · p_3*((p_1 · p_3 + p_4 · p_2)))) + (64*p_2 · e_3*p_3 · p_2*e_2 · p_4*p_1 · p_3*p_1 · p_3)/((p_1 · p_2*p_1 · p_3*p_2 · p_3*((p_1 · p_3 + p_4 · p_2)))) + (64*p_2 · e_3*p_3 · p_2*e_2 · p_4*p_1 · p_3*p_4 · p_2)/((p_1 · p_2*p_1 · p_3*p_2 · p_3*((p_1 · p_3 + p_4 · p_2)))) + (64*p_2 · p_3*e_3 · e_2*p_2 · p_4*p_1 · p_3*p_1 · p_3)/((p_1 · p_2*p_1 · p_3*p_2 · p_3*((p_1 · p_3 + p_4 · p_2)))) + (64*p_2 · p_3*e_3 · e_2*p_2 · p_4*p_1 · p_3*p_4 · p_2)/((p_1 · p_2*p_1 · p_3*p_2 · p_3*((p_1 · p_3 + p_4 · p_2)))) - (64*p_2 · e_3*p_3 · e_2*p_2 · p_4*p_1 · p_3*p_1 · p_3)/((p_1 · p_2*p_1 · p_3*p_2 · p_3*((p_1 · p_3 + p_4 · p_2)))) - (64*p_2 · e_3*p_3 · e_2*p_2 · p_4*p_1 · p_3*p_4 · p_2)/((p_1 · p_2*p_1 · p_3*p_2 · p_3*((p_1 · p_3 + p_4 · p_2)))) - (89*p_2 · p_3*e_3 · p_2*e_2 · p_1*p_1 · p_3)/((p_2 · p_4*p_3 · p_4*((p_1 · p_3 + p_4 · p_2)))) - (89*p_2 · p_3*e_3 · p_2*e_2 · p_1*p_4 · p_2)/((p_2 · p_4*p_3 · p_4*((p_1 · p_3 + p_4 · p_2)))) + (89*p_2 · e_3*p_3 · p_2*e_2 · p_1*p_1 · p_3)/((p_2 · p_4*p_3 · p_4*((p_1 · p_3 + p_4 · p_2)))) + (89*p_2 · e_3*p_3 · p_2*e_2 · p_1*p_4 · p_2)/((p_2 · p_4*p_3 · p_4*((p_1 · p_3 + p_4 · p_2)))) + (89*p_2 · p_3*e_3 · e_2*p_2 · p_1*p_1 · p_3)/((p_2 · p_4*p_3 · p_4*((p_1 · p_3 + p_4 · p_2)))) + (89*p_2 · p_3*e_3 · e_2*p_2 · p_1*p_4 · p_2)/((p_2 · p_4*p_3 · p_4*((p_1 · p_3 + p_4 · p_2)))) - (89*p_2 · e_3*p_3 · e_2*p_2 · p_1*p_1 · p_3)/((p_2 · p_4*p_3 · p_4*((p_1 · p_3 + p_4 · p_2)))) - (89*p_2 · e_3*p_3 · e_2*p_2 · p_1*p_4 · p_2)/((p_2 · p_4*p_3 · p_4*((p_1 · p_3 + p_4 · p_2)))) - (79*e_2 · p_3*e_3 · p_2*p_1 · p_3*p_3 · p_4*p_1 · p_3)/((p_1 · p_3*p_2 · p_4*p_3 · p_4*((p_1 · p_3 + p_4 · p_2)))) - (79*e_2 · p_3*e_3 · p_2*p_1 · p_3*p_3 · p_4*p_4 · p_2)/((p_1 · p_3*p_2 · p_4*p_3 · p_4*((p_1 · p_3 + p_4 · p_2)))) + (79*p_2 · p_3*e_3 · e_2*p_1 · p_3*p_3 · p_4*p_1 · p_3)/((p_1 · p_3*p_2 · p_4*p_3 · p_4*((p_1 · p_3 + p_4 · p_2)))) + (79*p_2 · p_3*e_3 · e_2*p_1 · p_3*p_3 · p_4*p_4 · p_2)/((p_1 · p_3*p_2 · p_4*p_3 · p_4*((p_1 · p_3 + p_4 · p_2)))) + (79*e_2 · e_3*p_3 · p_2*p_1 · p_3*p_3 · p_4*p_1 · p_3)/((p_1 · p_3*p_2 · p_4*p_3 · p_4*((p_1 · p_3 + p_4 · p_2)))) + (79*e_2 · e_3*p_3 · p_2*p_1 · p_3*p_3 · p_4*p_4 · p_2)/((p_1 · p_3*p_2 · p_4*p_3 · p_4*((p_1 · p_3 + p_4 · p_2)))) - (79*p_2 · e_3*p_3 · e_2*p_1 · p_3*p_3 · p_4*p_1 · p_3)/((p_1 · p_3*p_2 · p_4*p_3 · p_4*((p_1 · p_3 + p_4 · p_2)))) - (79*p_2 · e_3*p_3 · e_2*p_1 · p_3*p_3 · p_4*p_4 · p_2)/((p_1 · p_3*p_2 · p_4*p_3 · p_4*((p_1 · p_3 + p_4 · p_2))))
6*(p_1 · F_3 · p_4*p_3 · F_2 · p_1*p_1 · p_4)/(p_1 · p_2*p_2 · p_3*p_2 · p_4*p_3 · p_4) + 79*(p_4 · F_2 · F_3 · p_1*(p_1 · p_3)^2)/(p_1 · p_2*p_1 · p_3*p_2 · p_3*p_2 · p_4),(6*p_1 · p_3*e_3 · p_4*p_3 · p_2*e_2 · p_1*p_1 · p_4*p_4 · p_2)/(p_1 · p_2*p_2 · p_3*p_2 · p_4*p_3 · p_4*p_4 · p_2) - (6*p_1 · p_3*e_3 · p_4*p_3 · e_2*p_2 · p_1*p_1 · p_4*p_4 · p_2)/(p_1 · p_2*p_2 · p_3*p_2 · p_4*p_3 · p_4*p_4 · p_2) - (6*p_1 · e_3*p_3 · p_4*p_3 · p_2*e_2 · p_1*p_1 · p_4*p_4 · p_2)/(p_1 · p_2*p_2 · p_3*p_2 · p_4*p_3 · p_4*p_4 · p_2) + (6*p_1 · e_3*p_3 · p_4*p_3 · e_2*p_2 · p_1*p_1 · p_4*p_4 · p_2)/(p_1 · p_2*p_2 · p_3*p_2 · p_4*p_3 · p_4*p_4 · p_2) + (79*p_4 · p_2*e_2 · p_3*e_3 · p_1*p_1 · p_3**2*p_4 · p_2)/(p_1 · p_2*p_1 · p_3*p_2 · p_3*p_2 · p_4*p_4 · p_2) - (79*p_4 · e_2*p_2 · p_3*e_3 · p_1*p_1 · p_3**2*p_4 · p_2)/(p_1 · p_2*p_1 · p_3*p_2 · p_3*p_2 · p_4*p_4 · p_2) - (79*p_4 · p_2*e_2 · e_3*p_3 · p_1*p_1 · p_3**2*p_4 · p_2)/(p_1 · p_2*p_1 · p_3*p_2 · p_3*p_2 · p_4*p_4 · p_2) + (79*p_4 · e_2*p_2 · e_3*p_3 · p_1*p_1 · p_3**2*p_4 · p_2)/(p_1 · p_2*p_1 · p_3*p_2 · p_3*p_2 · p_4*p_4 · p_2)
4*(p_1 · F_3 · p_1*p_3 · F_2 · p_4*p_1 · p_2*p_3 · p_4)/(p_1 · p_2*p_1 · p_3*p_2 · p_3*p_2 · p_4*p_3 · p_4) + 78*(p_4 · F_2 · F_3 · p_1*p_1 · p_2*p_2 · p_3)/(p_1 · p_2*p_1 · p_3*p_2 · p_3*p_3 · p_4),(4*p_1 · p_3*e_3 · p_1*p_3 · p_2*e_2 · p_4*p_1 · p_2*p_3 · p_4*p_3 · p_4*p_3 · p_2)/((p_1 · p_2*p_1 · p_3*p_2 · p_3*p_2 · p_4*p_3 · p_4*((p_3 · p_4 + p_2 · p_1))*p_3 · p_2)) + (4*p_1 · p_3*e_3 · p_1*p_3 · p_2*e_2 · p_4*p_1 · p_2*p_3 · p_4*p_2 · p_1*p_3 · p_2)/((p_1 · p_2*p_1 · p_3*p_2 · p_3*p_2 · p_4*p_3 · p_4*((p_3 · p_4 + p_2 · p_1))*p_3 · p_2)) - (4*p_1 · p_3*e_3 · p_1*p_3 · e_2*p_2 · p_4*p_1 · p_2*p_3 · p_4*p_3 · p_4*p_3 · p_2)/((p_1 · p_2*p_1 · p_3*p_2 · p_3*p_2 · p_4*p_3 · p_4*((p_3 · p_4 + p_2 · p_1))*p_3 · p_2)) - (4*p_1 · p_3*e_3 · p_1*p_3 · e_2*p_2 · p_4*p_1 · p_2*p_3 · p_4*p_2 · p_1*p_3 · p_2)/((p_1 · p_2*p_1 · p_3*p_2 · p_3*p_2 · p_4*p_3 · p_4*((p_3 · p_4 + p_2 · p_1))*p_3 · p_2)) - (4*p_1 · e_3*p_3 · p_1*p_3 · p_2*e_2 · p_4*p_1 · p_2*p_3 · p_4*p_3 · p_4*p_3 · p_2)/((p_1 · p_2*p_1 · p_3*p_2 · p_3*p_2 · p_4*p_3 · p_4*((p_3 · p_4 + p_2 · p_1))*p_3 · p_2)) - (4*p_1 · e_3*p_3 · p_1*p_3 · p_2*e_2 · p_4*p_1 · p_2*p_3 · p_4*p_2 · p_1*p_3 · p_2)/((p_1 · p_2*p_1 · p_3*p_2 · p_3*p_2 · p_4*p_3 · p_4*((p_3 · p_4 + p_2 · p_1))*p_3 · p_2)) + (4*p_1 · e_3*p_3 · p_1*p_3 · e_2*p_2 · p_4*p_1 · p_2*p_3 · p_4*p_3 · p_4*p_3 · p_2)/((p_1 · p_2*p_1 · p_3*p_2 · p_3*p_2 · p_4*p_3 · p_4*((p_3 · p_4 + p_2 · p_1))*p_3 · p_2)) + (4*p_1 · e_3*p_3 · p_1*p_3 · e_2*p_2 · p_4*p_1 · p_2*p_3 · p_4*p_2 · p_1*p_3 · p_2)/((p_1 · p_2*p_1 · p_3*p_2 · p_3*p_2 · p_4*p_3 · p_4*((p_3 · p_4 + p_2 · p_1))*p_3 · p_2)) + (78*p_4 · p_2*e_2 · p_3*e_3 · p_1*p_1 · p_2*p_2 · p_3*p_3 · p_4*p_3 · p_2)/((p_1 · p_2*p_1 · p_3*p_2 · p_3*p_3 · p_4*((p_3 · p_4 + p_2 · p_1))*p_3 · p_2)) + (78*p_4 · p_2*e_2 · p_3*e_3 · p_1*p_1 · p_2*p_2 · p_3*p_2 · p_1*p_3 · p_2)/((p_1 · p_2*p_1 · p_3*p_2 · p_3*p_3 · p_4*((p_3 · p_4 + p_2 · p_1))*p_3 · p_2)) - (78*p_4 · e_2*p_2 · p_3*e_3 · p_1*p_1 · p_2*p_2 · p_3*p_3 · p_4*p_3 · p_2)/((p_1 · p_2*p_1 · p_3*p_2 · p_3*p_3 · p_4*((p_3 · p_4 + p_2 · p_1))*p_3 · p_2)) - (78*p_4 · e_2*p_2 · p_3*e_3 · p_1*p_1 · p_2*p_2 · p_3*p_2 · p_1*p_3 · p_2)/((p_1 · p_2*p_1 · p_3*p_2 · p_3*p_3 · p_4*((p_3 · p_4 + p_2 · p_1))*p_3 · p_2)) - (78*p_4 · p_2*e_2 · e_3*p_3 · p_1*p_1 · p_2*p_3 · p_2*p_3 · p_4*p_3 · p_2)/((p_1 · p_2*p_1 · p_3*p_2 · p_3*p_3 · p_4*((p_3 · p_4 + p_2 · p_1))*p_3 · p_2)) - (78*p_4 · p_2*e_2 · e_3*p_3 · p_1*p_1 · p_2*p_2 · p_3*p_2 · p_1*p_3 · p_2)/((p_1 · p_2*p_1 · p_3*p_2 · p_3*p_3 · p_4*((p_3 · p_4 + p_2 · p_1))*p_3 · p_2)) + (78*p_4 · e_2*p_2 · e_3*p_3 · p_1*p_1 · p_2*p_2 · p_3*p_3 · p_4*p_3 · p_2)/((p_1 · p_2*p_1 · p_3*p_2 · p_3*p_3 · p_4*((p_3 · p_4 + p_2 · p_1))*p_3 · p_2)) + (78*p_4 · e_2*p_2 · e_3*p_3 · p_1*p_1 · p_2*p_2 · p_3*p_2 · p_1*p_3 · p_2)/((p_1 · p_2*p_1 · p_3*p_2 · p_3*p_3 · p_4*((p_3 · p_4 + p_2 · p_1))*p_3 · p_2))
2*(Tr(F_2 · F_3))/(p_1 · p_3),(2*e_2 · p_3*e_3 · p_2)/(p_1 · p_3) - (2*p_2 · p_3*e_3 · e_2)/(p_1 · p_3) - (2*e_2 · e_3*p_3 · p_2)/((-((p_2 · p_3 + p_3 · p_3 + p_4 · p_3)))) + (2*p_2 · e_3*p_3 · e_2)/(p_1 · p_3)
5*(p_1 · F_2 · F_3 · p_2*p_1 · p_3)/(p_1 · p_2*p_2 · p_4*p_3 · p_4) + 55*(Tr(F_2 · F_3))/(p_1 · p_3) - 68*(Tr(F_2 · F_3)*p_1 · p_2)/(p_2 · p_3*p_3 · p_4) - 16*(p_2 · F_3 · p_4*p_3 · F_2 · p_1*p_3 · p_4)/(p_1 · p_3*p_2 · p_3*p_2 · p_4*p_3 · p_4),(5*p_1 · p_2*e_2 · p_3*e_3 · p_2*p_1 · p_3*p_4 · p_1)/((p_1 · p_2*p_2 · p_4*p_3 · p_4*((p_4 · p_1 + p_2 · p_3)))) + (5*p_1 · p_2*e_2 · p_3*e_3 · p_2*p_1 · p_3*p_2 · p_3)/((p_1 · p_2*p_2 · p_4*p_3 · p_4*((p_4 · p_1 + p_2 · p_3)))) - (5*p_1 · e_2*p_2 · p_3*e_3 · p_2*p_1 · p_3*p_4 · p_1)/((p_1 · p_2*p_2 · p_4*p_3 · p_4*((p_4 · p_1 + p_2 · p_3)))) - (5*p_1 · e_2*p_2 · p_3*e_3 · p_2*p_1 · p_3*p_2 · p_3)/((p_1 · p_2*p_2 · p_4*p_3 · p_4*((p_4 · p_1 + p_2 · p_3)))) - (5*p_1 · p_2*e_2 · e_3*p_3 · p_2*p_1 · p_3*p_4 · p_1)/((p_1 · p_2*p_2 · p_4*p_3 · p_4*((p_4 · p_1 + p_2 · p_3)))) - (5*p_1 · p_2*e_2 · e_3*p_3 · p_2*p_1 · p_3*p_2 · p_3)/((p_1 · p_2*p_2 · p_4*p_3 · p_4*((p_4 · p_1 + p_2 · p_3)))) + (5*p_1 · e_2*p_2 · e_3*p_3 · p_2*p_1 · p_3*p_4 · p_1)/((p_1 · p_2*p_2 · p_4*p_3 · p_4*((p_4 · p_1 + p_2 · p_3)))) + (5*p_1 · e_2*p_2 · e_3*p_3 · p_2*p_1 · p_3*p_2 · p_3)/((p_1 · p_2*p_2 · p_4*p_3 · p_4*((p_4 · p_1 + p_2 · p_3)))) + (55*e_2 · p_3*e_3 · p_2*p_4 · p_1)/((p_1 · p_3*((p_4 · p_1 + p_2 · p_3)))) + (55*e_2 · p_3*e_3 · p_2*p_2 · p_3)/((p_1 · p_3*((p_4 · p_1 + p_2 · p_3)))) - (55*p_2 · p_3*e_3 · e_2*p_4 · p_1)/((p_1 · p_3*((p_4 · p_1 + p_2 · p_3)))) - (55*p_2 · p_3*e_3 · e_2*p_2 · p_3)/((p_1 · p_3*((p_4 · p_1 + p_2 · p_3)))) - (55*e_2 · e_3*p_3 · p_2*p_4 · p_1)/((p_1 · p_3*((p_4 · p_1 + p_2 · p_3)))) - (55*e_2 · e_3*p_3 · p_2*p_2 · p_3)/((p_1 · p_3*((p_4 · p_1 + p_2 · p_3)))) + (55*p_2 · e_3*p_3 · e_2*p_4 · p_1)/((p_1 · p_3*((p_4 · p_1 + p_2 · p_3)))) + (55*p_2 · e_3*p_3 · e_2*p_2 · p_3)/((p_1 · p_3*((p_4 · p_1 + p_2 · p_3)))) - (68*e_2 · p_3*e_3 · p_2*p_1 · p_2*p_4 · p_1)/((p_2 · p_3*p_3 · p_4*((p_4 · p_1 + p_2 · p_3)))) - (68*e_2 · p_3*e_3 · p_2*p_1 · p_2*p_2 · p_3)/((((p_2 · p_3 - p_3 · p_4))*p_3 · p_4*((p_4 · p_1 + p_2 · p_3)))) + (68*e_2 · p_3*e_3 · p_2*p_1 · p_2*p_2 · p_3)/((((p_2 · p_3 - p_3 · p_4))*p_2 · p_3*((p_4 · p_1 + p_2 · p_3)))) + (68*p_2 · p_3*e_3 · e_2*p_1 · p_2*p_4 · p_1)/((p_2 · p_3*p_3 · p_4*((p_4 · p_1 + p_2 · p_3)))) + (68*p_2 · p_3*e_3 · e_2*p_1 · p_2*p_2 · p_3)/((p_2 · p_3*p_3 · p_4*((p_4 · p_1 + p_2 · p_3)))) + (68*e_2 · e_3*p_3 · p_2*p_1 · p_2*p_4 · p_1)/((p_2 · p_3*p_3 · p_4*((p_4 · p_1 + p_2 · p_3)))) + (68*e_2 · e_3*p_3 · p_2*p_1 · p_2*p_2 · p_3)/((p_2 · p_3*p_3 · p_4*((p_4 · p_1 + p_2 · p_3)))) - (68*p_2 · e_3*p_3 · e_2*p_1 · p_2*p_4 · p_1)/((p_2 · p_3*p_3 · p_4*((p_4 · p_1 + p_2 · p_3)))) - (68*p_2 · e_3*p_3 · e_2*p_1 · p_2*p_2 · p_3)/((p_2 · p_3*p_3 · p_4*((p_4 · p_1 + p_2 · p_3)))) - (16*p_2 · p_3*e_3 · p_4*p_3 · p_2*e_2 · p_1*p_3 · p_4*p_4 · p_1)/((p_1 · p_3*p_2 · p_3*p_2 · p_4*p_3 · p_4*((p_4 · p_1 + p_2 · p_3)))) - (16*p_2 · p_3*e_3 · p_4*p_3 · p_2*e_2 · p_1*p_3 · p_4*p_2 · p_3)/((p_1 · p_3*p_2 · p_3*p_2 · p_4*p_3 · p_4*((p_4 · p_1 + p_2 · p_3)))) + (16*p_2 · p_3*e_3 · p_4*p_3 · e_2*p_2 · p_1*p_3 · p_4*p_4 · p_1)/((((p_3 · p_4 - p_2 · p_3))*p_2 · p_3*p_1 · p_3*p_2 · p_4*((p_4 · p_1 + p_2 · p_3)))) + (16*p_2 · p_3*e_3 · p_4*p_3 · e_2*p_2 · p_1*p_3 · p_4*p_2 · p_3)/((((p_3 · p_4 - p_2 · p_3))*p_2 · p_3*p_1 · p_3*p_2 · p_4*((p_4 · p_1 + p_2 · p_3)))) - (16*p_2 · p_3*e_3 · p_4*p_3 · e_2*p_2 · p_1*p_3 · p_4*p_4 · p_1)/((((p_3 · p_4 - p_2 · p_3))*p_3 · p_4*p_1 · p_3*p_2 · p_4*((p_4 · p_1 + p_2 · p_3)))) - (16*p_2 · p_3*e_3 · p_4*p_3 · e_2*p_2 · p_1*p_3 · p_4*p_2 · p_3)/((((p_3 · p_4 - p_2 · p_3))*p_3 · p_4*p_1 · p_3*p_2 · p_4*((p_4 · p_1 + p_2 · p_3)))) + (16*p_2 · e_3*p_3 · p_4*p_3 · p_2*e_2 · p_1*p_3 · p_4*p_4 · p_1)/((p_1 · p_3*p_2 · p_3*p_2 · p_4*p_3 · p_4*((p_4 · p_1 + p_2 · p_3)))) + (16*p_2 · e_3*p_3 · p_4*p_3 · p_2*e_2 · p_1*p_3 · p_4*p_2 · p_3)/((p_1 · p_3*p_2 · p_3*p_2 · p_4*p_3 · p_4*((p_4 · p_1 + p_2 · p_3)))) - (16*p_2 · e_3*p_3 · p_4*p_3 · e_2*p_2 · p_1*p_3 · p_4*p_4 · p_1)/((p_1 · p_3*p_2 · p_3*p_2 · p_4*p_3 · p_4*((p_4 · p_1 + p_2 · p_3)))) - (16*p_2 · e_3*p_3 · p_4*p_3 · e_2*p_2 · p_1*p_3 · p_4*p_2 · p_3)/((p_1 · p_3*p_2 · p_3*p_2 · p_4*p_3 · p_4*((p_4 · p_1 + p_2 · p_3))))
3*(p_1 · F_3 · p_1*p_4 · F_2 · p_4)/(p_1 · p_2*p_2 · p_3*p_3 · p_4),(3*p_1 · p_3*e_3 · p_1*p_4 · p_2*e_2 · p_4*p_2 · p_4*p_4 · p_2)/((p_1 · p_2*p_2 · p_3*p_3 · p_4*p_2 · p_4*((p_4 · p_2 + p_1 · p_3)))) + (3*p_1 · p_3*e_3 · p_1*p_4 · p_2*e_2 · p_4*p_2 · p_4*p_1 · p_3)/((p_1 · p_2*p_2 · p_3*p_3 · p_4*p_2 · p_4*((p_4 · p_2 + p_1 · p_3)))) - (3*p_1 · p_3*e_3 · p_1*p_4 · e_2*p_2 · p_4*p_2 · p_4*p_4 · p_2)/((p_1 · p_2*p_2 · p_3*p_3 · p_4*p_2 · p_4*((p_4 · p_2 + p_1 · p_3)))) - (3*p_1 · p_3*e_3 · p_1*p_4 · e_2*p_2 · p_4*p_2 · p_4*p_1 · p_3)/((p_1 · p_2*p_2 · p_3*p_3 · p_4*p_2 · p_4*((p_4 · p_2 + p_1 · p_3)))) - (3*p_1 · e_3*p_3 · p_1*p_4 · p_2*e_2 · p_4*p_2 · p_4*p_4 · p_2)/((p_1 · p_2*p_2 · p_3*p_4 · p_3*p_2 · p_4*((p_4 · p_2 + p_1 · p_3)))) - (3*p_1 · e_3*p_3 · p_1*p_4 · p_2*e_2 · p_4*p_2 · p_4*p_1 · p_3)/((p_1 · p_2*p_2 · p_3*p_4 · p_3*p_2 · p_4*((p_4 · p_2 + p_1 · p_3)))) + (3*p_1 · e_3*p_3 · p_1*p_4 · e_2*p_2 · p_4*p_2 · p_4*p_4 · p_2)/((p_1 · p_2*p_2 · p_3*p_3 · p_4*p_2 · p_4*((p_4 · p_2 + p_1 · p_3)))) + (3*p_1 · e_3*p_3 · p_1*p_4 · e_2*p_2 · p_4*p_2 · p_4*p_1 · p_3)/((p_1 · p_2*p_2 · p_3*p_3 · p_4*p_2 · p_4*((p_4 · p_2 + p_1 · p_3))))
-7*(Tr(F_2 · F_3)*p_1 · p_2*p_2 · p_4)/(p_1 · p_2*p_2 · p_3*p_3 · p_4) - 54*(p_2 · F_3 · F_2 · p_4)/(p_2 · p_4*p_3 · p_4) + 30*(p_1 · F_3 · F_2 · p_3*p_1 · p_3*p_3 · p_4)/(p_1 · p_3*p_2 · p_3*p_2 · p_4*p_3 · p_4),(7*e_2 · p_3*e_3 · p_1*p_1 · p_2*p_2 · p_4*p_1 · p_2)/((p_1 · p_2*p_2 · p_3*p_3 · p_4*((p_1 · p_2 + p_4 · p_3)))) + (7*e_2 · p_3*e_3 · p_1*p_1 · p_2*p_2 · p_4*p_4 · p_3)/((p_1 · p_2*p_2 · p_3*p_3 · p_4*((p_1 · p_2 + p_4 · p_3)))) + (7*e_2 · p_3*e_3 · p_3*p_1 · p_2*p_2 · p_4*p_1 · p_2)/((p_1 · p_2*p_2 · p_3*p_3 · p_4*((p_1 · p_2 + p_4 · p_3)))) + (7*e_2 · p_3*e_3 · p_3*p_1 · p_2*p_2 · p_4*p_4 · p_3)/((p_1 · p_2*p_2 · p_3*p_3 · p_4*((p_1 · p_2 + p_4 · p_3)))) + (7*e_2 · p_3*e_3 · p_4*p_1 · p_2*p_2 · p_4*p_1 · p_2)/((p_1 · p_2*p_2 · p_3*p_3 · p_4*((p_1 · p_2 + p_4 · p_3)))) + (7*e_2 · p_3*e_3 · p_4*p_1 · p_2*p_2 · p_4*p_4 · p_3)/((p_1 · p_2*p_2 · p_3*p_3 · p_4*((p_1 · p_2 + p_4 · p_3)))) + (7*p_2 · p_3*e_3 · e_2*p_1 · p_2*p_2 · p_4*p_1 · p_2)/((p_1 · p_2*p_2 · p_3*p_3 · p_4*((p_1 · p_2 + p_4 · p_3)))) + (7*p_2 · p_3*e_3 · e_2*p_1 · p_2*p_2 · p_4*p_4 · p_3)/((p_1 · p_2*p_2 · p_3*p_3 · p_4*((p_1 · p_2 + p_4 · p_3)))) + (7*e_2 · e_3*p_3 · p_2*p_1 · p_2*p_2 · p_4*p_1 · p_2)/((p_1 · p_2*p_2 · p_3*p_3 · p_4*((p_1 · p_2 + p_4 · p_3)))) + (7*e_2 · e_3*p_3 · p_2*p_1 · p_2*p_2 · p_4*p_4 · p_3)/((p_1 · p_2*p_2 · p_3*p_3 · p_4*((p_1 · p_2 + p_4 · p_3)))) - (7*p_2 · e_3*p_3 · e_2*p_1 · p_2*p_2 · p_4*p_1 · p_2)/((p_1 · p_2*p_2 · p_3*p_3 · p_4*((p_1 · p_2 + p_4 · p_3)))) - (7*p_2 · e_3*p_3 · e_2*p_1 · p_2*p_2 · p_4*p_4 · p_3)/((p_1 · p_2*p_2 · p_3*p_3 · p_4*((p_1 · p_2 + p_4 · p_3)))) - (54*p_2 · p_3*e_3 · p_2*e_2 · p_4*p_1 · p_2)/((p_2 · p_4*p_3 · p_4*((p_1 · p_2 + p_4 · p_3)))) - (54*p_2 · p_3*e_3 · p_2*e_2 · p_4*p_4 · p_3)/((p_2 · p_4*p_3 · p_4*((p_1 · p_2 + p_4 · p_3)))) + (54*p_2 · e_3*p_3 · p_2*e_2 · p_4*p_1 · p_2)/((p_2 · p_4*p_3 · p_4*((p_1 · p_2 + p_4 · p_3)))) + (54*p_2 · e_3*p_3 · p_2*e_2 · p_4*p_4 · p_3)/((p_2 · p_4*p_3 · p_4*((p_1 · p_2 + p_4 · p_3)))) + (54*p_2 · p_3*e_3 · e_2*p_2 · p_4*p_1 · p_2)/((p_2 · p_4*p_3 · p_4*((p_1 · p_2 + p_4 · p_3)))) + (54*p_2 · p_3*e_3 · e_2*p_2 · p_4*p_4 · p_3)/((p_2 · p_4*p_3 · p_4*((p_1 · p_2 + p_4 · p_3)))) - (54*p_2 · e_3*p_3 · e_2*p_2 · p_4*p_1 · p_2)/((p_2 · p_4*p_3 · p_4*((p_1 · p_2 + p_4 · p_3)))) - (54*p_2 · e_3*p_3 · e_2*p_2 · p_4*p_4 · p_3)/((p_2 · p_4*p_3 · p_4*((p_1 · p_2 + p_4 · p_3)))) + (30*p_1 · p_3*e_3 · p_2*e_2 · p_3*p_1 · p_3*p_3 · p_4*p_1 · p_2)/((p_1 · p_3*p_2 · p_3*p_2 · p_4*p_3 · p_4*((p_1 · p_2 + p_4 · p_3)))) + (30*p_1 · p_3*e_3 · p_2*e_2 · p_3*p_1 · p_3*p_3 · p_4*p_4 · p_3)/((p_1 · p_3*p_2 · p_3*p_2 · p_4*p_3 · p_4*((p_1 · p_2 + p_4 · p_3)))) - (30*e_3 · p_1*p_3 · p_2*e_2 · p_3*p_1 · p_3*p_3 · p_4*p_1 · p_2)/((p_1 · p_3*p_2 · p_3*p_2 · p_4*p_3 · p_4*((p_1 · p_2 + p_4 · p_3)))) - (30*e_3 · p_1*p_3 · p_2*e_2 · p_3*p_1 · p_3*p_3 · p_4*p_4 · p_3)/((p_1 · p_3*p_2 · p_3*p_2 · p_4*p_3 · p_4*((p_1 · p_2 + p_4 · p_3)))) - (30*p_1 · p_3*e_3 · e_2*p_2 · p_3*p_1 · p_3*p_3 · p_4*p_1 · p_2)/((p_1 · p_3*p_2 · p_3*p_2 · p_4*p_3 · p_4*((p_1 · p_2 + p_4 · p_3)))) - (30*p_1 · p_3*e_3 · e_2*p_2 · p_3*p_1 · p_3*p_3 · p_4*p_4 · p_3)/((p_1 · p_3*p_2 · p_3*p_2 · p_4*p_3 · p_4*((p_1 · p_2 + p_4 · p_3)))) + (30*p_1 · e_3*p_3 · e_2*p_2 · p_3*p_1 · p_3*p_3 · p_4*p_1 · p_2)/((p_1 · p_3*p_2 · p_3*p_2 · p_4*p_3 · p_4*((p_1 · p_2 + p_4 · p_3)))) + (30*p_1 · e_3*p_3 · e_2*p_2 · p_3*p_1 · p_3*p_3 · p_4*p_4 · p_3)/((p_1 · p_3*p_2 · p_3*p_2 · p_4*p_3 · p_4*((p_1 · p_2 + p_4 · p_3))))
(Tr(F_2 · F_3)*p_1 · p_3*p_1 · p_4)/(p_1 · p_3*p_2 · p_4*p_3 · p_4) + (p_1 · F_3 · p_2*p_4 · F_2 · p_4)/(p_1 · p_2*p_1 · p_3*p_2 · p_3) + (p_4 · F_2 · F_3 · p_2*p_1 · p_4)/(p_2 · p_3*p_2 · p_4*p_3 · p_4) + (p_1 · F_2 · F_3 · p_4*p_1 · p_4*p_3 · p_4)/(p_1 · p_2*p_2 · p_3*p_2 · p_4*p_3 · p_4),(e_2 · p_3*e_3 · p_2*p_1 · p_3*p_1 · p_4)/(p_1 · p_3*p_2 · p_4*p_3 · p_4) - (p_2 · p_3*e_3 · e_2*p_1 · p_3*p_1 · p_4)/(p_1 · p_3*p_2 · p_4*p_3 · p_4) - (e_2 · e_3*p_3 · p_2*p_1 · p_3*p_1 · p_4)/(p_1 · p_3*p_2 · p_4*p_3 · p_4) + (p_2 · e_3*p_3 · e_2*p_1 · p_3*p_1 · p_4)/(p_1 · p_3*p_2 · p_4*p_3 · p_4) + (p_1 · p_3*e_3 · p_2*p_4 · p_2*e_2 · p_4)/(p_1 · p_2*p_1 · p_3*p_2 · p_3) - (p_1 · p_3*e_3 · p_2*p_4 · e_2*p_2 · p_4)/(p_1 · p_2*p_1 · p_3*p_2 · p_3) - (p_1 · e_3*p_3 · p_2*p_4 · p_2*e_2 · p_4)/(p_1 · p_2*p_1 · p_3*p_2 · p_3) + (p_1 · e_3*p_3 · p_2*p_4 · e_2*p_2 · p_4)/(p_1 · p_2*p_1 · p_3*p_2 · p_3) + (p_4 · p_2*e_2 · p_3*e_3 · p_2*p_1 · p_4)/(p_2 · p_3*p_2 · p_4*p_3 · p_4) - (p_4 · e_2*p_2 · p_3*e_3 · p_2*p_1 · p_4)/(p_2 · p_3*p_2 · p_4*p_3 · p_4) - (p_4 · p_2*e_2 · e_3*p_3 · p_2*p_1 · p_4)/(p_2 · p_3*p_2 · p_4*p_3 · p_4) + (p_4 · e_2*p_2 · e_3*p_3 · p_2*p_1 · p_4)/(p_2 · p_3*p_2 · p_4*p_3 · p_4) + (p_1 · p_2*e_2 · p_3*e_3 · p_4*p_1 · p_4*p_3 · p_4)/(p_1 · p_2*p_2 · p_3*p_2 · p_4*p_3 · p_4) - (p_1 · e_2*p_2 · p_3*e_3 · p_4*p_1 · p_4*p_3 · p_4)/(p_1 · p_2*p_2 · p_3*p_2 · p_4*p_3 · p_4) - (p_1 · p_2*e_2 · e_3*p_3 · p_4*p_1 · p_4*p_3 · p_4)/(p_1 · p_2*p_2 · p_3*p_2 · p_4*p_3 · p_4) + (p_1 · e_2*p_2 · e_3*p_3 · p_4*p_1 · p_4*p_3 · p_4)/(p_1 · p_2*p_2 · p_3*p_2 · p_4*p_3 · p_4)
6*(Tr(F_2 · F_3))/(p_1 · p_2) + 79*(Tr(F_2 · F_3)*p_1 · p_3*p_3 · p_4)/(p_1 · p_2*p_1 · p_3*p_3 · p_4) - 68*(p_3 · F_2 · F_3 · p_4)/(p_1 · p_3*p_2 · p_3),(6*e_2 · p_3*e_3 · p_2)/(p_1 · p_2) - (6*p_2 · p_3*e_3 · e_2)/(p_1 · p_2) - (6*e_2 · e_3*p_3 · p_2)/(p_1 · p_2) + (6*p_2 · e_3*p_3 · e_2)/(p_1 · p_2) + (79*e_2 · p_3*e_3 · p_2*p_1 · p_3*p_3 · p_4)/(p_1 · p_2*p_1 · p_3*p_3 · p_4) - (79*p_2 · p_3*e_3 · e_2*p_1 · p_3*p_3 · p_4)/(p_1 · p_2*p_1 · p_3*p_3 · p_4) - (79*e_2 · e_3*p_3 · p_2*p_1 · p_3*p_3 · p_4)/(p_1 · p_2*p_1 · p_3*p_3 · p_4) + (79*p_2 · e_3*p_3 · e_2*p_1 · p_3*p_3 · p_4)/(p_1 · p_2*p_1 · p_3*p_3 · p_4) - (68*p_3 · p_2*e_2 · p_3*e_3 · p_4)/(p_1 · p_3*p_2 · p_3) + (68*p_3 · e_2*p_2 · p_3*e_3 · p_4)/(p_1 · p_3*p_2 · p_3) + (68*p_3 · p_2*e_2 · e_3*p_3 · p_4)/(p_1 · p_3*p_2 · p_3) - (68*p_3 · e_2*p_2 · e_3*p_3 · p_4)/(p_1 · p_3*p_2 · p_3)
(p_1 · F_2 · F_3 · p_2)/(p_1 · p_3*p_2 · p_3) + (p_2 · F_3 · p_4*p_4 · F_2 · p_4)/(p_1 · p_2*p_2 · p_4*p_3 · p_4) + (p_1 · F_2 · p_1*p_2 · F_3 · p_1)/(p_1 · p_2*p_2 · p_3*p_3 · p_4) + (p_4 · F_3 · F_2 · p_1*p_1 · p_2*p_2 · p_4)/(p_1 · p_3*p_2 · p_3*p_2 · p_4*p_3 · p_4) + (p_1 · F_3 · F_2 · p_1)/(p_2 · p_3*p_2 · p_4),(p_1 · p_2*e_2 · p_3*e_3 · p_2)/(p_1 · p_3*p_2 · p_3) - (p_1 · e_2*p_2 · p_3*e_3 · p_2)/(p_1 · p_3*p_2 · p_3) - (p_1 · p_2*e_2 · e_3*p_3 · p_2)/(p_1 · p_3*p_2 · p_3) + (p_1 · e_2*p_2 · e_3*p_3 · p_2)/(p_1 · p_3*p_2 · p_3) + (p_2 · p_3*e_3 · p_4*p_4 · p_2*e_2 · p_4)/(p_1 · p_2*p_2 · p_4*p_3 · p_4) - (p_2 · p_3*e_3 · p_4*p_4 · e_2*p_2 · p_4)/(p_1 · p_2*p_2 · p_4*p_3 · p_4) - (p_2 · e_3*p_3 · p_4*p_4 · p_2*e_2 · p_4)/(p_1 · p_2*p_2 · p_4*p_3 · p_4) + (p_2 · e_3*p_4 · p_3*p_4 · e_2*p_2 · p_4)/(p_1 · p_2*p_2 · p_4*p_3 · p_4) + (p_1 · p_2*e_2 · p_1*p_2 · p_3*e_3 · p_1)/(p_1 · p_2*p_2 · p_3*p_3 · p_4) - (p_1 · p_2*e_2 · p_1*p_2 · e_3*p_3 · p_1)/(p_1 · p_2*p_2 · p_3*p_3 · p_4) - (p_1 · e_2*p_2 · p_1*p_3 · p_2*e_3 · p_1)/(p_1 · p_2*p_2 · p_3*p_3 · p_4) + (p_1 · e_2*p_2 · p_1*p_2 · e_3*p_3 · p_1)/(p_1 · p_2*p_2 · p_3*p_3 · p_4) + (p_4 · p_3*e_3 · p_2*e_2 · p_1*p_1 · p_2*p_2 · p_4)/(p_1 · p_3*p_2 · p_3*p_2 · p_4*p_3 · p_4) - (p_4 · e_3*p_3 · p_2*e_2 · p_1*p_1 · p_2*p_2 · p_4)/(p_1 · p_3*p_2 · p_3*p_2 · p_4*p_3 · p_4) - (p_4 · p_3*e_3 · e_2*p_2 · p_1*p_1 · p_2*p_2 · p_4)/(p_1 · p_3*p_2 · p_3*p_2 · p_4*p_3 · p_4) + (p_4 · e_3*p_3 · e_2*p_2 · p_1*p_1 · p_2*p_2 · p_4)/(p_1 · p_3*p_2 · p_3*p_2 · p_4*p_3 · p_4) + (p_1 · p_3*e_3 · p_2*e_2 · p_1)/(p_2 · p_3*p_2 · p_4) - (p_1 · e_3*p_3 · p_2*e_2 · p_1)/(p_2 · p_3*p_2 · p_4) - (p_1 · p_3*e_3 · e_2*p_2 · p_1)/(p_2 · p_3*p_2 · p_4) + (p_1 · e_3*p_3 · e_2*p_2 · p_1)/(p_2 · p_3*p_2 · p_4)
-3*(p_3 · F_2 · F_3 · p_1*p_1 · p_2*p_1 · p_4)/(p_1 · p_2*p_1 · p_3*p_2 · p_3*p_3 · p_4) + 50*(p_4 · F_3 · F_2 · p_1)/(p_1 · p_3*p_2 · p_4) + 22*(p_1 · F_2 · F_3 · p_1*p_1 · p_3)/(p_1 · p_2*p_1 · p_3*p_2 · p_3) + 34*(p_4 · F_2 · F_3 · p_2*p_1 · p_2)/(p_1 · p_2*p_1 · p_3*p_2 · p_3) + 78*(p_2 · F_3 · F_2 · p_3*p_2 · p_3)/(p_1 · p_2*p_1 · p_3*p_3 · p_4),(3*p_3 · p_2*e_2 · p_1*e_3 · p_1*p_1 · p_2*p_1 · p_4)/(p_1 · p_2*p_1 · p_3*p_2 · p_3*p_3 · p_4) + (3*p_3 · p_2*e_2 · p_2*e_3 · p_1*p_1 · p_2*p_1 · p_4)/(p_1 · p_2*p_1 · p_3*p_2 · p_3*p_3 · p_4) + (3*p_3 · p_2*e_2 · p_4*e_3 · p_1*p_1 · p_2*p_1 · p_4)/(p_1 · p_2*p_1 · p_3*p_2 · p_3*p_3 · p_4) + (3*p_3 · e_2*p_2 · p_3*e_3 · p_1*p_1 · p_2*p_1 · p_4)/(p_1 · p_2*p_1 · p_3*p_2 · p_3*p_3 · p_4) + (3*p_3 · p_2*e_2 · e_3*p_3 · p_1*p_1 · p_2*p_1 · p_4)/(p_1 · p_2*p_1 · p_3*p_2 · p_3*p_3 · p_4) - (3*p_3 · e_2*p_2 · e_3*p_3 · p_1*p_1 · p_2*p_1 · p_4)/(p_1 · p_2*p_1 · p_3*p_2 · p_3*p_3 · p_4) + (50*p_4 · p_3*e_3 · p_2*e_2 · p_1)/(p_1 · p_3*p_2 · p_4) - (50*p_4 · e_3*p_3 · p_2*e_2 · p_1)/(p_1 · p_3*p_2 · p_4) - (50*p_4 · p_3*e_3 · e_2*p_2 · p_1)/(p_1 · p_3*p_2 · p_4) + (50*p_4 · e_3*p_3 · e_2*p_2 · p_1)/(p_1 · p_3*p_2 · p_4) + (22*p_1 · p_2*e_2 · p_3*e_3 · p_1*p_1 · p_3)/(p_1 · p_2*p_1 · p_3*p_2 · p_3) - (22*p_1 · e_2*p_2 · p_3*e_3 · p_1*p_1 · p_3)/(p_1 · p_2*p_1 · p_3*p_2 · p_3) - (22*p_1 · p_2*e_2 · e_3*p_3 · p_1*p_1 · p_3)/(p_1 · p_2*p_1 · p_3*p_2 · p_3) + (22*p_1 · e_2*p_2 · e_3*p_1 · p_3*p_1 · p_3)/(p_1 · p_2*p_1 · p_3*p_2 · p_3) + (34*p_4 · p_2*e_2 · p_3*e_3 · p_2*p_1 · p_2)/(p_1 · p_2*p_1 · p_3*p_2 · p_3) - (34*p_4 · e_2*p_2 · p_3*e_3 · p_2*p_1 · p_2)/(p_1 · p_2*p_1 · p_3*p_2 · p_3) - (34*p_4 · p_2*e_2 · e_3*p_3 · p_2*p_1 · p_2)/(p_1 · p_2*p_1 · p_3*p_2 · p_3) + (34*p_4 · e_2*p_2 · e_3*p_3 · p_2*p_1 · p_2)/(p_1 · p_2*p_1 · p_3*p_2 · p_3) + (78*p_2 · p_3*e_3 · p_2*e_2 · p_3*p_2 · p_3)/(p_1 · p_2*p_1 · p_3*p_3 · p_4) - (78*p_2 · e_3*p_3 · p_2*e_2 · p_3*p_2 · p_3)/(p_1 · p_2*p_1 · p_3*p_3 · p_4) - (78*p_2 · p_3*e_3 · e_2*p_2 · p_3*p_2 · p_3)/((((p_3 · p_4 - p_1 · p_3))*p_1 · p_3*p_1 · p_2)) + (78*p_2 · p_3*e_3 · e_2*p_2 · p_3*p_2 · p_3)/((((p_3 · p_4 - p_1 · p_3))*p_3 · p_4*p_1 · p_2)) + (78*p_2 · e_3*p_3 · e_2*p_2 · p_3*p_2 · p_3)/(p_1 · p_2*p_1 · p_3*p_3 · p_4)
-3*(p_1 · F_3 · F_2 · p_3*p_1 · p_3*p_2 · p_3)/(p_1 · p_3*p_2 · p_3*p_2 · p_4*p_3 · p_4) - 4*(p_4 · F_2 · p_3*p_4 · F_3 · p_4)/(p_1 · p_2*p_2 · p_3*p_3 · p_4),-(3*p_1 · p_3*e_3 · p_2*e_2 · p_3*p_1 · p_3*p_2 · p_3)/(p_1 · p_3*p_2 · p_3*p_2 · p_4*p_3 · p_4) - (3*p_1 · e_3*p_3 · p_2*e_2 · p_3*p_1 · p_3*p_1 · p_3)/(p_1 · p_3*p_2 · p_3*p_2 · p_4*p_3 · p_4) - (3*p_1 · e_3*p_3 · p_2*e_2 · p_3*p_1 · p_3*p_3 · p_3)/(p_1 · p_3*p_2 · p_3*p_2 · p_4*p_3 · p_4) - (3*p_1 · e_3*p_3 · p_2*e_2 · p_3*p_1 · p_3*p_4 · p_3)/(p_1 · p_3*p_2 · p_3*p_2 · p_4*p_3 · p_4) + (3*p_1 · p_3*e_3 · e_2*p_2 · p_3*p_1 · p_3*p_2 · p_3)/(p_1 · p_3*p_2 · p_3*p_2 · p_4*p_3 · p_4) - (3*p_1 · e_3*p_3 · e_2*p_2 · p_3*p_1 · p_3*p_2 · p_3)/(p_1 · p_3*p_2 · p_3*p_2 · p_4*p_3 · p_4) - (4*p_4 · p_2*e_2 · p_3*p_4 · p_3*e_3 · p_4)/(p_1 · p_2*p_2 · p_3*p_3 · p_4) + (4*p_4 · p_2*e_2 · p_3*p_4 · e_3*p_3 · p_4)/(p_1 · p_2*p_2 · p_3*p_3 · p_4) + (4*p_4 · e_2*p_2 · p_3*p_4 · p_3*e_3 · p_4)/(p_1 · p_2*p_2 · p_3*p_3 · p_4) - (4*p_4 · e_2*p_2 · p_3*p_4 · e_3*p_3 · p_4)/(p_1 · p_2*p_2 · p_3*p_3 · p_4)
4*(p_1 · F_2 · p_3*p_2 · F_3 · p_4)/(p_1 · p_2*p_2 · p_4*p_3 · p_4) - 59*(p_3 · F_2 · p_4*p_4 · F_3 · p_4)/(p_1 · p_3*p_2 · p_3*p_3 · p_4),-(4*p_1 · p_2*e_2 · p_3*p_2 · p_3*e_3 · p_1)/((((p_2 · p_4 - p_1 · p_2))*p_1 · p_2*p_3 · p_4)) + (4*p_1 · p_2*e_2 · p_3*p_2 · p_3*e_3 · p_1)/((((p_2 · p_4 - p_1 · p_2))*p_2 · p_4*p_3 · p_4)) - (4*p_1 · p_2*e_2 · p_3*p_2 · p_3*e_3 · p_2)/((p_1 · p_2*p_2 · p_4*-((p_1 · p_4 + p_2 · p_4 + p_4 · p_4)))) - (4*p_1 · p_2*e_2 · p_3*p_2 · p_3*e_3 · p_3)/(p_1 · p_2*p_2 · p_4*p_3 · p_4) - (4*p_1 · p_2*e_2 · p_3*p_2 · e_3*p_3 · p_4)/(p_1 · p_2*p_2 · p_4*p_3 · p_4) - (4*p_1 · e_2*p_2 · p_3*p_2 · p_3*e_3 · p_4)/((((p_2 · p_4 - p_3 · p_4))*p_3 · p_4*p_1 · p_2)) + (4*p_1 · e_2*p_2 · p_3*p_2 · p_3*e_3 · p_4)/((((p_2 · p_4 - p_3 · p_4))*p_2 · p_4*p_1 · p_2)) + (4*p_1 · e_2*p_2 · p_3*p_2 · e_3*p_3 · p_4)/(p_1 · p_2*p_2 · p_4*p_3 · p_4) - (59*p_3 · p_2*e_2 · p_4*p_4 · p_3*e_3 · p_4)/(p_1 · p_3*p_2 · p_3*p_3 · p_4) + (59*p_3 · p_2*e_2 · p_4*p_4 · e_3*p_3 · p_4)/(p_1 · p_3*p_2 · p_3*p_3 · p_4) + (59*p_3 · e_2*p_2 · p_4*p_4 · p_3*e_3 · p_4)/(p_1 · p_3*p_2 · p_3*p_3 · p_4) - (59*p_3 · e_2*p_2 · p_4*p_4 · e_3*p_3 · p_4)/(p_1 · p_3*p_2 · p_3*p_3 · p_4)
8*(Tr(F_2 · F_3)*p_1 · p_2*p_2 · p_4)/(p_1 · p_2*p_1 · p_3*p_2 · p_4),(8*e_2 · p_3*e_3 · p_2*p_1 · p_2*p_2 · p_4)/(p_1 · p_2*p_1 · p_3*p_2 · p_4) - (8*p_2 · p_3*e_3 · e_2*p_1 · p_2*p_2 · p_4)/(p_1 · p_2*p_1 · p_3*p_2 · p_4) - (8*e_2 · e_3*p_3 · p_2*p_1 · p_2*p_2 · p_4)/(p_1 · p_2*p_1 · p_3*p_2 · p_4) - (8*p_2 · e_3*p_3 · e_2*p_2 · p_2*p_2 · p_4)/(p_1 · p_2*p_1 · p_3*p_2 · p_4) - (8*p_2 · e_3*p_3 · e_2*p_3 · p_2*p_2 · p_4)/(p_1 · p_2*p_1 · p_3*p_2 · p_4) - (8*p_2 · e_3*p_3 · e_2*p_4 · p_2*p_2 · p_4)/(p_1 · p_2*p_1 · p_3*p_2 · p_4)
9*(p_4 · F_2 · F_3 · p_2*p_2 · p_3*p_3 · p_4)/(p_1 · p_2*p_2 · p_3*p_2 · p_4*p_3 · p_4) + 74*(p_4 · F_2 · F_3 · p_4*p_1 · p_3)/(p_1 · p_2*p_1 · p_3*p_2 · p_3) - (Tr(F_2 · F_3))/(p_2 · p_3) + 5*(p_3 · F_2 · F_3 · p_2*p_2 · p_3)/(p_1 · p_2*p_2 · p_4*p_3 · p_4) - 98*(p_4 · F_2 · p_1*p_4 · F_3 · p_1)/(p_2 · p_3*p_2 · p_4*p_3 · p_4),(9*p_4 · p_2*e_2 · p_3*e_3 · p_2*p_2 · p_3*p_3 · p_4)/((((p_3 · p_4 - p_2 · p_4))*p_2 · p_4*p_1 · p_2*p_2 · p_3)) - (9*p_4 · p_2*e_2 · p_3*e_3 · p_2*p_2 · p_3*p_3 · p_4)/((((p_3 · p_4 - p_2 · p_4))*p_3 · p_4*p_1 · p_2*p_2 · p_3)) - (9*p_4 · e_2*p_2 · p_3*e_3 · p_2*p_2 · p_3*p_3 · p_4)/(p_1 · p_2*p_2 · p_3*p_2 · p_4*p_3 · p_4) - (9*p_4 · p_2*e_2 · e_3*p_3 · p_2*p_2 · p_3*p_3 · p_4)/(p_1 · p_2*p_2 · p_3*p_2 · p_4*p_3 · p_4) + (9*p_4 · e_2*p_2 · e_3*p_3 · p_2*p_2 · p_3*p_3 · p_4)/(p_1 · p_2*p_2 · p_3*p_2 · p_4*p_3 · p_4) + (74*p_4 · p_2*e_2 · p_3*e_3 · p_4*p_1 · p_3)/((((p_1 · p_3 - p_2 · p_3))*p_2 · p_3*p_1 · p_2)) - (74*p_4 · p_2*e_2 · p_3*e_3 · p_4*p_1 · p_3)/((((p_1 · p_3 - p_2 · p_3))*p_1 · p_3*p_1 · p_2)) - (74*p_4 · e_2*p_2 · p_3*e_3 · p_4*p_1 · p_3)/(p_1 · p_2*p_1 · p_3*p_2 · p_3) - (74*p_4 · p_2*e_2 · e_3*p_3 · p_4*p_1 · p_3)/(p_1 · p_2*p_1 · p_3*p_2 · p_3) + (74*p_4 · e_2*p_2 · e_3*p_3 · p_4*p_1 · p_3)/(p_1 · p_2*p_1 · p_3*p_2 · p_3) - (e_2 · p_3*e_3 · p_2)/(p_2 · p_3) + (p_2 · p_3*e_3 · e_2)/(p_2 · p_3) + (e_2 · e_3*p_3 · p_2)/(p_2 · p_3) - (p_2 · e_3*p_3 · e_2)/(p_2 · p_3) + (5*p_3 · p_2*e_2 · p_3*e_3 · p_2*p_2 · p_3)/(p_1 · p_2*p_2 · p_4*p_3 · p_4) - (5*p_3 · e_2*p_2 · p_3*e_3 · p_2*p_2 · p_3)/(p_1 · p_2*p_2 · p_4*p_3 · p_4) - (5*p_3 · p_2*e_2 · e_3*p_3 · p_2*p_2 · p_3)/(p_1 · p_2*p_2 · p_4*p_3 · p_4) + (5*p_3 · e_2*p_2 · e_3*p_3 · p_2*p_2 · p_3)/(p_1 · p_2*p_2 · p_4*p_3 · p_4) - (98*p_4 · p_2*e_2 · p_1*p_4 · p_3*e_3 · p_1)/(p_2 · p_3*p_2 · p_4*p_3 · p_4) + (98*p_4 · p_2*e_2 · p_1*p_4 · e_3*p_3 · p_1)/(p_2 · p_3*p_2 · p_4*p_3 · p_4) + (98*p_4 · e_2*p_2 · p_1*p_4 · p_3*e_3 · p_1)/(p_2 · p_3*p_2 · p_4*p_3 · p_4) - (98*p_4 · e_2*p_2 · p_1*p_4 · e_3*p_3 · p_1)/(p_2 · p_3*p_2 · p_4*p_3 · p_4)
-2*(Tr(F_2 · F_3))/(p_2 · p_4) + 65*(p_3 · F_2 · F_3 · p_2)/(p_2 · p_3*p_3 · p_4),(2*e_2 · p_3*e_3 · p_2*p_1 · p_3*p_4 · p_2*p_1 · p_2)/((p_4 · p_2*p_4 · p_3*((p_4 · p_2 + p_3 · p_1))*p_1 · p_2)) + (2*e_2 · p_3*e_3 · p_2*p_1 · p_3*p_3 · p_1*p_1 · p_2)/((p_4 · p_2*p_4 · p_3*((p_4 · p_2 + p_3 · p_1))*p_1 · p_2)) + (2*e_2 · p_3*e_3 · p_2*p_2 · p_3*p_4 · p_2*p_1 · p_2)/((p_4 · p_2*p_4 · p_3*((p_4 · p_2 + p_3 · p_1))*p_1 · p_2)) + (2*e_2 · p_3*e_3 · p_2*p_2 · p_3*p_3 · p_1*p_1 · p_2)/((p_4 · p_2*p_4 · p_3*((p_4 · p_2 + p_3 · p_1))*p_1 · p_2)) + (2*e_2 · p_3*e_3 · p_2*p_3 · p_3*p_4 · p_2*p_1 · p_2)/((p_4 · p_2*p_4 · p_3*((p_4 · p_2 + p_3 · p_1))*p_1 · p_2)) + (2*e_2 · p_3*e_3 · p_2*p_3 · p_3*p_3 · p_1*p_1 · p_2)/((p_4 · p_2*p_4 · p_3*((p_4 · p_2 + p_3 · p_1))*p_1 · p_2)) + (2*p_2 · p_3*e_3 · e_2*p_4 · p_3*p_4 · p_2*p_1 · p_2)/((p_2 · p_4*p_4 · p_3*((p_4 · p_2 + p_3 · p_1))*p_1 · p_2)) + (2*p_2 · p_3*e_3 · e_2*p_4 · p_3*p_3 · p_1*p_1 · p_2)/((p_2 · p_4*p_4 · p_3*((p_4 · p_2 + p_3 · p_1))*p_1 · p_2)) + (2*e_2 · e_3*p_3 · p_2*p_4 · p_3*p_4 · p_2*p_1 · p_2)/((p_2 · p_4*p_4 · p_3*((p_4 · p_2 + p_3 · p_1))*p_1 · p_2)) + (2*e_2 · e_3*p_3 · p_2*p_4 · p_3*p_3 · p_1*p_1 · p_2)/((p_2 · p_4*p_4 · p_3*((p_4 · p_2 + p_3 · p_1))*p_1 · p_2)) - (2*p_2 · e_3*p_3 · e_2*p_4 · p_3*p_4 · p_2*p_1 · p_2)/((p_2 · p_4*p_4 · p_3*((p_4 · p_2 + p_3 · p_1))*p_1 · p_2)) - (2*p_2 · e_3*p_3 · e_2*p_4 · p_3*p_3 · p_1*p_1 · p_2)/((p_2 · p_4*p_4 · p_3*((p_4 · p_2 + p_3 · p_1))*p_1 · p_2)) + (65*p_3 · p_2*e_2 · p_3*e_3 · p_2*p_4 · p_3*p_4 · p_2*p_1 · p_2)/((p_2 · p_3*p_3 · p_4*p_4 · p_3*((p_4 · p_2 + p_3 · p_1))*p_1 · p_2)) + (65*p_3 · p_2*e_2 · p_3*e_3 · p_2*p_4 · p_3*p_3 · p_1*p_1 · p_2)/((p_2 · p_3*p_3 · p_4*p_4 · p_3*((p_4 · p_2 + p_3 · p_1))*p_1 · p_2)) - (65*p_3 · e_2*p_2 · p_3*e_3 · p_2*p_4 · p_3*p_4 · p_2*p_1 · p_2)/((p_2 · p_3*p_3 · p_4*p_4 · p_3*((p_4 · p_2 + p_3 · p_1))*p_1 · p_2)) - (65*p_3 · e_2*p_2 · p_3*e_3 · p_2*p_4 · p_3*p_3 · p_1*p_1 · p_2)/((p_2 · p_3*p_3 · p_4*p_4 · p_3*((p_4 · p_2 + p_3 · p_1))*p_1 · p_2)) - (65*p_3 · p_2*e_2 · e_3*p_3 · p_2*p_4 · p_3*p_4 · p_2*p_1 · p_2)/((p_2 · p_3*p_3 · p_4*p_4 · p_3*((p_4 · p_2 + p_3 · p_1))*p_1 · p_2)) - (65*p_3 · p_2*e_2 · e_3*p_3 · p_2*p_4 · p_3*p_3 · p_1*p_1 · p_2)/((p_2 · p_3*p_3 · p_4*p_4 · p_3*((p_4 · p_2 + p_3 · p_1))*p_1 · p_2)) + (65*p_3 · e_2*p_2 · e_3*p_3 · p_2*p_4 · p_3*p_4 · p_2*p_1 · p_2)/((p_2 · p_3*p_3 · p_4*p_4 · p_3*((p_4 · p_2 + p_3 · p_1))*p_1 · p_2)) + (65*p_3 · e_2*p_2 · e_3*p_3 · p_2*p_4 · p_3*p_3 · p_1*p_1 · p_2)/((p_2 · p_3*p_3 · p_4*p_4 · p_3*((p_4 · p_2 + p_3 · p_1))*p_1 · p_2))
-4*(p_1 · F_3 · p_4*p_3 · F_2 · p_3*p_1 · p_2*p_2 · p_4)/(p_1 · p_2*p_1 · p_3*p_2 · p_3*p_2 · p_4*p_3 · p_4) - 16*(p_1 · F_2 · p_1*p_2 · F_3 · p_4*p_1 · p_4)/(p_1 · p_2*p_2 · p_3*p_2 · p_4*p_3 · p_4),-(4*p_1 · p_3*e_3 · p_4*p_3 · p_2*e_2 · p_3*p_1 · p_2*p_2 · p_4)/(p_1 · p_2*p_1 · p_3*p_2 · p_3*p_2 · p_4*p_3 · p_4) + (4*p_1 · p_3*e_3 · p_4*p_3 · e_2*p_2 · p_3*p_1 · p_2*p_2 · p_4)/(p_1 · p_2*p_1 · p_3*p_2 · p_3*p_2 · p_4*p_3 · p_4) + (4*p_1 · e_3*p_3 · p_4*p_3 · p_2*e_2 · p_3*p_1 · p_2*p_2 · p_4)/(p_1 · p_2*p_1 · p_3*p_2 · p_3*p_2 · p_4*p_3 · p_4) - (4*p_1 · e_3*p_3 · p_4*p_3 · e_2*p_2 · p_3*p_1 · p_2*p_2 · p_4)/(p_1 · p_2*p_1 · p_3*p_2 · p_3*p_2 · p_4*p_3 · p_4) - (16*p_1 · p_2*e_2 · p_1*p_2 · p_3*e_3 · p_4*p_1 · p_4)/(p_1 · p_2*p_2 · p_3*p_2 · p_4*p_3 · p_4) + (16*p_1 · p_2*e_2 · p_1*p_2 · e_3*p_3 · p_4*p_1 · p_4)/(p_1 · p_2*p_2 · p_3*p_2 · p_4*p_3 · p_4) + (16*p_1 · e_2*p_2 · p_1*p_2 · p_3*e_3 · p_4*p_1 · p_4)/(p_1 · p_2*p_2 · p_3*p_2 · p_4*p_3 · p_4) - (16*p_1 · e_2*p_2 · p_1*p_2 · e_3*p_3 · p_4*p_1 · p_4)/(p_1 · p_2*p_2 · p_3*p_2 · p_4*p_3 · p_4)
-7*(p_3 · F_2 · F_3 · p_1*p_1 · p_3)/(p_1 · p_2*p_2 · p_3*p_3 · p_4) + (Tr(F_2 · F_3))/(p_2 · p_3) - 22*(Tr(F_2 · F_3))/(p_1 · p_2) - 94*(p_1 · F_2 · F_3 · p_4*p_1 · p_4*p_3 · p_4)/(p_1 · p_3*p_2 · p_3*p_2 · p_4*p_3 · p_4) - 62*(p_3 · F_2 · p_1*p_4 · F_3 · p_2)/(p_1 · p_2*p_2 · p_4*p_3 · p_4),-(7*p_3 · p_2*e_2 · p_3*e_3 · p_1*p_1 · p_3)/(p_1 · p_2*p_2 · p_3*p_3 · p_4) + (7*p_3 · e_2*p_2 · p_3*e_3 · p_1*p_1 · p_3)/(p_1 · p_2*p_2 · p_3*p_3 · p_4) + (7*p_3 · p_2*e_2 · e_3*p_3 · p_1*p_1 · p_3)/(p_1 · p_2*p_2 · p_3*p_3 · p_4) - (7*p_3 · e_2*p_2 · e_3*p_3 · p_1*p_1 · p_3)/(p_1 · p_2*p_2 · p_3*p_3 · p_4) + (e_2 · p_3*e_3 · p_2)/(p_2 · p_3) - (p_2 · p_3*e_3 · e_2)/(p_2 · p_3) - (e_2 · e_3*p_3 · p_2)/(p_2 · p_3) + (p_2 · e_3*p_3 · e_2)/(p_2 · p_3) - (22*e_2 · p_3*e_3 · p_2)/(p_1 · p_2) + (22*p_2 · p_3*e_3 · e_2)/(p_1 · p_2) + (22*e_2 · e_3*p_3 · p_2)/(p_1 · p_2) - (22*p_2 · e_3*p_3 · e_2)/(p_1 · p_2) + (94*p_2 · p_2*e_2 · p_3*e_3 · p_4*p_1 · p_4*p_3 · p_4)/(p_1 · p_3*p_2 · p_3*p_2 · p_4*p_3 · p_4) + (94*p_3 · p_2*e_2 · p_3*e_3 · p_4*p_1 · p_4*p_3 · p_4)/(p_1 · p_3*p_2 · p_3*p_2 · p_4*p_3 · p_4) + (94*p_4 · p_2*e_2 · p_3*e_3 · p_4*p_1 · p_4*p_3 · p_4)/(p_1 · p_3*p_2 · p_3*p_2 · p_4*p_3 · p_4) + (94*p_1 · e_2*p_2 · p_3*e_3 · p_4*p_1 · p_4*p_3 · p_4)/(p_1 · p_3*p_2 · p_3*p_2 · p_4*p_3 · p_4) + (94*p_1 · p_2*e_2 · e_3*p_3 · p_4*p_1 · p_4*p_3 · p_4)/(p_1 · p_3*p_2 · p_3*p_2 · p_4*p_3 · p_4) - (94*p_1 · e_2*p_2 · e_3*p_3 · p_4*p_1 · p_4*p_3 · p_4)/(p_3 · p_1*p_2 · p_3*p_2 · p_4*p_3 · p_4) - (62*p_3 · p_2*e_2 · p_1*p_4 · p_3*e_3 · p_2)/(p_1 · p_2*p_2 · p_4*p_3 · p_4) + (62*p_3 · p_2*e_2 · p_1*p_4 · e_3*p_3 · p_2)/(p_1 · p_2*p_2 · p_4*p_3 · p_4) + (62*p_3 · e_2*p_2 · p_1*p_4 · p_3*e_3 · p_2)/(p_1 · p_2*p_2 · p_4*p_3 · p_4) - (62*p_3 · e_2*p_2 · p_1*p_4 · e_3*p_3 · p_2)/(p_1 · p_2*p_2 · p_4*p_3 · p_4)
(p_2 · F_3 · F_2 · p_3*p_1 · p_3*p_3 · p_4)/(p_1 · p_2*p_1 · p_3*p_2 · p_3*p_2 · p_4) + (Tr(F_2 · F_3))/(p_2 · p_4),(p_2 · p_3*e_3 · p_2*e_2 · p_3*p_1 · p_3*p_3 · p_4)/(p_1 · p_2*p_1 · p_3*p_2 · p_3*p_2 · p_4) - (p_2 · e_3*p_3 · p_2*e_2 · p_3*p_1 · p_3*p_3 · p_4)/((((p_1 · p_2 - p_2 · p_3))*p_2 · p_3*p_1 · p_3*p_2 · p_4)) + (p_2 · e_3*p_3 · p_2*e_2 · p_3*p_1 · p_3*p_3 · p_4)/((((p_1 · p_2 - p_2 · p_3))*p_1 · p_2*p_1 · p_3*p_2 · p_4)) - (p_2 · p_3*e_3 · e_2*p_2 · p_3*p_1 · p_3*p_3 · p_4)/(p_1 · p_2*p_1 · p_3*p_2 · p_3*p_2 · p_4) + (p_2 · e_3*p_3 · e_2*p_2 · p_3*p_1 · p_3*p_3 · p_4)/(p_1 · p_2*p_1 · p_3*p_2 · p_3*p_2 · p_4) + (e_2 · p_3*e_3 · p_2)/(p_2 · p_4) - (p_2 · p_3*e_3 · e_2)/(p_2 · p_4) - (e_2 · e_3*p_3 · p_2)/(p_2 · p_4) + (p_2 · e_3*p_3 · e_2)/(p_2 · p_4)
6*(p_2 · F_3 · F_2 · p_4*p_1 · p_2*p_1 · p_4)/(p_1 · p_2*p_1 · p_3*p_2 · p_3*p_2 · p_4) - 92*(p_1 · F_3 · p_2*p_4 · F_2 · p_1)/(p_1 · p_3*p_2 · p_4*p_3 · p_4) + 2*(p_4 · F_3 · F_2 · p_3)/(p_2 · p_3*p_3 · p_4) - 59*(Tr(F_2 · F_3))/(p_2 · p_4),(6*p_2 · p_3*e_3 · p_2*e_2 · p_4*p_1 · p_2*p_1 · p_4)/(p_1 · p_2*p_1 · p_3*p_2 · p_3*p_2 · p_4) - (6*p_2 · e_3*p_3 · p_2*e_2 · p_4*p_1 · p_2*p_1 · p_4)/(p_1 · p_2*p_1 · p_3*p_2 · p_3*p_2 · p_4) - (6*p_2 · p_3*e_3 · e_2*p_2 · p_4*p_1 · p_2*p_1 · p_4)/(p_1 · p_2*p_1 · p_3*p_2 · p_3*p_2 · p_4) + (6*p_2 · e_3*p_3 · e_2*p_2 · p_4*p_1 · p_2*p_1 · p_4)/(p_1 · p_2*p_1 · p_3*p_2 · p_3*p_2 · p_4) - (92*p_1 · p_3*e_3 · p_2*p_4 · p_2*e_2 · p_1)/(p_1 · p_3*p_2 · p_4*p_3 · p_4) + (92*p_1 · p_3*e_3 · p_2*p_4 · e_2*p_2 · p_1)/(p_1 · p_3*p_2 · p_4*p_3 · p_4) + (92*p_1 · e_3*p_3 · p_2*p_4 · p_2*e_2 · p_1)/(p_1 · p_3*p_2 · p_4*p_3 · p_4) - (92*p_1 · e_3*p_3 · p_2*p_4 · e_2*p_2 · p_1)/((-((p_2 · p_3 + p_3 · p_3 + p_4 · p_3))*p_2 · p_4*p_3 · p_4)) + (2*p_4 · p_3*e_3 · p_2*e_2 · p_3)/(p_2 · p_3*p_3 · p_4) - (2*p_4 · e_3*p_3 · p_2*e_2 · p_3)/(p_2 · p_3*p_3 · p_4) - (2*p_4 · p_3*e_3 · e_2*p_2 · p_3)/(p_2 · p_3*p_3 · p_4) + (2*p_4 · e_3*p_3 · e_2*p_2 · p_3)/(p_2 · p_3*p_3 · p_4) - (59*e_2 · p_3*e_3 · p_2)/(p_2 · p_4) + (59*p_2 · p_3*e_3 · e_2)/(p_2 · p_4) + (59*e_2 · e_3*p_3 · p_2)/(p_2 · p_4) - (59*p_2 · e_3*p_3 · e_2)/(p_2 · p_4)
(p_3 · F_2 · F_3 · p_2*p_1 · p_2*p_1 · p_4)/(p_1 · p_2*p_1 · p_3*p_2 · p_3*p_2 · p_4) + (p_1 · F_2 · F_3 · p_4*p_1 · p_4*p_2 · p_3)/(p_1 · p_2*p_1 · p_3*p_2 · p_4*p_3 · p_4) + (p_4 · F_2 · F_3 · p_2*p_1 · p_2)/(p_1 · p_3*p_2 · p_3*p_2 · p_4),(p_3 · p_2*e_2 · p_3*e_3 · p_2*p_1 · p_2*p_1 · p_4*p_2 · p_3)/((p_1 · p_2*p_1 · p_3*p_2 · p_3*p_2 · p_4*((p_2 · p_3 + p_4 · p_1)))) + (p_3 · p_2*e_2 · p_3*e_3 · p_2*p_1 · p_2*p_1 · p_4*p_4 · p_1)/((p_1 · p_2*p_1 · p_3*p_2 · p_3*p_2 · p_4*((p_2 · p_3 + p_4 · p_1)))) - (p_3 · e_2*p_2 · p_3*e_3 · p_2*p_1 · p_2*p_1 · p_4*p_2 · p_3)/((p_1 · p_2*p_1 · p_3*p_2 · p_3*p_2 · p_4*((p_2 · p_3 + p_4 · p_1)))) - (p_3 · e_2*p_2 · p_3*e_3 · p_2*p_1 · p_2*p_1 · p_4*p_4 · p_1)/((p_1 · p_2*p_1 · p_3*p_2 · p_3*p_2 · p_4*((p_2 · p_3 + p_4 · p_1)))) - (p_3 · p_2*e_2 · e_3*p_3 · p_2*p_1 · p_2*p_1 · p_4*p_2 · p_3)/((p_1 · p_2*p_1 · p_3*p_2 · p_3*p_2 · p_4*((p_2 · p_3 + p_4 · p_1)))) - (p_3 · p_2*e_2 · e_3*p_3 · p_2*p_1 · p_2*p_1 · p_4*p_4 · p_1)/((p_1 · p_2*p_1 · p_3*p_2 · p_3*p_2 · p_4*((p_2 · p_3 + p_4 · p_1)))) + (p_3 · e_2*p_2 · e_3*p_3 · p_2*p_1 · p_2*p_1 · p_4*p_2 · p_3)/((p_1 · p_2*p_1 · p_3*p_2 · p_3*p_2 · p_4*((p_2 · p_3 + p_4 · p_1)))) + (p_3 · e_2*p_2 · e_3*p_3 · p_2*p_1 · p_2*p_1 · p_4*p_4 · p_1)/((p_1 · p_2*p_1 · p_3*p_2 · p_3*p_2 · p_4*((p_2 · p_3 + p_4 · p_1)))) + (p_1 · p_2*e_2 · p_3*e_3 · p_4*p_1 · p_4*p_2 · p_3*p_2 · p_3)/((p_1 · p_2*p_1 · p_3*p_2 · p_4*p_3 · p_4*((p_2 · p_3 + p_4 · p_1)))) + (p_1 · p_2*e_2 · p_3*e_3 · p_4*p_1 · p_4*p_2 · p_3*p_4 · p_1)/((p_1 · p_2*p_1 · p_3*p_2 · p_4*p_3 · p_4*((p_2 · p_3 + p_4 · p_1)))) - (p_1 · e_2*p_2 · p_3*e_3 · p_4*p_1 · p_4*p_2 · p_3*p_2 · p_3)/((p_1 · p_2*p_1 · p_3*p_2 · p_4*p_3 · p_4*((p_2 · p_3 + p_4 · p_1)))) - (p_1 · e_2*p_2 · p_3*e_3 · p_4*p_1 · p_4*p_2 · p_3*p_4 · p_1)/((p_1 · p_2*p_1 · p_3*p_2 · p_4*p_3 · p_4*((p_2 · p_3 + p_4 · p_1)))) - (p_1 · p_2*e_2 · e_3*p_3 · p_4*p_1 · p_4*p_2 · p_3*p_2 · p_3)/((p_1 · p_2*p_1 · p_3*p_2 · p_4*p_3 · p_4*((p_2 · p_3 + p_4 · p_1)))) - (p_1 · p_2*e_2 · e_3*p_3 · p_4*p_1 · p_4*p_2 · p_3*p_4 · p_1)/((p_1 · p_2*p_1 · p_3*p_2 · p_4*p_3 · p_4*((p_2 · p_3 + p_4 · p_1)))) + (p_1 · e_2*p_2 · e_3*p_3 · p_4*p_1 · p_4*p_2 · p_3*p_2 · p_3)/((p_1 · p_2*p_1 · p_3*p_2 · p_4*p_3 · p_4*((p_2 · p_3 + p_4 · p_1)))) + (p_1 · e_2*p_2 · e_3*p_3 · p_4*p_1 · p_4*p_2 · p_3*p_4 · p_1)/((p_1 · p_2*p_1 · p_3*p_2 · p_4*p_3 · p_4*((p_2 · p_3 + p_4 · p_1)))) + (p_4 · p_2*e_2 · p_3*e_3 · p_2*p_1 · p_2*p_2 · p_3)/((p_1 · p_3*p_2 · p_3*p_2 · p_4*((p_2 · p_3 + p_4 · p_1)))) + (p_4 · p_2*e_2 · p_3*e_3 · p_2*p_1 · p_2*p_4 · p_1)/((p_1 · p_3*p_2 · p_3*p_2 · p_4*((p_2 · p_3 + p_4 · p_1)))) - (p_4 · e_2*p_2 · p_3*e_3 · p_2*p_1 · p_2*p_2 · p_3)/((p_1 · p_3*p_2 · p_3*p_2 · p_4*((p_2 · p_3 + p_4 · p_1)))) - (p_4 · e_2*p_2 · p_3*e_3 · p_2*p_1 · p_2*p_4 · p_1)/((p_1 · p_3*p_2 · p_3*p_2 · p_4*((p_2 · p_3 + p_4 · p_1)))) - (p_4 · p_2*e_2 · e_3*p_3 · p_2*p_2 · p_1*p_2 · p_3)/((p_1 · p_3*p_2 · p_3*p_2 · p_4*((p_2 · p_3 + p_4 · p_1)))) - (p_4 · p_2*e_2 · e_3*p_3 · p_2*p_2 · p_1*p_4 · p_1)/((p_1 · p_3*p_2 · p_3*p_2 · p_4*((p_2 · p_3 + p_4 · p_1)))) + (p_4 · e_2*p_2 · e_3*p_3 · p_2*p_1 · p_2*p_2 · p_3)/((p_1 · p_3*p_2 · p_3*p_2 · p_4*((p_2 · p_3 + p_4 · p_1)))) + (p_4 · e_2*p_2 · e_3*p_3 · p_2*p_1 · p_2*p_4 · p_1)/((p_1 · p_3*p_2 · p_3*p_2 · p_4*((p_2 · p_3 + p_4 · p_1))))
5*(Tr(F_2 · F_3)*p_3 · p_4)/(p_2 · p_3*p_2 · p_4) - 71*(p_4 · F_3 · F_2 · p_4)/(p_1 · p_2*p_2 · p_3) + 69*(Tr(F_2 · F_3)*p_1 · p_4*p_2 · p_4)/(p_1 · p_2*p_1 · p_3*p_2 · p_3) - 8*(p_4 · F_3 · F_2 · p_1*p_1 · p_4*p_3 · p_4)/(p_1 · p_2*p_1 · p_3*p_2 · p_4*p_3 · p_4),(5*e_2 · p_3*e_3 · p_2*p_3 · p_4)/(p_2 · p_3*p_2 · p_4) - (5*p_2 · p_3*e_3 · e_2*p_3 · p_4)/(p_2 · p_3*p_2 · p_4) - (5*e_2 · e_3*p_3 · p_2*p_4 · p_3)/(p_2 · p_3*p_2 · p_4) + (5*p_2 · e_3*p_3 · e_2*p_3 · p_4)/(p_2 · p_3*p_2 · p_4) - (71*p_4 · p_3*e_3 · p_2*e_2 · p_4)/(p_1 · p_2*p_2 · p_3) + (71*p_4 · e_3*p_3 · p_2*e_2 · p_4)/(p_1 · p_2*p_2 · p_3) + (71*p_4 · p_3*e_3 · e_2*p_2 · p_4)/(p_1 · p_2*p_2 · p_3) - (71*p_4 · e_3*p_3 · e_2*p_2 · p_4)/(p_1 · p_2*p_2 · p_3) + (69*e_2 · p_3*e_3 · p_2*p_1 · p_4*p_2 · p_4)/(p_1 · p_2*p_1 · p_3*p_2 · p_3) - (69*p_2 · p_3*e_3 · e_2*p_1 · p_4*p_2 · p_4)/(p_1 · p_2*p_1 · p_3*p_2 · p_3) - (69*e_2 · e_3*p_3 · p_2*p_1 · p_4*p_2 · p_4)/(p_1 · p_2*p_1 · p_3*p_2 · p_3) + (69*p_2 · e_3*p_3 · e_2*p_1 · p_4*p_2 · p_4)/(p_1 · p_2*p_1 · p_3*p_2 · p_3) - (8*p_4 · p_3*e_3 · p_2*e_2 · p_1*p_1 · p_4*p_3 · p_4)/(p_1 · p_2*p_1 · p_3*p_2 · p_4*p_3 · p_4) + (8*p_4 · e_3*p_3 · p_2*e_2 · p_1*p_1 · p_4*p_3 · p_4)/(p_1 · p_2*p_1 · p_3*p_2 · p_4*p_3 · p_4) + (8*p_4 · p_3*e_3 · e_2*p_2 · p_1*p_1 · p_4*p_3 · p_4)/(p_1 · p_2*p_1 · p_3*p_2 · p_4*p_3 · p_4) - (8*p_4 · e_3*p_3 · e_2*p_2 · p_1*p_1 · p_4*p_3 · p_4)/(p_1 · p_2*p_3 · p_1*p_2 · p_4*p_3 · p_4)
(p_4 · F_3 · F_2 · p_1*p_2 · p_3*p_2 · p_4)/(p_1 · p_2*p_2 · p_3*p_2 · p_4*p_3 · p_4) - 74*(p_4 · F_3 · F_2 · p_3)/(p_2 · p_3*p_2 · p_4) + 17*(p_2 · F_3 · F_2 · p_3)/(p_1 · p_2*p_3 · p_4) + 50*(p_1 · F_3 · p_2*p_3 · F_2 · p_1)/(p_1 · p_2*p_2 · p_3*p_3 · p_4),(p_4 · p_3*e_3 · p_2*e_2 · p_1*p_2 · p_3*p_2 · p_4*p_2 · p_4)/(p_1 · p_2*p_2 · p_3*p_2 · p_4*p_3 · p_4*p_2 · p_4) - (p_4 · e_3*p_3 · p_2*e_2 · p_1*p_2 · p_3*p_2 · p_4*p_2 · p_4)/(p_1 · p_2*p_2 · p_3*p_2 · p_4*p_3 · p_4*p_2 · p_4) - (p_4 · p_3*e_3 · e_2*p_2 · p_1*p_2 · p_3*p_2 · p_4*p_2 · p_4)/(p_1 · p_2*p_2 · p_3*p_2 · p_4*p_3 · p_4*p_2 · p_4) + (p_4 · e_3*p_3 · e_2*p_2 · p_1*p_2 · p_3*p_2 · p_4*p_2 · p_4)/((((p_2 · p_4 - p_2 · p_3))*p_2 · p_3*p_1 · p_2*p_2 · p_4*p_3 · p_4)) - (p_4 · e_3*p_3 · e_2*p_2 · p_1*p_2 · p_3*p_2 · p_4*p_2 · p_4)/((((p_2 · p_4 - p_2 · p_3))*p_2 · p_4*p_1 · p_2*p_2 · p_4*p_3 · p_4)) - (74*p_4 · p_3*e_3 · p_2*e_2 · p_3*p_2 · p_4)/(p_2 · p_3*p_2 · p_4*p_2 · p_4) + (74*p_4 · e_3*p_3 · p_2*e_2 · p_3*p_2 · p_4)/(p_2 · p_3*p_2 · p_4*p_2 · p_4) + (74*p_4 · p_3*e_3 · e_2*p_2 · p_3*p_2 · p_4)/(p_2 · p_3*p_2 · p_4*p_2 · p_4) - (74*p_4 · e_3*p_3 · e_2*p_2 · p_3*p_2 · p_4)/(p_2 · p_3*p_2 · p_4*p_2 · p_4) + (17*p_2 · p_3*e_3 · p_2*e_2 · p_3*p_2 · p_4)/(p_1 · p_2*p_3 · p_4*p_2 · p_4) - (17*p_2 · e_3*p_3 · p_2*e_2 · p_3*p_2 · p_4)/(p_1 · p_2*p_3 · p_4*p_2 · p_4) - (17*p_2 · p_3*e_3 · e_2*p_2 · p_3*p_2 · p_4)/(p_1 · p_2*p_3 · p_4*p_2 · p_4) + (17*p_2 · e_3*p_3 · e_2*p_2 · p_3*p_2 · p_4)/(p_1 · p_2*p_3 · p_4*p_2 · p_4) + (50*p_1 · p_3*e_3 · p_2*p_3 · p_2*e_2 · p_1*p_2 · p_4)/(p_1 · p_2*p_2 · p_3*p_3 · p_4*p_2 · p_4) - (50*p_1 · p_3*e_3 · p_2*p_3 · e_2*p_2 · p_1*p_2 · p_4)/(p_1 · p_2*p_2 · p_3*p_3 · p_4*p_2 · p_4) - (50*p_1 · e_3*p_3 · p_2*p_3 · p_2*e_2 · p_1*p_2 · p_4)/(p_1 · p_2*p_2 · p_3*p_3 · p_4*p_2 · p_4) + (50*p_1 · e_3*p_3 · p_2*p_3 · e_2*p_2 · p_1*p_2 · p_4)/(p_1 · p_2*p_2 · p_3*p_3 · p_4*p_2 · p_4)
-6*(Tr(F_2 · F_3)*p_2 · p_3)/(p_1 · p_2*p_2 · p_4) + 91*(Tr(F_2 · F_3)*p_2 · p_4)/(p_2 · p_3*p_3 · p_4),-(6*e_2 · p_3*e_3 · p_2*p_2 · p_3)/(p_1 · p_2*p_2 · p_4) + (6*p_2 · p_3*e_3 · e_2*p_2 · p_3)/(p_1 · p_2*p_2 · p_4) + (6*e_2 · e_3*p_3 · p_2*p_2 · p_3)/(p_1 · p_2*p_2 · p_4) - (6*p_2 · e_3*p_3 · e_2*p_2 · p_3)/(p_1 · p_2*p_2 · p_4) + (91*e_2 · p_3*e_3 · p_2*p_2 · p_4)/(p_2 · p_3*p_3 · p_4) - (91*p_2 · p_3*e_3 · e_2*p_2 · p_4)/(p_2 · p_3*p_3 · p_4) - (91*e_2 · e_3*p_3 · p_2*p_2 · p_4)/(p_2 · p_3*p_3 · p_4) + (91*p_2 · e_3*p_3 · e_2*p_2 · p_4)/(p_2 · p_3*p_3 · p_4)
-8*(p_1 · F_3 · F_2 · p_4)/(p_2 · p_4*p_3 · p_4) - 73*(p_1 · F_3 · F_2 · p_4*p_1 · p_4)/(p_1 · p_2*p_1 · p_3*p_2 · p_4),-(8*p_1 · p_3*e_3 · p_2*e_2 · p_4)/(p_2 · p_4*p_3 · p_4) + (8*p_1 · e_3*p_3 · p_2*e_2 · p_4)/(p_2 · p_4*p_3 · p_4) + (8*p_1 · p_3*e_3 · e_2*p_2 · p_4)/(p_2 · p_4*p_3 · p_4) - (8*p_1 · e_3*p_3 · e_2*p_2 · p_4)/((((p_2 · p_4 - p_3 · p_4))*p_3 · p_4)) + (8*p_1 · e_3*p_3 · e_2*p_2 · p_4)/((((p_2 · p_4 - p_3 · p_4))*p_2 · p_4)) - (73*p_1 · p_3*e_3 · p_2*e_2 · p_4*p_1 · p_4)/(p_1 · p_2*p_1 · p_3*p_2 · p_4) + (73*p_1 · e_3*p_3 · p_2*e_2 · p_4*p_1 · p_4)/(p_1 · p_2*p_1 · p_3*p_2 · p_4) + (73*p_1 · p_3*e_3 · e_2*p_2 · p_4*p_1 · p_4)/(p_1 · p_2*p_1 · p_3*p_2 · p_4) - (73*p_1 · e_3*p_3 · e_2*p_2 · p_4*p_1 · p_4)/(p_1 · p_2*p_1 · p_3*p_2 · p_4)
(p_3 · F_2 · F_3 · p_4)/(p_2 · p_3*p_3 · p_4),(p_1 · p_2*e_2 · p_1*e_3 · p_4)/(p_2 · p_3*p_3 · p_4) + (p_1 · p_2*e_2 · p_2*e_3 · p_4)/(p_2 · p_3*p_3 · p_4) + (p_1 · p_2*e_2 · p_4*e_3 · p_4)/(p_2 · p_3*p_3 · p_4) - (p_2 · p_2*e_2 · p_3*e_3 · p_4)/(p_2 · p_3*p_3 · p_4) - (p_4 · p_2*e_2 · p_3*e_3 · p_4)/(p_2 · p_3*p_3 · p_4) - (p_3 · e_2*p_2 · p_3*e_3 · p_4)/(p_2 · p_3*p_3 · p_4) - (p_3 · p_2*e_2 · e_3*p_3 · p_4)/(p_2 · p_3*p_3 · p_4) + (p_3 · e_2*p_2 · e_3*p_4 · p_3)/(p_2 · p_3*p_3 · p_4)
8*(Tr(F_2 · F_3)*p_1 · p_4*p_2 · p_4)/(p_1 · p_3*p_2 · p_4*p_3 · p_4) + 17*(p_3 · F_2 · F_3 · p_4*p_2 · p_3)/(p_1 · p_2*p_2 · p_3*p_2 · p_4) + 10*(p_3 · F_2 · F_3 · p_4*p_2 · p_4*p_3 · p_4)/(p_1 · p_2*p_2 · p_3*p_2 · p_4*p_3 · p_4),(8*e_2 · p_3*e_3 · p_2*p_1 · p_4*p_4 · p_2*p_1 · p_2)/((p_1 · p_3*p_2 · p_4*p_3 · p_4*((p_1 · p_2 + p_4 · p_3)))) + (8*e_2 · p_3*e_3 · p_2*p_1 · p_4*p_4 · p_2*p_4 · p_3)/((p_1 · p_3*p_2 · p_4*p_3 · p_4*((p_1 · p_2 + p_4 · p_3)))) - (8*p_2 · p_3*e_3 · e_2*p_1 · p_4*p_2 · p_4*p_1 · p_2)/((p_1 · p_3*p_2 · p_4*p_3 · p_4*((p_1 · p_2 + p_4 · p_3)))) - (8*p_2 · p_3*e_3 · e_2*p_1 · p_4*p_2 · p_4*p_4 · p_3)/((p_1 · p_3*p_2 · p_4*p_3 · p_4*((p_1 · p_2 + p_4 · p_3)))) - (8*e_2 · e_3*p_3 · p_2*p_1 · p_4*p_2 · p_4*p_1 · p_2)/((p_1 · p_3*p_2 · p_4*p_3 · p_4*((p_1 · p_2 + p_4 · p_3)))) - (8*e_2 · e_3*p_3 · p_2*p_1 · p_4*p_2 · p_4*p_4 · p_3)/((p_1 · p_3*p_2 · p_4*p_3 · p_4*((p_1 · p_2 + p_4 · p_3)))) + (8*p_2 · e_3*p_3 · e_2*p_1 · p_4*p_2 · p_4*p_1 · p_2)/((p_1 · p_3*p_2 · p_4*p_3 · p_4*((p_1 · p_2 + p_4 · p_3)))) + (8*p_2 · e_3*p_3 · e_2*p_1 · p_4*p_2 · p_4*p_4 · p_3)/((p_1 · p_3*p_2 · p_4*p_3 · p_4*((p_1 · p_2 + p_4 · p_3)))) + (17*p_3 · p_2*e_2 · p_3*e_3 · p_4*p_2 · p_3*p_1 · p_2)/((p_1 · p_2*p_2 · p_3*p_2 · p_4*((p_1 · p_2 + p_4 · p_3)))) + (17*p_3 · p_2*e_2 · p_3*e_3 · p_4*p_2 · p_3*p_4 · p_3)/((p_1 · p_2*p_2 · p_3*p_2 · p_4*((p_1 · p_2 + p_4 · p_3)))) - (17*p_3 · e_2*p_2 · p_3*e_3 · p_4*p_2 · p_3*p_1 · p_2)/((p_1 · p_2*p_2 · p_3*p_2 · p_4*((p_1 · p_2 + p_4 · p_3)))) - (17*p_3 · e_2*p_2 · p_3*e_3 · p_4*p_2 · p_3*p_4 · p_3)/((p_1 · p_2*p_2 · p_3*p_2 · p_4*((p_1 · p_2 + p_4 · p_3)))) - (17*p_3 · p_2*e_2 · e_3*p_3 · p_4*p_2 · p_3*p_1 · p_2)/((p_1 · p_2*p_2 · p_3*p_2 · p_4*((p_1 · p_2 + p_4 · p_3)))) - (17*p_3 · p_2*e_2 · e_3*p_3 · p_4*p_2 · p_3*p_4 · p_3)/((p_1 · p_2*p_2 · p_3*p_2 · p_4*((p_1 · p_2 + p_4 · p_3)))) + (17*p_3 · e_2*p_2 · e_3*p_3 · p_4*p_3 · p_2*p_1 · p_2)/((p_1 · p_2*p_2 · p_3*p_2 · p_4*((p_1 · p_2 + p_4 · p_3)))) + (17*p_3 · e_2*p_2 · e_3*p_3 · p_4*p_3 · p_2*p_4 · p_3)/((p_1 · p_2*p_2 · p_3*p_2 · p_4*((p_1 · p_2 + p_4 · p_3)))) + (10*p_3 · p_2*e_2 · p_3*e_3 · p_4*p_2 · p_4*p_3 · p_4*p_1 · p_2)/((p_1 · p_2*p_2 · p_3*p_2 · p_4*p_3 · p_4*((p_1 · p_2 + p_4 · p_3)))) + (10*p_3 · p_2*e_2 · p_3*e_3 · p_4*p_2 · p_4*p_3 · p_4*p_4 · p_3)/((p_1 · p_2*p_2 · p_3*p_2 · p_4*p_3 · p_4*((p_1 · p_2 + p_4 · p_3)))) - (10*p_3 · e_2*p_2 · p_3*e_3 · p_4*p_2 · p_4*p_3 · p_4*p_1 · p_2)/((p_1 · p_2*p_2 · p_3*p_2 · p_4*p_3 · p_4*((p_1 · p_2 + p_4 · p_3)))) - (10*p_3 · e_2*p_2 · p_3*e_3 · p_4*p_2 · p_4*p_3 · p_4*p_4 · p_3)/((p_1 · p_2*p_2 · p_3*p_2 · p_4*p_3 · p_4*((p_1 · p_2 + p_4 · p_3)))) - (10*p_3 · p_2*e_2 · e_3*p_3 · p_4*p_2 · p_4*p_3 · p_4*p_1 · p_2)/((p_1 · p_2*p_2 · p_3*p_2 · p_4*p_3 · p_4*((p_1 · p_2 + p_4 · p_3)))) - (10*p_3 · p_2*e_2 · e_3*p_3 · p_4*p_2 · p_4*p_3 · p_4*p_4 · p_3)/((p_1 · p_2*p_2 · p_3*p_2 · p_4*p_3 · p_4*((p_1 · p_2 + p_4 · p_3)))) + (10*p_3 · e_2*p_2 · e_3*p_3 · p_4*p_2 · p_4*p_3 · p_4*p_1 · p_2)/((p_1 · p_2*p_2 · p_3*p_2 · p_4*p_3 · p_4*((p_1 · p_2 + p_4 · p_3)))) + (10*p_3 · e_2*p_2 · e_3*p_3 · p_4*p_2 · p_4*p_3 · p_4*p_4 · p_3)/((p_1 · p_2*p_2 · p_3*p_2 · p_4*p_3 · p_4*((p_1 · p_2 + p_4 · p_3))))
7*(p_2 · F_3 · p_1*p_4 · F_2 · p_1*p_1 · p_4)/(p_1 · p_3*p_2 · p_3*p_2 · p_4*p_3 · p_4) + 40*(p_1 · F_3 · p_1*p_4 · F_2 · p_1*p_1 · p_3)/(p_1 · p_2*p_1 · p_3*p_2 · p_4*p_3 · p_4) - 26*(p_1 · F_2 · F_3 · p_4)/(p_1 · p_2*p_1 · p_3) + 29*(p_1 · F_3 · F_2 · p_3)/(p_2 · p_4*p_3 · p_4) - 60*(p_3 · F_2 · p_4*p_4 · F_3 · p_2*p_1 · p_3*p_2 · p_3)/(p_1 · p_2*p_1 · p_3*p_2 · p_3*p_2 · p_4*p_3 · p_4),(7*p_2 · p_3*e_3 · p_1*p_4 · p_2*e_2 · p_1*p_1 · p_4*p_1 · p_2)/(p_1 · p_3*p_2 · p_3*p_2 · p_4*p_3 · p_4*p_1 · p_2) - (7*p_2 · p_3*e_3 · p_1*p_4 · e_2*p_2 · p_1*p_1 · p_4*p_1 · p_2)/(p_1 · p_3*p_2 · p_3*p_2 · p_4*p_3 · p_4*p_1 · p_2) - (7*p_2 · e_3*p_3 · p_1*p_4 · p_2*e_2 · p_1*p_1 · p_4*p_1 · p_2)/(p_1 · p_3*p_2 · p_3*p_2 · p_4*p_3 · p_4*p_1 · p_2) + (7*p_2 · e_3*p_3 · p_1*p_4 · e_2*p_2 · p_1*p_1 · p_4*p_1 · p_2)/(p_1 · p_3*p_2 · p_3*p_2 · p_4*p_3 · p_4*p_1 · p_2) + (40*p_1 · p_3*e_3 · p_1*p_4 · p_2*e_2 · p_1*p_1 · p_3*p_1 · p_2)/(p_1 · p_2*p_1 · p_3*p_2 · p_4*p_3 · p_4*p_1 · p_2) - (40*p_1 · p_3*e_3 · p_1*p_4 · e_2*p_2 · p_1*p_1 · p_3*p_1 · p_2)/(p_1 · p_2*p_1 · p_3*p_2 · p_4*p_3 · p_4*p_1 · p_2) - (40*p_1 · e_3*p_3 · p_1*p_4 · p_2*e_2 · p_1*p_1 · p_3*p_1 · p_2)/(p_1 · p_2*p_1 · p_3*p_2 · p_4*p_3 · p_4*p_1 · p_2) + (40*p_1 · e_3*p_3 · p_1*p_4 · e_2*p_2 · p_1*p_1 · p_3*p_1 · p_2)/(p_1 · p_2*p_1 · p_3*p_2 · p_4*p_3 · p_4*p_1 · p_2) - (26*p_1 · p_2*e_2 · p_3*e_3 · p_4*p_1 · p_2)/(p_1 · p_2*p_1 · p_3*p_1 · p_2) + (26*p_1 · e_2*p_2 · p_3*e_3 · p_4*p_1 · p_2)/(p_1 · p_2*p_1 · p_3*p_1 · p_2) + (26*p_1 · p_2*e_2 · e_3*p_3 · p_4*p_1 · p_2)/(p_1 · p_2*p_1 · p_3*p_1 · p_2) - (26*p_1 · e_2*p_2 · e_3*p_3 · p_4*p_1 · p_2)/(p_1 · p_2*p_1 · p_3*p_1 · p_2) + (29*p_1 · p_3*e_3 · p_2*e_2 · p_3*p_1 · p_2)/(p_2 · p_4*p_3 · p_4*p_1 · p_2) - (29*p_1 · e_3*p_3 · p_2*e_2 · p_3*p_1 · p_2)/(p_2 · p_4*p_3 · p_4*p_1 · p_2) - (29*p_1 · p_3*e_3 · e_2*p_2 · p_3*p_1 · p_2)/(p_2 · p_4*p_3 · p_4*p_1 · p_2) + (29*p_1 · e_3*p_3 · e_2*p_2 · p_3*p_1 · p_2)/((((p_3 · p_4 - p_2 · p_4))*p_2 · p_4*p_1 · p_2)) - (29*p_1 · e_3*p_3 · e_2*p_2 · p_3*p_1 · p_2)/((((p_3 · p_4 - p_2 · p_4))*p_3 · p_4*p_1 · p_2)) - (60*p_3 · p_2*e_2 · p_4*p_4 · p_3*e_3 · p_2*p_1 · p_3*p_2 · p_3*p_1 · p_2)/(p_1 · p_2*p_1 · p_3*p_2 · p_3*p_2 · p_4*p_3 · p_4*p_1 · p_2) + (60*p_3 · p_2*e_2 · p_4*p_4 · e_3*p_3 · p_2*p_1 · p_3*p_2 · p_3*p_1 · p_2)/(p_1 · p_2*p_1 · p_3*p_2 · p_3*p_2 · p_4*p_3 · p_4*p_1 · p_2) + (60*p_3 · e_2*p_2 · p_4*p_4 · p_3*e_3 · p_2*p_1 · p_3*p_2 · p_3*p_1 · p_2)/(p_1 · p_2*p_1 · p_3*p_2 · p_3*p_2 · p_4*p_3 · p_4*p_1 · p_2) - (60*p_3 · e_2*p_2 · p_4*p_4 · e_3*p_3 · p_2*p_1 · p_3*p_2 · p_3*p_1 · p_2)/(p_1 · p_2*p_1 · p_3*p_2 · p_3*p_2 · p_4*p_3 · p_4*p_1 · p_2)
(Tr(F_2 · F_3)*p_1 · p_3)/(p_2 · p_3*p_3 · p_4) + (Tr(F_2 · F_3))/(p_3 · p_4) + (p_4 · F_3 · F_2 · p_4*p_1 · p_3*p_1 · p_4)/(p_1 · p_2*p_2 · p_3*p_2 · p_4*p_3 · p_4) + (Tr(F_2 · F_3))/(p_3 · p_4),(e_2 · p_3*e_3 · p_2*p_1 · p_3)/(p_2 · p_3*p_3 · p_4) - (p_2 · p_3*e_3 · e_2*p_1 · p_3)/(p_2 · p_3*p_3 · p_4) - (e_2 · e_3*p_3 · p_2*p_1 · p_3)/(p_2 · p_3*p_3 · p_4) + (p_2 · e_3*p_3 · e_2*p_1 · p_3)/(p_2 · p_3*p_3 · p_4) + (e_2 · p_3*e_3 · p_2)/(p_3 · p_4) - (p_2 · p_3*e_3 · e_2)/(p_3 · p_4) - (e_2 · e_3*p_3 · p_2)/(p_3 · p_4) + (p_2 · e_3*p_3 · e_2)/(p_3 · p_4) + (p_4 · p_3*e_3 · p_2*e_2 · p_4*p_1 · p_3*p_1 · p_4)/(p_1 · p_2*p_2 · p_3*p_2 · p_4*p_3 · p_4) - (p_4 · e_3*p_3 · p_2*e_2 · p_4*p_1 · p_3*p_1 · p_4)/(p_1 · p_2*p_2 · p_3*p_4 · p_2*p_3 · p_4) - (p_4 · p_3*e_3 · e_2*p_2 · p_4*p_1 · p_3*p_1 · p_4)/(p_1 · p_2*p_2 · p_3*p_2 · p_4*p_3 · p_4) + (p_4 · e_3*p_3 · e_2*p_2 · p_4*p_1 · p_3*p_1 · p_4)/(p_1 · p_2*p_2 · p_3*p_2 · p_4*p_3 · p_4) + (e_2 · p_3*e_3 · p_2)/(p_3 · p_4) - (p_2 · p_3*e_3 · e_2)/(p_3 · p_4) - (e_2 · e_3*p_3 · p_2)/(p_3 · p_4) + (p_2 · e_3*p_3 · e_2)/(p_3 · p_4)
-8*(Tr(F_2 · F_3))/(p_1 · p_2),-(8*e_2 · p_3*e_3 · p_2*p_1 · p_2)/(p_1 · p_2*p_1 · p_2) + (8*p_2 · p_3*e_2 · e_3*p_1 · p_2)/(p_1 · p_2*p_1 · p_2) + (8*e_2 · e_3*p_3 · p_2*p_1 · p_2)/((-((p_2 · p_2 + p_3 · p_2 + p_4 · p_2))*p_1 · p_2)) - (8*p_2 · e_3*p_3 · e_2*p_1 · p_2)/(p_1 · p_2*p_1 · p_2)
-9*(Tr(F_2 · F_3)*p_1 · p_3*p_2 · p_3)/(p_1 · p_3*p_2 · p_4*p_3 · p_4) + 49*(p_1 · F_2 · F_3 · p_2*p_1 · p_2)/(p_1 · p_2*p_1 · p_3*p_2 · p_4) - 89*(p_4 · F_2 · F_3 · p_4)/(p_2 · p_3*p_2 · p_4) + 75*(p_4 · F_3 · F_2 · p_3)/(p_2 · p_3*p_2 · p_4),(9*e_2 · p_1*e_3 · p_2*p_1 · p_3*p_2 · p_3*p_4 · p_2)/(p_1 · p_3*p_2 · p_4*p_3 · p_4*p_4 · p_2) + (9*e_2 · p_2*e_3 · p_2*p_1 · p_3*p_2 · p_3*p_4 · p_2)/(p_1 · p_3*p_2 · p_4*p_3 · p_4*p_4 · p_2) + (9*e_2 · p_4*e_3 · p_2*p_1 · p_3*p_2 · p_3*p_4 · p_2)/(p_1 · p_3*p_2 · p_4*p_3 · p_4*p_4 · p_2) + (9*p_2 · p_3*e_3 · e_2*p_1 · p_3*p_2 · p_3*p_4 · p_2)/(p_1 · p_3*p_2 · p_4*p_3 · p_4*p_4 · p_2) + (9*e_2 · e_3*p_3 · p_2*p_1 · p_3*p_2 · p_3*p_4 · p_2)/(p_1 · p_3*p_2 · p_4*p_3 · p_4*p_4 · p_2) - (9*p_2 · e_3*p_3 · e_2*p_1 · p_3*p_2 · p_3*p_4 · p_2)/(p_1 · p_3*p_2 · p_4*p_3 · p_4*p_4 · p_2) + (49*p_1 · p_2*e_2 · p_3*e_3 · p_2*p_1 · p_2*p_4 · p_2)/(p_1 · p_2*p_1 · p_3*p_2 · p_4*p_4 · p_2) - (49*p_1 · e_2*p_2 · p_3*e_3 · p_2*p_1 · p_2*p_4 · p_2)/(p_1 · p_2*p_1 · p_3*p_2 · p_4*p_4 · p_2) - (49*p_1 · p_2*e_2 · e_3*p_3 · p_2*p_2 · p_1*p_4 · p_2)/(p_1 · p_2*p_1 · p_3*p_2 · p_4*p_4 · p_2) + (49*p_1 · e_2*p_2 · e_3*p_3 · p_2*p_1 · p_2*p_4 · p_2)/(p_1 · p_2*p_1 · p_3*p_2 · p_4*p_4 · p_2) - (89*p_4 · p_2*e_2 · p_3*e_3 · p_4*p_4 · p_2)/(p_2 · p_3*p_2 · p_4*p_4 · p_2) + (89*p_4 · e_2*p_2 · p_3*e_3 · p_4*p_4 · p_2)/(p_2 · p_3*p_2 · p_4*p_4 · p_2) + (89*p_4 · p_2*e_2 · e_3*p_3 · p_4*p_4 · p_2)/(p_2 · p_3*p_2 · p_4*p_4 · p_2) - (89*p_4 · e_2*p_2 · e_3*p_3 · p_4*p_4 · p_2)/(p_2 · p_3*p_2 · p_4*p_4 · p_2) + (75*p_4 · p_3*e_3 · p_2*e_2 · p_3*p_4 · p_2)/(p_2 · p_3*p_2 · p_4*p_4 · p_2) - (75*p_4 · e_3*p_3 · p_2*e_2 · p_3*p_4 · p_2)/(p_2 · p_3*p_2 · p_4*p_4 · p_2) - (75*p_4 · p_3*e_3 · e_2*p_2 · p_3*p_4 · p_2)/(p_2 · p_3*p_2 · p_4*p_4 · p_2) + (75*p_4 · e_3*p_3 · e_2*p_2 · p_3*p_4 · p_2)/(p_2 · p_3*p_2 · p_4*p_4 · p_2)
(p_1 · F_2 · p_4*p_2 · F_3 · p_1)/(p_1 · p_3*p_2 · p_3*p_3 · p_4) + (Tr(F_2 · F_3))/(p_3 · p_4) + (p_3 · F_2 · F_3 · p_2)/(p_2 · p_3*p_2 · p_4) + (p_2 · F_3 · p_2*p_4 · F_2 · p_1)/(p_1 · p_2*p_1 · p_3*p_2 · p_3) + (p_3 · F_2 · F_3 · p_2)/(p_1 · p_2*p_2 · p_3),(p_1 · p_2*e_2 · p_4*p_2 · p_3*e_3 · p_1)/(p_1 · p_3*p_2 · p_3*p_3 · p_4) - (p_1 · p_2*e_2 · p_4*p_2 · e_3*p_3 · p_1)/(p_1 · p_3*p_2 · p_3*p_3 · p_4) - (p_1 · e_2*p_2 · p_4*p_2 · p_3*e_3 · p_1)/((-((p_2 · p_3 + p_3 · p_3 + p_4 · p_3))*p_2 · p_3*p_3 · p_4)) + (p_1 · e_2*p_2 · p_4*p_2 · e_3*p_3 · p_1)/(p_1 · p_3*p_3 · p_2*p_3 · p_4) - (e_2 · p_1*e_3 · p_2)/(p_3 · p_4) - (e_2 · p_2*e_3 · p_2)/(p_3 · p_4) - (e_2 · p_4*e_3 · p_2)/(p_3 · p_4) - (p_2 · p_3*e_3 · e_2)/(p_3 · p_4) - (e_2 · e_3*p_3 · p_2)/(p_3 · p_4) + (p_2 · e_3*p_3 · e_2)/(p_3 · p_4) + (p_3 · p_2*e_2 · p_3*e_3 · p_2)/(p_2 · p_3*p_2 · p_4) - (p_3 · e_2*p_2 · p_3*e_3 · p_2)/(p_2 · p_3*p_2 · p_4) - (p_3 · p_2*e_2 · e_3*p_3 · p_2)/((-((p_1 · p_3 + p_3 · p_3 + p_4 · p_3))*p_2 · p_4)) + (p_3 · e_2*p_2 · e_3*p_3 · p_2)/(p_2 · p_3*p_2 · p_4) + (p_2 · p_3*e_3 · p_2*p_4 · p_2*e_2 · p_1)/(p_1 · p_2*p_1 · p_3*p_2 · p_3) - (p_2 · p_3*e_3 · p_2*p_4 · e_2*p_2 · p_1)/(p_1 · p_2*p_1 · p_3*p_2 · p_3) - (p_2 · e_3*p_3 · p_2*p_4 · p_2*e_2 · p_1)/(p_1 · p_2*p_1 · p_3*p_2 · p_3) + (p_2 · e_3*p_3 · p_2*p_4 · e_2*p_2 · p_1)/((-((p_2 · p_2 + p_3 · p_2 + p_4 · p_2))*p_1 · p_3*p_2 · p_3)) + (p_3 · p_2*e_2 · p_3*e_3 · p_2)/(p_1 · p_2*p_2 · p_3) - (p_3 · e_2*p_2 · p_3*e_3 · p_2)/(p_1 · p_2*p_2 · p_3) - (p_3 · p_2*e_2 · e_3*p_3 · p_2)/(p_1 · p_2*p_2 · p_3) + (p_3 · e_2*p_2 · e_3*p_3 · p_2)/(p_1 · p_2*p_2 · p_3)
-9*(p_1 · F_2 · p_1*p_1 · F_3 · p_4)/(p_1 · p_3*p_2 · p_3*p_3 · p_4) - 91*(p_2 · F_3 · p_1*p_4 · F_2 · p_1*p_2 · p_3)/(p_1 · p_2*p_1 · p_3*p_2 · p_3*p_2 · p_4),-(9*p_1 · p_2*e_2 · p_1*p_1 · p_3*e_3 · p_4*p_3 · p_1*p_1 · p_3)/((p_1 · p_3*p_2 · p_3*p_3 · p_4*p_3 · p_1*((p_1 · p_3 + p_4 · p_2)))) - (9*p_1 · p_2*e_2 · p_1*p_1 · p_3*e_3 · p_4*p_3 · p_1*p_4 · p_2)/((p_1 · p_3*p_2 · p_3*p_3 · p_4*p_3 · p_1*((p_1 · p_3 + p_4 · p_2)))) + (9*p_1 · p_2*e_2 · p_1*p_1 · e_3*p_3 · p_4*p_3 · p_1*p_1 · p_3)/((p_1 · p_3*p_2 · p_3*p_3 · p_4*p_3 · p_1*((p_1 · p_3 + p_4 · p_2)))) + (9*p_1 · p_2*e_2 · p_1*p_1 · e_3*p_3 · p_4*p_3 · p_1*p_4 · p_2)/((p_1 · p_3*p_2 · p_3*p_3 · p_4*p_3 · p_1*((p_1 · p_3 + p_4 · p_2)))) + (9*p_1 · e_2*p_2 · p_1*p_1 · p_3*e_3 · p_4*p_3 · p_1*p_1 · p_3)/((p_1 · p_3*p_2 · p_3*p_3 · p_4*p_3 · p_1*((p_1 · p_3 + p_4 · p_2)))) + (9*p_1 · e_2*p_2 · p_1*p_1 · p_3*e_3 · p_4*p_3 · p_1*p_4 · p_2)/((p_1 · p_3*p_2 · p_3*p_3 · p_4*p_3 · p_1*((p_1 · p_3 + p_4 · p_2)))) - (9*p_1 · e_2*p_2 · p_1*p_1 · e_3*p_3 · p_4*p_3 · p_1*p_1 · p_3)/((p_1 · p_3*p_2 · p_3*p_3 · p_4*p_3 · p_1*((p_1 · p_3 + p_4 · p_2)))) - (9*p_1 · e_2*p_2 · p_1*p_1 · e_3*p_3 · p_4*p_3 · p_1*p_4 · p_2)/((p_1 · p_3*p_2 · p_3*p_3 · p_4*p_3 · p_1*((p_1 · p_3 + p_4 · p_2)))) - (91*p_2 · p_3*e_3 · p_1*p_4 · p_2*e_2 · p_1*p_2 · p_3*p_3 · p_1*p_1 · p_3)/((p_1 · p_2*p_1 · p_3*p_2 · p_3*p_2 · p_4*p_3 · p_1*((p_1 · p_3 + p_4 · p_2)))) - (91*p_2 · p_3*e_3 · p_1*p_4 · p_2*e_2 · p_1*p_2 · p_3*p_3 · p_1*p_4 · p_2)/((p_1 · p_2*p_1 · p_3*p_2 · p_3*p_2 · p_4*p_3 · p_1*((p_1 · p_3 + p_4 · p_2)))) + (91*p_2 · p_3*e_3 · p_1*p_4 · e_2*p_2 · p_1*p_2 · p_3*p_3 · p_1*p_1 · p_3)/((p_1 · p_2*p_1 · p_3*p_2 · p_3*p_2 · p_4*p_3 · p_1*((p_1 · p_3 + p_4 · p_2)))) + (91*p_2 · p_3*e_3 · p_1*p_4 · e_2*p_2 · p_1*p_2 · p_3*p_3 · p_1*p_4 · p_2)/((p_1 · p_2*p_1 · p_3*p_2 · p_3*p_2 · p_4*p_3 · p_1*((p_1 · p_3 + p_4 · p_2)))) + (91*p_2 · e_3*p_3 · p_1*p_4 · p_2*e_2 · p_1*p_2 · p_3*p_3 · p_1*p_1 · p_3)/((p_1 · p_2*p_1 · p_3*p_2 · p_3*p_2 · p_4*p_3 · p_1*((p_1 · p_3 + p_4 · p_2)))) + (91*p_2 · e_3*p_3 · p_1*p_4 · p_2*e_2 · p_1*p_2 · p_3*p_3 · p_1*p_4 · p_2)/((p_1 · p_2*p_1 · p_3*p_2 · p_3*p_2 · p_4*p_3 · p_1*((p_1 · p_3 + p_4 · p_2)))) - (91*p_2 · e_3*p_3 · p_1*p_4 · e_2*p_2 · p_1*p_2 · p_3*p_3 · p_1*p_1 · p_3)/((p_1 · p_2*p_1 · p_3*p_2 · p_3*p_2 · p_4*p_3 · p_1*((p_1 · p_3 + p_4 · p_2)))) - (91*p_2 · e_3*p_3 · p_1*p_4 · e_2*p_2 · p_1*p_2 · p_3*p_3 · p_1*p_4 · p_2)/((p_1 · p_2*p_1 · p_3*p_2 · p_3*p_2 · p_4*p_3 · p_1*((p_1 · p_3 + p_4 · p_2))))
7*(p_1 · F_3 · F_2 · p_4*p_1 · p_4)/(p_2 · p_3*p_2 · p_4*p_3 · p_4),(7*p_1 · p_3*e_3 · p_2*e_2 · p_4*p_1 · p_4*p_4 · p_3*p_2 · p_4)/((p_2 · p_3*p_2 · p_4*p_3 · p_4*((p_4 · p_3 + p_1 · p_2))*((p_2 · p_4 + p_1 · p_3)))) + (7*p_1 · p_3*e_3 · p_2*e_2 · p_4*p_1 · p_4*p_4 · p_3*p_1 · p_3)/((p_2 · p_3*p_2 · p_4*p_3 · p_4*((p_4 · p_3 + p_1 · p_2))*((p_2 · p_4 + p_1 · p_3)))) + (7*p_1 · p_3*e_3 · p_2*e_2 · p_4*p_1 · p_4*p_1 · p_2*p_2 · p_4)/((p_2 · p_3*p_2 · p_4*p_3 · p_4*((p_4 · p_3 + p_1 · p_2))*((p_2 · p_4 + p_1 · p_3)))) + (7*p_1 · p_3*e_3 · p_2*e_2 · p_4*p_1 · p_4*p_1 · p_2*p_1 · p_3)/((p_2 · p_3*p_2 · p_4*p_3 · p_4*((p_4 · p_3 + p_1 · p_2))*((p_2 · p_4 + p_1 · p_3)))) - (7*p_1 · e_3*p_3 · p_2*e_2 · p_4*p_1 · p_4*p_4 · p_3*p_2 · p_4)/((p_2 · p_3*p_2 · p_4*p_3 · p_4*((p_4 · p_3 + p_1 · p_2))*((p_2 · p_4 + p_1 · p_3)))) - (7*p_1 · e_3*p_3 · p_2*e_2 · p_4*p_1 · p_4*p_4 · p_3*p_1 · p_3)/((p_2 · p_3*p_2 · p_4*p_3 · p_4*((p_4 · p_3 + p_1 · p_2))*((p_2 · p_4 + p_1 · p_3)))) - (7*p_1 · e_3*p_3 · p_2*e_2 · p_4*p_1 · p_4*p_1 · p_2*p_2 · p_4)/((p_2 · p_3*p_2 · p_4*p_3 · p_4*((p_4 · p_3 + p_1 · p_2))*((p_2 · p_4 + p_1 · p_3)))) - (7*p_1 · e_3*p_3 · p_2*e_2 · p_4*p_1 · p_4*p_1 · p_2*p_1 · p_3)/((p_2 · p_3*p_2 · p_4*p_3 · p_4*((p_4 · p_3 + p_1 · p_2))*((p_2 · p_4 + p_1 · p_3)))) + (7*p_1 · p_3*e_3 · e_2*p_2 · p_4*p_2 · p_4*p_4 · p_3*p_2 · p_4)/((p_2 · p_3*p_2 · p_4*p_3 · p_4*((p_4 · p_3 + p_1 · p_2))*((p_2 · p_4 + p_1 · p_3)))) + (7*p_1 · p_3*e_3 · e_2*p_2 · p_4*p_2 · p_4*p_4 · p_3*p_1 · p_3)/((p_2 · p_3*p_2 · p_4*p_3 · p_4*((p_4 · p_3 + p_1 · p_2))*((p_2 · p_4 + p_1 · p_3)))) + (7*p_1 · p_3*e_3 · e_2*p_2 · p_4*p_3 · p_4*p_4 · p_3*p_2 · p_4)/((p_2 · p_3*p_2 · p_4*p_3 · p_4*((p_4 · p_3 + p_1 · p_2))*((p_2 · p_4 + p_1 · p_3)))) + (7*p_1 · p_3*e_3 · e_2*p_2 · p_4*p_3 · p_4*p_4 · p_3*p_1 · p_3)/((p_2 · p_3*p_2 · p_4*p_3 · p_4*((p_4 · p_3 + p_1 · p_2))*((p_2 · p_4 + p_1 · p_3)))) + (7*p_1 · p_3*e_3 · e_2*p_2 · p_4*p_4 · p_4*p_4 · p_3*p_2 · p_4)/((p_2 · p_3*p_2 · p_4*p_3 · p_4*((p_4 · p_3 + p_1 · p_2))*((p_2 · p_4 + p_1 · p_3)))) + (7*p_1 · p_3*e_3 · e_2*p_2 · p_4*p_4 · p_4*p_4 · p_3*p_1 · p_3)/((p_2 · p_3*p_2 · p_4*p_3 · p_4*((p_4 · p_3 + p_1 · p_2))*((p_2 · p_4 + p_1 · p_3)))) - (7*p_1 · p_3*e_3 · e_2*p_2 · p_4*p_1 · p_4*p_1 · p_2*p_2 · p_4)/((p_2 · p_3*p_2 · p_4*p_3 · p_4*((p_4 · p_3 + p_1 · p_2))*((p_2 · p_4 + p_1 · p_3)))) + (7*p_2 · p_3*e_3 · e_2*p_2 · p_4*p_1 · p_4*p_1 · p_2*p_1 · p_3)/((p_2 · p_3*p_2 · p_4*p_3 · p_4*((p_4 · p_3 + p_1 · p_2))*((p_2 · p_4 + p_1 · p_3)))) + (7*p_3 · p_3*e_3 · e_2*p_2 · p_4*p_1 · p_4*p_1 · p_2*p_1 · p_3)/((p_2 · p_3*p_2 · p_4*p_3 · p_4*((p_4 · p_3 + p_1 · p_2))*((p_2 · p_4 + p_1 · p_3)))) + (7*p_4 · p_3*e_3 · e_2*p_2 · p_4*p_1 · p_4*p_1 · p_2*p_1 · p_3)/((p_2 · p_3*p_2 · p_4*p_3 · p_4*((p_4 · p_3 + p_1 · p_2))*((p_2 · p_4 + p_1 · p_3)))) + (7*p_1 · e_3*p_3 · e_2*p_2 · p_4*p_1 · p_4*p_4 · p_3*p_2 · p_4)/((p_2 · p_3*p_2 · p_4*p_3 · p_4*((p_4 · p_3 + p_1 · p_2))*((p_2 · p_4 + p_1 · p_3)))) + (7*p_1 · e_3*p_3 · e_2*p_2 · p_4*p_1 · p_4*p_4 · p_3*p_1 · p_3)/((p_2 · p_3*p_2 · p_4*p_3 · p_4*((p_4 · p_3 + p_1 · p_2))*((p_2 · p_4 + p_1 · p_3)))) + (7*p_1 · e_3*p_3 · e_2*p_2 · p_4*p_1 · p_4*p_1 · p_2*p_2 · p_4)/((p_2 · p_3*p_2 · p_4*p_3 · p_4*((p_4 · p_3 + p_1 · p_2))*((p_2 · p_4 + p_1 · p_3)))) + (7*p_1 · e_3*p_3 · e_2*p_2 · p_4*p_1 · p_4*p_1 · p_2*p_1 · p_3)/((p_2 · p_3*p_2 · p_4*p_3 · p_4*((p_4 · p_3 + p_1 · p_2))*((p_2 · p_4 + p_1 · p_3))))
-6*(p_1 · F_3 · F_2 · p_3*p_2 · p_4)/(p_1 · p_2*p_2 · p_3*p_3 · p_4) - 8*(Tr(F_2 · F_3)*p_1 · p_3)/(p_1 · p_3*p_2 · p_4) - 90*(Tr(F_2 · F_3)*p_2 · p_4)/(p_1 · p_2*p_1 · p_3),-(6*p_1 · p_3*e_3 · p_2*e_2 · p_3*p_2 · p_4*p_2 · p_3)/(p_1 · p_2*p_2 · p_3*p_3 · p_4*p_2 · p_3) + (6*p_1 · e_3*p_3 · p_2*e_2 · p_3*p_2 · p_4*p_2 · p_3)/(p_1 · p_2*p_2 · p_3*p_3 · p_4*p_2 · p_3) + (6*p_1 · p_3*e_3 · e_2*p_2 · p_3*p_2 · p_4*p_2 · p_3)/(p_1 · p_2*p_2 · p_3*p_3 · p_4*p_2 · p_3) - (6*p_1 · e_3*p_3 · e_2*p_2 · p_3*p_2 · p_4*p_2 · p_3)/((p_1 · p_2*-((p_1 · p_3 + p_3 · p_3 + p_4 · p_3))*p_3 · p_4*p_2 · p_3)) - (8*e_2 · p_3*e_3 · p_2*p_1 · p_3*p_2 · p_3)/(p_1 · p_3*p_2 · p_4*p_2 · p_3) + (8*p_2 · p_3*e_3 · e_2*p_1 · p_3*p_2 · p_3)/(p_1 · p_3*p_2 · p_4*p_2 · p_3) + (8*e_2 · e_3*p_3 · p_2*p_1 · p_3*p_2 · p_3)/(p_1 · p_3*p_2 · p_4*p_2 · p_3) - (8*p_2 · e_3*p_3 · e_2*p_1 · p_3*p_2 · p_3)/(p_1 · p_3*p_2 · p_4*p_2 · p_3) - (90*e_2 · p_3*e_3 · p_2*p_2 · p_4*p_2 · p_3)/(p_1 · p_2*p_1 · p_3*p_2 · p_3) + (90*p_2 · p_3*e_3 · e_2*p_2 · p_4*p_2 · p_3)/(p_1 · p_2*p_1 · p_3*p_2 · p_3) + (90*e_2 · e_3*p_3 · p_2*p_2 · p_4*p_2 · p_3)/(p_1 · p_2*p_1 · p_3*p_2 · p_3) - (90*p_2 · e_3*p_3 · e_2*p_2 · p_4*p_2 · p_3)/(p_1 · p_2*p_1 · p_3*p_2 · p_3)
(p_4 · F_2 · F_3 · p_2)/(p_2 · p_4*p_3 · p_4) + (p_1 · F_3 · p_4*p_4 · F_2 · p_4*p_2 · p_3)/(p_1 · p_2*p_2 · p_3*p_2 · p_4*p_3 · p_4),(p_4 · p_2*e_2 · p_3*e_3 · p_2*p_2 · p_4*p_2 · p_3)/((p_2 · p_4*p_3 · p_4*p_2 · p_4*((p_3 · p_2 + p_4 · p_1)))) + (p_4 · p_2*e_2 · p_3*e_3 · p_2*p_2 · p_4*p_4 · p_1)/((p_2 · p_4*p_3 · p_4*p_2 · p_4*((p_3 · p_2 + p_4 · p_1)))) - (p_4 · e_2*p_2 · p_3*e_3 · p_2*p_2 · p_4*p_3 · p_2)/((p_2 · p_4*p_3 · p_4*p_2 · p_4*((p_3 · p_2 + p_4 · p_1)))) - (p_4 · e_2*p_2 · p_3*e_3 · p_2*p_2 · p_4*p_4 · p_1)/((p_2 · p_4*p_3 · p_4*p_2 · p_4*((p_3 · p_2 + p_4 · p_1)))) - (p_4 · p_2*e_2 · e_3*p_3 · p_2*p_2 · p_4*p_3 · p_2)/((p_2 · p_4*p_3 · p_4*p_2 · p_4*((p_3 · p_2 + p_4 · p_1)))) - (p_4 · p_2*e_2 · e_3*p_3 · p_2*p_2 · p_4*p_4 · p_1)/((p_2 · p_4*p_3 · p_4*p_2 · p_4*((p_3 · p_2 + p_4 · p_1)))) + (p_4 · e_2*p_2 · e_3*p_3 · p_2*p_2 · p_4*p_3 · p_2)/((p_2 · p_4*p_3 · p_4*p_2 · p_4*((p_3 · p_2 + p_4 · p_1)))) + (p_4 · e_2*p_2 · e_3*p_3 · p_2*p_2 · p_4*p_4 · p_1)/((p_2 · p_4*p_3 · p_4*p_2 · p_4*((p_3 · p_2 + p_4 · p_1)))) + (p_1 · p_3*e_3 · p_4*p_4 · p_2*e_2 · p_4*p_3 · p_2*p_2 · p_4*p_3 · p_2)/((p_1 · p_2*p_2 · p_3*p_2 · p_4*p_3 · p_4*p_2 · p_4*((p_3 · p_2 + p_4 · p_1)))) + (p_1 · p_3*e_3 · p_4*p_4 · p_2*e_2 · p_4*p_3 · p_2*p_2 · p_4*p_4 · p_1)/((p_1 · p_2*p_2 · p_3*p_2 · p_4*p_3 · p_4*p_2 · p_4*((p_3 · p_2 + p_4 · p_1)))) - (p_1 · p_3*e_3 · p_4*p_4 · e_2*p_2 · p_4*p_2 · p_3*p_2 · p_4*p_3 · p_2)/((p_1 · p_2*p_2 · p_3*p_2 · p_4*p_3 · p_4*p_2 · p_4*((p_3 · p_2 + p_4 · p_1)))) - (p_1 · p_3*e_3 · p_4*p_4 · e_2*p_2 · p_4*p_2 · p_3*p_2 · p_4*p_4 · p_1)/((p_1 · p_2*p_2 · p_3*p_2 · p_4*p_3 · p_4*p_2 · p_4*((p_3 · p_2 + p_4 · p_1)))) + (p_1 · e_3*p_1 · p_4*p_4 · p_2*e_2 · p_4*p_2 · p_3*p_2 · p_4*p_3 · p_2)/((p_1 · p_2*p_2 · p_3*p_2 · p_4*p_3 · p_4*p_2 · p_4*((p_3 · p_2 + p_4 · p_1)))) + (p_1 · e_3*p_1 · p_4*p_4 · p_2*e_2 · p_4*p_2 · p_3*p_2 · p_4*p_4 · p_1)/((p_1 · p_2*p_2 · p_3*p_2 · p_4*p_3 · p_4*p_2 · p_4*((p_3 · p_2 + p_4 · p_1)))) + (p_1 · e_3*p_2 · p_4*p_4 · p_2*e_2 · p_4*p_2 · p_3*p_2 · p_4*p_3 · p_2)/((p_1 · p_2*p_2 · p_3*p_2 · p_4*p_3 · p_4*p_2 · p_4*((p_3 · p_2 + p_4 · p_1)))) + (p_1 · e_3*p_2 · p_4*p_4 · p_2*e_2 · p_4*p_2 · p_3*p_2 · p_4*p_4 · p_1)/((p_1 · p_2*p_2 · p_3*p_2 · p_4*p_3 · p_4*p_2 · p_4*((p_3 · p_2 + p_4 · p_1)))) + (p_1 · e_3*p_4 · p_4*p_4 · p_2*e_2 · p_4*p_2 · p_3*p_2 · p_4*p_3 · p_2)/((p_1 · p_2*p_2 · p_3*p_2 · p_4*p_3 · p_4*p_2 · p_4*((p_3 · p_2 + p_4 · p_1)))) + (p_1 · e_3*p_4 · p_4*p_4 · p_2*e_2 · p_4*p_2 · p_3*p_2 · p_4*p_4 · p_1)/((p_1 · p_2*p_2 · p_3*p_2 · p_4*p_3 · p_4*p_2 · p_4*((p_3 · p_2 + p_4 · p_1)))) + (p_1 · e_3*p_3 · p_4*p_4 · e_2*p_2 · p_4*p_2 · p_3*p_2 · p_4*p_3 · p_2)/((p_1 · p_2*p_2 · p_3*p_2 · p_4*p_3 · p_4*p_2 · p_4*((p_3 · p_2 + p_4 · p_1)))) + (p_1 · e_3*p_3 · p_4*p_4 · e_2*p_2 · p_4*p_2 · p_3*p_2 · p_4*p_4 · p_1)/((p_1 · p_2*p_2 · p_3*p_2 · p_4*p_3 · p_4*p_2 · p_4*((p_3 · p_2 + p_4 · p_1))))
(Tr(F_2 · F_3))/(p_1 · p_2) - 16*(Tr(F_2 · F_3)*p_1 · p_4)/(p_1 · p_3*p_2 · p_3),(e_2 · p_3*e_3 · p_2*p_4 · p_3)/(p_1 · p_2*p_4 · p_3) - (p_2 · p_3*e_3 · e_2*p_4 · p_3)/(p_1 · p_2*p_4 · p_3) - (e_2 · e_3*p_3 · p_2*p_4 · p_3)/(p_1 · p_2*p_4 · p_3) + (p_2 · e_3*p_3 · e_2*p_4 · p_3)/(p_1 · p_2*p_4 · p_3) - (16*e_2 · p_3*e_3 · p_2*p_1 · p_4*p_4 · p_3)/(p_1 · p_3*p_2 · p_3*p_4 · p_3) + (16*p_2 · p_3*e_3 · e_2*p_1 · p_4*p_4 · p_3)/(p_1 · p_3*p_2 · p_3*p_4 · p_3) + (16*e_2 · e_3*p_3 · p_2*p_1 · p_4*p_4 · p_3)/(p_1 · p_3*p_2 · p_3*p_4 · p_3) - (16*p_2 · e_3*p_3 · e_2*p_1 · p_4*p_4 · p_3)/(p_1 · p_3*p_2 · p_3*p_4 · p_3)
(p_1 · F_2 · F_3 · p_4*p_2 · p_4)/(p_1 · p_2*p_2 · p_3*p_2 · p_4) + (p_1 · F_2 · F_3 · p_2*p_1 · p_3*p_1 · p_4)/(p_1 · p_2*p_1 · p_3*p_2 · p_3*p_3 · p_4) + (p_2 · F_3 · p_1*p_3 · F_2 · p_4*p_1 · p_2*p_1 · p_3)/(p_1 · p_2*p_1 · p_3*p_2 · p_3*p_2 · p_4*p_3 · p_4),(p_1 · p_2*e_2 · p_3*e_3 · p_4*p_2 · p_4*p_2 · p_3)/(p_1 · p_2*p_2 · p_3*p_2 · p_4*p_2 · p_3) - (p_1 · e_2*p_2 · p_3*e_3 · p_4*p_2 · p_4*p_2 · p_3)/(p_1 · p_2*p_2 · p_3*p_2 · p_4*p_2 · p_3) - (p_1 · p_2*e_2 · e_3*p_3 · p_4*p_2 · p_4*p_2 · p_3)/(p_1 · p_2*p_2 · p_3*p_2 · p_4*p_2 · p_3) + (p_1 · e_2*p_2 · e_3*p_3 · p_4*p_2 · p_4*p_2 · p_3)/(p_1 · p_2*p_2 · p_3*p_2 · p_4*p_2 · p_3) + (p_1 · p_2*e_2 · p_3*e_3 · p_2*p_1 · p_3*p_1 · p_4*p_2 · p_3)/(p_1 · p_2*p_1 · p_3*p_2 · p_3*p_3 · p_4*p_2 · p_3) - (p_1 · e_2*p_2 · p_3*e_3 · p_2*p_1 · p_3*p_1 · p_4*p_2 · p_3)/(p_1 · p_2*p_1 · p_3*p_2 · p_3*p_3 · p_4*p_2 · p_3) - (p_1 · p_2*e_2 · e_3*p_3 · p_2*p_1 · p_3*p_1 · p_4*p_2 · p_3)/(p_1 · p_2*p_1 · p_3*p_2 · p_3*p_3 · p_4*p_2 · p_3) + (p_1 · e_2*p_2 · e_3*p_3 · p_2*p_1 · p_3*p_1 · p_4*p_2 · p_3)/(p_1 · p_2*p_1 · p_3*p_2 · p_3*p_3 · p_4*p_2 · p_3) + (p_2 · p_3*e_3 · p_1*p_3 · p_2*e_2 · p_4*p_1 · p_2*p_1 · p_3*p_2 · p_3)/(p_1 · p_2*p_1 · p_3*p_2 · p_3*p_2 · p_4*p_3 · p_4*p_2 · p_3) - (p_2 · p_3*e_3 · p_1*p_3 · e_2*p_2 · p_4*p_1 · p_2*p_1 · p_3*p_2 · p_3)/(p_1 · p_2*p_1 · p_3*p_2 · p_3*p_2 · p_4*p_3 · p_4*p_2 · p_3) - (p_2 · e_3*p_3 · p_1*p_3 · p_2*e_2 · p_4*p_1 · p_2*p_1 · p_3*p_2 · p_3)/(p_1 · p_2*p_1 · p_3*p_2 · p_3*p_2 · p_4*p_3 · p_4*p_2 · p_3) + (p_2 · e_3*p_3 · p_1*p_3 · e_2*p_2 · p_4*p_1 · p_2*p_1 · p_3*p_2 · p_3)/(p_1 · p_2*p_1 · p_3*p_2 · p_3*p_2 · p_4*p_3 · p_4*p_2 · p_3)
-7*(Tr(F_2 · F_3)*p_2 · p_3)/(p_1 · p_3*p_3 · p_4) + 18*(p_1 · F_3 · p_1*p_4 · F_2 · p_1)/(p_1 · p_3*p_2 · p_3*p_3 · p_4),-(7*e_2 · p_3*e_3 · p_2*p_2 · p_3)/(p_1 · p_3*p_3 · p_4) + (7*p_2 · p_3*e_3 · e_2*p_2 · p_3)/(p_1 · p_3*p_3 · p_4) + (7*e_2 · e_3*p_3 · p_2*p_2 · p_3)/(p_1 · p_3*p_3 · p_4) - (7*p_2 · e_3*p_3 · e_2*p_2 · p_3)/((((p_3 · p_4 - p_1 · p_3))*p_1 · p_3)) + (7*p_2 · e_3*p_3 · e_2*p_2 · p_3)/((((p_3 · p_4 - p_1 · p_3))*p_3 · p_4)) + (18*p_1 · p_3*e_3 · p_1*p_4 · p_2*e_2 · p_1)/(p_1 · p_3*p_2 · p_3*p_3 · p_4) - (18*p_1 · p_3*e_3 · p_1*p_4 · e_2*p_2 · p_1)/(p_1 · p_3*p_2 · p_3*p_3 · p_4) - (18*p_1 · e_3*p_3 · p_1*p_4 · p_2*e_2 · p_1)/(p_1 · p_3*p_2 · p_3*p_3 · p_4) + (18*p_1 · e_3*p_3 · p_1*p_4 · e_2*p_2 · p_1)/(p_1 · p_3*p_2 · p_3*p_3 · p_4)
3*(p_2 · F_3 · F_2 · p_1)/(p_2 · p_3*p_3 · p_4),(3*p_2 · p_3*e_3 · p_2*e_2 · p_1*p_3 · p_4*p_3 · p_1)/(p_2 · p_3*p_3 · p_4*p_3 · p_4*p_3 · p_1) - (3*p_2 · e_3*p_3 · p_2*e_2 · p_1*p_3 · p_4*p_3 · p_1)/((-((p_1 · p_3 + p_3 · p_3 + p_4 · p_3))*p_3 · p_4*p_3 · p_4*p_3 · p_1)) - (3*p_2 · p_3*e_3 · e_2*p_2 · p_1*p_3 · p_4*p_3 · p_1)/(p_2 · p_3*p_3 · p_4*p_3 · p_4*p_3 · p_1) + (3*p_2 · e_3*p_3 · e_2*p_2 · p_1*p_3 · p_4*p_3 · p_1)/(p_3 · p_2*p_3 · p_4*p_3 · p_4*p_3 · p_1)
(p_4 · F_2 · F_3 · p_1)/(p_1 · p_2*p_2 · p_3),(p_4 · p_2*e_2 · p_3*e_3 · p_1)/(p_1 · p_2*p_2 · p_3) - (p_4 · e_2*p_2 · p_3*e_3 · p_1)/(p_1 · p_2*p_2 · p_3) - (p_4 · p_2*e_2 · e_3*p_3 · p_1)/((p_1 · p_2*-((p_1 · p_3 + p_3 · p_3 + p_4 · p_3)))) + (p_4 · e_2*p_2 · e_3*p_3 · p_1)/((-((p_2 · p_2 + p_3 · p_2 + p_4 · p_2))*p_2 · p_3))
-5*(p_4 · F_2 · F_3 · p_1*p_2 · p_4)/(p_1 · p_2*p_2 · p_3*p_3 · p_4) + 81*(Tr(F_2 · F_3)*p_1 · p_2*p_1 · p_3)/(p_1 · p_2*p_2 · p_3*p_3 · p_4) + 51*(p_1 · F_3 · p_2*p_3 · F_2 · p_1*p_3 · p_4)/(p_1 · p_2*p_1 · p_3*p_2 · p_3*p_2 · p_4),-(5*p_4 · p_2*e_2 · p_3*e_3 · p_1*p_2 · p_4)/(p_1 · p_2*p_2 · p_3*p_3 · p_4) + (5*p_4 · e_2*p_2 · p_3*e_3 · p_1*p_2 · p_4)/(p_1 · p_2*p_2 · p_3*p_3 · p_4) + (5*p_4 · p_2*e_2 · e_3*p_3 · p_1*p_2 · p_4)/(p_1 · p_2*p_2 · p_3*p_3 · p_4) - (5*p_4 · e_2*p_2 · e_3*p_3 · p_1*p_2 · p_4)/(p_1 · p_2*p_2 · p_3*p_3 · p_4) + (81*e_2 · p_3*e_3 · p_2*p_1 · p_2*p_1 · p_3)/(p_1 · p_2*p_2 · p_3*p_3 · p_4) - (81*p_2 · p_3*e_3 · e_2*p_1 · p_2*p_1 · p_3)/(p_1 · p_2*p_2 · p_3*p_3 · p_4) - (81*e_2 · e_3*p_3 · p_2*p_1 · p_2*p_1 · p_3)/(p_1 · p_2*p_2 · p_3*p_3 · p_4) + (81*p_2 · e_3*p_3 · e_2*p_1 · p_2*p_1 · p_3)/(p_1 · p_2*p_2 · p_3*p_3 · p_4) + (51*p_1 · p_3*e_3 · p_2*p_3 · p_2*e_2 · p_1*p_3 · p_4)/(p_1 · p_2*p_1 · p_3*p_2 · p_3*p_2 · p_4) - (51*p_1 · p_3*e_3 · p_2*p_3 · e_2*p_2 · p_1*p_3 · p_4)/(p_1 · p_2*p_1 · p_3*p_2 · p_3*p_2 · p_4) - (51*p_1 · e_3*p_3 · p_2*p_3 · p_2*e_2 · p_1*p_3 · p_4)/(p_1 · p_2*p_1 · p_3*p_2 · p_3*p_2 · p_4) + (51*p_1 · e_3*p_3 · p_2*p_3 · e_2*p_2 · p_1*p_3 · p_4)/(p_1 · p_2*p_1 · p_3*p_2 · p_3*p_2 · p_4)
7*(Tr(F_2 · F_3)*p_1 · p_4*p_3 · p_4)/(p_1 · p_3*p_2 · p_4*p_3 · p_4) + 19*(p_3 · F_2 · F_3 · p_4*p_1 · p_4)/(p_1 · p_3*p_2 · p_3*p_2 · p_4) - 30*(p_1 · F_3 · F_2 · p_1)/(p_1 · p_2*p_2 · p_3) - 30*(p_3 · F_2 · F_3 · p_4*p_1 · p_3*p_1 · p_4)/(p_1 · p_2*p_2 · p_3*p_2 · p_4*p_3 · p_4),-(7*e_2 · p_1*e_3 · p_2*p_1 · p_4*p_3 · p_4)/(p_1 · p_3*p_2 · p_4*p_3 · p_4) - (7*e_2 · p_2*e_3 · p_2*p_1 · p_4*p_3 · p_4)/(p_1 · p_3*p_2 · p_4*p_3 · p_4) - (7*e_2 · p_4*e_3 · p_2*p_1 · p_4*p_3 · p_4)/(p_1 · p_3*p_2 · p_4*p_3 · p_4) - (7*p_2 · p_3*e_3 · e_2*p_1 · p_4*p_3 · p_4)/(p_1 · p_3*p_2 · p_4*p_3 · p_4) - (7*e_2 · e_3*p_3 · p_2*p_1 · p_4*p_3 · p_4)/(p_1 · p_3*p_2 · p_4*p_3 · p_4) + (7*p_2 · e_3*p_3 · e_2*p_1 · p_4*p_3 · p_4)/(p_1 · p_3*p_2 · p_4*p_3 · p_4) + (19*p_3 · p_2*e_2 · p_3*e_3 · p_4*p_1 · p_4)/(p_1 · p_3*p_2 · p_3*p_2 · p_4) - (19*p_3 · e_2*p_2 · p_3*e_3 · p_4*p_1 · p_4)/(p_1 · p_3*p_2 · p_3*p_2 · p_4) - (19*p_3 · p_2*e_2 · e_3*p_3 · p_4*p_1 · p_4)/(p_1 · p_3*p_2 · p_3*p_2 · p_4) + (19*p_3 · e_2*p_2 · e_3*p_3 · p_4*p_1 · p_4)/(p_1 · p_3*p_2 · p_3*p_2 · p_4) - (30*p_1 · p_3*e_3 · p_2*e_2 · p_1)/(p_1 · p_2*p_2 · p_3) + (30*p_1 · e_3*p_3 · p_2*e_2 · p_1)/(p_1 · p_2*p_2 · p_3) + (30*p_1 · p_3*e_3 · e_2*p_2 · p_1)/((((p_1 · p_2 - p_2 · p_3))*p_2 · p_3)) - (30*p_1 · p_3*e_3 · e_2*p_2 · p_1)/((((p_1 · p_2 - p_2 · p_3))*p_1 · p_2)) - (30*p_1 · e_3*p_3 · e_2*p_2 · p_1)/(p_1 · p_2*p_2 · p_3) - (30*p_2 · p_3*e_2 · p_3*e_3 · p_4*p_1 · p_3*p_1 · p_4)/(p_1 · p_2*p_2 · p_3*p_2 · p_4*p_3 · p_4) + (30*p_3 · e_2*p_2 · p_3*e_3 · p_4*p_1 · p_3*p_1 · p_4)/(p_1 · p_2*p_2 · p_3*p_2 · p_4*p_3 · p_4) + (30*p_3 · p_2*e_2 · e_3*p_3 · p_4*p_1 · p_3*p_1 · p_4)/(p_1 · p_2*p_2 · p_3*p_2 · p_4*p_3 · p_4) - (30*p_3 · e_2*p_2 · e_3*p_3 · p_4*p_1 · p_3*p_1 · p_4)/(p_1 · p_2*p_2 · p_3*p_2 · p_4*p_3 · p_4)
5*(p_1 · F_3 · p_1*p_4 · F_2 · p_3*(p_2 · p_3)^2)/(p_1 · p_2*p_1 · p_3*p_2 · p_3*p_2 · p_4*p_3 · p_4) + 19*(Tr(F_2 · F_3)*(p_2 · p_4)^2)/(p_2 · p_3*p_2 · p_4*p_3 · p_4) + 68*(p_3 · F_2 · F_3 · p_2)/(p_1 · p_3*p_2 · p_4) - 6*(p_4 · F_3 · F_2 · p_1*p_1 · p_2*p_1 · p_3)/(p_1 · p_2*p_1 · p_3*p_2 · p_3*p_3 · p_4),(5*p_1 · p_3*e_3 · p_1*p_4 · p_2*e_2 · p_3*p_2 · p_3**2)/(p_1 · p_2*p_1 · p_3*p_2 · p_3*p_2 · p_4*p_3 · p_4) - (5*p_1 · p_3*e_3 · p_1*p_4 · e_2*p_2 · p_3*p_2 · p_3**2)/(p_1 · p_2*p_1 · p_3*p_2 · p_3*p_2 · p_4*p_3 · p_4) - (5*p_1 · e_3*p_3 · p_1*p_4 · p_2*e_2 · p_3*p_2 · p_3**2)/(p_1 · p_2*p_1 · p_3*p_2 · p_3*p_2 · p_4*p_3 · p_4) + (5*p_1 · e_3*p_3 · p_1*p_4 · e_2*p_2 · p_3*p_2 · p_3**2)/(p_1 · p_2*p_1 · p_3*p_2 · p_3*p_2 · p_4*p_3 · p_4) + (19*e_2 · p_3*e_3 · p_2*p_2 · p_4**2)/(p_2 · p_3*p_2 · p_4*p_3 · p_4) - (19*p_2 · p_3*e_3 · e_2*p_2 · p_4**2)/(p_2 · p_3*p_2 · p_4*p_3 · p_4) - (19*e_2 · e_3*p_3 · p_2*p_2 · p_4**2)/(p_2 · p_3*p_2 · p_4*p_3 · p_4) + (19*p_2 · e_3*p_3 · e_2*p_2 · p_4**2)/(p_2 · p_3*p_2 · p_4*p_3 · p_4) + (68*p_3 · p_2*e_2 · p_3*e_3 · p_2)/(p_1 · p_3*p_2 · p_4) - (68*p_3 · e_2*p_2 · p_3*e_3 · p_2)/(p_1 · p_3*p_2 · p_4) - (68*p_3 · p_2*e_2 · e_3*p_3 · p_2)/(p_1 · p_3*p_2 · p_4) + (68*p_3 · e_2*p_2 · e_3*p_3 · p_2)/(p_1 · p_3*p_2 · p_4) - (6*p_4 · p_3*e_3 · p_2*e_2 · p_1*p_1 · p_2*p_1 · p_3)/((((p_1 · p_3 - p_1 · p_2))*p_1 · p_2*p_2 · p_3*p_3 · p_4)) + (6*p_4 · p_3*e_3 · p_2*e_2 · p_1*p_1 · p_2*p_1 · p_3)/((((p_1 · p_3 - p_1 · p_2))*p_1 · p_3*p_2 · p_3*p_3 · p_4)) + (6*p_4 · e_3*p_3 · p_2*e_2 · p_1*p_1 · p_2*p_1 · p_3)/(p_1 · p_2*p_1 · p_3*p_2 · p_3*p_3 · p_4) + (6*p_4 · p_3*e_3 · e_2*p_2 · p_1*p_1 · p_2*p_1 · p_3)/(p_1 · p_2*p_1 · p_3*p_2 · p_3*p_3 · p_4) - (6*p_4 · e_3*p_3 · e_2*p_2 · p_1*p_1 · p_2*p_1 · p_3)/(p_1 · p_2*p_1 · p_3*p_2 · p_3*p_3 · p_4)
6*(Tr(F_2 · F_3)*p_2 · p_4)/(p_1 · p_2*p_2 · p_3) + 84*(Tr(F_2 · F_3)*p_1 · p_3*p_2 · p_4)/(p_1 · p_2*p_2 · p_3*p_2 · p_4) + 14*(Tr(F_2 · F_3))/(p_2 · p_4) + 83*(p_4 · F_3 · F_2 · p_1)/(p_2 · p_3*p_3 · p_4),(6*e_2 · p_3*e_3 · p_2*p_2 · p_4)/(p_1 · p_2*p_2 · p_3) - (6*p_2 · p_3*e_3 · e_2*p_2 · p_4)/(p_1 · p_2*p_2 · p_3) - (6*e_2 · e_3*p_3 · p_2*p_2 · p_4)/(p_1 · p_2*p_2 · p_3) + (6*p_2 · e_3*p_3 · e_2*p_2 · p_4)/(p_1 · p_2*p_2 · p_3) + (84*e_2 · p_3*e_3 · p_2*p_1 · p_3*p_2 · p_4)/(p_1 · p_2*p_2 · p_3*p_2 · p_4) - (84*p_2 · p_3*e_3 · e_2*p_1 · p_3*p_2 · p_4)/(p_1 · p_2*p_2 · p_3*p_2 · p_4) - (84*e_2 · e_3*p_3 · p_2*p_1 · p_3*p_2 · p_4)/(p_1 · p_2*p_2 · p_3*p_2 · p_4) + (84*p_2 · e_3*p_3 · e_2*p_1 · p_3*p_2 · p_4)/((((p_2 · p_4 - p_2 · p_3))*p_2 · p_3*p_1 · p_2)) - (84*p_2 · e_3*p_3 · e_2*p_1 · p_3*p_2 · p_4)/((((p_2 · p_4 - p_2 · p_3))*p_2 · p_4*p_1 · p_2)) + (14*e_2 · p_3*e_3 · p_2)/(p_2 · p_4) - (14*p_2 · p_3*e_3 · e_2)/(p_2 · p_4) - (14*e_2 · e_3*p_3 · p_2)/(p_2 · p_4) + (14*p_2 · e_3*p_3 · e_2)/(p_2 · p_4) + (83*p_4 · p_3*e_3 · p_2*e_2 · p_1)/(p_2 · p_3*p_3 · p_4) + (83*p_4 · e_3*p_1 · p_2*e_2 · p_1)/(p_2 · p_3*p_3 · p_4) + (83*p_4 · e_3*p_2 · p_2*e_2 · p_1)/(p_2 · p_3*p_3 · p_4) + (83*p_4 · e_3*p_4 · p_2*e_2 · p_1)/(p_2 · p_3*p_3 · p_4) - (83*p_4 · p_3*e_3 · e_2*p_2 · p_1)/(p_2 · p_3*p_3 · p_4) + (83*p_4 · e_3*p_3 · e_2*p_2 · p_1)/(p_2 · p_3*p_3 · p_4)
8*(Tr(F_2 · F_3)*p_1 · p_2)/(p_1 · p_3*p_2 · p_3) - 84*(p_4 · F_2 · F_3 · p_1*p_2 · p_3*p_3 · p_4)/(p_1 · p_2*p_1 · p_3*p_2 · p_3*p_3 · p_4),(8*e_2 · p_1*e_3 · p_1*p_1 · p_2*p_1 · p_3)/((p_1 · p_3*p_2 · p_3*((p_1 · p_3 + p_4 · p_2)))) + (8*e_2 · p_1*e_3 · p_1*p_1 · p_2*p_4 · p_2)/((p_1 · p_3*p_2 · p_3*((p_1 · p_3 + p_4 · p_2)))) + (8*e_2 · p_2*e_3 · p_1*p_1 · p_2*p_1 · p_3)/((p_1 · p_3*p_2 · p_3*((p_1 · p_3 + p_4 · p_2)))) + (8*e_2 · p_2*e_3 · p_1*p_1 · p_2*p_4 · p_2)/((p_1 · p_3*p_2 · p_3*((p_1 · p_3 + p_4 · p_2)))) + (8*e_2 · p_4*e_3 · p_1*p_1 · p_2*p_1 · p_3)/((p_1 · p_3*p_2 · p_3*((p_1 · p_3 + p_4 · p_2)))) + (8*e_2 · p_4*e_3 · p_1*p_1 · p_2*p_4 · p_2)/((p_1 · p_3*p_2 · p_3*((p_1 · p_3 + p_4 · p_2)))) - (8*e_2 · p_3*e_3 · p_3*p_1 · p_2*p_1 · p_3)/((p_1 · p_3*p_2 · p_3*((p_1 · p_3 + p_4 · p_2)))) - (8*e_2 · p_3*e_3 · p_3*p_1 · p_2*p_4 · p_2)/((p_1 · p_3*p_2 · p_3*((p_1 · p_3 + p_4 · p_2)))) - (8*e_2 · p_3*e_3 · p_4*p_1 · p_2*p_1 · p_3)/((p_1 · p_3*p_2 · p_3*((p_1 · p_3 + p_4 · p_2)))) - (8*e_2 · p_3*e_3 · p_4*p_1 · p_2*p_4 · p_2)/((p_1 · p_3*p_2 · p_3*((p_1 · p_3 + p_4 · p_2)))) - (8*p_2 · p_3*e_3 · e_2*p_1 · p_2*p_1 · p_3)/((p_1 · p_3*p_2 · p_3*((p_1 · p_3 + p_4 · p_2)))) - (8*p_2 · p_3*e_3 · e_2*p_1 · p_2*p_4 · p_2)/((p_1 · p_3*p_2 · p_3*((p_1 · p_3 + p_4 · p_2)))) - (8*e_2 · e_3*p_3 · p_2*p_1 · p_2*p_1 · p_3)/((p_1 · p_3*p_2 · p_3*((p_1 · p_3 + p_4 · p_2)))) - (8*e_2 · e_3*p_3 · p_2*p_1 · p_2*p_4 · p_2)/((p_1 · p_3*p_2 · p_3*((p_1 · p_3 + p_4 · p_2)))) + (8*p_2 · e_3*p_3 · e_2*p_1 · p_2*p_1 · p_3)/((p_1 · p_3*p_2 · p_3*((p_1 · p_3 + p_4 · p_2)))) + (8*p_2 · e_3*p_3 · e_2*p_1 · p_2*p_4 · p_2)/((p_1 · p_3*p_2 · p_3*((p_1 · p_3 + p_4 · p_2)))) - (84*p_4 · p_2*e_2 · p_3*e_3 · p_1*p_2 · p_3*p_3 · p_4*p_1 · p_3)/((p_1 · p_2*p_1 · p_3*p_2 · p_3*p_3 · p_4*((p_1 · p_3 + p_4 · p_2)))) - (84*p_4 · p_2*e_2 · p_3*e_3 · p_1*p_2 · p_3*p_3 · p_4*p_4 · p_2)/((p_1 · p_2*p_1 · p_3*p_2 · p_3*p_3 · p_4*((p_1 · p_3 + p_4 · p_2)))) + (84*p_4 · e_2*p_2 · p_3*e_3 · p_1*p_2 · p_3*p_3 · p_4*p_1 · p_3)/((p_1 · p_2*p_1 · p_3*p_2 · p_3*p_3 · p_4*((p_1 · p_3 + p_4 · p_2)))) + (84*p_4 · e_2*p_2 · p_3*e_3 · p_1*p_2 · p_3*p_3 · p_4*p_4 · p_2)/((p_1 · p_2*p_1 · p_3*p_2 · p_3*p_3 · p_4*((p_1 · p_3 + p_4 · p_2)))) + (84*p_4 · p_2*e_2 · e_3*p_3 · p_1*p_2 · p_3*p_3 · p_4*p_1 · p_3)/((p_1 · p_2*p_1 · p_3*p_2 · p_3*p_3 · p_4*((p_1 · p_3 + p_4 · p_2)))) + (84*p_4 · p_2*e_2 · e_3*p_3 · p_1*p_2 · p_3*p_3 · p_4*p_4 · p_2)/((p_1 · p_2*p_1 · p_3*p_2 · p_3*p_3 · p_4*((p_1 · p_3 + p_4 · p_2)))) - (84*p_4 · e_2*p_2 · e_3*p_3 · p_1*p_2 · p_3*p_3 · p_4*p_1 · p_3)/((p_1 · p_2*p_1 · p_3*p_2 · p_3*p_3 · p_4*((p_1 · p_3 + p_4 · p_2)))) - (84*p_4 · e_2*p_2 · e_3*p_3 · p_1*p_2 · p_3*p_3 · p_4*p_4 · p_2)/((p_1 · p_2*p_1 · p_3*p_2 · p_3*p_3 · p_4*((p_1 · p_3 + p_4 · p_2))))
-4*(Tr(F_2 · F_3)*(p_1 · p_2)^2)/(p_1 · p_3*p_2 · p_3*p_3 · p_4) - 84*(Tr(F_2 · F_3))/(p_2 · p_4) + 54*(Tr(F_2 · F_3)*p_1 · p_3*p_1 · p_4)/(p_1 · p_2*p_2 · p_3*p_3 · p_4) + 38*(p_2 · F_3 · p_4*p_3 · F_2 · p_1)/(p_1 · p_3*p_2 · p_4*p_3 · p_4),-(4*e_2 · p_3*e_3 · p_2*p_1 · p_2**2)/(p_1 · p_3*p_2 · p_3*p_3 · p_4) + (4*p_2 · p_3*e_3 · e_2*p_1 · p_2**2)/(p_1 · p_3*p_2 · p_3*p_3 · p_4) + (4*e_2 · e_3*p_3 · p_2*p_1 · p_2**2)/(p_1 · p_3*p_2 · p_3*p_3 · p_4) - (4*p_2 · e_3*p_3 · e_2*p_1 · p_2**2)/(p_1 · p_3*p_2 · p_3*p_3 · p_4) - (84*e_2 · p_3*e_3 · p_2)/(p_2 · p_4) + (84*p_2 · p_3*e_3 · e_2)/(p_2 · p_4) + (84*e_2 · e_3*p_3 · p_2)/(p_2 · p_4) - (84*p_2 · e_3*p_3 · e_2)/(p_2 · p_4) + (54*e_2 · p_3*e_3 · p_2*p_1 · p_3*p_1 · p_4)/(p_1 · p_2*p_2 · p_3*p_3 · p_4) - (54*p_2 · p_3*e_3 · e_2*p_1 · p_3*p_1 · p_4)/(p_1 · p_2*p_2 · p_3*p_3 · p_4) - (54*e_2 · e_3*p_3 · p_2*p_1 · p_3*p_1 · p_4)/(p_1 · p_2*p_2 · p_3*p_3 · p_4) + (54*p_2 · e_3*p_3 · e_2*p_1 · p_3*p_1 · p_4)/(p_1 · p_2*p_2 · p_3*p_3 · p_4) + (38*p_2 · p_3*e_3 · p_4*p_3 · p_2*e_2 · p_1)/(p_1 · p_3*p_2 · p_4*p_3 · p_4) - (38*p_2 · p_3*e_3 · p_4*p_3 · e_2*p_2 · p_1)/(p_1 · p_3*p_2 · p_4*p_3 · p_4) - (38*p_2 · e_3*p_3 · p_4*p_3 · p_2*e_2 · p_1)/(p_1 · p_3*p_2 · p_4*p_3 · p_4) + (38*p_2 · e_3*p_3 · p_4*p_3 · e_2*p_2 · p_1)/(p_1 · p_3*p_2 · p_4*p_3 · p_4)
5*(p_3 · F_2 · F_3 · p_2*p_2 · p_4)/(p_1 · p_2*p_1 · p_3*p_2 · p_4) - 5*(p_2 · F_3 · F_2 · p_4)/(p_1 · p_2*p_3 · p_4) - 89*(p_3 · F_2 · F_3 · p_4*p_1 · p_2*p_2 · p_4)/(p_1 · p_2*p_2 · p_3*p_2 · p_4*p_3 · p_4) - 65*(p_1 · F_2 · F_3 · p_4*p_2 · p_3)/(p_1 · p_2*p_1 · p_3*p_2 · p_4),(5*p_3 · p_2*e_2 · p_3*e_3 · p_2*p_2 · p_4)/(p_1 · p_2*p_1 · p_3*p_2 · p_4) - (5*p_3 · e_2*p_2 · p_3*e_3 · p_2*p_2 · p_4)/(p_1 · p_2*p_1 · p_3*p_2 · p_4) - (5*p_3 · p_2*e_2 · e_3*p_3 · p_2*p_2 · p_4)/(p_1 · p_2*p_1 · p_3*p_2 · p_4) + (5*p_3 · e_2*p_2 · e_3*p_3 · p_2*p_2 · p_4)/(p_1 · p_2*p_1 · p_3*p_2 · p_4) - (5*p_2 · p_3*e_3 · p_2*e_2 · p_4)/(p_1 · p_2*p_3 · p_4) + (5*p_2 · e_3*p_3 · p_2*e_2 · p_4)/(p_1 · p_2*p_3 · p_4) + (5*p_2 · p_3*e_3 · e_2*p_2 · p_4)/(p_1 · p_2*p_3 · p_4) - (5*p_2 · e_3*p_3 · e_2*p_2 · p_4)/(p_1 · p_2*p_3 · p_4) - (89*p_3 · p_2*e_2 · p_3*e_3 · p_4*p_1 · p_2*p_2 · p_4)/(p_1 · p_2*p_2 · p_3*p_2 · p_4*p_3 · p_4) + (89*p_3 · e_2*p_2 · p_3*e_3 · p_4*p_1 · p_2*p_2 · p_4)/(p_1 · p_2*p_2 · p_3*p_2 · p_4*p_3 · p_4) + (89*p_3 · p_2*e_2 · e_3*p_3 · p_4*p_1 · p_2*p_2 · p_4)/((((p_2 · p_4 - p_2 · p_3))*p_2 · p_3*p_1 · p_2*p_3 · p_4)) - (89*p_3 · p_2*e_2 · e_3*p_3 · p_4*p_1 · p_2*p_2 · p_4)/((((p_2 · p_4 - p_2 · p_3))*p_2 · p_4*p_1 · p_2*p_3 · p_4)) - (89*p_3 · e_2*p_2 · e_3*p_3 · p_4*p_1 · p_2*p_2 · p_4)/(p_1 · p_2*p_2 · p_3*p_2 · p_4*p_3 · p_4) - (65*p_1 · p_2*e_2 · p_3*e_3 · p_4*p_2 · p_3)/(p_1 · p_2*p_1 · p_3*p_2 · p_4) + (65*p_1 · e_2*p_2 · p_3*e_3 · p_4*p_2 · p_3)/(p_1 · p_2*p_1 · p_3*p_2 · p_4) + (65*p_1 · p_2*e_2 · e_3*p_3 · p_4*p_2 · p_3)/(p_1 · p_2*p_1 · p_3*p_2 · p_4) - (65*p_1 · e_2*p_2 · e_3*p_3 · p_4*p_2 · p_3)/(p_1 · p_2*p_1 · p_3*p_2 · p_4)
-3*(p_1 · F_2 · p_4*p_2 · F_3 · p_4*p_1 · p_4)/(p_1 · p_2*p_1 · p_3*p_2 · p_4*p_3 · p_4) - 17*(Tr(F_2 · F_3))/(p_2 · p_3) - 19*(p_1 · F_2 · p_1*p_2 · F_3 · p_2*p_1 · p_4)/(p_1 · p_2*p_2 · p_3*p_2 · p_4*p_3 · p_4) + 12*(Tr(F_2 · F_3)*p_2 · p_3*p_3 · p_4)/(p_1 · p_3*p_2 · p_4*p_3 · p_4) - 89*(p_4 · F_3 · F_2 · p_3)/(p_2 · p_3*p_3 · p_4),-(3*p_1 · p_2*e_2 · p_4*p_2 · p_3*e_3 · p_4*p_1 · p_4*p_4 · p_1*p_4 · p_2)/(p_1 · p_2*p_1 · p_3*p_2 · p_4*p_3 · p_4*p_4 · p_1*p_4 · p_2) + (3*p_1 · p_2*e_2 · p_4*p_2 · e_3*p_3 · p_4*p_1 · p_4*p_4 · p_1*p_4 · p_2)/(p_1 · p_2*p_1 · p_3*p_2 · p_4*p_3 · p_4*p_4 · p_1*p_4 · p_2) + (3*p_1 · e_2*p_2 · p_4*p_2 · p_3*e_3 · p_4*p_1 · p_4*p_4 · p_1*p_4 · p_2)/(p_1 · p_2*p_1 · p_3*p_2 · p_4*p_3 · p_4*p_4 · p_1*p_4 · p_2) - (3*p_1 · e_2*p_2 · p_4*p_2 · e_3*p_3 · p_4*p_1 · p_4*p_4 · p_1*p_4 · p_2)/(p_1 · p_2*p_1 · p_3*p_2 · p_4*p_3 · p_4*p_4 · p_1*p_4 · p_2) - (17*e_2 · p_3*e_3 · p_2*p_4 · p_1*p_4 · p_2)/((-((p_1 · p_3 + p_3 · p_3 + p_4 · p_3))*p_4 · p_1*p_4 · p_2)) + (17*p_2 · p_3*e_3 · e_2*p_4 · p_1*p_4 · p_2)/(p_2 · p_3*p_4 · p_1*p_4 · p_2) + (17*e_2 · e_3*p_2 · p_3*p_4 · p_1*p_4 · p_2)/(p_2 · p_3*p_4 · p_1*p_4 · p_2) - (17*p_2 · e_3*p_3 · e_2*p_4 · p_1*p_4 · p_2)/(p_2 · p_3*p_4 · p_1*p_4 · p_2) + (19*p_1 · p_2*e_2 · p_2*p_2 · p_3*e_3 · p_2*p_1 · p_4*p_4 · p_1*p_4 · p_2)/(p_1 · p_2*p_2 · p_3*p_2 · p_4*p_3 · p_4*p_4 · p_1*p_4 · p_2) + (19*p_1 · p_2*e_2 · p_3*p_2 · p_3*e_3 · p_2*p_1 · p_4*p_4 · p_1*p_4 · p_2)/(p_1 · p_2*p_2 · p_3*p_2 · p_4*p_3 · p_4*p_4 · p_1*p_4 · p_2) + (19*p_1 · p_2*e_2 · p_4*p_2 · p_3*e_3 · p_2*p_1 · p_4*p_4 · p_1*p_4 · p_2)/(p_1 · p_2*p_2 · p_3*p_2 · p_4*p_3 · p_4*p_4 · p_1*p_4 · p_2) + (19*p_1 · p_2*e_2 · p_1*p_2 · e_3*p_3 · p_2*p_1 · p_4*p_4 · p_1*p_4 · p_2)/(p_1 · p_2*p_2 · p_3*p_2 · p_4*p_3 · p_4*p_4 · p_1*p_4 · p_2) + (19*p_1 · e_2*p_2 · p_1*p_2 · p_3*e_3 · p_2*p_1 · p_4*p_4 · p_1*p_4 · p_2)/(p_1 · p_2*p_2 · p_3*p_2 · p_4*p_3 · p_4*p_4 · p_1*p_4 · p_2) - (19*p_1 · e_2*p_2 · p_1*p_2 · e_3*p_3 · p_2*p_1 · p_4*p_4 · p_1*p_4 · p_2)/(p_1 · p_2*p_2 · p_3*p_2 · p_4*p_3 · p_4*p_4 · p_1*p_4 · p_2) + (12*e_2 · p_3*e_3 · p_2*p_2 · p_3*p_3 · p_4*p_4 · p_1*p_4 · p_2)/(p_1 · p_3*p_2 · p_4*p_3 · p_4*p_4 · p_1*p_4 · p_2) - (12*p_2 · p_3*e_3 · e_2*p_2 · p_3*p_3 · p_4*p_4 · p_1*p_4 · p_2)/(p_1 · p_3*p_2 · p_4*p_3 · p_4*p_4 · p_1*p_4 · p_2) - (12*e_2 · e_3*p_3 · p_2*p_2 · p_3*p_3 · p_4*p_4 · p_1*p_4 · p_2)/(p_1 · p_3*p_2 · p_4*p_3 · p_4*p_4 · p_1*p_4 · p_2) + (12*p_2 · e_3*p_3 · e_2*p_2 · p_3*p_3 · p_4*p_4 · p_1*p_4 · p_2)/(p_1 · p_3*p_2 · p_4*p_3 · p_4*p_4 · p_1*p_4 · p_2) - (89*p_4 · p_3*e_3 · p_2*e_2 · p_3*p_4 · p_1*p_4 · p_2)/(p_2 · p_3*p_3 · p_4*p_4 · p_1*p_4 · p_2) + (89*p_4 · e_3*p_3 · p_2*e_2 · p_3*p_4 · p_1*p_4 · p_2)/(p_2 · p_3*p_3 · p_4*p_4 · p_1*p_4 · p_2) + (89*p_4 · p_3*e_3 · e_2*p_2 · p_3*p_4 · p_1*p_4 · p_2)/(p_2 · p_3*p_3 · p_4*p_4 · p_1*p_4 · p_2) - (89*p_4 · e_3*p_3 · e_2*p_2 · p_3*p_4 · p_1*p_4 · p_2)/(p_2 · p_3*p_3 · p_4*p_4 · p_1*p_4 · p_2)
-5*(Tr(F_2 · F_3)*p_2 · p_4)/(p_2 · p_4*p_3 · p_4) + 34*(p_2 · F_3 · p_4*p_4 · F_2 · p_1)/(p_1 · p_2*p_2 · p_4*p_3 · p_4) - 46*(Tr(F_2 · F_3))/(p_3 · p_4) + 42*(p_1 · F_2 · p_3*p_4 · F_3 · p_1)/(p_1 · p_2*p_2 · p_3*p_2 · p_4),-(5*e_2 · p_3*e_3 · p_2*p_2 · p_4*p_2 · p_4)/((p_2 · p_4*p_3 · p_4*((p_2 · p_4 + p_1 · p_3)))) - (5*e_2 · p_3*e_3 · p_2*p_2 · p_4*p_1 · p_3)/((p_2 · p_4*p_3 · p_4*((p_2 · p_4 + p_1 · p_3)))) + (5*p_2 · p_3*e_3 · e_2*p_2 · p_4*p_2 · p_4)/((p_2 · p_4*p_3 · p_4*((p_2 · p_4 + p_1 · p_3)))) + (5*p_2 · p_3*e_3 · e_2*p_2 · p_4*p_1 · p_3)/((p_2 · p_4*p_3 · p_4*((p_2 · p_4 + p_1 · p_3)))) + (5*e_2 · e_3*p_3 · p_2*p_2 · p_4*p_2 · p_4)/((p_2 · p_4*p_3 · p_4*((p_2 · p_4 + p_1 · p_3)))) + (5*e_2 · e_3*p_3 · p_2*p_2 · p_4*p_1 · p_3)/((p_2 · p_4*p_3 · p_4*((p_2 · p_4 + p_1 · p_3)))) - (5*p_2 · e_3*p_3 · e_2*p_2 · p_4*p_2 · p_4)/((p_2 · p_4*p_3 · p_4*((p_2 · p_4 + p_1 · p_3)))) - (5*p_2 · e_3*p_3 · e_2*p_2 · p_4*p_1 · p_3)/((p_2 · p_4*p_3 · p_4*((p_2 · p_4 + p_1 · p_3)))) + (34*p_2 · p_3*e_3 · p_4*p_4 · p_2*e_2 · p_1*p_2 · p_4)/((p_1 · p_2*p_2 · p_4*p_3 · p_4*((p_2 · p_4 + p_1 · p_3)))) + (34*p_2 · p_3*e_3 · p_4*p_4 · p_2*e_2 · p_1*p_1 · p_3)/((p_1 · p_2*p_2 · p_4*p_3 · p_4*((p_2 · p_4 + p_1 · p_3)))) - (34*p_2 · p_3*e_3 · p_4*p_4 · e_2*p_2 · p_1*p_2 · p_4)/((p_1 · p_2*p_2 · p_4*p_3 · p_4*((p_2 · p_4 + p_1 · p_3)))) - (34*p_2 · p_3*e_3 · p_4*p_4 · e_2*p_2 · p_1*p_1 · p_3)/((p_1 · p_2*p_2 · p_4*p_3 · p_4*((p_2 · p_4 + p_1 · p_3)))) - (34*p_2 · e_3*p_3 · p_4*p_4 · p_2*e_2 · p_1*p_2 · p_4)/((p_1 · p_2*p_2 · p_4*p_3 · p_4*((p_2 · p_4 + p_1 · p_3)))) - (34*p_2 · e_3*p_3 · p_4*p_4 · p_2*e_2 · p_1*p_1 · p_3)/((p_1 · p_2*p_2 · p_4*p_3 · p_4*((p_2 · p_4 + p_1 · p_3)))) + (34*p_2 · e_3*p_3 · p_4*p_4 · e_2*p_2 · p_1*p_2 · p_4)/((p_1 · p_2*p_2 · p_4*p_3 · p_4*((p_2 · p_4 + p_1 · p_3)))) + (34*p_2 · e_3*p_3 · p_4*p_4 · e_2*p_2 · p_1*p_1 · p_3)/((p_1 · p_2*p_2 · p_4*p_3 · p_4*((p_2 · p_4 + p_1 · p_3)))) - (46*e_2 · p_3*e_3 · p_2*p_2 · p_4)/((p_3 · p_4*((p_2 · p_4 + p_1 · p_3)))) - (46*e_2 · p_3*e_3 · p_2*p_1 · p_3)/((p_3 · p_4*((p_2 · p_4 + p_1 · p_3)))) + (46*p_2 · p_3*e_3 · e_2*p_2 · p_4)/((p_3 · p_4*((p_2 · p_4 + p_1 · p_3)))) + (46*p_2 · p_3*e_3 · e_2*p_1 · p_3)/((p_3 · p_4*((p_2 · p_4 + p_1 · p_3)))) + (46*e_2 · e_3*p_3 · p_2*p_2 · p_4)/((p_3 · p_4*((p_2 · p_4 + p_1 · p_3)))) + (46*e_2 · e_3*p_3 · p_2*p_1 · p_3)/((p_3 · p_4*((p_2 · p_4 + p_1 · p_3)))) - (46*p_2 · e_3*p_3 · e_2*p_2 · p_4)/((p_3 · p_4*((p_2 · p_4 + p_1 · p_3)))) - (46*p_2 · e_3*p_3 · e_2*p_1 · p_3)/((p_3 · p_4*((p_2 · p_4 + p_1 · p_3)))) + (42*p_1 · p_2*e_2 · p_3*p_4 · p_3*e_3 · p_1*p_2 · p_4)/((p_1 · p_2*p_2 · p_3*p_2 · p_4*((p_2 · p_4 + p_1 · p_3)))) + (42*p_1 · p_2*e_2 · p_3*p_4 · p_3*e_3 · p_1*p_1 · p_3)/((p_1 · p_2*p_2 · p_3*p_2 · p_4*((p_2 · p_4 + p_1 · p_3)))) - (42*p_1 · p_2*e_2 · p_3*p_4 · e_3*p_3 · p_1*p_2 · p_4)/((p_1 · p_2*p_2 · p_3*p_2 · p_4*((p_2 · p_4 + p_1 · p_3)))) - (42*p_1 · p_2*e_2 · p_3*p_4 · e_3*p_3 · p_1*p_1 · p_3)/((p_1 · p_2*p_2 · p_3*p_2 · p_4*((p_2 · p_4 + p_1 · p_3)))) - (42*p_1 · e_2*p_2 · p_3*p_4 · p_3*e_3 · p_1*p_2 · p_4)/((p_1 · p_2*p_2 · p_3*p_2 · p_4*((p_2 · p_4 + p_1 · p_3)))) - (42*p_1 · e_2*p_2 · p_3*p_4 · p_3*e_3 · p_1*p_1 · p_3)/((p_1 · p_2*p_2 · p_3*p_2 · p_4*((p_2 · p_4 + p_1 · p_3)))) + (42*p_1 · e_2*p_2 · p_3*p_4 · e_3*p_3 · p_1*p_2 · p_4)/((p_1 · p_2*p_2 · p_3*p_2 · p_4*((p_2 · p_4 + p_1 · p_3)))) + (42*p_1 · e_2*p_2 · p_3*p_4 · e_3*p_3 · p_1*p_1 · p_3)/((p_1 · p_2*p_2 · p_3*p_2 · p_4*((p_2 · p_4 + p_1 · p_3))))
-(p_4 · F_2 · p_1*p_4 · F_3 · p_1*p_1 · p_4*p_2 · p_4)/(p_1 · p_2*p_1 · p_3*p_2 · p_3*p_2 · p_4*p_3 · p_4) + 11*(p_4 · F_2 · F_3 · p_4*p_1 · p_3)/(p_1 · p_3*p_2 · p_3*p_2 · p_4),-(p_4 · p_2*e_2 · p_1*p_4 · p_3*e_3 · p_1*p_1 · p_4*p_2 · p_4*p_1 · p_2*p_3 · p_2*p_1 · p_4)/((p_1 · p_2*p_1 · p_3*p_2 · p_3*p_2 · p_4*p_3 · p_4*p_1 · p_2*((p_3 · p_2 + p_4 · p_1))*p_1 · p_4)) - (p_4 · p_2*e_2 · p_1*p_4 · p_3*e_3 · p_1*p_1 · p_4*p_2 · p_4*p_1 · p_2*p_4 · p_1*p_1 · p_4)/((p_1 · p_2*p_1 · p_3*p_2 · p_3*p_2 · p_4*p_3 · p_4*p_1 · p_2*((p_3 · p_2 + p_4 · p_1))*p_1 · p_4)) + (p_4 · p_2*e_2 · p_1*p_4 · e_3*p_3 · p_1*p_1 · p_4*p_2 · p_4*p_1 · p_2*p_3 · p_2*p_1 · p_4)/((p_1 · p_2*p_1 · p_3*p_2 · p_3*p_2 · p_4*p_3 · p_4*p_1 · p_2*((p_3 · p_2 + p_4 · p_1))*p_1 · p_4)) + (p_4 · p_2*e_2 · p_1*p_4 · e_3*p_3 · p_1*p_1 · p_4*p_2 · p_4*p_1 · p_2*p_4 · p_1*p_1 · p_4)/((p_1 · p_2*p_1 · p_3*p_2 · p_3*p_2 · p_4*p_3 · p_4*p_1 · p_2*((p_3 · p_2 + p_4 · p_1))*p_1 · p_4)) + (p_4 · e_2*p_2 · p_1*p_4 · p_3*e_3 · p_1*p_1 · p_4*p_2 · p_4*p_1 · p_2*p_3 · p_2*p_1 · p_4)/((p_1 · p_2*p_1 · p_3*p_2 · p_3*p_2 · p_4*p_3 · p_4*p_1 · p_2*((p_3 · p_2 + p_4 · p_1))*p_1 · p_4)) + (p_4 · e_2*p_2 · p_1*p_4 · p_3*e_3 · p_1*p_1 · p_4*p_2 · p_4*p_1 · p_2*p_4 · p_1*p_1 · p_4)/((p_1 · p_2*p_1 · p_3*p_2 · p_3*p_2 · p_4*p_3 · p_4*p_1 · p_2*((p_3 · p_2 + p_4 · p_1))*p_1 · p_4)) - (p_4 · e_2*p_2 · p_1*p_4 · e_3*p_3 · p_1*p_1 · p_4*p_2 · p_4*p_1 · p_2*p_3 · p_2*p_1 · p_4)/((p_1 · p_2*p_1 · p_3*p_2 · p_3*p_2 · p_4*p_3 · p_4*p_1 · p_2*((p_3 · p_2 + p_4 · p_1))*p_1 · p_4)) - (p_4 · e_2*p_2 · p_1*p_4 · e_3*p_3 · p_1*p_1 · p_4*p_2 · p_4*p_1 · p_2*p_4 · p_1*p_1 · p_4)/((p_1 · p_2*p_1 · p_3*p_2 · p_3*p_2 · p_4*p_3 · p_4*p_1 · p_2*((p_3 · p_2 + p_4 · p_1))*p_1 · p_4)) + (11*p_4 · p_2*e_2 · p_3*e_3 · p_4*p_1 · p_3*p_1 · p_2*p_3 · p_2*p_1 · p_4)/((((p_2 · p_4 - p_1 · p_2))*p_1 · p_2*p_1 · p_3*p_2 · p_3*((p_3 · p_2 + p_4 · p_1))*p_1 · p_4)) + (11*p_4 · p_2*e_2 · p_3*e_3 · p_4*p_1 · p_3*p_1 · p_2*p_4 · p_1*p_1 · p_4)/((((p_2 · p_4 - p_1 · p_2))*p_1 · p_2*p_1 · p_3*p_2 · p_3*((p_3 · p_2 + p_4 · p_1))*p_1 · p_4)) - (11*p_4 · p_2*e_2 · p_3*e_3 · p_4*p_1 · p_3*p_1 · p_2*p_3 · p_2*p_1 · p_4)/((((p_2 · p_4 - p_1 · p_2))*p_2 · p_4*p_1 · p_3*p_2 · p_3*((p_3 · p_2 + p_4 · p_1))*p_1 · p_4)) - (11*p_4 · p_2*e_2 · p_3*e_3 · p_4*p_1 · p_3*p_1 · p_2*p_4 · p_1*p_1 · p_4)/((((p_2 · p_4 - p_1 · p_2))*p_2 · p_4*p_1 · p_3*p_2 · p_3*((p_3 · p_2 + p_4 · p_1))*p_1 · p_4)) - (11*p_4 · e_2*p_2 · p_3*e_3 · p_4*p_1 · p_3*p_1 · p_2*p_3 · p_2*p_1 · p_4)/((p_1 · p_3*p_2 · p_3*p_2 · p_4*p_1 · p_2*((p_3 · p_2 + p_4 · p_1))*p_1 · p_4)) - (11*p_4 · e_2*p_2 · p_3*e_3 · p_4*p_1 · p_3*p_1 · p_2*p_4 · p_1*p_1 · p_4)/((p_1 · p_3*p_2 · p_3*p_2 · p_4*p_1 · p_2*((p_3 · p_2 + p_4 · p_1))*p_1 · p_4)) - (11*p_4 · p_2*e_2 · e_3*p_3 · p_4*p_1 · p_3*p_1 · p_2*p_3 · p_2*p_1 · p_4)/((p_1 · p_3*p_2 · p_3*p_2 · p_4*p_1 · p_2*((p_3 · p_2 + p_4 · p_1))*p_1 · p_4)) - (11*p_4 · p_2*e_2 · e_3*p_3 · p_4*p_1 · p_3*p_1 · p_2*p_4 · p_1*p_1 · p_4)/((p_1 · p_3*p_2 · p_3*p_2 · p_4*p_1 · p_2*((p_3 · p_2 + p_4 · p_1))*p_1 · p_4)) + (11*p_4 · e_2*p_2 · e_3*p_3 · p_4*p_1 · p_3*p_1 · p_2*p_3 · p_2*p_1 · p_4)/((p_1 · p_3*p_2 · p_3*p_2 · p_4*p_1 · p_2*((p_3 · p_2 + p_4 · p_1))*p_1 · p_4)) + (11*p_4 · e_2*p_2 · e_3*p_3 · p_4*p_1 · p_3*p_1 · p_2*p_4 · p_1*p_1 · p_4)/((p_1 · p_3*p_2 · p_3*p_2 · p_4*p_1 · p_2*((p_3 · p_2 + p_4 · p_1))*p_1 · p_4))
-6*(Tr(F_2 · F_3))/(p_1 · p_2) + 63*(p_4 · F_2 · F_3 · p_2*p_3 · p_4)/(p_1 · p_2*p_2 · p_4*p_3 · p_4) + 30*(p_4 · F_3 · F_2 · p_3*p_2 · p_3)/(p_1 · p_3*p_2 · p_4*p_3 · p_4) - 74*(Tr(F_2 · F_3))/(p_1 · p_2),-(6*e_2 · p_3*e_3 · p_2*p_1 · p_2*p_2 · p_3)/((p_1 · p_2*((p_1 · p_2 + p_4 · p_3))*p_2 · p_3)) - (6*e_2 · p_3*e_3 · p_2*p_4 · p_3*p_2 · p_3)/((p_1 · p_2*((p_1 · p_2 + p_4 · p_3))*p_2 · p_3)) + (6*p_2 · p_3*e_3 · e_2*p_1 · p_2*p_2 · p_3)/((p_1 · p_2*((p_1 · p_2 + p_4 · p_3))*p_2 · p_3)) + (6*p_2 · p_3*e_3 · e_2*p_4 · p_3*p_2 · p_3)/((p_1 · p_2*((p_1 · p_2 + p_4 · p_3))*p_2 · p_3)) + (6*e_2 · e_3*p_3 · p_2*p_1 · p_2*p_2 · p_3)/((p_1 · p_2*((p_1 · p_2 + p_4 · p_3))*p_2 · p_3)) + (6*e_2 · e_3*p_3 · p_2*p_4 · p_3*p_2 · p_3)/((p_1 · p_2*((p_1 · p_2 + p_4 · p_3))*p_2 · p_3)) - (6*p_2 · e_3*p_3 · e_2*p_1 · p_2*p_2 · p_3)/((p_1 · p_2*((p_1 · p_2 + p_4 · p_3))*p_2 · p_3)) - (6*p_2 · e_3*p_3 · e_2*p_4 · p_3*p_2 · p_3)/((p_1 · p_2*((p_1 · p_2 + p_4 · p_3))*p_2 · p_3)) + (63*p_4 · p_2*e_2 · p_3*e_3 · p_2*p_3 · p_4*p_1 · p_2*p_2 · p_3)/((p_1 · p_2*p_2 · p_4*p_3 · p_4*((p_1 · p_2 + p_4 · p_3))*p_2 · p_3)) + (63*p_4 · p_2*e_2 · p_3*e_3 · p_2*p_3 · p_4*p_4 · p_3*p_2 · p_3)/((p_1 · p_2*p_2 · p_4*p_3 · p_4*((p_1 · p_2 + p_4 · p_3))*p_2 · p_3)) - (63*p_4 · e_2*p_2 · p_3*e_3 · p_2*p_3 · p_4*p_1 · p_2*p_2 · p_3)/((p_1 · p_2*p_2 · p_4*p_3 · p_4*((p_1 · p_2 + p_4 · p_3))*p_2 · p_3)) - (63*p_4 · e_2*p_2 · p_3*e_3 · p_2*p_3 · p_4*p_4 · p_3*p_2 · p_3)/((p_1 · p_2*p_2 · p_4*p_3 · p_4*((p_1 · p_2 + p_4 · p_3))*p_2 · p_3)) - (63*p_4 · p_2*e_2 · e_3*p_3 · p_2*p_3 · p_4*p_1 · p_2*p_2 · p_3)/((p_1 · p_2*p_2 · p_4*p_3 · p_4*((p_1 · p_2 + p_4 · p_3))*p_2 · p_3)) - (63*p_4 · p_2*e_2 · e_3*p_3 · p_2*p_3 · p_4*p_4 · p_3*p_2 · p_3)/((p_1 · p_2*p_2 · p_4*p_3 · p_4*((p_1 · p_2 + p_4 · p_3))*p_2 · p_3)) + (63*p_4 · e_2*p_2 · e_3*p_3 · p_2*p_3 · p_4*p_1 · p_2*p_2 · p_3)/((p_1 · p_2*p_2 · p_4*p_3 · p_4*((p_1 · p_2 + p_4 · p_3))*p_2 · p_3)) + (63*p_4 · e_2*p_2 · e_3*p_3 · p_2*p_3 · p_4*p_4 · p_3*p_2 · p_3)/((p_1 · p_2*p_2 · p_4*p_3 · p_4*((p_1 · p_2 + p_4 · p_3))*p_2 · p_3)) + (30*p_4 · p_3*e_3 · p_2*e_2 · p_3*p_2 · p_3*p_1 · p_2*p_2 · p_3)/((p_1 · p_3*p_2 · p_4*p_3 · p_4*((p_1 · p_2 + p_4 · p_3))*p_2 · p_3)) + (30*p_4 · p_3*e_3 · p_2*e_2 · p_3*p_2 · p_3*p_4 · p_3*p_2 · p_3)/((p_1 · p_3*p_2 · p_4*p_3 · p_4*((p_1 · p_2 + p_4 · p_3))*p_2 · p_3)) - (30*p_4 · e_3*p_3 · p_2*e_2 · p_3*p_2 · p_3*p_1 · p_2*p_2 · p_3)/((p_1 · p_3*p_2 · p_4*p_3 · p_4*((p_1 · p_2 + p_4 · p_3))*p_2 · p_3)) - (30*p_4 · e_3*p_3 · p_2*e_2 · p_3*p_2 · p_3*p_4 · p_3*p_2 · p_3)/((p_1 · p_3*p_2 · p_4*p_3 · p_4*((p_1 · p_2 + p_4 · p_3))*p_2 · p_3)) - (30*p_4 · p_3*e_3 · e_2*p_2 · p_3*p_2 · p_3*p_1 · p_2*p_2 · p_3)/((p_1 · p_3*p_2 · p_4*p_3 · p_4*((p_1 · p_2 + p_4 · p_3))*p_2 · p_3)) - (30*p_4 · p_3*e_3 · e_2*p_2 · p_3*p_2 · p_3*p_4 · p_3*p_2 · p_3)/((p_1 · p_3*p_2 · p_4*p_3 · p_4*((p_1 · p_2 + p_4 · p_3))*p_2 · p_3)) + (30*p_4 · e_3*p_3 · e_2*p_2 · p_3*p_2 · p_3*p_1 · p_2*p_2 · p_3)/((p_1 · p_3*p_2 · p_4*p_3 · p_4*((p_1 · p_2 + p_4 · p_3))*p_2 · p_3)) + (30*p_4 · e_3*p_3 · e_2*p_2 · p_3*p_2 · p_3*p_4 · p_3*p_2 · p_3)/((p_1 · p_3*p_2 · p_4*p_3 · p_4*((p_1 · p_2 + p_4 · p_3))*p_2 · p_3)) - (74*e_2 · p_3*e_3 · p_2*p_1 · p_2*p_2 · p_3)/((p_1 · p_2*((p_1 · p_2 + p_4 · p_3))*p_2 · p_3)) - (74*e_2 · p_3*e_3 · p_2*p_4 · p_3*p_2 · p_3)/((p_1 · p_2*((p_1 · p_2 + p_4 · p_3))*p_2 · p_3)) + (74*p_2 · p_3*e_3 · e_2*p_1 · p_2*p_2 · p_3)/((p_1 · p_2*((p_1 · p_2 + p_4 · p_3))*p_2 · p_3)) + (74*p_2 · p_3*e_3 · e_2*p_4 · p_3*p_2 · p_3)/((p_1 · p_2*((p_1 · p_2 + p_4 · p_3))*p_2 · p_3)) + (74*e_2 · e_3*p_3 · p_2*p_1 · p_2*p_2 · p_3)/((p_1 · p_2*((p_1 · p_2 + p_4 · p_3))*p_2 · p_3)) + (74*e_2 · e_3*p_3 · p_2*p_4 · p_3*p_2 · p_3)/((p_1 · p_2*((p_1 · p_2 + p_4 · p_3))*p_2 · p_3)) - (74*p_2 · e_3*p_3 · e_2*p_1 · p_2*p_2 · p_3)/((p_1 · p_2*((p_1 · p_2 + p_4 · p_3))*p_2 · p_3)) - (74*p_2 · e_3*p_3 · e_2*p_4 · p_3*p_2 · p_3)/((p_1 · p_2*((p_1 · p_2 + p_4 · p_3))*p_2 · p_3))
8*(Tr(F_2 · F_3)*(p_1 · p_2)^2)/(p_1 · p_2*p_2 · p_3*p_2 · p_4) + 49*(p_2 · F_3 · F_2 · p_3*p_1 · p_3)/(p_1 · p_2*p_2 · p_3*p_3 · p_4) - 87*(p_4 · F_2 · p_4*p_4 · F_3 · p_2)/(p_1 · p_2*p_1 · p_3*p_2 · p_3) - 63*(p_1 · F_3 · F_2 · p_1)/(p_2 · p_3*p_2 · p_4),(8*e_2 · p_3*e_3 · p_2*p_1 · p_2**2)/(p_1 · p_2*p_2 · p_3*p_2 · p_4) - (8*p_2 · p_3*e_3 · e_2*p_1 · p_2**2)/(p_1 · p_2*p_2 · p_3*p_2 · p_4) - (8*e_2 · e_3*p_3 · p_2*p_1 · p_2**2)/(p_1 · p_2*p_2 · p_3*p_2 · p_4) + (8*p_2 · e_3*p_3 · e_2*p_1 · p_2**2)/(p_1 · p_2*p_2 · p_3*p_2 · p_4) + (49*p_2 · p_3*e_3 · p_2*e_2 · p_3*p_1 · p_3)/(p_1 · p_2*p_2 · p_3*p_3 · p_4) - (49*p_2 · e_3*p_3 · p_2*e_2 · p_3*p_1 · p_3)/(p_1 · p_2*p_2 · p_3*p_3 · p_4) - (49*p_2 · p_3*e_3 · e_2*p_2 · p_3*p_1 · p_3)/(p_1 · p_2*p_2 · p_3*p_3 · p_4) + (49*p_2 · e_3*p_3 · e_2*p_2 · p_3*p_1 · p_3)/(p_1 · p_2*p_2 · p_3*p_3 · p_4) - (87*p_4 · p_2*e_2 · p_4*p_4 · p_3*e_3 · p_2)/(p_1 · p_2*p_1 · p_3*p_2 · p_3) + (87*p_4 · p_2*e_2 · p_4*p_4 · e_3*p_3 · p_2)/(p_1 · p_2*p_1 · p_3*p_2 · p_3) + (87*p_4 · e_2*p_2 · p_4*p_4 · p_3*e_3 · p_2)/(p_1 · p_2*p_1 · p_3*p_2 · p_3) - (87*p_4 · e_2*p_2 · p_4*p_4 · e_3*p_3 · p_2)/((((p_1 · p_2 - p_1 · p_3))*p_1 · p_3*p_2 · p_3)) + (87*p_4 · e_2*p_2 · p_4*p_4 · e_3*p_3 · p_2)/((((p_1 · p_2 - p_1 · p_3))*p_1 · p_2*p_2 · p_3)) - (63*p_1 · p_3*e_3 · p_2*e_2 · p_1)/(p_2 · p_3*p_2 · p_4) + (63*p_1 · e_3*p_3 · p_2*e_2 · p_1)/(p_2 · p_3*p_2 · p_4) + (63*p_1 · p_3*e_3 · e_2*p_2 · p_1)/(p_2 · p_3*p_2 · p_4) - (63*p_1 · e_3*p_3 · e_2*p_2 · p_1)/(p_2 · p_3*p_2 · p_4)
3*(p_3 · F_2 · F_3 · p_1*p_2 · p_3*p_2 · p_4)/(p_1 · p_2*p_1 · p_3*p_2 · p_3*p_2 · p_4) + 76*(p_4 · F_2 · p_1*p_4 · F_3 · p_1*(p_1 · p_2)^2)/(p_1 · p_2*p_1 · p_3*p_2 · p_3*p_2 · p_4*p_3 · p_4) + 28*(p_1 · F_3 · F_2 · p_3)/(p_1 · p_3*p_2 · p_3) - 85*(Tr(F_2 · F_3))/(p_3 · p_4) - 76*(p_1 · F_2 · p_3*p_1 · F_3 · p_1*p_1 · p_3)/(p_1 · p_2*p_1 · p_3*p_2 · p_3*p_3 · p_4),(3*p_3 · p_2*e_2 · p_3*e_3 · p_1*p_2 · p_3*p_2 · p_4)/(p_1 · p_2*p_1 · p_3*p_2 · p_3*p_2 · p_4) - (3*p_3 · e_2*p_2 · p_3*e_3 · p_1*p_2 · p_3*p_2 · p_4)/(p_1 · p_2*p_1 · p_3*p_2 · p_3*p_2 · p_4) - (3*p_3 · p_2*e_2 · e_3*p_3 · p_1*p_2 · p_3*p_2 · p_4)/(p_1 · p_2*p_1 · p_3*p_2 · p_3*p_2 · p_4) + (3*p_3 · e_2*p_2 · e_3*p_3 · p_1*p_2 · p_3*p_2 · p_4)/(p_1 · p_2*p_1 · p_3*p_2 · p_3*p_2 · p_4) + (76*p_4 · p_2*e_2 · p_1*p_4 · p_3*e_3 · p_1*p_1 · p_2**2)/(p_1 · p_2*p_1 · p_3*p_2 · p_3*p_2 · p_4*p_3 · p_4) - (76*p_4 · p_2*e_2 · p_1*p_4 · e_3*p_3 · p_1*p_1 · p_2**2)/((((p_3 · p_4 - p_1 · p_3))*p_1 · p_3*p_1 · p_2*p_2 · p_3*p_2 · p_4)) + (76*p_4 · p_2*e_2 · p_1*p_4 · e_3*p_3 · p_1*p_1 · p_2**2)/((((p_3 · p_4 - p_1 · p_3))*p_3 · p_4*p_1 · p_2*p_2 · p_3*p_2 · p_4)) - (76*p_4 · e_2*p_2 · p_1*p_4 · p_3*e_3 · p_1*p_1 · p_2**2)/(p_1 · p_2*p_1 · p_3*p_2 · p_3*p_2 · p_4*p_3 · p_4) + (76*p_4 · e_2*p_2 · p_1*p_4 · e_3*p_3 · p_1*p_1 · p_2**2)/(p_1 · p_2*p_1 · p_3*p_2 · p_3*p_2 · p_4*p_3 · p_4) + (28*p_1 · p_3*e_3 · p_2*e_2 · p_3)/(p_1 · p_3*p_2 · p_3) - (28*p_1 · e_3*p_3 · p_2*e_2 · p_3)/(p_1 · p_3*p_2 · p_3) - (28*p_1 · p_3*e_3 · e_2*p_2 · p_3)/(p_1 · p_3*p_2 · p_3) + (28*p_1 · e_3*p_3 · e_2*p_2 · p_3)/(p_1 · p_3*p_2 · p_3) - (85*e_2 · p_3*e_3 · p_2)/(p_3 · p_4) + (85*p_2 · p_3*e_3 · e_2)/(p_3 · p_4) + (85*e_2 · e_3*p_3 · p_2)/(p_3 · p_4) - (85*p_2 · e_3*p_3 · e_2)/(p_3 · p_4) - (76*p_1 · p_2*e_2 · p_3*p_1 · p_3*e_3 · p_1*p_1 · p_3)/(p_1 · p_2*p_1 · p_3*p_2 · p_3*p_3 · p_4) + (76*p_1 · p_2*e_2 · p_3*p_1 · e_3*p_3 · p_1*p_1 · p_3)/(p_1 · p_2*p_1 · p_3*p_2 · p_3*p_3 · p_4) + (76*p_1 · e_2*p_2 · p_3*p_1 · p_3*e_3 · p_1*p_1 · p_3)/(p_1 · p_2*p_1 · p_3*p_2 · p_3*p_3 · p_4) - (76*p_1 · e_2*p_2 · p_3*p_1 · e_3*p_3 · p_1*p_1 · p_3)/(p_1 · p_2*p_1 · p_3*p_2 · p_3*p_3 · p_4)
-4*(Tr(F_2 · F_3))/(p_3 · p_4),-(4*e_2 · p_3*e_3 · p_2)/(p_3 · p_4) + (4*p_2 · p_3*e_3 · e_2)/(p_3 · p_4) + (4*e_2 · e_3*p_3 · p_2)/(p_3 · p_4) - (4*p_2 · e_3*p_3 · e_2)/(p_3 · p_4)
8*(p_1 · F_3 · F_2 · p_4)/(p_2 · p_3*p_3 · p_4),(8*p_1 · p_3*e_3 · p_2*e_2 · p_4*p_2 · p_1*p_1 · p_2*p_1 · p_3)/((p_2 · p_3*p_3 · p_4*((p_2 · p_1 + p_4 · p_3))*p_1 · p_2*((p_1 · p_3 + p_4 · p_2)))) + (8*p_1 · p_3*e_3 · p_2*e_2 · p_4*p_2 · p_1*p_1 · p_2*p_4 · p_2)/((p_2 · p_3*p_3 · p_4*((p_2 · p_1 + p_4 · p_3))*p_1 · p_2*((p_1 · p_3 + p_4 · p_2)))) + (8*p_1 · p_3*e_3 · p_2*e_2 · p_4*p_4 · p_3*p_1 · p_2*p_1 · p_3)/((p_2 · p_3*p_3 · p_4*((p_2 · p_1 + p_4 · p_3))*p_1 · p_2*((p_1 · p_3 + p_4 · p_2)))) + (8*p_1 · p_3*e_3 · p_2*e_2 · p_4*p_4 · p_3*p_1 · p_2*p_4 · p_2)/((p_2 · p_3*p_3 · p_4*((p_2 · p_1 + p_4 · p_3))*p_1 · p_2*((p_1 · p_3 + p_4 · p_2)))) - (8*p_1 · e_3*p_3 · p_2*e_2 · p_4*p_2 · p_1*p_1 · p_2*p_1 · p_3)/((p_2 · p_3*p_3 · p_4*((p_2 · p_1 + p_4 · p_3))*p_1 · p_2*((p_1 · p_3 + p_4 · p_2)))) - (8*p_1 · e_3*p_3 · p_2*e_2 · p_4*p_2 · p_1*p_1 · p_2*p_4 · p_2)/((p_2 · p_3*p_3 · p_4*((p_2 · p_1 + p_4 · p_3))*p_1 · p_2*((p_1 · p_3 + p_4 · p_2)))) - (8*p_1 · e_3*p_3 · p_2*e_2 · p_4*p_4 · p_3*p_1 · p_2*p_1 · p_3)/((p_2 · p_3*p_3 · p_4*((p_2 · p_1 + p_4 · p_3))*p_1 · p_2*((p_1 · p_3 + p_4 · p_2)))) - (8*p_1 · e_3*p_3 · p_2*e_2 · p_4*p_4 · p_3*p_1 · p_2*p_4 · p_2)/((p_2 · p_3*p_3 · p_4*((p_2 · p_1 + p_4 · p_3))*p_1 · p_2*((p_1 · p_3 + p_4 · p_2)))) - (8*p_1 · p_3*e_3 · e_2*p_2 · p_4*p_2 · p_1*p_1 · p_2*p_1 · p_3)/((p_2 · p_3*p_3 · p_4*((p_2 · p_1 + p_4 · p_3))*p_1 · p_2*((p_1 · p_3 + p_4 · p_2)))) - (8*p_1 · p_3*e_3 · e_2*p_2 · p_4*p_2 · p_1*p_1 · p_2*p_4 · p_2)/((p_2 · p_3*p_3 · p_4*((p_2 · p_1 + p_4 · p_3))*p_1 · p_2*((p_1 · p_3 + p_4 · p_2)))) - (8*p_1 · p_3*e_3 · e_2*p_2 · p_4*p_4 · p_3*p_1 · p_2*p_1 · p_3)/((p_2 · p_3*p_3 · p_4*((p_2 · p_1 + p_4 · p_3))*p_1 · p_2*((p_1 · p_3 + p_4 · p_2)))) - (8*p_1 · p_3*e_3 · e_2*p_2 · p_4*p_4 · p_3*p_1 · p_2*p_4 · p_2)/((p_2 · p_3*p_3 · p_4*((p_2 · p_1 + p_4 · p_3))*p_1 · p_2*((p_1 · p_3 + p_4 · p_2)))) + (8*p_1 · e_3*p_3 · e_2*p_2 · p_4*p_2 · p_1*p_1 · p_2*p_1 · p_3)/((p_2 · p_3*p_3 · p_4*((p_2 · p_1 + p_4 · p_3))*p_1 · p_2*((p_1 · p_3 + p_4 · p_2)))) + (8*p_1 · e_3*p_3 · e_2*p_2 · p_4*p_2 · p_1*p_1 · p_2*p_4 · p_2)/((p_2 · p_3*p_3 · p_4*((p_2 · p_1 + p_4 · p_3))*p_1 · p_2*((p_1 · p_3 + p_4 · p_2)))) + (8*p_1 · e_3*p_3 · e_2*p_2 · p_4*p_4 · p_3*p_1 · p_2*p_1 · p_3)/((p_2 · p_3*p_3 · p_4*((p_2 · p_1 + p_4 · p_3))*p_1 · p_2*((p_1 · p_3 + p_4 · p_2)))) + (8*p_1 · e_3*p_3 · e_2*p_2 · p_4*p_4 · p_3*p_1 · p_2*p_4 · p_2)/((p_2 · p_3*p_3 · p_4*((p_2 · p_1 + p_4 · p_3))*p_1 · p_2*((p_1 · p_3 + p_4 · p_2))))
(Tr(F_2 · F_3))/(p_2 · p_4) + (p_2 · F_3 · p_4*p_4 · F_2 · p_3*p_2 · p_3*p_2 · p_4)/(p_1 · p_2*p_1 · p_3*p_2 · p_3*p_2 · p_4*p_3 · p_4) + (Tr(F_2 · F_3)*p_1 · p_3*p_2 · p_4)/(p_1 · p_2*p_2 · p_3*p_2 · p_4),(e_2 · p_3*e_3 · p_2)/(p_2 · p_4) - (p_2 · p_3*e_3 · e_2)/(p_2 · p_4) - (e_2 · e_3*p_3 · p_2)/(p_2 · p_4) + (p_2 · e_3*p_3 · e_2)/(p_2 · p_4) + (p_2 · p_3*e_3 · p_4*p_4 · p_2*e_2 · p_3*p_2 · p_3*p_2 · p_4)/(p_1 · p_2*p_1 · p_3*p_2 · p_3*p_2 · p_4*p_3 · p_4) - (p_2 · p_3*e_3 · p_4*p_4 · e_2*p_2 · p_3*p_2 · p_3*p_2 · p_4)/(p_1 · p_2*p_1 · p_3*p_2 · p_3*p_2 · p_4*p_3 · p_4) - (p_2 · e_3*p_3 · p_4*p_4 · p_2*e_2 · p_3*p_2 · p_3*p_2 · p_4)/(p_1 · p_2*p_1 · p_3*p_2 · p_3*p_2 · p_4*p_3 · p_4) + (p_2 · e_3*p_3 · p_4*p_4 · e_2*p_2 · p_3*p_2 · p_3*p_2 · p_4)/(p_1 · p_2*p_1 · p_3*p_3 · p_2*p_2 · p_4*p_3 · p_4) + (e_2 · p_3*e_3 · p_2*p_1 · p_3*p_2 · p_4)/(p_1 · p_2*p_2 · p_3*p_2 · p_4) - (p_2 · p_3*e_3 · e_2*p_1 · p_3*p_2 · p_4)/((((p_1 · p_2 - p_2 · p_3))*p_2 · p_3*p_2 · p_4)) + (p_2 · p_3*e_3 · e_2*p_1 · p_3*p_2 · p_4)/((((p_1 · p_2 - p_2 · p_3))*p_1 · p_2*p_2 · p_4)) - (e_2 · e_3*p_3 · p_2*p_1 · p_3*p_2 · p_4)/(p_1 · p_2*p_2 · p_3*p_2 · p_4) + (p_2 · e_3*p_3 · e_2*p_1 · p_3*p_2 · p_4)/(p_1 · p_2*p_2 · p_3*p_2 · p_4)
7*(p_4 · F_3 · F_2 · p_1)/(p_1 · p_2*p_1 · p_3) - 22*(p_1 · F_2 · p_1*p_4 · F_3 · p_1)/(p_1 · p_2*p_1 · p_3*p_2 · p_4) + 51*(Tr(F_2 · F_3)*p_1 · p_4)/(p_1 · p_2*p_2 · p_3) + 72*(p_1 · F_2 · F_3 · p_2*p_1 · p_2*p_2 · p_3)/(p_1 · p_2*p_1 · p_3*p_2 · p_4*p_3 · p_4),(7*p_4 · p_3*e_3 · p_2*e_2 · p_1)/(p_1 · p_2*p_1 · p_3) - (7*p_4 · e_3*p_3 · p_2*e_2 · p_1)/(p_1 · p_2*p_1 · p_3) - (7*p_4 · p_3*e_3 · e_2*p_2 · p_1)/(p_1 · p_2*p_1 · p_3) + (7*p_4 · e_3*p_3 · e_2*p_2 · p_1)/(p_1 · p_2*p_1 · p_3) - (22*p_1 · p_2*e_2 · p_1*p_4 · p_3*e_3 · p_1)/(p_1 · p_2*p_1 · p_3*p_2 · p_4) + (22*p_1 · p_2*e_2 · p_1*p_4 · e_3*p_3 · p_1)/(p_1 · p_2*p_1 · p_3*p_2 · p_4) + (22*p_1 · e_2*p_2 · p_1*p_4 · p_3*e_3 · p_1)/(p_1 · p_2*p_1 · p_3*p_2 · p_4) - (22*p_1 · e_2*p_2 · p_1*p_4 · e_3*p_3 · p_1)/(p_1 · p_2*p_1 · p_3*p_2 · p_4) + (51*e_2 · p_3*e_3 · p_2*p_1 · p_4)/(p_1 · p_2*p_2 · p_3) - (51*p_2 · p_3*e_3 · e_2*p_1 · p_4)/(p_1 · p_2*p_2 · p_3) - (51*e_2 · e_3*p_3 · p_2*p_1 · p_4)/((((p_2 · p_3 - p_1 · p_2))*p_1 · p_2)) + (51*e_2 · e_3*p_3 · p_2*p_1 · p_4)/((((p_2 · p_3 - p_1 · p_2))*p_2 · p_3)) + (51*p_2 · e_3*p_3 · e_2*p_1 · p_4)/(p_1 · p_2*p_2 · p_3) + (72*p_1 · p_2*e_2 · p_3*e_3 · p_2*p_1 · p_2*p_2 · p_3)/(p_1 · p_2*p_1 · p_3*p_2 · p_4*p_3 · p_4) - (72*p_1 · e_2*p_2 · p_3*e_3 · p_2*p_1 · p_2*p_2 · p_3)/(p_1 · p_2*p_1 · p_3*p_2 · p_4*p_3 · p_4) - (72*p_1 · p_2*e_2 · e_3*p_3 · p_2*p_1 · p_2*p_2 · p_3)/(p_1 · p_2*p_1 · p_3*p_2 · p_4*p_3 · p_4) - (72*p_1 · e_2*p_2 · e_3*p_3 · p_2*p_1 · p_2*p_1 · p_3)/(p_1 · p_2*p_1 · p_3*p_2 · p_4*p_3 · p_4) - (72*p_1 · e_2*p_2 · e_3*p_3 · p_2*p_1 · p_2*p_3 · p_3)/(p_1 · p_2*p_1 · p_3*p_2 · p_4*p_3 · p_4) - (72*p_1 · e_2*p_2 · e_3*p_3 · p_2*p_1 · p_2*p_4 · p_3)/(p_1 · p_2*p_1 · p_3*p_2 · p_4*p_3 · p_4)
(p_1 · F_3 · p_1*p_3 · F_2 · p_4*p_1 · p_2*p_3 · p_4)/(p_1 · p_2*p_1 · p_3*p_2 · p_3*p_2 · p_4*p_3 · p_4),(p_1 · p_3*e_3 · p_1*p_3 · p_2*e_2 · p_4*p_1 · p_2*p_3 · p_4*p_4 · p_1*p_1 · p_4)/((p_1 · p_2*p_1 · p_3*p_2 · p_3*p_2 · p_4*p_3 · p_4*p_4 · p_1*((p_1 · p_4 + p_3 · p_2)))) - (p_1 · p_3*e_3 · p_1*p_3 · p_2*e_2 · p_4*p_1 · p_2*p_3 · p_4*p_1 · p_1*p_3 · p_2)/((p_1 · p_2*p_1 · p_3*p_2 · p_3*p_2 · p_4*p_3 · p_4*p_4 · p_1*((p_1 · p_4 + p_3 · p_2)))) - (p_1 · p_3*e_3 · p_1*p_3 · p_2*e_2 · p_4*p_1 · p_2*p_3 · p_4*p_2 · p_1*p_3 · p_2)/((p_1 · p_2*p_1 · p_3*p_2 · p_3*p_2 · p_4*p_3 · p_4*p_4 · p_1*((p_1 · p_4 + p_3 · p_2)))) - (p_1 · p_3*e_3 · p_1*p_3 · p_2*e_2 · p_4*p_1 · p_2*p_3 · p_4*p_3 · p_1*p_3 · p_2)/((p_1 · p_2*p_1 · p_3*p_2 · p_3*p_2 · p_4*p_3 · p_4*p_4 · p_1*((p_1 · p_4 + p_3 · p_2)))) - (p_1 · p_3*e_3 · p_1*p_3 · e_2*p_2 · p_4*p_1 · p_2*p_3 · p_4*p_4 · p_1*p_1 · p_4)/((p_1 · p_2*p_1 · p_3*p_2 · p_3*p_2 · p_4*p_3 · p_4*p_4 · p_1*((p_1 · p_4 + p_3 · p_2)))) - (p_1 · p_3*e_3 · p_1*p_3 · e_2*p_2 · p_4*p_1 · p_2*p_3 · p_4*p_4 · p_1*p_3 · p_2)/((p_1 · p_2*p_1 · p_3*p_2 · p_3*p_2 · p_4*p_3 · p_4*p_4 · p_1*((p_1 · p_4 + p_3 · p_2)))) - (p_1 · e_3*p_3 · p_1*p_3 · p_2*e_2 · p_4*p_1 · p_2*p_3 · p_4*p_4 · p_1*p_1 · p_4)/((p_1 · p_2*p_1 · p_3*p_2 · p_3*p_2 · p_4*p_3 · p_4*p_4 · p_1*((p_1 · p_4 + p_3 · p_2)))) - (p_1 · e_3*p_3 · p_1*p_3 · p_2*e_2 · p_4*p_1 · p_2*p_3 · p_4*p_4 · p_1*p_3 · p_2)/((p_1 · p_2*p_1 · p_3*p_2 · p_3*p_2 · p_4*p_3 · p_4*p_4 · p_1*((p_1 · p_4 + p_3 · p_2)))) + (p_1 · e_3*p_3 · p_1*p_3 · e_2*p_2 · p_4*p_1 · p_2*p_3 · p_4*p_4 · p_1*p_1 · p_4)/((p_1 · p_2*p_1 · p_3*p_2 · p_3*p_2 · p_4*p_3 · p_4*p_4 · p_1*((p_1 · p_4 + p_3 · p_2)))) + (p_1 · e_3*p_3 · p_1*p_3 · e_2*p_2 · p_4*p_1 · p_2*p_3 · p_4*p_4 · p_1*p_3 · p_2)/((p_1 · p_2*p_1 · p_3*p_2 · p_3*p_2 · p_4*p_3 · p_4*p_4 · p_1*((p_1 · p_4 + p_3 · p_2))))
(p_2 · F_3 · F_2 · p_3*p_2 · p_3)/(p_1 · p_3*p_2 · p_4*p_3 · p_4) + (p_1 · F_2 · F_3 · p_4*p_1 · p_2*p_1 · p_4)/(p_1 · p_2*p_1 · p_3*p_2 · p_3*p_2 · p_4),(p_2 · p_3*e_3 · p_2*e_2 · p_3*p_2 · p_3)/(p_1 · p_3*p_2 · p_4*p_3 · p_4) - (p_2 · e_3*p_3 · p_2*e_2 · p_3*p_2 · p_3)/(p_1 · p_3*p_2 · p_4*p_3 · p_4) - (p_2 · p_3*e_3 · e_2*p_2 · p_3*p_2 · p_3)/(p_1 · p_3*p_2 · p_4*p_3 · p_4) + (p_2 · e_3*p_3 · e_2*p_2 · p_3*p_2 · p_3)/(p_1 · p_3*p_2 · p_4*p_3 · p_4) + (p_1 · p_2*e_2 · p_3*e_3 · p_4*p_1 · p_2*p_1 · p_4)/(p_1 · p_2*p_1 · p_3*p_2 · p_3*p_2 · p_4) - (p_1 · e_2*p_2 · p_3*e_3 · p_4*p_1 · p_2*p_1 · p_4)/(p_1 · p_2*p_1 · p_3*p_2 · p_3*p_4 · p_2) - (p_1 · p_2*e_2 · e_3*p_3 · p_4*p_1 · p_2*p_1 · p_4)/(p_1 · p_2*p_1 · p_3*p_2 · p_3*p_2 · p_4) + (p_1 · e_2*p_2 · e_3*p_3 · p_4*p_1 · p_2*p_1 · p_4)/((((p_2 · p_3 - p_1 · p_3))*-((p_2 · p_3 + p_3 · p_3 + p_4 · p_3))*p_1 · p_2*p_2 · p_4)) - (p_1 · e_2*p_2 · e_3*p_3 · p_4*p_1 · p_2*p_1 · p_4)/((((p_2 · p_3 - p_1 · p_3))*p_2 · p_3*p_1 · p_2*p_2 · p_4))
-2*(p_4 · F_3 · F_2 · p_3*p_3 · p_4)/(p_2 · p_3*p_2 · p_4*p_3 · p_4) + 87*(p_3 · F_2 · F_3 · p_4)/(p_2 · p_4*p_3 · p_4) - 63*(p_1 · F_2 · p_3*p_2 · F_3 · p_2)/(p_2 · p_3*p_2 · p_4*p_3 · p_4),-(2*p_4 · p_3*e_3 · p_2*e_2 · p_3*p_3 · p_4)/(p_2 · p_3*p_2 · p_4*p_3 · p_4) - (2*p_4 · e_3*p_3 · p_2*e_2 · p_3*p_1 · p_4)/(p_2 · p_3*p_2 · p_4*p_3 · p_4) - (2*p_4 · e_3*p_3 · p_2*e_2 · p_3*p_2 · p_4)/(p_2 · p_3*p_2 · p_4*p_3 · p_4) - (2*p_4 · e_3*p_3 · p_2*e_2 · p_3*p_4 · p_4)/(p_2 · p_3*p_2 · p_4*p_3 · p_4) + (2*p_4 · p_3*e_3 · e_2*p_2 · p_3*p_3 · p_4)/((p_2 · p_3*p_2 · p_4*-((p_1 · p_4 + p_2 · p_4 + p_4 · p_4)))) - (2*p_4 · e_3*p_3 · e_2*p_2 · p_3*p_3 · p_4)/(p_2 · p_3*p_2 · p_4*p_3 · p_4) + (87*p_3 · p_2*e_2 · p_3*e_3 · p_4)/(p_2 · p_4*p_3 · p_4) - (87*p_3 · e_2*p_2 · p_3*e_3 · p_4)/(p_2 · p_4*p_3 · p_4) - (87*p_3 · p_2*e_2 · e_3*p_3 · p_4)/((((p_2 · p_4 - p_3 · p_4))*p_3 · p_4)) + (87*p_3 · p_2*e_2 · e_3*p_3 · p_4)/((((p_2 · p_4 - p_3 · p_4))*p_2 · p_4)) + (87*p_3 · e_2*p_2 · e_3*p_3 · p_4)/(p_2 · p_4*p_3 · p_4) - (63*p_1 · p_2*e_2 · p_3*p_2 · p_3*e_3 · p_2)/(p_2 · p_3*p_2 · p_4*p_3 · p_4) + (63*p_1 · p_2*e_2 · p_3*p_2 · e_3*p_3 · p_2)/((p_2 · p_3*-((p_1 · p_4 + p_3 · p_4 + p_4 · p_4))*p_3 · p_4)) + (63*p_1 · e_2*p_2 · p_3*p_2 · p_3*e_3 · p_2)/(p_2 · p_3*p_2 · p_4*p_3 · p_4) - (63*p_1 · e_2*p_2 · p_3*p_2 · e_3*p_3 · p_2)/(p_2 · p_3*p_2 · p_4*p_3 · p_4)
5*(Tr(F_2 · F_3))/(p_3 · p_4) + 83*(p_4 · F_2 · F_3 · p_1*p_1 · p_3*p_2 · p_3)/(p_1 · p_2*p_1 · p_3*p_2 · p_3*p_3 · p_4) + 15*(p_1 · F_3 · p_2*p_3 · F_2 · p_3*p_1 · p_2)/(p_1 · p_2*p_2 · p_3*p_2 · p_4*p_3 · p_4) + 72*(p_1 · F_3 · p_4*p_3 · F_2 · p_1*p_1 · p_4*p_2 · p_4)/(p_1 · p_2*p_1 · p_3*p_2 · p_3*p_2 · p_4*p_3 · p_4) + 49*(p_1 · F_2 · p_4*p_4 · F_3 · p_2*p_1 · p_4*p_3 · p_4)/(p_1 · p_2*p_1 · p_3*p_2 · p_3*p_2 · p_4*p_3 · p_4),(5*e_2 · p_3*e_3 · p_2)/(p_3 · p_4) - (5*p_2 · p_3*e_3 · e_2)/(p_3 · p_4) - (5*e_2 · e_3*p_3 · p_2)/(p_3 · p_4) + (5*p_2 · e_3*p_3 · e_2)/(p_3 · p_4) + (83*p_4 · p_2*e_2 · p_3*e_3 · p_1*p_1 · p_3*p_2 · p_3)/(p_1 · p_2*p_1 · p_3*p_2 · p_3*p_3 · p_4) - (83*p_4 · e_2*p_2 · p_3*e_3 · p_1*p_1 · p_3*p_2 · p_3)/(p_1 · p_2*p_1 · p_3*p_2 · p_3*p_3 · p_4) - (83*p_4 · p_2*e_2 · e_3*p_3 · p_1*p_1 · p_3*p_2 · p_3)/(p_1 · p_2*p_1 · p_3*p_2 · p_3*p_3 · p_4) + (83*p_4 · e_2*p_2 · e_3*p_3 · p_1*p_1 · p_3*p_2 · p_3)/(p_1 · p_2*p_1 · p_3*p_2 · p_3*p_3 · p_4) + (15*p_1 · p_3*e_3 · p_2*p_3 · p_2*e_2 · p_3*p_1 · p_2)/(p_1 · p_2*p_2 · p_3*p_2 · p_4*p_3 · p_4) - (15*p_1 · p_3*e_3 · p_2*p_3 · e_2*p_2 · p_3*p_1 · p_2)/(p_1 · p_2*p_2 · p_3*p_2 · p_4*p_3 · p_4) - (15*p_1 · e_3*p_3 · p_2*p_3 · p_2*e_2 · p_3*p_1 · p_2)/(p_1 · p_2*p_2 · p_3*p_2 · p_4*p_3 · p_4) + (15*p_1 · e_3*p_3 · p_2*p_3 · e_2*p_2 · p_3*p_1 · p_2)/(p_1 · p_2*p_2 · p_3*p_2 · p_4*p_3 · p_4) + (72*p_1 · p_3*e_3 · p_4*p_3 · p_2*e_2 · p_1*p_1 · p_4*p_2 · p_4)/(p_1 · p_2*p_1 · p_3*p_2 · p_3*p_2 · p_4*p_3 · p_4) - (72*p_1 · p_3*e_3 · p_4*p_3 · e_2*p_2 · p_1*p_1 · p_4*p_2 · p_4)/(p_1 · p_2*p_1 · p_3*p_2 · p_3*p_2 · p_4*p_3 · p_4) - (72*p_1 · e_3*p_3 · p_4*p_3 · p_2*e_2 · p_1*p_1 · p_4*p_2 · p_4)/(p_1 · p_2*p_1 · p_3*p_2 · p_3*p_2 · p_4*p_3 · p_4) + (72*p_1 · e_3*p_3 · p_4*p_3 · e_2*p_2 · p_1*p_1 · p_4*p_2 · p_4)/(p_1 · p_2*p_1 · p_3*p_2 · p_3*p_2 · p_4*p_3 · p_4) + (49*p_1 · p_2*e_2 · p_4*p_4 · p_3*e_3 · p_2*p_1 · p_4*p_3 · p_4)/(p_1 · p_2*p_1 · p_3*p_2 · p_3*p_2 · p_4*p_3 · p_4) - (49*p_1 · p_2*e_2 · p_4*p_4 · e_3*p_3 · p_2*p_1 · p_4*p_3 · p_4)/(p_1 · p_2*p_1 · p_3*p_2 · p_3*p_2 · p_4*p_3 · p_4) - (49*p_1 · e_2*p_2 · p_4*p_4 · p_3*e_3 · p_2*p_1 · p_4*p_3 · p_4)/(p_1 · p_2*p_1 · p_3*p_2 · p_3*p_2 · p_4*p_3 · p_4) + (49*p_1 · e_2*p_2 · p_4*p_4 · e_3*p_3 · p_2*p_1 · p_4*p_3 · p_4)/(p_1 · p_2*p_1 · p_3*p_2 · p_3*p_2 · p_4*p_3 · p_4)
-3*(Tr(F_2 · F_3)*p_1 · p_2*p_1 · p_4)/(p_2 · p_3*p_2 · p_4*p_3 · p_4),-(3*e_2 · p_3*e_3 · p_2*p_1 · p_2*p_1 · p_4*p_3 · p_1)/((((p_3 · p_1 - p_3 · p_4))*p_3 · p_4*p_2 · p_3*p_2 · p_4)) + (3*e_2 · p_3*e_3 · p_2*p_1 · p_2*p_1 · p_4*p_3 · p_1)/((((p_3 · p_1 - p_3 · p_4))*p_3 · p_1*p_2 · p_3*p_2 · p_4)) + (3*p_2 · p_3*e_3 · e_2*p_1 · p_2*p_1 · p_4*p_3 · p_1)/(p_2 · p_3*p_2 · p_4*p_3 · p_4*p_3 · p_1) + (3*e_2 · e_3*p_3 · p_2*p_1 · p_2*p_1 · p_4*p_3 · p_1)/(p_2 · p_3*p_2 · p_4*p_3 · p_4*p_3 · p_1) - (3*p_2 · e_3*p_3 · e_2*p_1 · p_2*p_1 · p_4*p_3 · p_1)/(p_2 · p_3*p_2 · p_4*p_3 · p_4*p_3 · p_1)
4*(p_4 · F_2 · F_3 · p_2*p_3 · p_4)/(p_1 · p_2*p_1 · p_3*p_3 · p_4) + 16*(p_1 · F_3 · F_2 · p_4*p_2 · p_4)/(p_1 · p_2*p_1 · p_3*p_2 · p_3) - 35*(p_3 · F_2 · p_4*p_4 · F_3 · p_2*p_1 · p_2*p_2 · p_3)/(p_1 · p_2*p_1 · p_3*p_2 · p_3*p_2 · p_4*p_3 · p_4) + 77*(Tr(F_2 · F_3))/(p_2 · p_3),-(4*p_4 · p_2*e_2 · p_3*e_3 · p_1*p_3 · p_4)/(p_1 · p_2*p_1 · p_3*p_3 · p_4) - (4*p_4 · p_2*e_2 · p_3*e_3 · p_3*p_3 · p_4)/(p_1 · p_2*p_1 · p_3*p_3 · p_4) - (4*p_4 · p_2*e_2 · p_3*e_3 · p_4*p_3 · p_4)/(p_1 · p_2*p_1 · p_3*p_3 · p_4) - (4*p_4 · e_2*p_2 · p_3*e_3 · p_2*p_3 · p_4)/(p_1 · p_2*p_1 · p_3*p_3 · p_4) - (4*p_4 · p_2*e_2 · e_3*p_3 · p_2*p_3 · p_4)/(p_1 · p_2*p_1 · p_3*p_3 · p_4) + (4*p_4 · e_2*p_2 · e_3*p_3 · p_2*p_3 · p_4)/(p_1 · p_2*p_1 · p_3*p_3 · p_4) + (16*p_1 · p_3*e_3 · p_2*e_2 · p_4*p_2 · p_4)/(p_1 · p_2*p_1 · p_3*p_2 · p_3) - (16*p_1 · e_3*p_3 · p_2*e_2 · p_4*p_2 · p_4)/(p_1 · p_2*p_1 · p_3*p_2 · p_3) - (16*p_1 · p_3*e_3 · e_2*p_2 · p_4*p_2 · p_4)/(p_1 · p_2*p_1 · p_3*p_2 · p_3) + (16*p_1 · e_3*p_3 · e_2*p_2 · p_4*p_2 · p_4)/(p_1 · p_2*p_1 · p_3*p_2 · p_3) - (35*p_3 · p_2*e_2 · p_4*p_4 · p_3*e_3 · p_2*p_1 · p_2*p_2 · p_3)/(p_1 · p_2*p_1 · p_3*p_2 · p_3*p_2 · p_4*p_3 · p_4) + (35*p_3 · p_2*e_2 · p_4*p_4 · e_3*p_3 · p_2*p_1 · p_2*p_2 · p_3)/(p_1 · p_2*p_1 · p_3*p_2 · p_3*p_2 · p_4*p_3 · p_4) + (35*p_3 · e_2*p_2 · p_4*p_4 · p_3*e_3 · p_2*p_1 · p_2*p_2 · p_3)/(p_1 · p_2*p_1 · p_3*p_2 · p_3*p_2 · p_4*p_3 · p_4) - (35*p_3 · e_2*p_2 · p_4*p_4 · e_3*p_3 · p_2*p_1 · p_2*p_2 · p_3)/(p_1 · p_2*p_1 · p_3*p_2 · p_3*p_2 · p_4*p_3 · p_4) + (77*e_2 · p_3*e_3 · p_2)/(p_2 · p_3) - (77*p_2 · p_3*e_3 · e_2)/(p_2 · p_3) - (77*e_2 · e_3*p_3 · p_2)/(p_2 · p_3) + (77*p_2 · e_3*p_3 · e_2)/(p_2 · p_3)
-8*(p_2 · F_3 · p_2*p_3 · F_2 · p_3*p_1 · p_4*p_2 · p_3)/(p_1 · p_2*p_1 · p_3*p_2 · p_3*p_2 · p_4*p_3 · p_4),-(8*p_2 · p_3*e_3 · p_2*p_3 · p_2*e_2 · p_3*p_1 · p_4*p_2 · p_3*p_3 · p_4)/(p_1 · p_2*p_1 · p_3*p_2 · p_3*p_2 · p_4*p_3 · p_4*p_3 · p_4) + (8*p_2 · p_3*e_3 · p_2*p_3 · e_2*p_2 · p_3*p_1 · p_4*p_2 · p_3*p_3 · p_4)/(p_1 · p_2*p_1 · p_3*p_2 · p_3*p_2 · p_4*p_3 · p_4*p_3 · p_4) + (8*p_2 · e_3*p_3 · p_2*p_3 · p_2*e_2 · p_3*p_1 · p_4*p_2 · p_3*p_3 · p_4)/((-((p_2 · p_2 + p_3 · p_2 + p_4 · p_2))*p_1 · p_3*p_2 · p_3*p_2 · p_4*p_3 · p_4*p_3 · p_4)) - (8*p_2 · e_3*p_3 · p_2*p_3 · e_2*p_2 · p_3*p_1 · p_4*p_2 · p_3*p_3 · p_4)/(p_2 · p_1*p_1 · p_3*p_2 · p_3*p_4 · p_2*p_3 · p_4*p_3 · p_4)
2*(p_2 · F_3 · F_2 · p_1*p_1 · p_2)/(p_1 · p_2*p_1 · p_3*p_3 · p_4) + 79*(p_2 · F_3 · F_2 · p_4*(p_1 · p_4)^2)/(p_1 · p_3*p_2 · p_3*p_2 · p_4*p_3 · p_4) - 81*(p_2 · F_3 · p_4*p_4 · F_2 · p_4*p_2 · p_4)/(p_1 · p_2*p_1 · p_3*p_2 · p_3*p_2 · p_4) - 71*(p_1 · F_2 · F_3 · p_2*p_1 · p_2*p_2 · p_4)/(p_1 · p_2*p_2 · p_3*p_2 · p_4*p_3 · p_4) + 9*(Tr(F_2 · F_3)*p_1 · p_2*p_2 · p_4)/(p_2 · p_3*p_2 · p_4*p_3 · p_4),(2*p_2 · p_3*e_3 · p_2*e_2 · p_1*p_1 · p_2*p_1 · p_2)/(p_1 · p_2*p_1 · p_3*p_3 · p_4*p_1 · p_2) - (2*p_2 · e_3*p_3 · p_2*e_2 · p_1*p_1 · p_2*p_1 · p_2)/(p_1 · p_2*p_1 · p_3*p_3 · p_4*p_1 · p_2) - (2*p_2 · p_3*e_3 · e_2*p_2 · p_1*p_1 · p_2*p_1 · p_2)/(p_1 · p_2*p_1 · p_3*p_3 · p_4*p_1 · p_2) + (2*p_2 · e_3*p_3 · e_2*p_2 · p_1*p_1 · p_2*p_1 · p_2)/(p_1 · p_2*p_1 · p_3*p_3 · p_4*p_1 · p_2) + (79*p_2 · p_3*e_3 · p_2*e_2 · p_4*p_1 · p_4**2*p_1 · p_2)/(p_1 · p_3*p_2 · p_3*p_2 · p_4*p_3 · p_4*p_1 · p_2) - (79*p_2 · e_3*p_3 · p_2*e_2 · p_4*p_1 · p_4**2*p_1 · p_2)/(p_1 · p_3*p_2 · p_3*p_2 · p_4*p_3 · p_4*p_1 · p_2) - (79*p_2 · p_3*e_3 · e_2*p_2 · p_4*p_1 · p_4**2*p_1 · p_2)/(p_1 · p_3*p_2 · p_3*p_2 · p_4*p_3 · p_4*p_1 · p_2) + (79*p_2 · e_3*p_3 · e_2*p_2 · p_4*p_1 · p_4**2*p_1 · p_2)/(p_1 · p_3*p_2 · p_3*p_2 · p_4*p_3 · p_4*p_1 · p_2) - (81*p_2 · p_3*e_3 · p_4*p_4 · p_2*e_2 · p_4*p_2 · p_4*p_1 · p_2)/(p_1 · p_2*p_1 · p_3*p_2 · p_3*p_2 · p_4*p_1 · p_2) + (81*p_2 · p_3*e_3 · p_4*p_4 · e_2*p_2 · p_4*p_2 · p_4*p_1 · p_2)/(p_1 · p_2*p_1 · p_3*p_2 · p_3*p_2 · p_4*p_1 · p_2) + (81*p_2 · e_3*p_3 · p_4*p_4 · p_2*e_2 · p_4*p_2 · p_4*p_1 · p_2)/(p_1 · p_2*p_1 · p_3*p_2 · p_3*p_2 · p_4*p_1 · p_2) - (81*p_2 · e_3*p_3 · p_4*p_4 · e_2*p_2 · p_4*p_2 · p_4*p_1 · p_2)/(p_1 · p_2*p_1 · p_3*p_2 · p_3*p_2 · p_4*p_1 · p_2) - (71*p_1 · p_2*e_2 · p_3*e_3 · p_2*p_1 · p_2*p_2 · p_4*p_1 · p_2)/(p_1 · p_2*p_2 · p_3*p_2 · p_4*p_3 · p_4*p_1 · p_2) + (71*p_1 · e_2*p_2 · p_3*e_3 · p_2*p_1 · p_2*p_2 · p_4*p_1 · p_2)/(p_1 · p_2*p_2 · p_3*p_2 · p_4*p_3 · p_4*p_1 · p_2) + (71*p_1 · p_2*e_2 · e_3*p_3 · p_2*p_1 · p_2*p_2 · p_4*p_1 · p_2)/(p_1 · p_2*p_2 · p_3*p_2 · p_4*p_3 · p_4*p_1 · p_2) - (71*p_1 · e_2*p_2 · e_3*p_3 · p_2*p_1 · p_2*p_2 · p_4*p_1 · p_2)/(p_1 · p_2*p_2 · p_3*p_2 · p_4*p_3 · p_4*p_1 · p_2) + (9*e_2 · p_3*e_3 · p_2*p_1 · p_2*p_2 · p_4*p_1 · p_2)/(p_2 · p_3*p_2 · p_4*p_3 · p_4*p_1 · p_2) - (9*p_2 · p_3*e_3 · e_2*p_1 · p_2*p_2 · p_4*p_1 · p_2)/(p_2 · p_3*p_2 · p_4*p_3 · p_4*p_1 · p_2) - (9*e_2 · e_3*p_3 · p_2*p_1 · p_2*p_2 · p_4*p_1 · p_2)/(p_2 · p_3*p_2 · p_4*p_3 · p_4*p_1 · p_2) + (9*p_2 · e_3*p_3 · e_2*p_1 · p_2*p_2 · p_4*p_1 · p_2)/(p_2 · p_3*p_2 · p_4*p_3 · p_4*p_1 · p_2)
-4*(Tr(F_2 · F_3))/(p_3 · p_4) - 98*(p_1 · F_2 · p_1*p_4 · F_3 · p_1*p_2 · p_3)/(p_1 · p_3*p_2 · p_3*p_2 · p_4*p_3 · p_4) - 63*(Tr(F_2 · F_3)*p_1 · p_2)/(p_1 · p_3*p_2 · p_4),-(4*e_2 · p_3*e_3 · p_2)/(p_3 · p_4) + (4*p_2 · p_3*e_3 · e_2)/(p_3 · p_4) + (4*e_2 · e_3*p_3 · p_2)/(p_3 · p_4) - (4*p_2 · e_3*p_3 · e_2)/(p_3 · p_4) - (98*p_1 · p_2*e_2 · p_1*p_4 · p_3*e_3 · p_1*p_2 · p_3)/(p_1 · p_3*p_2 · p_3*p_2 · p_4*p_3 · p_4) + (98*p_1 · p_2*e_2 · p_1*p_4 · e_3*p_3 · p_1*p_2 · p_3)/(p_1 · p_3*p_2 · p_3*p_2 · p_4*p_3 · p_4) + (98*p_1 · e_2*p_2 · p_1*p_4 · p_3*e_3 · p_1*p_2 · p_3)/(p_1 · p_3*p_2 · p_3*p_2 · p_4*p_3 · p_4) - (98*p_1 · e_2*p_2 · p_1*p_4 · e_3*p_3 · p_1*p_2 · p_3)/(p_1 · p_3*p_2 · p_3*p_2 · p_4*p_3 · p_4) - (63*e_2 · p_3*e_3 · p_2*p_1 · p_2)/(p_1 · p_3*p_2 · p_4) + (63*p_2 · p_3*e_3 · e_2*p_1 · p_2)/(p_1 · p_3*p_2 · p_4) + (63*e_2 · e_3*p_3 · p_2*p_1 · p_2)/(p_1 · p_3*p_2 · p_4) - (63*p_2 · e_3*p_3 · e_2*p_2 · p_1)/(p_1 · p_3*p_2 · p_4)
3*(p_3 · F_2 · F_3 · p_2)/(p_1 · p_2*p_2 · p_3),(3*p_3 · p_2*e_2 · p_3*e_3 · p_2*p_4 · p_3*p_3 · p_2)/((p_1 · p_2*p_2 · p_3*((p_4 · p_3 + p_1 · p_2))*((p_3 · p_2 + p_1 · p_4)))) + (3*p_3 · p_2*e_2 · p_3*e_3 · p_2*p_4 · p_3*p_1 · p_4)/((p_1 · p_2*p_2 · p_3*((p_4 · p_3 + p_1 · p_2))*((p_3 · p_2 + p_1 · p_4)))) + (3*p_3 · p_2*e_2 · p_3*e_3 · p_2*p_1 · p_2*p_3 · p_2)/((p_1 · p_2*p_2 · p_3*((p_4 · p_3 + p_1 · p_2))*((p_3 · p_2 + p_1 · p_4)))) + (3*p_3 · p_2*e_2 · p_3*e_3 · p_2*p_1 · p_2*p_1 · p_4)/((p_1 · p_2*p_2 · p_3*((p_4 · p_3 + p_1 · p_2))*((p_3 · p_2 + p_1 · p_4)))) - (3*p_3 · e_2*p_2 · p_3*e_3 · p_2*p_4 · p_3*p_3 · p_2)/((p_1 · p_2*p_2 · p_3*((p_4 · p_3 + p_1 · p_2))*((p_3 · p_2 + p_1 · p_4)))) - (3*p_3 · e_2*p_2 · p_3*e_3 · p_2*p_4 · p_3*p_1 · p_4)/((p_1 · p_2*p_2 · p_3*((p_4 · p_3 + p_1 · p_2))*((p_3 · p_2 + p_1 · p_4)))) - (3*p_3 · e_2*p_2 · p_3*e_3 · p_2*p_1 · p_2*p_3 · p_2)/((p_1 · p_2*p_2 · p_3*((p_4 · p_3 + p_1 · p_2))*((p_3 · p_2 + p_1 · p_4)))) - (3*p_3 · e_2*p_2 · p_3*e_3 · p_2*p_1 · p_2*p_1 · p_4)/((p_1 · p_2*p_2 · p_3*((p_4 · p_3 + p_1 · p_2))*((p_3 · p_2 + p_1 · p_4)))) - (3*p_3 · p_2*e_2 · e_3*p_3 · p_2*p_4 · p_3*p_3 · p_2)/((p_1 · p_2*p_2 · p_3*((p_4 · p_3 + p_1 · p_2))*((p_3 · p_2 + p_1 · p_4)))) - (3*p_3 · p_2*e_2 · e_3*p_3 · p_2*p_4 · p_3*p_1 · p_4)/((p_1 · p_2*p_2 · p_3*((p_4 · p_3 + p_1 · p_2))*((p_3 · p_2 + p_1 · p_4)))) - (3*p_3 · p_2*e_2 · e_3*p_3 · p_2*p_1 · p_2*p_3 · p_2)/((p_1 · p_2*p_2 · p_3*((p_4 · p_3 + p_1 · p_2))*((p_3 · p_2 + p_1 · p_4)))) - (3*p_3 · p_2*e_2 · e_3*p_3 · p_2*p_1 · p_2*p_1 · p_4)/((p_1 · p_2*p_2 · p_3*((p_4 · p_3 + p_1 · p_2))*((p_3 · p_2 + p_1 · p_4)))) + (3*p_3 · e_2*p_2 · e_3*p_3 · p_2*p_4 · p_3*p_3 · p_2)/((p_1 · p_2*p_3 · p_2*((p_4 · p_3 + p_1 · p_2))*((p_3 · p_2 + p_1 · p_4)))) + (3*p_3 · e_2*p_2 · e_3*p_3 · p_2*p_4 · p_3*p_1 · p_4)/((p_1 · p_2*p_3 · p_2*((p_4 · p_3 + p_1 · p_2))*((p_3 · p_2 + p_1 · p_4)))) + (3*p_3 · e_2*p_2 · e_3*p_3 · p_2*p_1 · p_2*p_3 · p_2)/((p_1 · p_2*p_3 · p_2*((p_4 · p_3 + p_1 · p_2))*((p_3 · p_2 + p_1 · p_4)))) + (3*p_3 · e_2*p_2 · e_3*p_3 · p_2*p_1 · p_2*p_1 · p_4)/((p_1 · p_2*p_3 · p_2*((p_4 · p_3 + p_1 · p_2))*((p_3 · p_2 + p_1 · p_4))))
(p_2 · F_3 · p_2*p_4 · F_2 · p_1*p_2 · p_3)/(p_1 · p_2*p_1 · p_3*p_2 · p_4*p_3 · p_4) + (Tr(F_2 · F_3))/(p_1 · p_3) + (Tr(F_2 · F_3))/(p_1 · p_3) + (p_4 · F_3 · F_2 · p_4)/(p_2 · p_3*p_2 · p_4) + (Tr(F_2 · F_3))/(p_3 · p_4),(p_2 · p_3*e_3 · p_2*p_4 · p_2*e_2 · p_1*p_2 · p_3)/(p_1 · p_2*p_1 · p_3*p_2 · p_4*p_3 · p_4) - (p_2 · p_3*e_3 · p_2*p_4 · e_2*p_2 · p_1*p_2 · p_3)/(p_1 · p_2*p_1 · p_3*p_2 · p_4*p_3 · p_4) + (p_2 · e_3*p_3 · p_2*p_1 · p_2*e_2 · p_1*p_2 · p_3)/((p_1 · p_2*-((p_2 · p_3 + p_3 · p_3 + p_4 · p_3))*p_2 · p_4*p_3 · p_4)) + (p_2 · e_3*p_3 · p_2*p_2 · p_2*e_2 · p_1*p_2 · p_3)/(p_1 · p_2*p_1 · p_3*p_2 · p_4*p_3 · p_4) + (p_2 · e_3*p_3 · p_2*p_3 · p_2*e_2 · p_1*p_2 · p_3)/((((p_3 · p_4 - p_2 · p_4))*p_2 · p_4*p_1 · p_2*p_1 · p_3)) - (p_2 · e_3*p_3 · p_2*p_3 · p_2*e_2 · p_1*p_2 · p_3)/((((p_3 · p_4 - p_2 · p_4))*p_3 · p_4*p_1 · p_2*p_1 · p_3)) + (p_2 · e_3*p_3 · p_2*p_4 · e_2*p_2 · p_1*p_2 · p_3)/(p_1 · p_2*p_1 · p_3*p_2 · p_4*p_3 · p_4) + (e_2 · p_3*e_3 · p_2)/(p_1 · p_3) - (p_2 · p_3*e_3 · e_2)/(p_1 · p_3) - (e_2 · e_3*p_2 · p_3)/(p_1 · p_3) + (p_2 · e_3*p_3 · e_2)/(p_1 · p_3) + (e_2 · p_3*e_3 · p_2)/(p_1 · p_3) - (p_2 · p_3*e_3 · e_2)/(p_1 · p_3) - (e_2 · e_3*p_3 · p_2)/(p_1 · p_3) + (p_2 · e_3*p_3 · e_2)/(p_1 · p_3) + (p_4 · p_3*e_3 · p_2*e_2 · p_4)/(p_2 · p_3*p_2 · p_4) - (p_4 · e_3*p_3 · p_2*e_2 · p_4)/(p_2 · p_3*p_2 · p_4) - (p_4 · p_3*e_3 · e_2*p_2 · p_4)/(p_2 · p_3*p_2 · p_4) + (p_4 · e_3*p_3 · e_2*p_2 · p_4)/(p_2 · p_3*p_2 · p_4) + (e_2 · p_3*e_3 · p_2)/(p_3 · p_4) - (p_2 · p_3*e_3 · e_2)/(p_3 · p_4) - (e_2 · e_3*p_3 · p_2)/(p_3 · p_4) + (p_2 · e_3*p_3 · e_2)/(p_3 · p_4)
3*(Tr(F_2 · F_3))/(p_3 · p_4) + 58*(Tr(F_2 · F_3))/(p_2 · p_3),(3*e_2 · p_3*e_3 · p_2*p_2 · p_4)/(p_3 · p_4*p_2 · p_4) - (3*p_3 · p_2*e_3 · e_2*p_2 · p_4)/(p_3 · p_4*p_2 · p_4) - (3*e_2 · e_3*p_3 · p_2*p_2 · p_4)/(p_3 · p_4*p_2 · p_4) + (3*p_2 · e_3*p_3 · e_2*p_2 · p_4)/(p_3 · p_4*p_2 · p_4) + (58*e_2 · p_3*e_3 · p_2*p_2 · p_4)/(p_2 · p_3*p_2 · p_4) - (58*p_2 · p_3*e_3 · e_2*p_2 · p_4)/(p_2 · p_3*p_2 · p_4) - (58*e_2 · e_3*p_3 · p_2*p_2 · p_4)/(p_2 · p_3*p_2 · p_4) + (58*p_2 · e_3*p_3 · e_2*p_2 · p_4)/(p_2 · p_3*p_2 · p_4)
(p_3 · F_2 · F_3 · p_2*p_1 · p_3)/(p_1 · p_2*p_2 · p_3*p_3 · p_4) + (p_1 · F_2 · F_3 · p_1)/(p_2 · p_4*p_3 · p_4),(p_3 · p_2*e_2 · p_3*e_3 · p_2*p_3 · p_1)/(p_1 · p_2*p_2 · p_3*p_3 · p_4) - (p_3 · e_2*p_3 · p_2*e_3 · p_2*p_1 · p_3)/(p_1 · p_2*p_2 · p_3*p_3 · p_4) - (p_3 · p_2*e_2 · e_3*p_3 · p_2*p_1 · p_3)/(p_1 · p_2*p_2 · p_3*p_3 · p_4) + (p_3 · e_2*p_2 · e_3*p_3 · p_2*p_1 · p_3)/(p_1 · p_2*p_2 · p_3*p_3 · p_4) + (p_1 · p_2*e_2 · p_3*e_3 · p_1)/(p_2 · p_4*p_3 · p_4) - (p_1 · e_2*p_2 · p_3*e_3 · p_1)/(p_2 · p_4*p_3 · p_4) - (p_1 · p_2*e_2 · e_3*p_3 · p_1)/(p_2 · p_4*p_3 · p_4) + (p_1 · e_2*p_2 · e_3*p_3 · p_1)/(p_2 · p_4*p_3 · p_4)
-2*(p_1 · F_3 · p_2*p_3 · F_2 · p_1*(p_2 · p_4)^2)/(p_1 · p_2*p_1 · p_3*p_2 · p_3*p_2 · p_4*p_3 · p_4) + 41*(Tr(F_2 · F_3))/(p_1 · p_2) + 86*(p_4 · F_2 · F_3 · p_1)/(p_1 · p_3*p_2 · p_4),-(2*p_1 · p_3*e_3 · p_2*p_3 · p_2*e_2 · p_1*p_2 · p_4**2*p_3 · p_2*p_2 · p_3)/(p_1 · p_2*p_1 · p_3*p_2 · p_3*p_2 · p_4*p_3 · p_4*p_3 · p_2*p_2 · p_3) + (2*p_1 · p_3*e_3 · p_2*p_3 · e_2*p_2 · p_1*p_2 · p_4**2*p_3 · p_2*p_2 · p_3)/(p_1 · p_2*p_1 · p_3*p_2 · p_3*p_2 · p_4*p_3 · p_4*p_3 · p_2*p_2 · p_3) + (2*p_1 · e_3*p_3 · p_2*p_3 · p_2*e_2 · p_1*p_2 · p_4**2*p_3 · p_2*p_2 · p_3)/(p_1 · p_2*p_1 · p_3*p_2 · p_3*p_2 · p_4*p_3 · p_4*p_3 · p_2*p_2 · p_3) - (2*p_1 · e_3*p_3 · p_2*p_3 · e_2*p_2 · p_1*p_2 · p_4**2*p_3 · p_2*p_2 · p_3)/(p_1 · p_2*p_1 · p_3*p_2 · p_3*p_2 · p_4*p_3 · p_4*p_3 · p_2*p_2 · p_3) + (41*e_2 · p_3*e_3 · p_2*p_3 · p_2*p_2 · p_3)/(p_1 · p_2*p_3 · p_2*p_2 · p_3) - (41*p_2 · p_3*e_3 · e_2*p_3 · p_2*p_2 · p_3)/(p_1 · p_2*p_3 · p_2*p_2 · p_3) - (41*e_2 · e_3*p_3 · p_2*p_3 · p_2*p_2 · p_3)/(p_1 · p_2*p_3 · p_2*p_2 · p_3) + (41*p_2 · e_3*p_3 · e_2*p_3 · p_2*p_2 · p_3)/(p_1 · p_2*p_3 · p_2*p_2 · p_3) + (86*p_4 · p_2*e_2 · p_3*e_3 · p_1*p_3 · p_2*p_2 · p_3)/(p_1 · p_3*p_2 · p_4*p_3 · p_2*p_2 · p_3) - (86*p_4 · e_2*p_2 · p_3*e_3 · p_1*p_3 · p_2*p_2 · p_3)/(p_1 · p_3*p_2 · p_4*p_3 · p_2*p_2 · p_3) - (86*p_4 · p_2*e_2 · e_3*p_3 · p_1*p_3 · p_2*p_2 · p_3)/(p_1 · p_3*p_2 · p_4*p_3 · p_2*p_2 · p_3) + (86*p_4 · e_2*p_2 · e_3*p_3 · p_1*p_3 · p_2*p_3 · p_2)/(p_1 · p_3*p_2 · p_4*p_3 · p_2*p_2 · p_3)
5*(p_4 · F_3 · F_2 · p_3*p_1 · p_4)/(p_1 · p_3*p_2 · p_3*p_2 · p_4) - 40*(p_3 · F_2 · F_3 · p_2)/(p_1 · p_2*p_2 · p_3),-(5*p_4 · p_3*e_3 · p_2*e_2 · p_1*p_1 · p_4*p_1 · p_4)/(p_1 · p_3*p_2 · p_3*p_2 · p_4*p_1 · p_4) - (5*p_4 · p_3*e_3 · p_2*e_2 · p_2*p_1 · p_4*p_1 · p_4)/(p_1 · p_3*p_2 · p_3*p_2 · p_4*p_1 · p_4) - (5*p_4 · p_3*e_3 · p_2*e_2 · p_4*p_1 · p_4*p_1 · p_4)/(p_1 · p_3*p_2 · p_3*p_2 · p_4*p_1 · p_4) - (5*p_4 · e_3*p_3 · p_2*e_2 · p_3*p_1 · p_4*p_1 · p_4)/(p_1 · p_3*p_2 · p_3*p_2 · p_4*p_1 · p_4) - (5*p_4 · p_3*e_3 · e_2*p_2 · p_3*p_1 · p_4*p_1 · p_4)/(p_1 · p_3*p_2 · p_3*p_2 · p_4*p_1 · p_4) + (5*p_4 · e_3*p_3 · e_2*p_2 · p_3*p_1 · p_4*p_1 · p_4)/(p_1 · p_3*p_2 · p_3*p_2 · p_4*p_1 · p_4) - (40*p_3 · p_2*e_2 · p_3*e_3 · p_2*p_1 · p_4)/(p_1 · p_2*p_2 · p_3*p_1 · p_4) + (40*p_3 · e_2*p_2 · p_3*e_3 · p_2*p_1 · p_4)/(p_1 · p_2*p_2 · p_3*p_1 · p_4) + (40*p_3 · p_2*e_2 · e_3*p_3 · p_2*p_1 · p_4)/(p_1 · p_2*p_2 · p_3*p_1 · p_4) - (40*p_3 · e_2*p_2 · e_3*p_3 · p_2*p_1 · p_4)/(p_1 · p_2*p_2 · p_3*p_1 · p_4)
