simple,scrambled
"[4, 7, 6, 23, 19, 21, 6, 21, 6, 21, 21, 6, 21, 21, 25, 43, 26, 27, 42, 27, 25, 27, 27, 28, 21, 6, 21, 6, 21, 6, 21, 6, 21, 25, 26, 25, 27, 26, 27, 26, 28, 27, 28, 7, 6, 18, 16, 21, 6, 21, 21, 21, 25, 43, 42, 27, 27, 28, 21, 6, 21, 6, 21, 25, 26, 25, 27, 26, 27]","[4, 4, 5, 5, 5, 5, 4, 4, 5, 5, 4, 4, 4, 4, 5, 7, 23, 21, 6, 21, 6, 21, 6, 21, 6, 21, 6, 21, 6, 21, 6, 19, 25, 27, 35, 26, 27, 26, 34, 27, 25, 27, 27, 28, 26, 27, 6, 21, 6, 21, 6, 21, 6, 21, 6, 21, 25, 26, 25, 27, 26, 27, 26, 28, 27, 28, 4, 21, 26, 27, 21, 25, 28, 7, 21, 6, 21, 6, 21, 6, 21, 6, 21, 6, 21, 6, 21, 6, 19, 25, 27, 35, 26, 27, 26, 34, 27, 25, 27, 27, 28, 25, 28, 6, 21, 6, 21, 6, 21, 6, 21, 6, 21, 25, 26, 25, 27, 26, 27, 26, 28, 27, 28, 4, 21, 26, 27, 21, 25, 28, 7, 21, 6, 21, 6, 21, 6, 21, 6, 21, 6, 21, 6, 21, 6, 19, 25, 27, 35, 26, 27, 34, 26, 27, 25, 27, 27, 28, 26, 27, 6, 21, 6, 21, 6, 21, 6, 21, 6, 21, 25, 26, 25, 27, 26, 27, 26, 28, 27, 28, 4, 21, 26, 27, 21, 25, 28, 7, 21, 6, 21, 6, 21, 6, 21, 6, 21, 6, 21, 6, 21, 6, 19, 25, 27, 35, 26, 27, 34, 26, 27, 25, 27, 27, 28, 25, 28, 6, 21, 6, 21, 6, 21, 6, 21, 6, 21, 25, 26, 25, 27, 26, 27, 26, 28, 27, 28, 4, 21, 26, 27, 21, 25, 28, 7, 21, 6, 21, 6, 21, 6, 21, 6, 21, 6, 21, 6, 21, 6, 19, 25, 35, 27, 26, 27, 26, 34, 27, 25, 27, 27, 28, 26, 27, 6, 21, 6, 21, 6, 21, 6, 21, 6, 21, 25, 26, 25, 27, 26, 27, 26, 28, 27, 28, 4, 21, 26, 27, 21, 25, 28, 7, 21, 6, 21, 6, 21, 6, 21, 6, 21, 6, 21, 6, 21, 6, 19, 25, 35, 27, 26, 27, 26, 34, 27, 25, 27, 27, 28, 25, 28, 6, 21, 6, 21, 6, 21, 6, 21, 6, 21, 25, 26, 25, 27, 26, 27, 26, 28, 27, 28, 4, 21, 26, 27, 21, 25, 28, 7, 21, 6, 21, 6, 21, 6, 21, 6, 21, 6, 21, 6, 21, 6, 19, 25, 35, 27, 26, 27, 34, 26, 27, 25, 27, 27, 28, 26, 27, 6, 21, 6, 21, 6, 21, 6, 21, 6, 21, 25, 26, 25, 27, 26, 27, 26, 28, 27, 28, 4, 21, 26, 27, 21, 25, 28, 7, 21, 6, 21, 6, 21, 6, 21, 6, 21, 6, 21, 6, 21, 6, 19, 25, 35, 27, 26, 27, 34, 26, 27, 25, 27, 27, 28, 25, 28, 6, 21, 6, 21, 6, 21, 6, 21, 6, 21, 25, 26, 25, 27, 26, 27, 26, 28, 27, 28, 4, 21, 26, 27, 21, 25, 28, 7, 21, 6, 21, 6, 21, 6, 21, 6, 21, 6, 18, 16, 25, 27, 35, 26, 34, 27, 27, 28, 26, 27, 6, 21, 6, 21, 6, 21, 25, 26, 25, 27, 26, 27, 4, 21, 26, 27, 21, 25, 28, 7, 21, 6, 21, 6, 21, 6, 21, 6, 21, 6, 18, 16, 25, 27, 35, 26, 34, 27, 27, 28, 25, 28, 6, 21, 6, 21, 6, 21, 25, 26, 25, 27, 26, 27, 4, 21, 26, 27, 21, 25, 28, 7, 21, 6, 21, 6, 21, 6, 21, 6, 21, 6, 18, 16, 25, 35, 27, 26, 34, 27, 27, 28, 26, 27, 6, 21, 6, 21, 6, 21, 25, 26, 25, 27, 26, 27, 4, 21, 26, 27, 21, 25, 28, 7, 21, 6, 21, 6, 21, 6, 21, 6, 21, 6, 18, 16, 25, 35, 27, 26, 34, 27, 27, 28, 25, 28, 6, 21, 6, 21, 6, 21, 25, 26, 25, 27, 26, 27, 4, 21, 26, 27, 21, 25, 28, 7, 21, 6, 21, 6, 21, 6, 21, 6, 21, 6, 18, 16, 25, 27, 35, 34, 26, 27, 27, 28, 26, 27, 6, 21, 6, 21, 6, 21, 25, 26, 25, 27, 26, 27, 4, 21, 26, 27, 21, 25, 28, 7, 21, 6, 21, 6, 21, 6, 21, 6, 21, 6, 18, 16, 25, 27, 35, 34, 26, 27, 27, 28, 25, 28, 6, 21, 6, 21, 6, 21, 25, 26, 25, 27, 26, 27, 4, 21, 26, 27, 21, 25, 28, 7, 21, 6, 21, 6, 21, 6, 21, 6, 21, 6, 18, 16, 25, 35, 27, 34, 26, 27, 27, 28, 26, 27, 6, 21, 6, 21, 6, 21, 25, 26, 25, 27, 26, 27, 4, 21, 26, 27, 21, 25, 28, 7, 21, 6, 21, 6, 21, 6, 21, 6, 21, 6, 18, 16, 25, 35, 27, 34, 26, 27, 27, 28, 25, 28, 6, 21, 6, 21, 6, 21, 25, 26, 25, 27, 26, 27, 4, 21, 26, 27, 21, 25, 28]"
"[4, 7, 6, 16, 21, 21, 21, 27, 42, 43, 25, 21, 6, 21, 26, 28, 27, 28, 7, 6, 19, 16, 6, 21, 21, 21, 28, 42, 43, 26, 8, 21, 25, 27, 13, 21, 6, 21, 6, 21, 6, 21, 25, 27, 26, 27, 26, 28, 27, 28]","[4, 4, 5, 5, 5, 5, 4, 4, 4, 5, 4, 5, 5, 5, 5, 4, 5, 5, 7, 23, 21, 6, 21, 6, 21, 6, 21, 6, 16, 27, 26, 34, 25, 35, 25, 26, 27, 6, 21, 6, 21, 26, 28, 27, 28, 4, 21, 26, 27, 21, 25, 28, 7, 21, 6, 21, 6, 21, 6, 21, 6, 16, 27, 26, 34, 26, 35, 25, 26, 27, 6, 21, 6, 21, 26, 28, 27, 28, 4, 21, 26, 27, 21, 25, 28, 7, 21, 6, 21, 6, 21, 6, 21, 6, 16, 27, 26, 34, 28, 35, 25, 26, 27, 6, 21, 6, 21, 26, 28, 27, 28, 4, 21, 26, 27, 21, 25, 28, 7, 21, 6, 21, 6, 21, 6, 21, 6, 16, 27, 26, 34, 27, 35, 25, 25, 28, 6, 21, 6, 21, 26, 28, 27, 28, 4, 21, 26, 27, 21, 25, 28, 7, 21, 6, 21, 6, 21, 6, 21, 6, 16, 27, 34, 26, 27, 35, 25, 26, 27, 6, 21, 6, 21, 26, 28, 27, 28, 4, 21, 26, 27, 21, 25, 28, 7, 21, 6, 21, 6, 21, 6, 21, 6, 16, 27, 34, 26, 27, 35, 25, 25, 28, 6, 21, 6, 21, 26, 28, 27, 28, 4, 21, 26, 27, 21, 25, 28, 7, 21, 6, 21, 6, 21, 6, 21, 6, 16, 27, 26, 34, 35, 27, 25, 26, 27, 6, 21, 6, 21, 26, 28, 27, 28, 4, 21, 26, 27, 21, 25, 28, 7, 21, 6, 21, 6, 21, 6, 21, 6, 16, 27, 26, 34, 35, 27, 25, 25, 28, 6, 21, 6, 21, 26, 28, 27, 28, 4, 21, 26, 27, 21, 25, 28, 7, 21, 6, 21, 6, 21, 6, 21, 6, 16, 27, 34, 26, 35, 27, 25, 26, 27, 6, 21, 6, 5, 21, 26, 28, 21, 27, 28, 27, 28, 4, 21, 26, 27, 21, 25, 28, 7, 21, 6, 21, 6, 21, 6, 21, 6, 16, 27, 34, 26, 35, 27, 25, 26, 27, 6, 21, 6, 5, 21, 26, 28, 21, 27, 28, 26, 28, 4, 21, 26, 27, 21, 25, 28, 7, 21, 6, 21, 6, 21, 6, 21, 6, 16, 27, 34, 26, 35, 27, 25, 25, 28, 6, 21, 6, 21, 26, 28, 27, 28, 4, 21, 26, 27, 21, 25, 28, 7, 21, 6, 6, 6, 21, 6, 21, 6, 21, 6, 21, 6, 19, 16, 28, 26, 34, 27, 35, 26, 25, 27, 13, 26, 27, 6, 21, 6, 21, 6, 21, 6, 21, 25, 27, 26, 27, 26, 28, 27, 28, 4, 21, 26, 27, 21, 25, 28, 7, 21, 6, 6, 6, 21, 6, 21, 6, 21, 6, 21, 6, 19, 16, 28, 26, 34, 27, 35, 26, 25, 27, 13, 25, 28, 6, 21, 6, 21, 6, 21, 6, 21, 25, 27, 26, 27, 26, 28, 27, 28, 4, 21, 26, 27, 21, 25, 28, 7, 21, 6, 6, 6, 21, 6, 21, 6, 21, 6, 21, 6, 19, 16, 28, 34, 26, 27, 35, 26, 25, 27, 13, 26, 27, 6, 21, 6, 21, 6, 21, 6, 21, 25, 27, 26, 27, 26, 28, 27, 28, 4, 21, 26, 27, 21, 25, 28, 7, 21, 6, 6, 6, 21, 6, 21, 6, 21, 6, 21, 6, 19, 16, 28, 34, 26, 27, 35, 26, 25, 27, 13, 25, 28, 6, 21, 6, 21, 6, 21, 6, 21, 25, 27, 26, 27, 26, 28, 27, 28, 4, 21, 26, 27, 21, 25, 28, 7, 21, 6, 6, 6, 21, 6, 21, 6, 21, 6, 21, 6, 19, 16, 28, 26, 34, 35, 27, 26, 25, 27, 13, 26, 27, 6, 21, 6, 21, 6, 21, 6, 21, 25, 27, 26, 27, 26, 28, 27, 28, 4, 21, 26, 27, 21, 25, 28, 7, 21, 6, 6, 6, 21, 6, 21, 6, 21, 6, 21, 6, 19, 16, 28, 26, 34, 35, 27, 26, 25, 27, 13, 25, 28, 6, 21, 6, 21, 6, 21, 6, 21, 25, 27, 26, 27, 26, 28, 27, 28, 4, 21, 26, 27, 21, 25, 28, 7, 21, 6, 6, 6, 21, 6, 21, 6, 21, 6, 21, 6, 19, 16, 28, 34, 26, 35, 27, 26, 25, 27, 13, 26, 27, 6, 21, 6, 21, 6, 21, 6, 21, 25, 27, 26, 27, 26, 28, 27, 28, 4, 21, 26, 27, 21, 25, 28, 7, 21, 6, 6, 6, 21, 6, 21, 6, 21, 6, 21, 6, 19, 16, 28, 34, 26, 35, 27, 26, 25, 27, 13, 25, 28, 6, 21, 6, 21, 6, 21, 6, 21, 25, 27, 26, 27, 26, 28, 27, 28, 4, 21, 26, 27, 21, 25, 28]"
"[4, 4, 4, 4, 7, 21, 6, 22, 21, 42, 43, 26, 27, 21, 6, 21, 25, 27, 26, 28, 7, 21, 6, 22, 21, 42, 43, 25, 27, 21, 6, 21, 26, 27, 27, 28, 7, 21, 21, 21, 26, 43, 42, 25, 21, 6, 21, 25, 27, 26, 27, 7, 21, 6, 22, 21, 42, 43, 26, 28, 21, 6, 21, 25, 26, 27, 28, 7, 6, 22, 21, 42, 43, 8, 21, 25, 27, 13, 21, 6, 21, 6, 21, 25, 26, 25, 27, 26, 28]","[4, 5, 5, 4, 4, 5, 5, 4, 4, 5, 5, 5, 5, 5, 4, 5, 5, 4, 4, 5, 5, 7, 21, 6, 21, 6, 21, 34, 27, 35, 26, 26, 27, 21, 6, 21, 25, 27, 26, 28, 7, 21, 6, 21, 6, 21, 26, 27, 35, 34, 26, 27, 21, 6, 21, 25, 27, 26, 28, 7, 21, 6, 21, 6, 21, 34, 35, 27, 26, 26, 27, 21, 6, 21, 25, 27, 26, 28, 7, 21, 6, 21, 6, 21, 26, 35, 27, 34, 26, 27, 21, 6, 21, 25, 27, 26, 28, 7, 21, 6, 21, 6, 21, 34, 27, 35, 26, 25, 27, 21, 6, 21, 26, 27, 27, 28, 7, 21, 6, 21, 6, 21, 26, 27, 35, 34, 25, 27, 21, 6, 21, 26, 27, 27, 28, 7, 21, 6, 21, 6, 21, 34, 35, 27, 26, 25, 27, 21, 6, 21, 26, 27, 27, 28, 7, 21, 6, 21, 6, 21, 26, 35, 27, 34, 25, 27, 21, 6, 21, 26, 27, 27, 28, 7, 21, 6, 21, 6, 21, 26, 27, 35, 26, 34, 26, 21, 6, 21, 25, 27, 26, 27, 7, 21, 6, 21, 6, 21, 26, 27, 35, 26, 34, 27, 21, 6, 21, 25, 27, 26, 27, 7, 21, 6, 21, 6, 21, 26, 27, 35, 26, 34, 28, 21, 6, 21, 25, 27, 26, 27, 7, 21, 6, 21, 6, 21, 26, 35, 27, 26, 34, 25, 21, 6, 21, 25, 27, 26, 27, 7, 21, 6, 21, 6, 21, 26, 27, 35, 34, 26, 25, 21, 6, 21, 25, 27, 26, 27, 7, 21, 6, 21, 6, 21, 26, 35, 27, 34, 26, 25, 21, 6, 21, 25, 27, 26, 27, 7, 21, 6, 21, 6, 21, 34, 27, 35, 26, 26, 28, 21, 6, 21, 25, 26, 27, 28, 7, 21, 6, 21, 6, 21, 26, 27, 35, 34, 26, 28, 21, 6, 21, 25, 26, 27, 28, 7, 21, 6, 21, 6, 21, 34, 35, 27, 26, 26, 28, 21, 6, 21, 25, 26, 28, 27, 7, 21, 6, 21, 6, 21, 26, 35, 27, 34, 26, 28, 21, 6, 21, 25, 26, 27, 28, 7, 6, 6, 21, 6, 21, 6, 21, 34, 27, 35, 26, 25, 27, 13, 21, 6, 21, 6, 21, 25, 26, 25, 27, 26, 28, 7, 6, 6, 21, 6, 21, 6, 21, 26, 27, 35, 34, 25, 27, 13, 21, 6, 21, 6, 21, 25, 26, 25, 27, 26, 28, 7, 6, 6, 21, 6, 21, 6, 21, 34, 35, 27, 26, 25, 27, 13, 21, 6, 21, 6, 21, 25, 26, 25, 27, 26, 28, 7, 6, 6, 21, 6, 21, 6, 21, 26, 35, 27, 34, 25, 27, 13, 21, 6, 21, 6, 21, 25, 26, 25, 27, 26, 28]"
"[5, 4, 7, 6, 23, 14, 21, 21, 21, 26, 43, 42, 25, 21, 6, 21, 26, 27, 27, 28, 7, 6, 12, 11, 21, 6, 21, 21, 21, 25, 43, 42, 28, 25, 27, 21, 6, 21, 6, 21, 25, 26, 25, 27, 27, 28, 7, 6, 12, 11, 21, 6, 21, 21, 6, 21, 21, 25, 42, 28, 28, 43, 25, 26, 28, 21, 6, 21, 6, 21, 6, 21, 25, 27, 26, 27, 26, 28, 27, 28]","[5, 5, 4, 4, 5, 5, 5, 4, 4, 4, 5, 5, 4, 5, 5, 4, 4, 7, 23, 21, 6, 21, 6, 21, 6, 14, 26, 27, 35, 26, 34, 25, 21, 6, 21, 26, 27, 27, 28, 7, 21, 6, 21, 6, 21, 6, 14, 26, 35, 27, 26, 34, 25, 21, 6, 21, 26, 27, 27, 28, 7, 21, 6, 21, 6, 21, 6, 14, 26, 27, 35, 34, 26, 25, 21, 6, 5, 21, 26, 27, 21, 27, 28, 27, 28, 7, 21, 6, 21, 6, 21, 6, 14, 26, 27, 35, 34, 26, 25, 21, 6, 5, 21, 26, 27, 21, 27, 28, 26, 27, 7, 21, 6, 21, 6, 21, 6, 14, 26, 35, 27, 34, 26, 25, 21, 6, 21, 26, 27, 27, 28, 7, 21, 6, 21, 6, 21, 6, 21, 6, 12, 11, 25, 27, 35, 26, 34, 28, 25, 27, 21, 6, 21, 6, 21, 25, 26, 25, 27, 27, 28, 7, 21, 6, 21, 6, 21, 6, 21, 6, 12, 11, 25, 35, 27, 26, 34, 28, 25, 27, 21, 6, 21, 6, 21, 25, 26, 25, 27, 27, 28, 7, 21, 6, 21, 6, 21, 6, 21, 6, 12, 11, 25, 27, 35, 34, 26, 28, 25, 27, 21, 6, 21, 6, 21, 25, 26, 25, 27, 27, 28, 7, 21, 6, 21, 6, 21, 6, 21, 6, 12, 11, 25, 35, 27, 34, 26, 28, 25, 27, 21, 6, 21, 6, 21, 25, 26, 25, 27, 27, 28, 7, 21, 6, 21, 6, 21, 6, 21, 6, 21, 6, 12, 11, 25, 26, 34, 28, 28, 27, 35, 26, 26, 28, 21, 6, 21, 6, 21, 6, 21, 25, 27, 26, 27, 26, 28, 27, 28, 7, 21, 6, 21, 6, 21, 6, 21, 6, 21, 6, 12, 11, 25, 26, 34, 28, 28, 27, 35, 27, 26, 28, 21, 6, 21, 6, 21, 6, 21, 25, 27, 26, 27, 26, 28, 27, 28, 7, 21, 6, 21, 6, 21, 6, 21, 6, 21, 6, 12, 11, 25, 26, 34, 28, 28, 27, 35, 25, 26, 28, 21, 6, 21, 6, 21, 6, 21, 25, 27, 26, 27, 26, 28, 27, 28, 7, 21, 6, 21, 6, 21, 6, 21, 6, 21, 6, 12, 11, 25, 26, 34, 28, 28, 27, 35, 26, 26, 28, 21, 6, 21, 6, 21, 6, 21, 25, 27, 26, 27, 26, 28, 27, 28, 7, 21, 6, 21, 6, 21, 6, 21, 6, 21, 6, 12, 11, 25, 26, 34, 28, 28, 27, 35, 27, 26, 28, 21, 6, 21, 6, 21, 6, 21, 25, 27, 26, 27, 26, 28, 27, 28, 7, 21, 6, 21, 6, 21, 6, 21, 6, 21, 6, 12, 11, 25, 26, 34, 28, 28, 35, 27, 25, 26, 28, 21, 6, 21, 6, 21, 6, 21, 25, 27, 26, 27, 26, 28, 27, 28, 7, 21, 6, 21, 6, 21, 6, 21, 6, 21, 6, 12, 11, 25, 34, 26, 28, 28, 27, 35, 25, 26, 28, 21, 6, 21, 6, 21, 6, 5, 21, 26, 27, 21, 27, 28, 27, 28, 25, 27, 26, 28, 7, 21, 6, 21, 6, 21, 6, 21, 6, 21, 6, 12, 11, 25, 34, 26, 28, 28, 27, 35, 25, 26, 28, 21, 6, 21, 6, 21, 6, 5, 21, 26, 27, 21, 27, 28, 26, 27, 25, 27, 26, 28, 7, 21, 6, 21, 6, 21, 6, 21, 6, 21, 6, 12, 11, 25, 34, 26, 28, 28, 35, 27, 25, 28, 26, 21, 6, 21, 6, 21, 6, 21, 25, 27, 26, 27, 26, 28, 27, 28]"
"[5, 7, 23, 21, 6, 21, 21, 21, 25, 43, 42, 25, 26, 27, 21, 6, 21, 6, 21, 25, 26, 25, 27, 26, 27, 7, 6, 12, 18, 21, 6, 21, 6, 21, 21, 6, 21, 21, 26, 43, 28, 27, 42, 25, 25, 28, 26, 28, 21, 6, 21, 6, 21, 6, 21, 6, 21, 25, 26, 25, 27, 26, 27, 26, 28, 27, 28]","[5, 5, 4, 4, 4, 4, 4, 4, 5, 4, 4, 7, 23, 21, 6, 21, 6, 21, 6, 21, 25, 27, 35, 26, 34, 25, 26, 27, 21, 6, 21, 6, 21, 25, 26, 25, 27, 26, 27, 7, 21, 6, 21, 6, 21, 6, 21, 25, 35, 27, 26, 34, 25, 26, 27, 21, 6, 21, 6, 21, 25, 26, 25, 27, 26, 27, 7, 21, 6, 21, 6, 21, 6, 21, 25, 27, 35, 34, 26, 25, 26, 27, 21, 6, 21, 6, 21, 25, 26, 25, 27, 26, 27, 7, 21, 6, 21, 6, 21, 6, 21, 25, 35, 27, 34, 26, 25, 26, 27, 21, 6, 21, 6, 21, 25, 26, 25, 27, 26, 27, 7, 21, 6, 21, 6, 21, 6, 21, 6, 21, 6, 21, 6, 12, 18, 26, 27, 35, 25, 27, 26, 34, 25, 25, 28, 26, 28, 21, 6, 21, 6, 21, 6, 21, 6, 5, 21, 27, 28, 21, 25, 27, 25, 27, 25, 26, 26, 27, 26, 28, 7, 21, 6, 21, 6, 21, 6, 21, 6, 21, 6, 21, 6, 12, 18, 26, 27, 35, 26, 27, 26, 34, 25, 25, 28, 26, 28, 21, 6, 21, 6, 21, 6, 21, 6, 5, 21, 27, 28, 21, 25, 27, 25, 27, 25, 26, 26, 27, 26, 28, 7, 21, 6, 21, 6, 21, 6, 21, 6, 21, 6, 21, 6, 12, 18, 26, 27, 35, 27, 27, 26, 34, 25, 25, 28, 26, 28, 21, 6, 21, 6, 21, 6, 21, 6, 5, 21, 27, 28, 21, 25, 27, 25, 27, 25, 26, 26, 27, 26, 28, 7, 21, 6, 21, 6, 21, 6, 21, 6, 21, 6, 21, 6, 12, 18, 26, 27, 35, 28, 27, 26, 34, 25, 25, 28, 26, 28, 21, 6, 21, 6, 21, 6, 21, 6, 5, 21, 28, 27, 21, 25, 27, 27, 28, 25, 26, 26, 27, 26, 28, 7, 21, 6, 21, 6, 21, 6, 21, 6, 21, 6, 21, 6, 12, 18, 26, 27, 35, 28, 27, 34, 26, 25, 25, 28, 26, 28, 21, 6, 21, 6, 21, 6, 21, 6, 21, 25, 26, 25, 27, 26, 27, 26, 28, 27, 28, 7, 21, 6, 21, 6, 21, 6, 21, 6, 21, 6, 21, 6, 12, 18, 26, 35, 27, 28, 27, 26, 34, 25, 25, 28, 26, 28, 21, 6, 21, 6, 21, 6, 21, 6, 5, 21, 25, 27, 21, 26, 27, 26, 27, 25, 26, 26, 28, 27, 28, 7, 21, 6, 21, 6, 21, 6, 21, 6, 21, 6, 21, 6, 12, 18, 26, 35, 27, 28, 27, 26, 34, 25, 25, 28, 26, 28, 21, 6, 21, 6, 21, 6, 21, 6, 5, 21, 25, 27, 21, 26, 27, 25, 27, 25, 26, 26, 28, 27, 28, 7, 21, 6, 21, 6, 21, 6, 21, 6, 21, 6, 21, 6, 12, 18, 26, 35, 27, 28, 27, 34, 26, 25, 25, 28, 26, 28, 21, 6, 21, 6, 21, 6, 21, 6, 21, 25, 26, 25, 27, 26, 27, 26, 28, 27, 28]"
"[7, 6, 23, 13, 21, 6, 21, 6, 21, 21, 21, 27, 42, 43, 26, 26, 27, 27, 28, 21, 6, 21, 6, 21, 6, 21, 25, 26, 25, 27, 26, 28, 27, 28]","[5, 4, 4, 7, 23, 21, 6, 21, 6, 21, 6, 21, 6, 21, 6, 13, 27, 26, 34, 27, 35, 26, 26, 27, 27, 28, 21, 6, 21, 6, 21, 6, 21, 25, 26, 25, 27, 26, 28, 27, 28, 7, 21, 6, 21, 6, 21, 6, 21, 6, 21, 6, 13, 27, 34, 26, 27, 35, 26, 26, 27, 27, 28, 21, 6, 21, 6, 21, 6, 21, 25, 26, 25, 27, 26, 28, 27, 28, 7, 21, 6, 21, 6, 21, 6, 21, 6, 21, 6, 13, 27, 26, 34, 35, 27, 26, 26, 27, 27, 28, 21, 6, 21, 6, 21, 6, 21, 25, 26, 25, 27, 26, 28, 27, 28, 7, 21, 6, 21, 6, 21, 6, 21, 6, 21, 6, 13, 27, 34, 26, 35, 27, 26, 26, 27, 27, 28, 21, 6, 21, 6, 21, 6, 21, 25, 26, 25, 27, 26, 28, 27, 28]"
"[5, 5, 5, 7, 6, 19, 6, 21, 21, 21, 25, 42, 43, 25, 8, 21, 25, 28, 13, 21, 6, 21, 6, 21, 6, 21, 25, 26, 25, 27, 26, 27, 27, 28, 7, 6, 15, 19, 21, 6, 22, 21, 42, 43, 25, 28, 21, 6, 21, 25, 26, 25, 27, 7, 6, 12, 12, 21, 6, 21, 21, 6, 21, 21, 25, 43, 26, 27, 42, 27, 26, 27, 21, 6, 21, 6, 21, 6, 21, 25, 26, 25, 27, 26, 28, 27, 28, 7, 6, 14, 16, 21, 21, 6, 21, 21, 25, 43, 25, 28, 42, 25, 21, 6, 21, 6, 21, 25, 27, 26, 28, 27, 28]","[5, 4, 4, 5, 5, 4, 4, 5, 5, 4, 4, 5, 4, 4, 4, 4, 5, 7, 6, 6, 21, 6, 21, 6, 21, 6, 21, 6, 19, 25, 26, 34, 27, 35, 25, 25, 28, 13, 21, 6, 21, 6, 21, 6, 21, 25, 26, 25, 27, 26, 27, 27, 28, 7, 6, 6, 21, 6, 21, 6, 21, 6, 21, 6, 19, 25, 34, 26, 27, 35, 25, 25, 28, 13, 21, 6, 21, 6, 21, 6, 21, 25, 26, 25, 27, 26, 27, 27, 28, 7, 6, 6, 21, 6, 21, 6, 21, 6, 21, 6, 19, 25, 26, 34, 35, 25, 25, 25, 28, 13, 21, 6, 21, 6, 21, 6, 21, 25, 26, 25, 27, 26, 27, 27, 28, 7, 6, 6, 21, 6, 21, 6, 21, 6, 21, 6, 19, 25, 26, 34, 35, 26, 25, 25, 28, 13, 21, 6, 21, 6, 21, 6, 21, 25, 26, 25, 27, 26, 27, 27, 28, 7, 6, 6, 21, 6, 21, 6, 21, 6, 21, 6, 19, 25, 26, 34, 35, 28, 25, 25, 28, 13, 21, 6, 21, 6, 21, 6, 21, 25, 26, 25, 27, 26, 27, 27, 28, 7, 6, 6, 21, 6, 21, 6, 21, 6, 21, 6, 19, 25, 34, 26, 35, 27, 25, 25, 28, 13, 21, 6, 21, 6, 21, 6, 21, 25, 26, 25, 27, 26, 27, 27, 28, 7, 21, 6, 21, 6, 21, 6, 15, 19, 34, 27, 35, 26, 25, 28, 21, 6, 21, 25, 26, 25, 27, 7, 21, 6, 21, 6, 21, 6, 15, 19, 26, 27, 35, 34, 25, 28, 21, 6, 21, 25, 26, 25, 27, 7, 21, 6, 21, 6, 21, 6, 15, 19, 34, 35, 27, 26, 25, 28, 21, 6, 21, 25, 26, 25, 27, 7, 21, 6, 21, 6, 21, 6, 15, 19, 26, 35, 27, 34, 25, 28, 21, 6, 21, 25, 26, 25, 27, 7, 21, 6, 21, 6, 21, 6, 21, 6, 21, 6, 12, 12, 25, 27, 35, 26, 27, 26, 34, 27, 26, 27, 21, 6, 21, 6, 21, 6, 21, 25, 26, 25, 27, 26, 28, 27, 28, 7, 21, 6, 21, 6, 21, 6, 21, 6, 21, 6, 12, 12, 25, 27, 35, 26, 27, 34, 26, 27, 26, 27, 21, 6, 21, 6, 21, 6, 21, 25, 26, 25, 27, 26, 28, 27, 28, 7, 21, 6, 21, 6, 21, 6, 21, 6, 21, 6, 12, 12, 25, 35, 27, 26, 27, 26, 34, 27, 26, 27, 21, 6, 21, 6, 21, 6, 21, 25, 26, 25, 27, 26, 28, 27, 28, 7, 21, 6, 21, 6, 21, 6, 21, 6, 21, 6, 12, 12, 25, 35, 27, 26, 27, 34, 26, 27, 26, 27, 21, 6, 21, 6, 21, 6, 21, 25, 26, 25, 27, 26, 28, 27, 28, 7, 21, 6, 21, 6, 21, 6, 21, 6, 14, 16, 25, 27, 35, 25, 28, 26, 34, 25, 21, 6, 21, 6, 21, 25, 27, 26, 28, 27, 28, 7, 21, 6, 21, 6, 21, 6, 21, 6, 14, 16, 25, 27, 35, 25, 28, 34, 26, 25, 21, 6, 21, 6, 21, 25, 27, 26, 28, 27, 28, 7, 21, 6, 21, 6, 21, 6, 21, 6, 14, 16, 25, 35, 27, 25, 28, 26, 34, 25, 21, 6, 21, 6, 21, 25, 27, 26, 28, 27, 28, 7, 21, 6, 21, 6, 21, 6, 21, 6, 14, 16, 25, 35, 27, 25, 28, 34, 26, 25, 21, 6, 21, 6, 21, 25, 27, 26, 28, 27, 28]"
"[5, 7, 6, 20, 21, 6, 22, 21, 42, 43, 26, 28, 21, 6, 21, 25, 26, 27, 28, 7, 6, 14, 12, 22, 21, 42, 43, 21, 27, 28]","[5, 5, 4, 4, 4, 4, 5, 5, 4, 4, 5, 5, 5, 5, 4, 7, 21, 6, 21, 6, 21, 6, 21, 6, 21, 6, 20, 34, 27, 35, 26, 26, 28, 28, 26, 26, 27, 21, 6, 6, 6, 21, 25, 26, 23, 4, 4, 21, 25, 28, 21, 26, 28, 21, 28, 28, 4, 21, 28, 26, 21, 25, 27, 26, 27, 7, 21, 6, 21, 6, 21, 6, 21, 6, 21, 6, 20, 34, 27, 35, 26, 26, 28, 25, 27, 26, 27, 21, 6, 6, 21, 6, 21, 25, 26, 27, 28, 4, 21, 28, 26, 21, 25, 27, 26, 27, 7, 21, 6, 21, 6, 21, 6, 21, 6, 21, 6, 20, 26, 27, 35, 34, 26, 28, 28, 26, 26, 27, 21, 6, 6, 21, 6, 21, 25, 26, 27, 28, 4, 21, 28, 26, 21, 25, 27, 26, 27, 7, 21, 6, 21, 6, 21, 6, 21, 6, 21, 6, 20, 26, 27, 35, 34, 26, 28, 25, 27, 26, 27, 21, 6, 6, 21, 6, 21, 25, 26, 27, 28, 4, 21, 28, 26, 21, 25, 27, 26, 27, 7, 21, 6, 21, 6, 21, 6, 21, 6, 21, 6, 20, 34, 35, 27, 26, 26, 28, 28, 26, 26, 27, 21, 6, 6, 21, 6, 21, 25, 26, 27, 28, 4, 21, 28, 26, 21, 25, 27, 26, 27, 7, 21, 6, 21, 6, 21, 6, 21, 6, 21, 6, 20, 34, 35, 27, 26, 26, 28, 25, 27, 26, 27, 21, 6, 6, 21, 6, 21, 25, 26, 27, 28, 4, 21, 28, 26, 21, 25, 27, 26, 27, 7, 21, 6, 21, 6, 21, 6, 21, 6, 21, 6, 20, 26, 35, 27, 34, 26, 28, 28, 26, 26, 27, 21, 6, 6, 21, 6, 21, 25, 26, 27, 28, 4, 21, 28, 26, 21, 25, 27, 26, 27, 7, 21, 6, 21, 6, 21, 6, 21, 6, 21, 6, 20, 26, 35, 27, 34, 26, 28, 25, 27, 26, 27, 21, 6, 6, 21, 6, 21, 25, 26, 27, 28, 4, 21, 28, 26, 21, 25, 27, 26, 27, 7, 21, 6, 21, 6, 21, 6, 21, 6, 14, 12, 34, 27, 35, 26, 28, 26, 26, 27, 21, 6, 6, 21, 27, 28, 4, 21, 28, 26, 21, 25, 27, 26, 27, 7, 21, 6, 21, 6, 21, 6, 21, 6, 14, 12, 34, 27, 35, 26, 25, 27, 26, 27, 21, 6, 6, 21, 27, 28, 4, 21, 28, 26, 21, 25, 27, 26, 27, 7, 21, 6, 21, 6, 21, 6, 21, 6, 14, 12, 26, 27, 35, 34, 28, 26, 26, 27, 21, 6, 6, 21, 27, 28, 4, 21, 28, 26, 21, 25, 27, 26, 27, 7, 21, 6, 21, 6, 21, 6, 21, 6, 14, 12, 26, 27, 35, 34, 25, 27, 26, 27, 21, 6, 6, 21, 27, 28, 4, 21, 28, 26, 21, 25, 27, 26, 27, 7, 21, 6, 21, 6, 21, 6, 21, 6, 14, 12, 34, 35, 27, 26, 28, 26, 26, 27, 21, 6, 6, 21, 27, 28, 4, 21, 28, 26, 21, 25, 27, 26, 27, 7, 21, 6, 21, 6, 21, 6, 21, 6, 14, 12, 35, 34, 27, 26, 25, 27, 26, 27, 21, 6, 6, 23, 4, 4, 21, 25, 28, 21, 26, 28, 21, 28, 28, 4, 21, 28, 26, 21, 25, 27, 26, 27, 7, 21, 6, 21, 6, 21, 6, 21, 6, 14, 12, 26, 35, 27, 34, 28, 26, 26, 27, 21, 6, 6, 21, 27, 28, 4, 21, 28, 26, 21, 25, 27, 26, 27, 7, 21, 6, 21, 6, 21, 6, 21, 6, 14, 12, 26, 35, 27, 34, 25, 27, 26, 27, 21, 6, 6, 21, 27, 28, 4, 21, 28, 26, 21, 25, 27, 26, 27]"
"[4, 4, 5, 5, 7, 6, 23, 15, 21, 6, 21, 6, 21, 21, 21, 26, 43, 42, 28, 26, 27, 26, 28, 21, 6, 21, 6, 21, 6, 21, 25, 26, 26, 27, 26, 28, 27, 28, 7, 6, 16, 13, 6, 21, 21, 21, 28, 43, 42, 27, 8, 21, 25, 26, 13, 21, 6, 21, 6, 21, 6, 21, 25, 27, 26, 27, 26, 28, 27, 28, 7, 6, 14, 19, 21, 21, 6, 21, 21, 25, 42, 28, 25, 43, 25, 21, 6, 21, 6, 21, 25, 26, 26, 27, 26, 28, 7, 6, 12, 16, 21, 6, 21, 6, 22, 21, 42, 43, 25, 26, 26, 27, 21, 6, 21, 6, 21, 25, 26, 25, 27, 26, 28, 7, 6, 20, 13, 21, 6, 21, 21, 21, 28, 42, 43, 28, 27, 28, 21, 6, 21, 6, 21, 26, 27, 26, 28, 27, 28]","[4, 5, 5, 4, 4, 5, 5, 4, 5, 4, 4, 5, 5, 4, 4, 5, 5, 4, 4, 7, 23, 21, 6, 21, 6, 21, 6, 21, 6, 21, 6, 15, 26, 27, 35, 26, 34, 28, 26, 27, 26, 28, 21, 6, 21, 6, 21, 6, 21, 25, 26, 26, 27, 26, 28, 27, 28, 7, 21, 6, 21, 6, 21, 6, 21, 6, 21, 6, 15, 26, 35, 27, 26, 34, 28, 26, 27, 26, 28, 21, 6, 21, 6, 21, 6, 21, 25, 26, 26, 27, 26, 28, 27, 28, 7, 21, 6, 21, 6, 21, 6, 21, 6, 21, 6, 15, 26, 27, 35, 34, 26, 28, 26, 27, 26, 28, 21, 6, 21, 6, 21, 6, 21, 25, 26, 26, 27, 28, 26, 27, 28, 7, 21, 6, 21, 6, 21, 6, 21, 6, 21, 6, 15, 26, 35, 27, 34, 26, 28, 26, 27, 26, 28, 21, 6, 21, 6, 21, 6, 21, 25, 26, 26, 27, 26, 28, 27, 28, 7, 6, 6, 21, 6, 21, 6, 21, 6, 21, 6, 16, 13, 28, 27, 35, 26, 34, 27, 25, 26, 13, 21, 6, 21, 6, 21, 6, 21, 25, 27, 26, 27, 26, 28, 27, 28, 7, 6, 6, 21, 6, 21, 6, 21, 6, 21, 6, 16, 13, 28, 35, 27, 26, 34, 27, 25, 26, 13, 21, 6, 21, 6, 21, 6, 21, 25, 27, 26, 27, 26, 28, 27, 28, 7, 6, 6, 21, 6, 21, 6, 21, 6, 21, 6, 16, 13, 28, 27, 35, 34, 26, 27, 25, 26, 13, 21, 6, 21, 6, 21, 6, 21, 25, 27, 26, 27, 26, 28, 27, 28, 7, 6, 6, 21, 6, 21, 6, 21, 6, 21, 6, 16, 13, 28, 35, 27, 34, 26, 27, 25, 26, 13, 21, 6, 21, 6, 21, 6, 21, 25, 27, 26, 27, 26, 28, 27, 28, 7, 21, 6, 21, 6, 21, 6, 21, 6, 14, 19, 25, 26, 34, 28, 25, 27, 35, 25, 21, 6, 21, 6, 21, 25, 26, 26, 27, 26, 28, 7, 21, 6, 21, 6, 21, 6, 21, 6, 14, 19, 25, 26, 34, 28, 25, 35, 27, 25, 21, 6, 21, 6, 21, 25, 26, 26, 27, 26, 28, 7, 21, 6, 21, 6, 21, 6, 21, 6, 14, 19, 25, 34, 26, 28, 25, 27, 35, 25, 21, 6, 21, 6, 21, 25, 26, 26, 27, 26, 28, 7, 21, 6, 21, 6, 21, 6, 21, 6, 14, 19, 25, 34, 26, 28, 25, 35, 27, 25, 21, 6, 21, 6, 21, 25, 26, 26, 27, 26, 28, 7, 21, 6, 21, 6, 21, 6, 21, 6, 12, 16, 34, 27, 35, 26, 25, 26, 26, 27, 21, 6, 21, 6, 21, 25, 26, 25, 27, 26, 28, 7, 21, 6, 21, 6, 21, 6, 21, 6, 12, 16, 26, 27, 35, 34, 25, 26, 26, 27, 21, 6, 21, 6, 21, 25, 26, 25, 27, 26, 28, 7, 21, 6, 21, 6, 21, 6, 21, 6, 12, 16, 34, 35, 27, 26, 25, 26, 26, 27, 21, 6, 21, 6, 21, 25, 26, 25, 27, 26, 28, 7, 21, 6, 21, 6, 21, 6, 21, 6, 12, 16, 26, 35, 27, 34, 25, 26, 26, 27, 21, 6, 21, 6, 21, 25, 26, 25, 27, 26, 28, 7, 21, 6, 21, 6, 21, 6, 21, 6, 20, 13, 28, 26, 34, 27, 35, 28, 27, 28, 21, 6, 21, 6, 21, 26, 27, 26, 28, 27, 28, 7, 21, 6, 21, 6, 21, 6, 21, 6, 20, 13, 28, 34, 26, 27, 35, 28, 27, 28, 21, 6, 21, 6, 21, 26, 27, 26, 28, 27, 28, 7, 21, 6, 21, 6, 21, 6, 21, 6, 20, 13, 28, 26, 34, 35, 27, 28, 27, 28, 21, 6, 21, 6, 21, 26, 27, 26, 28, 27, 28, 7, 21, 6, 21, 6, 21, 6, 21, 6, 20, 13, 28, 34, 26, 35, 27, 28, 27, 28, 21, 6, 21, 6, 21, 26, 27, 26, 28, 27, 28]"
"[7, 6, 15, 21, 6, 21, 21, 6, 21, 21, 25, 43, 26, 27, 42, 27, 25, 28, 21, 6, 21, 6, 21, 6, 21, 25, 27, 26, 27, 26, 28, 27, 28]","[5, 4, 4, 5, 4, 5, 5, 7, 21, 6, 21, 6, 21, 6, 21, 6, 21, 6, 15, 25, 27, 35, 26, 27, 26, 34, 27, 25, 28, 21, 6, 21, 6, 21, 6, 5, 21, 27, 28, 21, 26, 27, 26, 27, 25, 27, 26, 28, 7, 21, 6, 21, 6, 21, 6, 21, 6, 21, 6, 15, 25, 27, 35, 26, 27, 26, 34, 27, 25, 28, 21, 6, 21, 6, 21, 6, 5, 21, 27, 28, 21, 26, 27, 27, 28, 25, 27, 26, 28, 7, 21, 6, 21, 6, 21, 6, 21, 6, 21, 6, 15, 25, 27, 35, 26, 27, 34, 26, 27, 25, 28, 21, 6, 21, 6, 21, 6, 5, 21, 27, 28, 21, 26, 28, 26, 28, 25, 27, 26, 27, 7, 21, 6, 21, 6, 21, 6, 21, 6, 21, 6, 15, 25, 27, 35, 26, 27, 34, 26, 27, 25, 28, 21, 6, 21, 6, 21, 6, 5, 21, 27, 28, 21, 26, 28, 27, 28, 25, 27, 26, 27, 7, 21, 6, 21, 6, 21, 6, 21, 6, 21, 6, 15, 25, 35, 27, 26, 27, 26, 34, 27, 25, 28, 21, 6, 21, 6, 21, 6, 5, 21, 27, 28, 21, 26, 27, 26, 27, 25, 27, 26, 28, 7, 21, 6, 21, 6, 21, 6, 21, 6, 21, 6, 15, 25, 35, 27, 26, 27, 26, 34, 27, 25, 28, 21, 6, 21, 6, 21, 6, 5, 21, 27, 28, 21, 26, 27, 27, 28, 25, 27, 26, 28, 7, 21, 6, 21, 6, 21, 6, 21, 6, 21, 6, 15, 25, 35, 27, 26, 27, 34, 26, 27, 25, 28, 21, 6, 21, 6, 21, 6, 5, 21, 25, 27, 21, 26, 27, 26, 27, 26, 28, 27, 28, 7, 21, 6, 21, 6, 21, 6, 21, 6, 21, 6, 15, 25, 35, 27, 26, 27, 34, 26, 27, 25, 28, 21, 6, 21, 6, 21, 6, 5, 21, 25, 27, 21, 26, 27, 25, 27, 26, 28, 27, 28]"
"[7, 6, 23, 17, 21, 21, 21, 25, 42, 43, 28, 21, 6, 21, 26, 28, 27, 28]","[5, 5, 4, 4, 4, 4, 5, 4, 4, 5, 5, 7, 23, 21, 6, 21, 6, 21, 6, 21, 6, 17, 25, 26, 34, 27, 35, 26, 28, 26, 6, 21, 6, 21, 26, 28, 27, 28, 4, 21, 28, 26, 21, 25, 27, 7, 21, 6, 21, 6, 21, 6, 21, 6, 17, 25, 26, 34, 27, 35, 27, 28, 26, 6, 21, 6, 21, 26, 28, 27, 28, 4, 21, 28, 26, 21, 25, 27, 7, 21, 6, 21, 6, 21, 6, 21, 6, 17, 25, 26, 34, 27, 35, 28, 28, 26, 6, 21, 6, 21, 26, 28, 27, 28, 4, 21, 28, 26, 21, 25, 27, 7, 21, 6, 21, 6, 21, 6, 21, 6, 17, 25, 26, 34, 27, 35, 26, 28, 26, 6, 21, 6, 21, 26, 28, 27, 28, 4, 21, 28, 26, 21, 25, 27, 7, 21, 6, 21, 6, 21, 6, 21, 6, 17, 25, 26, 34, 27, 35, 27, 28, 26, 6, 21, 6, 21, 26, 28, 27, 28, 4, 21, 28, 26, 21, 25, 27, 7, 21, 6, 21, 6, 21, 6, 21, 6, 17, 25, 26, 34, 27, 35, 28, 25, 27, 6, 21, 6, 21, 26, 28, 27, 28, 4, 21, 28, 26, 21, 25, 27, 7, 21, 6, 21, 6, 21, 6, 21, 6, 17, 25, 34, 26, 27, 35, 28, 28, 26, 6, 21, 6, 21, 26, 28, 27, 28, 4, 21, 28, 26, 21, 25, 27, 7, 21, 6, 21, 6, 21, 6, 21, 6, 17, 25, 34, 26, 27, 35, 28, 25, 27, 6, 21, 6, 21, 26, 28, 27, 28, 4, 21, 28, 26, 21, 25, 27, 7, 21, 6, 21, 6, 21, 6, 21, 6, 17, 25, 26, 34, 35, 27, 28, 28, 26, 6, 21, 6, 21, 26, 28, 27, 28, 4, 21, 28, 26, 21, 25, 27, 7, 21, 6, 21, 6, 21, 6, 21, 6, 17, 25, 26, 34, 35, 27, 28, 25, 27, 6, 21, 6, 21, 26, 28, 27, 28, 4, 21, 28, 26, 21, 25, 27, 7, 21, 6, 21, 6, 21, 6, 21, 6, 17, 25, 34, 26, 35, 27, 28, 28, 26, 6, 21, 6, 21, 26, 28, 27, 28, 4, 21, 28, 26, 21, 25, 27, 7, 21, 6, 21, 6, 21, 6, 21, 6, 17, 25, 34, 26, 35, 27, 28, 25, 27, 6, 21, 6, 21, 26, 28, 27, 28, 4, 21, 28, 26, 21, 25, 27]"
"[4, 4, 5, 4, 7, 6, 20, 22, 21, 42, 43, 21, 26, 27, 7, 6, 14, 16, 22, 21, 42, 43, 21, 25, 27, 7, 6, 20, 14, 21, 21, 6, 21, 21, 27, 42, 27, 28, 43, 28, 21, 6, 21, 6, 21, 25, 27, 26, 28, 27, 28, 7, 6, 16, 11, 21, 6, 21, 21, 21, 28, 42, 43, 25, 25, 28, 21, 6, 21, 6, 21, 25, 26, 26, 27, 27, 28, 7, 6, 17, 21, 6, 21, 21, 21, 28, 43, 42, 28, 25, 27, 21, 6, 21, 6, 21, 25, 26, 25, 27, 26, 27]","[4, 5, 5, 4, 4, 5, 5, 4, 5, 4, 4, 5, 4, 5, 5, 4, 4, 5, 5, 7, 21, 6, 21, 6, 21, 6, 20, 34, 27, 35, 26, 27, 26, 21, 6, 21, 26, 27, 27, 26, 7, 21, 6, 21, 6, 21, 6, 20, 26, 27, 35, 34, 27, 26, 21, 6, 21, 26, 27, 27, 26, 7, 21, 6, 21, 6, 21, 6, 20, 34, 35, 27, 26, 27, 26, 21, 6, 21, 26, 27, 27, 26, 7, 21, 6, 21, 6, 21, 6, 20, 26, 35, 27, 34, 27, 26, 21, 6, 21, 26, 27, 27, 26, 7, 21, 6, 21, 6, 21, 6, 14, 16, 34, 27, 35, 26, 27, 26, 21, 6, 21, 25, 27, 27, 26, 7, 21, 6, 21, 6, 21, 6, 14, 16, 26, 27, 35, 34, 27, 26, 21, 6, 21, 25, 27, 27, 26, 7, 21, 6, 21, 6, 21, 6, 14, 16, 34, 35, 27, 26, 27, 26, 21, 6, 21, 25, 27, 27, 26, 7, 21, 6, 21, 6, 21, 6, 14, 16, 26, 35, 27, 34, 27, 26, 21, 6, 21, 25, 27, 27, 26, 7, 21, 6, 21, 6, 21, 6, 21, 6, 21, 6, 20, 14, 27, 26, 34, 27, 28, 27, 35, 28, 27, 26, 21, 6, 21, 6, 21, 6, 21, 25, 27, 26, 28, 27, 28, 27, 26, 7, 21, 6, 21, 6, 21, 6, 21, 6, 21, 6, 20, 14, 27, 26, 34, 27, 28, 35, 27, 28, 27, 26, 21, 6, 21, 6, 21, 6, 21, 25, 27, 26, 28, 27, 28, 27, 26, 7, 21, 6, 21, 6, 21, 6, 21, 6, 21, 6, 20, 14, 27, 34, 26, 27, 28, 27, 35, 28, 27, 26, 21, 6, 21, 6, 21, 6, 21, 25, 27, 26, 28, 27, 28, 27, 26, 7, 21, 6, 21, 6, 21, 6, 21, 6, 21, 6, 20, 14, 27, 34, 26, 27, 28, 35, 27, 28, 27, 26, 21, 6, 21, 6, 21, 6, 21, 25, 27, 26, 28, 28, 27, 27, 26, 7, 21, 6, 21, 6, 21, 6, 21, 6, 21, 6, 16, 11, 28, 26, 34, 27, 35, 25, 25, 28, 27, 26, 21, 6, 21, 6, 21, 6, 21, 25, 26, 26, 27, 27, 28, 27, 26, 7, 21, 6, 21, 6, 21, 6, 21, 6, 21, 6, 16, 11, 28, 34, 26, 27, 35, 25, 25, 28, 27, 26, 21, 6, 21, 6, 21, 6, 21, 25, 26, 26, 27, 27, 28, 27, 26, 7, 21, 6, 21, 6, 21, 6, 21, 6, 21, 6, 16, 11, 28, 26, 34, 35, 27, 25, 25, 28, 27, 26, 21, 6, 21, 6, 21, 6, 21, 25, 26, 26, 27, 27, 28, 27, 26, 7, 21, 6, 21, 6, 21, 6, 21, 6, 21, 6, 16, 11, 28, 34, 26, 35, 27, 25, 25, 28, 27, 26, 21, 6, 21, 6, 21, 6, 21, 25, 26, 26, 27, 27, 28, 27, 26, 7, 21, 6, 21, 6, 21, 6, 21, 6, 21, 6, 17, 28, 27, 35, 26, 34, 28, 25, 27, 27, 26, 21, 6, 21, 6, 21, 6, 21, 25, 26, 25, 27, 26, 27, 27, 26, 7, 21, 6, 21, 6, 21, 6, 21, 6, 21, 6, 17, 28, 35, 27, 26, 34, 28, 25, 27, 27, 26, 21, 6, 21, 6, 21, 6, 21, 25, 26, 25, 27, 27, 26, 27, 26, 7, 21, 6, 21, 6, 21, 6, 21, 6, 21, 6, 17, 28, 27, 35, 34, 26, 28, 25, 27, 27, 26, 21, 6, 21, 6, 21, 6, 21, 25, 26, 25, 27, 26, 27, 27, 26, 7, 21, 6, 21, 6, 21, 6, 21, 6, 21, 6, 17, 28, 35, 27, 34, 26, 28, 25, 27, 27, 26, 21, 6, 21, 6, 21, 6, 21, 25, 26, 25, 27, 26, 27, 27, 26]"
"[4, 4, 7, 6, 20, 22, 21, 42, 43, 21, 26, 27, 7, 6, 16, 13, 21, 6, 21, 21, 21, 27, 42, 43, 28, 26, 28, 21, 6, 21, 6, 21, 25, 26, 26, 28, 27, 28, 7, 6, 19, 13, 21, 6, 21, 6, 21, 21, 21, 25, 42, 43, 26, 25, 27, 26, 27, 21, 6, 21, 6, 21, 6, 21, 25, 27, 26, 27, 26, 28, 27, 28]","[4, 4, 5, 5, 5, 5, 4, 4, 4, 4, 5, 5, 4, 4, 4, 4, 4, 4, 5, 5, 5, 5, 5, 5, 4, 4, 5, 5, 5, 5, 4, 7, 21, 6, 21, 6, 21, 6, 20, 34, 27, 35, 26, 28, 27, 6, 21, 27, 26, 4, 21, 28, 27, 21, 26, 25, 7, 21, 6, 21, 6, 21, 6, 20, 34, 27, 35, 26, 26, 25, 6, 21, 27, 26, 4, 21, 28, 27, 21, 26, 25, 7, 21, 6, 21, 6, 21, 6, 20, 26, 27, 35, 34, 28, 27, 6, 21, 26, 27, 4, 21, 28, 27, 21, 26, 25, 7, 21, 6, 21, 6, 21, 6, 20, 26, 27, 35, 34, 26, 25, 6, 21, 26, 27, 4, 21, 28, 27, 21, 26, 25, 7, 21, 6, 21, 6, 21, 6, 20, 34, 35, 27, 26, 28, 27, 6, 21, 26, 27, 4, 21, 28, 27, 21, 26, 25, 7, 21, 6, 21, 6, 21, 6, 20, 34, 35, 27, 26, 26, 25, 6, 21, 26, 27, 4, 21, 28, 27, 21, 26, 25, 7, 21, 6, 21, 6, 21, 6, 20, 26, 35, 27, 34, 28, 27, 6, 21, 26, 27, 4, 21, 28, 27, 21, 26, 25, 7, 21, 6, 21, 6, 21, 6, 20, 26, 35, 27, 34, 26, 25, 6, 21, 26, 27, 4, 21, 28, 27, 21, 26, 25, 7, 21, 6, 21, 6, 21, 6, 21, 6, 21, 6, 16, 13, 27, 26, 34, 27, 35, 28, 25, 28, 28, 27, 6, 21, 6, 21, 6, 21, 25, 26, 26, 28, 27, 28, 4, 21, 28, 27, 21, 26, 25, 7, 21, 6, 21, 6, 21, 6, 21, 6, 21, 6, 16, 13, 27, 26, 34, 27, 35, 28, 25, 28, 26, 25, 6, 21, 6, 21, 6, 21, 25, 26, 26, 28, 27, 28, 4, 21, 28, 27, 21, 26, 25, 7, 21, 6, 21, 6, 21, 6, 21, 6, 21, 6, 16, 13, 27, 26, 34, 27, 35, 28, 27, 28, 28, 27, 6, 21, 6, 21, 6, 21, 25, 26, 26, 28, 27, 28, 4, 21, 28, 27, 21, 26, 25, 7, 21, 6, 21, 6, 21, 6, 21, 6, 21, 6, 16, 13, 27, 26, 34, 27, 35, 28, 27, 28, 26, 25, 6, 21, 6, 21, 6, 21, 25, 26, 26, 28, 27, 28, 4, 21, 28, 27, 21, 26, 25, 7, 21, 6, 21, 6, 21, 6, 21, 6, 21, 6, 16, 13, 27, 26, 34, 27, 35, 28, 28, 28, 28, 27, 6, 21, 6, 21, 6, 21, 25, 26, 26, 28, 27, 28, 4, 21, 28, 27, 21, 26, 25, 7, 21, 6, 21, 6, 21, 6, 21, 6, 21, 6, 16, 13, 27, 26, 34, 27, 35, 28, 28, 28, 26, 25, 6, 21, 6, 21, 6, 21, 25, 26, 26, 28, 27, 28, 4, 21, 28, 27, 21, 26, 25, 7, 21, 6, 21, 6, 21, 6, 21, 6, 21, 6, 16, 13, 27, 34, 25, 27, 35, 28, 26, 28, 28, 27, 6, 21, 6, 21, 6, 21, 25, 26, 26, 28, 27, 28, 4, 21, 28, 27, 21, 26, 25, 7, 21, 6, 21, 6, 21, 6, 21, 6, 21, 6, 16, 13, 27, 34, 25, 27, 35, 28, 26, 28, 26, 25, 6, 21, 6, 21, 6, 21, 25, 26, 26, 28, 27, 28, 4, 21, 28, 27, 21, 26, 25, 7, 21, 6, 21, 6, 21, 6, 21, 6, 21, 6, 16, 13, 27, 34, 27, 27, 35, 28, 26, 28, 28, 27, 6, 21, 6, 21, 6, 21, 25, 26, 26, 28, 27, 28, 4, 21, 28, 27, 21, 26, 25, 7, 21, 6, 21, 6, 21, 6, 21, 6, 21, 6, 16, 13, 27, 34, 27, 27, 35, 28, 26, 28, 26, 25, 6, 21, 6, 21, 6, 21, 25, 26, 26, 28, 27, 28, 4, 21, 28, 27, 21, 26, 25, 7, 21, 6, 21, 6, 21, 6, 21, 6, 21, 6, 16, 13, 27, 34, 28, 27, 35, 28, 26, 28, 28, 27, 6, 21, 6, 21, 6, 21, 25, 26, 26, 28, 27, 28, 4, 21, 28, 27, 21, 26, 25, 7, 21, 6, 21, 6, 21, 6, 21, 6, 21, 6, 16, 13, 27, 34, 28, 27, 35, 28, 26, 28, 26, 25, 6, 21, 6, 21, 6, 21, 25, 26, 26, 28, 27, 28, 4, 21, 28, 27, 21, 26, 25, 7, 21, 6, 21, 6, 21, 6, 21, 6, 21, 6, 16, 13, 27, 26, 34, 35, 27, 28, 26, 28, 28, 27, 6, 21, 6, 21, 6, 21, 25, 26, 26, 28, 27, 28, 4, 21, 28, 27, 21, 26, 25, 7, 21, 6, 21, 6, 21, 6, 21, 6, 21, 6, 16, 13, 27, 26, 34, 35, 27, 28, 26, 28, 26, 25, 6, 21, 6, 21, 6, 21, 25, 26, 26, 28, 27, 28, 4, 21, 28, 27, 21, 26, 25, 7, 21, 6, 21, 6, 21, 6, 21, 6, 21, 6, 16, 13, 27, 34, 26, 35, 27, 28, 26, 28, 28, 27, 6, 21, 6, 21, 6, 21, 25, 26, 26, 28, 27, 28, 4, 21, 28, 27, 21, 26, 25, 7, 21, 6, 21, 6, 21, 6, 21, 6, 21, 6, 16, 13, 27, 34, 26, 35, 27, 28, 26, 28, 26, 25, 6, 21, 6, 21, 6, 21, 25, 26, 26, 28, 27, 28, 4, 21, 28, 27, 21, 26, 25, 7, 21, 6, 21, 6, 21, 6, 21, 6, 21, 6, 21, 6, 19, 13, 25, 26, 34, 27, 35, 26, 25, 27, 26, 27, 28, 27, 6, 21, 6, 21, 6, 21, 6, 21, 25, 27, 26, 27, 26, 28, 27, 28, 4, 21, 28, 27, 21, 26, 25, 7, 21, 6, 21, 6, 21, 6, 21, 6, 21, 6, 21, 6, 19, 13, 25, 26, 34, 27, 35, 26, 25, 27, 26, 27, 26, 25, 6, 21, 6, 21, 6, 21, 6, 21, 25, 27, 26, 27, 26, 28, 27, 28, 4, 21, 28, 27, 21, 26, 25, 7, 21, 6, 21, 6, 21, 6, 21, 6, 21, 6, 21, 6, 19, 13, 25, 34, 26, 27, 35, 26, 25, 27, 26, 27, 28, 27, 6, 21, 6, 21, 6, 21, 6, 21, 25, 27, 26, 27, 26, 28, 27, 28, 4, 21, 28, 27, 21, 26, 25, 7, 21, 6, 21, 6, 21, 6, 21, 6, 21, 6, 21, 6, 19, 13, 25, 34, 26, 27, 35, 26, 25, 27, 26, 27, 26, 25, 6, 21, 6, 21, 6, 21, 6, 21, 25, 27, 26, 27, 26, 28, 27, 28, 4, 21, 28, 27, 21, 26, 25, 7, 21, 6, 21, 6, 21, 6, 21, 6, 21, 6, 21, 6, 19, 13, 25, 26, 34, 35, 27, 26, 25, 27, 26, 27, 28, 27, 6, 21, 6, 21, 6, 21, 6, 21, 25, 27, 26, 27, 26, 28, 27, 28, 4, 21, 28, 27, 21, 26, 25, 7, 21, 6, 21, 6, 21, 6, 21, 6, 21, 6, 21, 6, 19, 13, 25, 26, 34, 35, 27, 26, 25, 27, 26, 27, 26, 25, 6, 21, 6, 21, 6, 21, 6, 21, 25, 27, 26, 27, 26, 28, 27, 28, 4, 21, 28, 27, 21, 26, 25, 7, 21, 6, 21, 6, 21, 6, 21, 6, 21, 6, 21, 6, 19, 13, 25, 34, 26, 35, 27, 26, 25, 27, 26, 27, 28, 27, 6, 21, 6, 21, 6, 21, 6, 21, 25, 27, 26, 27, 26, 28, 27, 28, 4, 21, 28, 27, 21, 26, 25, 7, 21, 6, 21, 6, 21, 6, 21, 6, 21, 6, 21, 6, 19, 13, 25, 34, 26, 35, 27, 26, 25, 27, 26, 27, 26, 25, 6, 21, 6, 21, 6, 21, 6, 21, 25, 27, 26, 27, 26, 28, 27, 28, 4, 21, 28, 27, 21, 26, 25]"
"[4, 5, 7, 6, 23, 18, 21, 6, 21, 6, 21, 21, 6, 21, 21, 27, 42, 27, 28, 43, 25, 25, 26, 26, 28, 21, 6, 21, 6, 21, 6, 21, 6, 21, 25, 26, 25, 27, 26, 27, 26, 28, 27, 28, 7, 6, 12, 17, 21, 6, 21, 6, 21, 21, 21, 25, 42, 43, 28, 26, 28, 27, 28, 21, 6, 21, 6, 21, 6, 21, 25, 26, 26, 27, 26, 28, 27, 28, 7, 6, 16, 18, 21, 6, 21, 6, 21, 21, 6, 21, 21, 27, 42, 25, 28, 43, 26, 25, 28, 26, 27, 21, 6, 21, 6, 21, 6, 21, 6, 21, 25, 26, 25, 27, 26, 27, 26, 28, 27, 28]","[4, 5, 5, 4, 4, 5, 4, 5, 5, 5, 4, 4, 4, 5, 4, 4, 7, 23, 21, 6, 21, 6, 21, 6, 21, 6, 21, 6, 21, 6, 18, 27, 26, 34, 27, 28, 27, 35, 25, 25, 26, 26, 28, 21, 6, 21, 6, 21, 6, 21, 6, 21, 25, 26, 25, 27, 26, 27, 26, 28, 27, 28, 7, 21, 6, 21, 6, 21, 6, 21, 6, 21, 6, 21, 6, 18, 27, 26, 34, 27, 28, 35, 27, 25, 25, 26, 26, 28, 21, 6, 21, 6, 21, 6, 21, 6, 21, 25, 26, 25, 27, 26, 27, 26, 28, 27, 28, 7, 21, 6, 21, 6, 21, 6, 21, 6, 21, 6, 21, 6, 18, 27, 34, 26, 27, 28, 27, 35, 25, 25, 26, 26, 28, 21, 6, 21, 6, 21, 6, 21, 6, 21, 25, 26, 25, 27, 26, 27, 26, 28, 27, 28, 7, 21, 6, 21, 6, 21, 6, 21, 6, 21, 6, 21, 6, 18, 27, 34, 26, 27, 28, 35, 27, 25, 25, 26, 26, 28, 21, 6, 21, 6, 21, 6, 21, 6, 21, 25, 26, 25, 27, 26, 27, 26, 28, 27, 28, 7, 21, 6, 21, 6, 21, 6, 21, 6, 21, 6, 12, 17, 25, 26, 34, 27, 35, 25, 26, 28, 27, 28, 21, 6, 21, 6, 21, 6, 21, 25, 26, 26, 27, 26, 28, 27, 28, 7, 21, 6, 21, 6, 21, 6, 21, 6, 21, 6, 12, 17, 25, 26, 34, 27, 35, 26, 26, 28, 27, 28, 21, 6, 21, 6, 21, 6, 21, 25, 26, 26, 27, 26, 28, 27, 28, 7, 21, 6, 21, 6, 21, 6, 21, 6, 21, 6, 12, 17, 25, 26, 34, 27, 35, 27, 26, 28, 27, 28, 21, 6, 21, 6, 21, 6, 21, 25, 26, 26, 27, 26, 28, 27, 28, 7, 21, 6, 21, 6, 21, 6, 21, 6, 21, 6, 12, 17, 25, 34, 26, 27, 35, 25, 26, 28, 27, 28, 21, 6, 21, 6, 21, 6, 21, 25, 26, 26, 27, 26, 28, 27, 28, 7, 21, 6, 21, 6, 21, 6, 21, 6, 21, 6, 12, 17, 25, 34, 26, 27, 35, 26, 26, 28, 27, 28, 21, 6, 21, 6, 21, 6, 21, 25, 26, 26, 27, 26, 28, 27, 28, 7, 21, 6, 21, 6, 21, 6, 21, 6, 21, 6, 12, 17, 25, 34, 26, 27, 35, 27, 26, 28, 27, 28, 21, 6, 21, 6, 21, 6, 21, 25, 26, 26, 27, 26, 28, 27, 28, 7, 21, 6, 21, 6, 21, 6, 21, 6, 21, 6, 12, 17, 25, 26, 34, 35, 27, 28, 26, 28, 27, 28, 21, 6, 21, 6, 21, 6, 21, 25, 26, 26, 27, 26, 28, 27, 28, 7, 21, 6, 21, 6, 21, 6, 21, 6, 21, 6, 12, 17, 25, 34, 26, 35, 27, 28, 26, 28, 27, 28, 21, 6, 21, 6, 21, 6, 5, 21, 26, 27, 21, 26, 28, 26, 28, 25, 26, 27, 28, 7, 21, 6, 21, 6, 21, 6, 21, 6, 21, 6, 12, 17, 25, 34, 26, 35, 27, 28, 26, 28, 27, 28, 21, 6, 21, 6, 21, 6, 5, 21, 26, 27, 21, 26, 28, 26, 27, 25, 26, 27, 28, 7, 21, 6, 21, 6, 21, 6, 21, 6, 21, 6, 21, 6, 16, 18, 27, 26, 34, 25, 28, 27, 35, 26, 25, 28, 26, 27, 21, 6, 21, 6, 21, 6, 21, 6, 21, 25, 26, 25, 27, 26, 27, 26, 28, 27, 28, 7, 21, 6, 21, 6, 21, 6, 21, 6, 21, 6, 21, 6, 16, 18, 27, 26, 34, 25, 28, 35, 27, 26, 25, 28, 26, 27, 21, 6, 21, 6, 21, 6, 21, 6, 21, 25, 26, 25, 27, 26, 27, 26, 28, 27, 28, 7, 21, 6, 21, 6, 21, 6, 21, 6, 21, 6, 21, 6, 16, 18, 27, 34, 26, 25, 28, 27, 35, 26, 25, 28, 26, 27, 21, 6, 21, 6, 21, 6, 21, 6, 21, 25, 26, 25, 27, 26, 27, 26, 28, 27, 28, 7, 21, 6, 21, 6, 21, 6, 21, 6, 21, 6, 21, 6, 16, 18, 27, 34, 26, 25, 28, 35, 27, 26, 25, 28, 26, 27, 21, 6, 21, 6, 21, 6, 21, 6, 21, 25, 26, 25, 27, 26, 27, 26, 28, 27, 28]"
"[4, 4, 5, 7, 23, 21, 6, 21, 21, 21, 28, 42, 43, 25, 25, 27, 21, 6, 21, 6, 21, 25, 26, 25, 27, 26, 27, 7, 6, 16, 22, 21, 42, 43, 21, 27, 28, 7, 6, 13, 12, 21, 6, 21, 21, 21, 25, 43, 42, 25, 25, 27, 21, 6, 21, 6, 21, 25, 26, 25, 27, 27, 28, 7, 6, 13, 19, 21, 6, 21, 6, 21, 21, 6, 21, 21, 25, 42, 25, 25, 43, 25, 25, 27, 25, 28, 21, 6, 21, 6, 21, 6, 21, 6, 21, 25, 26, 25, 27, 26, 27, 26, 28, 27, 28]","[4, 4, 5, 5, 5, 5, 4, 4, 4, 4, 5, 5, 5, 5, 4, 4, 5, 5, 4, 4, 4, 4, 5, 5, 5, 5, 4, 4, 4, 4, 5, 7, 23, 21, 6, 21, 6, 21, 6, 21, 6, 21, 28, 26, 34, 27, 35, 25, 25, 27, 25, 27, 6, 21, 6, 21, 6, 21, 25, 26, 25, 27, 26, 27, 4, 21, 25, 27, 21, 28, 26, 7, 21, 6, 21, 6, 21, 6, 21, 6, 21, 28, 26, 34, 27, 35, 25, 25, 27, 28, 26, 6, 21, 6, 21, 6, 21, 25, 26, 25, 27, 26, 27, 4, 21, 25, 27, 21, 28, 26, 7, 21, 6, 21, 6, 21, 6, 21, 6, 21, 28, 34, 26, 27, 35, 25, 25, 27, 25, 27, 6, 21, 6, 21, 6, 21, 25, 26, 25, 27, 26, 27, 4, 21, 25, 27, 21, 28, 26, 7, 21, 6, 21, 6, 21, 6, 21, 6, 21, 28, 34, 26, 27, 35, 25, 25, 27, 28, 26, 6, 21, 6, 21, 6, 21, 25, 26, 25, 27, 26, 27, 4, 21, 25, 27, 21, 28, 26, 7, 21, 6, 21, 6, 21, 6, 21, 6, 21, 28, 26, 34, 35, 27, 25, 25, 27, 25, 27, 6, 21, 6, 21, 6, 21, 25, 26, 25, 27, 26, 27, 4, 21, 25, 27, 21, 28, 26, 7, 21, 6, 21, 6, 21, 6, 21, 6, 21, 28, 26, 34, 35, 27, 25, 25, 27, 28, 26, 6, 21, 6, 21, 6, 21, 25, 26, 25, 27, 26, 27, 4, 21, 25, 27, 21, 28, 26, 7, 21, 6, 21, 6, 21, 6, 21, 6, 21, 28, 34, 26, 35, 27, 25, 25, 27, 25, 27, 6, 21, 6, 21, 6, 21, 25, 26, 25, 27, 26, 27, 4, 21, 25, 27, 21, 28, 26, 7, 21, 6, 21, 6, 21, 6, 21, 6, 21, 28, 34, 26, 35, 27, 25, 25, 27, 28, 26, 6, 21, 6, 21, 6, 21, 25, 26, 25, 27, 26, 27, 4, 21, 25, 27, 21, 28, 26, 7, 21, 6, 21, 6, 21, 6, 16, 34, 27, 35, 26, 25, 27, 6, 21, 27, 28, 4, 21, 25, 27, 21, 28, 26, 7, 21, 6, 21, 6, 21, 6, 16, 34, 27, 35, 26, 28, 26, 6, 21, 27, 28, 4, 21, 25, 27, 21, 28, 26, 7, 21, 6, 21, 6, 21, 6, 16, 26, 27, 35, 34, 25, 27, 6, 21, 27, 28, 4, 21, 25, 27, 21, 28, 26, 7, 21, 6, 21, 6, 21, 6, 16, 26, 27, 35, 34, 28, 26, 6, 21, 27, 28, 4, 21, 25, 27, 21, 28, 26, 7, 21, 6, 21, 6, 21, 6, 16, 34, 35, 27, 26, 25, 27, 6, 21, 27, 28, 4, 21, 25, 27, 21, 28, 26, 7, 21, 6, 21, 6, 21, 6, 16, 34, 35, 27, 26, 28, 26, 6, 21, 27, 28, 4, 21, 25, 27, 21, 28, 26, 7, 21, 6, 21, 6, 21, 6, 16, 26, 35, 27, 34, 25, 27, 6, 21, 27, 28, 4, 21, 25, 27, 21, 28, 26, 7, 21, 6, 21, 6, 21, 6, 16, 26, 35, 27, 34, 28, 26, 6, 21, 27, 28, 4, 21, 25, 27, 21, 28, 26, 7, 21, 6, 21, 6, 21, 6, 21, 6, 21, 6, 13, 12, 25, 27, 35, 26, 34, 25, 25, 27, 25, 27, 6, 21, 6, 21, 6, 21, 25, 26, 25, 27, 27, 28, 4, 21, 25, 27, 21, 28, 26, 7, 21, 6, 21, 6, 21, 6, 21, 6, 21, 6, 13, 12, 25, 27, 35, 26, 34, 25, 25, 27, 28, 26, 6, 21, 6, 21, 6, 21, 25, 26, 25, 27, 27, 28, 4, 21, 25, 27, 21, 28, 26, 7, 21, 6, 21, 6, 21, 6, 21, 6, 21, 6, 13, 12, 25, 35, 27, 26, 34, 25, 25, 27, 25, 27, 6, 21, 6, 21, 6, 21, 25, 26, 25, 27, 27, 28, 4, 21, 25, 27, 21, 28, 26, 7, 21, 6, 21, 6, 21, 6, 21, 6, 21, 6, 13, 12, 25, 35, 27, 26, 34, 25, 25, 27, 28, 26, 6, 21, 6, 21, 6, 21, 25, 26, 25, 27, 27, 28, 4, 21, 25, 27, 21, 28, 26, 7, 21, 6, 21, 6, 21, 6, 21, 6, 21, 6, 13, 12, 25, 27, 35, 34, 26, 25, 25, 27, 25, 27, 6, 21, 6, 21, 6, 21, 25, 26, 25, 27, 27, 28, 4, 21, 25, 27, 21, 28, 26, 7, 21, 6, 21, 6, 21, 6, 21, 6, 21, 6, 13, 12, 25, 27, 35, 34, 26, 25, 25, 27, 28, 26, 6, 21, 6, 21, 6, 21, 25, 26, 25, 27, 27, 28, 4, 21, 25, 27, 21, 28, 26, 7, 21, 6, 21, 6, 21, 6, 21, 6, 21, 6, 13, 12, 25, 35, 27, 34, 26, 25, 25, 27, 25, 27, 6, 21, 6, 21, 6, 21, 25, 26, 25, 27, 27, 28, 4, 21, 25, 27, 21, 28, 26, 7, 21, 6, 21, 6, 21, 6, 21, 6, 21, 6, 13, 12, 25, 35, 27, 34, 26, 25, 25, 27, 28, 26, 6, 21, 6, 21, 6, 21, 25, 26, 25, 27, 27, 28, 4, 21, 25, 27, 21, 28, 26, 7, 21, 6, 21, 6, 21, 6, 21, 6, 21, 6, 21, 6, 21, 6, 13, 19, 25, 26, 34, 25, 25, 27, 35, 25, 25, 27, 25, 28, 25, 27, 6, 21, 6, 21, 6, 21, 6, 21, 6, 21, 25, 26, 25, 27, 26, 27, 26, 28, 27, 28, 4, 21, 25, 27, 21, 28, 26, 7, 21, 6, 21, 6, 21, 6, 21, 6, 21, 6, 21, 6, 21, 6, 13, 19, 25, 26, 34, 25, 25, 27, 35, 25, 25, 27, 25, 28, 28, 26, 6, 21, 6, 21, 6, 21, 6, 21, 6, 21, 25, 26, 25, 27, 26, 27, 26, 28, 27, 28, 4, 21, 25, 27, 21, 28, 26, 7, 21, 6, 21, 6, 21, 6, 21, 6, 21, 6, 21, 6, 21, 6, 13, 19, 25, 26, 34, 25, 25, 35, 27, 25, 25, 27, 25, 28, 25, 27, 6, 21, 6, 21, 6, 21, 6, 21, 6, 21, 25, 26, 25, 27, 26, 27, 26, 28, 27, 28, 4, 21, 25, 27, 21, 28, 26, 7, 21, 6, 21, 6, 21, 6, 21, 6, 21, 6, 21, 6, 21, 6, 13, 19, 25, 26, 34, 25, 25, 35, 27, 25, 25, 27, 25, 28, 28, 26, 6, 21, 6, 21, 6, 21, 6, 21, 6, 21, 25, 26, 25, 27, 26, 27, 26, 28, 27, 28, 4, 21, 25, 27, 21, 28, 26, 7, 21, 6, 21, 6, 21, 6, 21, 6, 21, 6, 21, 6, 21, 6, 13, 19, 25, 34, 26, 25, 25, 27, 35, 25, 25, 27, 25, 28, 25, 27, 6, 21, 6, 21, 6, 21, 6, 21, 6, 21, 25, 26, 25, 27, 26, 27, 26, 28, 27, 28, 4, 21, 25, 27, 21, 28, 26, 7, 21, 6, 21, 6, 21, 6, 21, 6, 21, 6, 21, 6, 21, 6, 13, 19, 25, 34, 26, 25, 25, 27, 35, 25, 25, 27, 25, 28, 28, 26, 6, 21, 6, 21, 6, 21, 6, 21, 6, 21, 25, 26, 25, 27, 26, 27, 26, 28, 27, 28, 4, 21, 25, 27, 21, 28, 26, 7, 21, 6, 21, 6, 21, 6, 21, 6, 21, 6, 21, 6, 21, 6, 13, 19, 25, 34, 26, 25, 25, 35, 27, 25, 25, 27, 25, 28, 25, 27, 6, 21, 6, 21, 6, 21, 6, 21, 6, 21, 25, 26, 25, 27, 26, 27, 26, 28, 27, 28, 4, 21, 25, 27, 21, 28, 26, 7, 21, 6, 21, 6, 21, 6, 21, 6, 21, 6, 21, 6, 21, 6, 13, 19, 25, 34, 26, 25, 25, 35, 27, 25, 25, 27, 25, 28, 28, 26, 6, 21, 6, 21, 6, 21, 6, 21, 6, 21, 25, 26, 25, 27, 26, 27, 26, 28, 27, 28, 4, 21, 25, 27, 21, 28, 26]"
"[4, 4, 4, 7, 21, 6, 21, 21, 21, 26, 43, 42, 25, 26, 27, 21, 6, 21, 6, 21, 25, 27, 26, 27, 27, 28, 7, 21, 6, 22, 21, 42, 43, 25, 28, 21, 6, 21, 25, 27, 26, 27, 7, 21, 6, 21, 21, 21, 27, 42, 43, 28, 26, 27, 21, 6, 21, 6, 21, 25, 26, 25, 27, 27, 28, 7, 21, 6, 22, 21, 42, 43, 27, 28, 21, 6, 21, 25, 26, 25, 27]","[4, 5, 5, 4, 4, 5, 5, 4, 4, 5, 5, 4, 4, 5, 5, 7, 21, 6, 21, 6, 21, 6, 21, 6, 21, 26, 27, 35, 26, 34, 25, 26, 27, 25, 27, 21, 6, 21, 6, 21, 6, 21, 25, 27, 26, 27, 27, 28, 25, 27, 7, 21, 6, 21, 6, 21, 6, 21, 6, 21, 26, 35, 27, 26, 34, 25, 26, 27, 25, 27, 21, 6, 21, 6, 21, 6, 21, 25, 27, 26, 27, 27, 28, 25, 27, 7, 21, 6, 21, 6, 21, 6, 21, 6, 21, 26, 27, 35, 34, 26, 25, 26, 27, 25, 27, 21, 6, 21, 6, 21, 6, 21, 25, 27, 26, 27, 27, 28, 25, 27, 7, 21, 6, 21, 6, 21, 6, 21, 6, 21, 26, 35, 27, 34, 26, 25, 26, 27, 25, 27, 21, 6, 21, 6, 21, 6, 21, 25, 27, 26, 27, 27, 28, 25, 27, 7, 21, 6, 21, 6, 21, 6, 21, 34, 27, 35, 26, 25, 28, 25, 27, 21, 6, 21, 6, 21, 25, 27, 26, 27, 25, 27, 7, 21, 6, 21, 6, 21, 6, 21, 26, 27, 35, 34, 25, 28, 25, 27, 21, 6, 21, 6, 21, 25, 27, 26, 27, 25, 27, 7, 21, 6, 21, 6, 21, 6, 21, 34, 35, 27, 26, 25, 28, 25, 27, 21, 6, 21, 6, 21, 25, 27, 26, 27, 25, 27, 7, 21, 6, 21, 6, 21, 6, 21, 26, 35, 27, 34, 25, 28, 25, 27, 21, 6, 21, 6, 21, 25, 27, 26, 27, 25, 27, 7, 21, 6, 21, 6, 21, 6, 21, 6, 21, 27, 26, 34, 27, 35, 28, 26, 27, 25, 27, 21, 6, 21, 6, 21, 6, 21, 25, 26, 25, 27, 27, 28, 25, 27, 7, 21, 6, 21, 6, 21, 6, 21, 6, 21, 27, 34, 26, 27, 35, 28, 26, 27, 25, 27, 21, 6, 21, 6, 21, 6, 21, 25, 26, 25, 27, 27, 28, 25, 27, 7, 21, 6, 21, 6, 21, 6, 21, 6, 21, 27, 26, 34, 35, 28, 27, 26, 27, 25, 27, 21, 6, 21, 6, 21, 6, 21, 25, 26, 25, 27, 27, 28, 25, 27, 7, 21, 6, 21, 6, 21, 6, 21, 6, 21, 27, 34, 26, 35, 27, 28, 26, 27, 25, 27, 21, 6, 21, 6, 21, 6, 21, 25, 26, 25, 27, 27, 28, 25, 27, 7, 21, 6, 21, 6, 21, 6, 21, 34, 27, 35, 26, 27, 28, 25, 27, 21, 6, 21, 6, 21, 25, 26, 25, 27, 25, 27, 7, 21, 6, 21, 6, 21, 6, 21, 26, 27, 35, 34, 27, 28, 25, 27, 21, 6, 21, 6, 21, 25, 26, 25, 27, 25, 27, 7, 21, 6, 21, 6, 21, 6, 21, 34, 35, 27, 26, 27, 28, 25, 27, 21, 6, 21, 6, 21, 25, 26, 25, 27, 25, 27, 7, 21, 6, 21, 6, 21, 6, 21, 26, 35, 27, 34, 27, 28, 25, 27, 21, 6, 21, 6, 21, 25, 26, 25, 27, 25, 27]"
"[7, 6, 23, 13, 21, 6, 21, 6, 21, 21, 21, 27, 42, 43, 28, 25, 27, 26, 28, 21, 6, 21, 6, 21, 6, 21, 25, 27, 26, 27, 26, 28, 27, 28]","[5, 5, 4, 4, 4, 4, 5, 7, 23, 21, 6, 21, 6, 21, 6, 21, 6, 21, 6, 21, 6, 13, 27, 26, 34, 27, 35, 28, 25, 27, 26, 28, 27, 25, 6, 21, 6, 21, 6, 21, 6, 21, 25, 27, 26, 27, 26, 28, 27, 28, 4, 21, 27, 25, 21, 28, 26, 7, 21, 6, 21, 6, 21, 6, 21, 6, 21, 6, 21, 6, 13, 27, 26, 34, 27, 35, 28, 25, 27, 26, 28, 28, 26, 6, 21, 6, 21, 6, 21, 6, 21, 25, 27, 26, 27, 26, 28, 27, 28, 4, 21, 27, 25, 21, 28, 26, 7, 21, 6, 21, 6, 21, 6, 21, 6, 21, 6, 21, 6, 13, 27, 34, 26, 27, 35, 28, 25, 27, 26, 28, 27, 25, 6, 21, 6, 21, 6, 21, 6, 21, 25, 27, 26, 27, 26, 28, 27, 28, 4, 21, 27, 25, 21, 28, 26, 7, 21, 6, 21, 6, 21, 6, 21, 6, 21, 6, 21, 6, 13, 27, 34, 26, 27, 35, 28, 25, 27, 26, 28, 28, 26, 6, 21, 6, 21, 6, 21, 6, 21, 25, 27, 26, 27, 26, 28, 27, 28, 4, 21, 27, 25, 21, 28, 26, 7, 21, 6, 21, 6, 21, 6, 21, 6, 21, 6, 21, 6, 13, 27, 26, 34, 35, 27, 28, 25, 27, 26, 28, 27, 25, 6, 21, 6, 21, 6, 21, 6, 21, 25, 27, 26, 27, 26, 28, 27, 28, 4, 21, 27, 25, 21, 28, 26, 7, 21, 6, 21, 6, 21, 6, 21, 6, 21, 6, 21, 6, 13, 27, 26, 34, 35, 27, 28, 25, 27, 26, 28, 28, 26, 6, 21, 6, 21, 6, 21, 6, 21, 25, 27, 26, 27, 26, 28, 27, 28, 4, 21, 27, 25, 21, 28, 26, 7, 21, 6, 21, 6, 21, 6, 21, 6, 21, 6, 21, 6, 13, 27, 34, 26, 35, 27, 28, 25, 27, 28, 26, 27, 25, 6, 21, 6, 21, 6, 21, 6, 21, 25, 27, 26, 27, 26, 28, 27, 28, 4, 21, 27, 25, 21, 28, 26, 7, 21, 6, 21, 6, 21, 6, 21, 6, 21, 6, 21, 6, 13, 27, 34, 26, 35, 27, 28, 25, 27, 26, 28, 28, 26, 6, 21, 6, 21, 6, 21, 6, 21, 25, 27, 26, 27, 26, 28, 27, 28, 4, 21, 27, 25, 21, 28, 26]"
"[4, 5, 7, 6, 23, 20, 6, 22, 21, 42, 43, 8, 21, 27, 28, 13, 21, 6, 21, 6, 21, 26, 27, 26, 28, 27, 28, 7, 6, 13, 11, 21, 6, 21, 6, 21, 21, 6, 21, 21, 25, 43, 26, 27, 42, 27, 26, 28, 27, 28, 21, 6, 21, 6, 21, 6, 21, 6, 21, 25, 26, 25, 27, 26, 27, 26, 28, 27, 28, 7, 6, 13, 17, 21, 6, 21, 6, 21, 21, 21, 28, 42, 43, 28, 25, 28, 27, 28, 21, 6, 21, 6, 21, 6, 21, 25, 26, 25, 27, 26, 27, 27, 28]","[4, 4, 5, 5, 5, 5, 4, 4, 5, 5, 4, 4, 4, 4, 5, 5, 5, 5, 4, 4, 4, 4, 5, 7, 23, 21, 6, 6, 6, 21, 6, 21, 6, 21, 6, 20, 34, 27, 35, 26, 27, 28, 13, 27, 26, 6, 21, 6, 21, 6, 21, 26, 27, 26, 28, 27, 28, 4, 21, 27, 26, 21, 25, 28, 7, 21, 6, 6, 6, 21, 6, 21, 6, 21, 6, 20, 34, 27, 35, 26, 27, 28, 13, 25, 28, 6, 21, 6, 21, 6, 21, 26, 27, 26, 28, 27, 28, 4, 21, 27, 26, 21, 25, 28, 7, 21, 6, 6, 6, 21, 6, 21, 6, 21, 6, 20, 26, 27, 35, 34, 27, 28, 13, 27, 26, 6, 21, 6, 21, 6, 21, 26, 27, 26, 28, 27, 28, 4, 21, 27, 26, 21, 25, 28, 7, 21, 6, 6, 6, 21, 6, 21, 6, 21, 6, 20, 26, 27, 35, 34, 27, 28, 13, 25, 28, 6, 21, 6, 21, 6, 21, 26, 27, 26, 28, 27, 28, 4, 21, 27, 26, 21, 25, 28, 7, 21, 6, 6, 6, 21, 6, 21, 6, 21, 6, 20, 34, 35, 27, 26, 27, 28, 13, 27, 26, 6, 21, 6, 21, 6, 21, 26, 27, 26, 28, 27, 28, 4, 21, 27, 26, 21, 25, 28, 7, 21, 6, 6, 6, 21, 6, 21, 6, 21, 6, 20, 34, 35, 27, 26, 27, 28, 13, 25, 28, 6, 21, 6, 21, 6, 21, 26, 27, 26, 28, 27, 28, 4, 21, 27, 26, 21, 25, 28, 7, 21, 6, 6, 6, 21, 6, 21, 6, 21, 6, 20, 26, 35, 27, 34, 27, 28, 13, 27, 26, 6, 21, 6, 21, 6, 21, 26, 27, 26, 28, 27, 28, 4, 21, 27, 26, 21, 25, 28, 7, 21, 6, 6, 6, 21, 6, 21, 6, 21, 6, 20, 26, 35, 27, 34, 27, 28, 13, 25, 28, 6, 21, 6, 21, 6, 21, 26, 27, 26, 28, 27, 28, 4, 21, 27, 26, 21, 25, 28, 7, 21, 6, 21, 6, 21, 6, 21, 6, 21, 6, 21, 6, 21, 6, 13, 11, 25, 27, 35, 26, 27, 26, 34, 27, 26, 28, 27, 28, 27, 26, 6, 21, 6, 21, 6, 21, 6, 21, 6, 21, 25, 26, 25, 27, 26, 27, 26, 28, 27, 28, 4, 21, 27, 26, 21, 25, 28, 7, 21, 6, 21, 6, 21, 6, 21, 6, 21, 6, 21, 6, 21, 6, 13, 11, 25, 27, 35, 26, 27, 26, 34, 27, 26, 28, 27, 28, 25, 28, 6, 21, 6, 21, 6, 21, 6, 21, 6, 21, 25, 26, 25, 27, 26, 27, 26, 28, 27, 28, 4, 21, 27, 26, 21, 25, 28, 7, 21, 6, 21, 6, 21, 6, 21, 6, 21, 6, 21, 6, 21, 6, 13, 11, 25, 27, 35, 26, 27, 34, 26, 27, 26, 28, 27, 28, 27, 26, 6, 21, 6, 21, 6, 21, 6, 21, 6, 21, 25, 26, 25, 27, 26, 27, 28, 26, 27, 28, 4, 21, 27, 26, 21, 25, 28, 7, 21, 6, 21, 6, 21, 6, 21, 6, 21, 6, 21, 6, 21, 6, 13, 11, 25, 27, 35, 26, 27, 34, 26, 27, 26, 28, 27, 28, 25, 28, 6, 21, 6, 21, 6, 21, 6, 21, 6, 21, 25, 26, 25, 27, 26, 27, 28, 26, 27, 28, 4, 21, 27, 26, 21, 25, 28, 7, 21, 6, 21, 6, 21, 6, 21, 6, 21, 6, 21, 6, 21, 6, 13, 11, 25, 35, 27, 26, 27, 26, 34, 27, 26, 28, 27, 28, 27, 26, 6, 21, 6, 21, 6, 21, 6, 21, 6, 21, 25, 26, 25, 27, 26, 27, 26, 28, 27, 28, 4, 21, 27, 26, 21, 25, 28, 7, 21, 6, 21, 6, 21, 6, 21, 6, 21, 6, 21, 6, 21, 6, 13, 11, 25, 35, 27, 26, 27, 26, 34, 27, 26, 28, 27, 28, 25, 28, 6, 21, 6, 21, 6, 21, 6, 21, 6, 21, 25, 26, 25, 27, 26, 27, 26, 28, 27, 28, 4, 21, 27, 26, 21, 25, 28, 7, 21, 6, 21, 6, 21, 6, 21, 6, 21, 6, 21, 6, 21, 6, 13, 11, 25, 35, 27, 26, 27, 34, 26, 27, 26, 28, 27, 28, 27, 26, 6, 21, 6, 21, 6, 21, 6, 21, 6, 21, 25, 26, 25, 27, 26, 27, 26, 28, 27, 28, 4, 21, 27, 26, 21, 25, 28, 7, 21, 6, 21, 6, 21, 6, 21, 6, 21, 6, 21, 6, 21, 6, 13, 11, 25, 35, 27, 26, 27, 34, 26, 27, 26, 28, 27, 28, 28, 25, 6, 21, 6, 21, 6, 21, 6, 21, 6, 21, 25, 26, 25, 27, 26, 27, 26, 28, 27, 28, 4, 21, 27, 26, 21, 25, 28, 7, 21, 6, 21, 6, 21, 6, 21, 6, 21, 6, 21, 6, 13, 17, 28, 26, 34, 27, 35, 28, 25, 28, 27, 28, 27, 26, 6, 21, 6, 21, 6, 21, 6, 21, 25, 26, 25, 27, 26, 27, 27, 28, 4, 21, 27, 26, 21, 25, 28, 7, 21, 6, 21, 6, 21, 6, 21, 6, 21, 6, 21, 6, 13, 17, 28, 26, 34, 27, 35, 28, 25, 28, 27, 28, 25, 28, 6, 21, 6, 21, 6, 21, 6, 21, 25, 26, 25, 27, 26, 27, 27, 28, 4, 21, 27, 26, 21, 25, 28, 7, 21, 6, 21, 6, 21, 6, 21, 6, 21, 6, 21, 6, 13, 17, 28, 34, 26, 27, 35, 28, 25, 28, 27, 28, 27, 26, 6, 21, 6, 21, 6, 21, 6, 21, 25, 26, 25, 27, 26, 27, 27, 28, 4, 21, 27, 26, 21, 25, 28, 7, 21, 6, 21, 6, 21, 6, 21, 6, 21, 6, 21, 6, 13, 17, 28, 34, 26, 27, 35, 28, 25, 28, 27, 28, 25, 28, 6, 21, 6, 21, 6, 21, 6, 21, 25, 26, 25, 27, 26, 27, 27, 28, 4, 21, 27, 26, 21, 25, 28, 7, 21, 6, 21, 6, 21, 6, 21, 6, 21, 6, 21, 6, 13, 17, 28, 26, 34, 35, 27, 28, 25, 28, 27, 28, 27, 26, 6, 21, 6, 21, 6, 21, 6, 21, 25, 26, 25, 27, 26, 27, 27, 28, 4, 21, 27, 26, 21, 25, 28, 7, 21, 6, 21, 6, 21, 6, 21, 6, 21, 6, 21, 6, 13, 17, 28, 26, 34, 35, 27, 28, 25, 28, 27, 28, 25, 28, 6, 21, 6, 21, 6, 21, 6, 21, 25, 26, 25, 27, 26, 27, 27, 28, 4, 21, 27, 26, 21, 25, 28, 7, 21, 6, 21, 6, 21, 6, 21, 6, 21, 6, 21, 6, 13, 17, 28, 34, 26, 35, 27, 28, 25, 28, 27, 28, 27, 26, 6, 21, 6, 21, 6, 21, 6, 21, 25, 26, 25, 27, 26, 27, 27, 28, 4, 21, 27, 26, 21, 25, 28, 7, 21, 6, 21, 6, 21, 6, 21, 6, 21, 6, 21, 6, 13, 17, 28, 34, 26, 35, 27, 28, 25, 28, 27, 28, 25, 28, 6, 21, 6, 21, 6, 21, 6, 21, 25, 26, 25, 27, 26, 27, 27, 28, 4, 21, 27, 26, 21, 25, 28]"
"[5, 7, 6, 23, 13, 21, 21, 6, 21, 21, 26, 43, 26, 28, 42, 27, 21, 6, 21, 6, 21, 26, 27, 26, 28, 27, 28, 7, 6, 20, 12, 21, 6, 21, 21, 21, 26, 43, 42, 27, 25, 28, 21, 6, 21, 6, 21, 26, 27, 26, 28, 27, 28]","[5, 5, 4, 4, 4, 4, 4, 4, 5, 5, 5, 5, 4, 4, 4, 4, 5, 7, 23, 21, 6, 21, 6, 21, 6, 21, 6, 21, 6, 13, 26, 27, 35, 26, 28, 26, 34, 27, 25, 26, 6, 21, 6, 21, 6, 21, 26, 27, 26, 28, 27, 28, 4, 21, 25, 26, 21, 27, 28, 7, 21, 6, 21, 6, 21, 6, 21, 6, 21, 6, 13, 26, 27, 35, 26, 28, 26, 34, 27, 27, 28, 6, 21, 6, 21, 6, 21, 26, 27, 26, 28, 27, 28, 4, 21, 25, 26, 21, 27, 28, 7, 21, 6, 21, 6, 21, 6, 21, 6, 21, 6, 13, 26, 27, 35, 26, 28, 34, 26, 27, 25, 26, 6, 21, 6, 21, 6, 21, 27, 26, 26, 28, 27, 28, 4, 21, 25, 26, 21, 27, 28, 7, 21, 6, 21, 6, 21, 6, 21, 6, 21, 6, 13, 26, 27, 35, 26, 28, 34, 26, 27, 27, 28, 6, 21, 6, 21, 6, 21, 27, 26, 26, 28, 27, 28, 4, 21, 25, 26, 21, 27, 28, 7, 21, 6, 21, 6, 21, 6, 21, 6, 21, 6, 13, 26, 35, 27, 26, 28, 26, 34, 27, 25, 26, 6, 21, 6, 21, 6, 21, 26, 27, 26, 28, 27, 28, 4, 21, 25, 26, 21, 27, 28, 7, 21, 6, 21, 6, 21, 6, 21, 6, 21, 6, 13, 26, 35, 27, 26, 28, 26, 34, 27, 27, 28, 6, 21, 6, 21, 6, 21, 26, 27, 26, 28, 27, 28, 4, 21, 25, 26, 21, 27, 28, 7, 21, 6, 21, 6, 21, 6, 21, 6, 21, 6, 13, 26, 35, 27, 26, 28, 34, 26, 27, 25, 26, 6, 21, 6, 21, 6, 21, 26, 27, 26, 28, 27, 28, 4, 21, 25, 26, 21, 27, 28, 7, 21, 6, 21, 6, 21, 6, 21, 6, 21, 6, 13, 26, 35, 27, 26, 28, 34, 26, 27, 27, 28, 6, 21, 6, 21, 6, 21, 26, 27, 26, 28, 27, 28, 4, 21, 25, 26, 21, 27, 28, 7, 21, 6, 21, 6, 21, 6, 21, 6, 21, 6, 20, 12, 26, 27, 35, 26, 34, 27, 25, 28, 25, 26, 6, 21, 6, 21, 6, 5, 21, 26, 27, 21, 27, 28, 27, 28, 26, 28, 4, 21, 25, 26, 21, 27, 28, 7, 21, 6, 21, 6, 21, 6, 21, 6, 21, 6, 20, 12, 26, 27, 35, 26, 34, 27, 25, 28, 27, 28, 6, 21, 6, 21, 6, 5, 21, 26, 27, 21, 27, 28, 27, 28, 26, 28, 4, 21, 25, 26, 21, 27, 28, 7, 21, 6, 21, 6, 21, 6, 21, 6, 21, 6, 20, 12, 26, 27, 35, 26, 34, 27, 25, 28, 25, 26, 6, 21, 6, 21, 6, 5, 21, 26, 27, 21, 27, 28, 26, 27, 26, 28, 4, 21, 25, 26, 21, 27, 28, 7, 21, 6, 21, 6, 21, 6, 21, 6, 21, 6, 20, 12, 26, 27, 35, 26, 34, 27, 25, 28, 27, 28, 6, 21, 6, 21, 6, 5, 21, 26, 27, 21, 27, 28, 26, 27, 26, 28, 4, 21, 25, 26, 21, 27, 28, 7, 21, 6, 21, 6, 21, 6, 21, 6, 21, 6, 20, 12, 26, 35, 27, 26, 34, 27, 25, 28, 25, 26, 6, 6, 21, 6, 21, 26, 27, 26, 28, 23, 4, 4, 21, 25, 28, 21, 26, 28, 21, 28, 28, 4, 21, 25, 26, 21, 27, 28, 7, 21, 6, 21, 6, 21, 6, 21, 6, 21, 6, 20, 12, 26, 35, 27, 26, 34, 27, 25, 28, 27, 28, 6, 6, 21, 6, 21, 26, 27, 26, 28, 23, 4, 4, 21, 25, 28, 21, 26, 28, 21, 28, 28, 4, 21, 25, 26, 21, 27, 28, 7, 21, 6, 21, 6, 21, 6, 21, 6, 21, 6, 20, 12, 26, 27, 35, 34, 26, 27, 25, 28, 25, 26, 6, 21, 6, 21, 6, 21, 26, 27, 26, 28, 27, 28, 4, 21, 25, 26, 21, 27, 28, 7, 21, 6, 21, 6, 21, 6, 21, 6, 21, 6, 20, 12, 26, 27, 35, 34, 26, 27, 25, 28, 27, 28, 6, 21, 6, 21, 6, 21, 26, 27, 26, 28, 27, 28, 4, 21, 25, 26, 21, 27, 28, 7, 21, 6, 21, 6, 21, 6, 21, 6, 21, 6, 20, 12, 26, 35, 27, 34, 26, 27, 25, 28, 25, 26, 6, 21, 6, 21, 6, 21, 26, 27, 26, 28, 27, 28, 4, 21, 25, 26, 21, 27, 28, 7, 21, 6, 21, 6, 21, 6, 21, 6, 21, 6, 20, 12, 26, 35, 27, 34, 26, 27, 25, 28, 27, 28, 6, 21, 6, 21, 6, 21, 26, 27, 26, 28, 27, 28, 4, 21, 25, 26, 21, 27, 28]"
"[5, 4, 4, 5, 7, 6, 23, 14, 21, 21, 21, 25, 42, 43, 26, 21, 6, 21, 26, 27, 27, 28, 7, 6, 13, 14, 21, 6, 21, 6, 21, 21, 21, 25, 42, 43, 26, 25, 28, 26, 28, 21, 6, 21, 6, 21, 6, 21, 25, 26, 26, 27, 26, 28, 27, 28, 7, 6, 17, 15, 21, 21, 21, 25, 42, 43, 28, 21, 6, 21, 26, 28, 27, 28, 7, 6, 18, 12, 21, 21, 21, 25, 42, 43, 26, 21, 6, 21, 26, 28, 27, 28, 7, 6, 19, 20, 21, 6, 21, 6, 21, 21, 6, 21, 21, 27, 42, 25, 28, 43, 26, 25, 27, 26, 28, 21, 6, 21, 6, 21, 6, 21, 6, 21, 25, 26, 25, 27, 26, 27, 26, 28, 27, 28]","[5, 5, 5, 5, 4, 4, 4, 4, 4, 5, 5, 4, 4, 5, 5, 4, 5, 4, 4, 5, 5, 4, 4, 7, 23, 21, 6, 21, 6, 21, 6, 21, 6, 14, 25, 26, 34, 27, 35, 26, 25, 28, 21, 6, 21, 6, 21, 26, 27, 27, 28, 25, 28, 7, 21, 6, 21, 6, 21, 6, 21, 6, 14, 25, 34, 27, 26, 35, 26, 25, 28, 21, 6, 21, 6, 21, 26, 27, 27, 28, 25, 28, 7, 21, 6, 21, 6, 21, 6, 21, 6, 14, 25, 26, 34, 35, 27, 26, 25, 28, 21, 6, 21, 6, 21, 26, 27, 27, 28, 25, 28, 7, 21, 6, 21, 6, 21, 6, 21, 6, 14, 25, 34, 26, 35, 27, 26, 25, 28, 21, 6, 21, 6, 21, 26, 27, 27, 28, 25, 28, 7, 21, 6, 21, 6, 21, 6, 21, 6, 21, 6, 21, 6, 13, 14, 25, 26, 34, 27, 35, 26, 25, 28, 26, 28, 25, 28, 21, 6, 21, 6, 21, 6, 21, 6, 21, 25, 26, 26, 27, 26, 28, 27, 28, 25, 28, 7, 21, 6, 21, 6, 21, 6, 21, 6, 21, 6, 21, 6, 13, 14, 25, 34, 26, 27, 35, 26, 25, 28, 26, 28, 25, 28, 21, 6, 21, 6, 21, 6, 21, 6, 21, 25, 26, 26, 27, 26, 28, 27, 28, 25, 28, 7, 21, 6, 21, 6, 21, 6, 21, 6, 21, 6, 21, 6, 13, 14, 25, 26, 34, 35, 27, 26, 25, 28, 26, 28, 25, 28, 21, 6, 21, 6, 21, 6, 21, 6, 21, 25, 26, 26, 27, 26, 28, 27, 28, 25, 28, 7, 21, 6, 21, 6, 21, 6, 21, 6, 21, 6, 21, 6, 13, 14, 25, 34, 26, 35, 27, 26, 25, 28, 26, 28, 25, 28, 21, 6, 21, 6, 21, 6, 21, 6, 21, 25, 26, 26, 27, 26, 28, 27, 28, 25, 28, 7, 21, 6, 21, 6, 21, 6, 21, 6, 17, 15, 25, 26, 34, 27, 35, 28, 25, 28, 21, 6, 21, 6, 21, 26, 28, 27, 28, 25, 28, 7, 21, 6, 21, 6, 21, 6, 21, 6, 17, 15, 25, 34, 26, 27, 35, 28, 25, 28, 21, 6, 21, 6, 21, 26, 28, 27, 28, 25, 28, 7, 21, 6, 21, 6, 21, 6, 21, 6, 17, 15, 25, 26, 34, 35, 27, 28, 25, 28, 21, 6, 21, 6, 21, 26, 28, 27, 28, 25, 28, 7, 21, 6, 21, 6, 21, 6, 21, 6, 17, 15, 25, 34, 26, 35, 27, 28, 25, 28, 21, 6, 21, 6, 21, 26, 28, 27, 28, 25, 28, 7, 21, 6, 21, 6, 21, 6, 21, 6, 18, 12, 25, 26, 34, 27, 35, 26, 25, 28, 21, 6, 21, 6, 21, 26, 28, 27, 28, 25, 28, 7, 21, 6, 21, 6, 21, 6, 21, 6, 18, 12, 25, 34, 26, 27, 35, 26, 25, 28, 21, 6, 21, 6, 21, 26, 28, 27, 28, 25, 28, 7, 21, 6, 21, 6, 21, 6, 21, 6, 18, 12, 25, 26, 34, 35, 27, 26, 25, 28, 21, 6, 21, 6, 21, 26, 28, 27, 28, 25, 28, 7, 21, 6, 21, 6, 21, 6, 21, 6, 18, 12, 25, 34, 26, 35, 27, 26, 25, 28, 21, 6, 21, 6, 21, 26, 28, 27, 28, 25, 28, 7, 21, 6, 21, 6, 21, 6, 21, 6, 21, 6, 21, 6, 21, 6, 19, 20, 27, 26, 34, 25, 28, 27, 35, 26, 25, 27, 26, 28, 26, 28, 21, 6, 21, 6, 21, 6, 21, 6, 21, 6, 21, 25, 26, 25, 27, 26, 27, 26, 28, 27, 28, 25, 28, 7, 21, 6, 21, 6, 21, 6, 21, 6, 21, 6, 21, 6, 21, 6, 19, 20, 27, 26, 34, 25, 28, 27, 35, 26, 25, 27, 26, 28, 27, 28, 21, 6, 21, 6, 21, 6, 21, 6, 21, 6, 21, 25, 26, 25, 27, 26, 27, 26, 28, 27, 28, 25, 28, 7, 21, 6, 21, 6, 21, 6, 21, 6, 21, 6, 21, 6, 21, 6, 19, 20, 27, 26, 34, 25, 28, 27, 35, 26, 25, 27, 26, 28, 28, 28, 21, 6, 21, 6, 21, 6, 21, 6, 21, 6, 21, 25, 26, 25, 27, 26, 27, 26, 28, 27, 28, 25, 28, 7, 21, 6, 21, 6, 21, 6, 21, 6, 21, 6, 21, 6, 21, 6, 19, 20, 27, 26, 34, 25, 28, 35, 27, 26, 25, 27, 26, 28, 25, 28, 21, 6, 21, 6, 21, 6, 21, 6, 21, 6, 21, 25, 26, 25, 27, 26, 27, 26, 28, 27, 28, 25, 28, 7, 21, 6, 21, 6, 21, 6, 21, 6, 21, 6, 21, 6, 21, 6, 19, 20, 27, 34, 26, 25, 28, 27, 35, 26, 25, 27, 25, 28, 25, 28, 21, 6, 21, 6, 21, 6, 21, 6, 21, 6, 21, 25, 26, 25, 27, 26, 27, 26, 28, 27, 28, 25, 28, 7, 21, 6, 21, 6, 21, 6, 21, 6, 21, 6, 21, 6, 21, 6, 19, 20, 27, 34, 26, 25, 28, 27, 35, 26, 25, 27, 27, 28, 25, 28, 21, 6, 21, 6, 21, 6, 21, 6, 21, 6, 21, 25, 26, 25, 27, 26, 27, 26, 28, 27, 28, 25, 28, 7, 21, 6, 21, 6, 21, 6, 21, 6, 21, 6, 21, 6, 21, 6, 19, 20, 27, 34, 26, 25, 28, 27, 35, 26, 25, 27, 28, 28, 25, 28, 21, 6, 21, 6, 21, 6, 21, 6, 21, 6, 21, 25, 26, 25, 27, 26, 27, 26, 28, 27, 28, 25, 28, 7, 21, 6, 21, 6, 21, 6, 21, 6, 21, 6, 21, 6, 21, 6, 19, 20, 27, 34, 26, 25, 28, 35, 27, 26, 25, 27, 26, 28, 25, 28, 21, 6, 21, 6, 21, 6, 21, 6, 21, 6, 21, 25, 26, 25, 27, 26, 27, 26, 28, 27, 28, 25, 28]"
"[5, 7, 6, 20, 21, 21, 21, 26, 43, 42, 27, 21, 6, 21, 26, 28, 27, 28, 7, 6, 14, 18, 22, 21, 42, 43, 21, 25, 26]","[5, 5, 4, 4, 4, 4, 5, 5, 4, 4, 5, 5, 5, 5, 5, 5, 4, 7, 21, 6, 21, 6, 21, 6, 21, 6, 20, 26, 27, 35, 26, 34, 27, 25, 28, 6, 21, 6, 5, 21, 26, 28, 21, 27, 28, 27, 28, 4, 21, 25, 28, 21, 27, 26, 7, 21, 6, 21, 6, 21, 6, 21, 6, 20, 26, 27, 35, 26, 34, 27, 27, 26, 6, 21, 6, 5, 21, 26, 28, 21, 27, 28, 27, 28, 4, 21, 25, 28, 21, 27, 26, 7, 21, 6, 21, 6, 21, 6, 21, 6, 20, 26, 27, 35, 26, 34, 27, 25, 28, 6, 21, 6, 5, 21, 26, 28, 21, 27, 28, 26, 28, 4, 21, 25, 28, 21, 27, 26, 7, 21, 6, 21, 6, 21, 6, 21, 6, 20, 26, 27, 35, 26, 34, 27, 27, 26, 6, 21, 6, 5, 21, 26, 28, 21, 27, 28, 26, 28, 4, 21, 25, 28, 21, 27, 26, 7, 21, 6, 21, 6, 21, 6, 21, 6, 20, 26, 35, 27, 26, 34, 27, 25, 28, 6, 21, 6, 23, 4, 4, 21, 25, 28, 21, 27, 28, 23, 4, 4, 21, 25, 28, 21, 26, 28, 21, 27, 28, 27, 28, 4, 21, 25, 28, 21, 27, 26, 7, 21, 6, 21, 6, 21, 6, 21, 6, 20, 26, 35, 27, 26, 34, 27, 27, 26, 6, 21, 6, 23, 4, 4, 21, 25, 28, 21, 27, 28, 23, 4, 4, 21, 25, 28, 21, 26, 28, 21, 27, 28, 27, 28, 4, 21, 25, 28, 21, 27, 26, 7, 21, 6, 21, 6, 21, 6, 21, 6, 20, 26, 27, 35, 34, 26, 27, 25, 28, 6, 21, 6, 21, 26, 28, 27, 28, 4, 21, 25, 28, 21, 27, 26, 7, 21, 6, 21, 6, 21, 6, 21, 6, 20, 26, 27, 35, 34, 26, 27, 27, 26, 6, 21, 6, 21, 26, 28, 27, 28, 4, 21, 25, 28, 21, 27, 26, 7, 21, 6, 21, 6, 21, 6, 21, 6, 20, 26, 35, 27, 34, 26, 27, 25, 28, 6, 21, 6, 21, 26, 28, 27, 28, 4, 21, 25, 28, 21, 27, 26, 7, 21, 6, 21, 6, 21, 6, 21, 6, 20, 26, 35, 27, 34, 26, 27, 27, 26, 6, 21, 6, 21, 26, 28, 27, 28, 4, 21, 25, 28, 21, 27, 26, 7, 21, 6, 21, 6, 21, 6, 14, 18, 34, 27, 35, 26, 25, 28, 6, 21, 25, 26, 4, 21, 25, 28, 21, 27, 26, 7, 21, 6, 21, 6, 21, 6, 14, 18, 34, 27, 35, 26, 27, 26, 6, 21, 25, 26, 4, 21, 25, 28, 21, 27, 26, 7, 21, 6, 21, 6, 21, 6, 14, 18, 26, 27, 35, 34, 25, 28, 6, 21, 25, 26, 4, 21, 25, 28, 21, 27, 26, 7, 21, 6, 21, 6, 21, 6, 14, 18, 26, 27, 35, 34, 27, 26, 6, 21, 25, 26, 4, 21, 25, 28, 21, 27, 26, 7, 21, 6, 21, 6, 21, 6, 14, 18, 34, 35, 27, 26, 25, 28, 6, 21, 25, 26, 4, 21, 25, 28, 21, 27, 26, 7, 21, 6, 21, 6, 21, 6, 14, 18, 34, 35, 27, 26, 27, 26, 6, 21, 25, 26, 4, 21, 25, 28, 21, 27, 26, 7, 21, 6, 21, 6, 21, 6, 14, 18, 26, 35, 27, 34, 25, 28, 6, 21, 25, 26, 4, 21, 25, 28, 21, 27, 26, 7, 21, 6, 21, 6, 21, 6, 14, 18, 26, 35, 27, 34, 27, 26, 6, 21, 25, 26, 4, 21, 25, 28, 21, 27, 26]"
"[7, 6, 13, 21, 21, 6, 21, 21, 25, 43, 28, 27, 42, 27, 21, 6, 21, 6, 21, 25, 27, 26, 27, 26, 28]","[5, 4, 5, 5, 7, 21, 6, 21, 6, 21, 6, 21, 6, 13, 25, 27, 35, 28, 27, 26, 34, 27, 6, 21, 6, 21, 25, 27, 26, 27, 23, 4, 4, 21, 25, 28, 21, 27, 28, 21, 28, 28, 7, 21, 6, 21, 6, 21, 6, 21, 6, 13, 25, 27, 35, 28, 27, 34, 26, 27, 21, 6, 21, 6, 21, 25, 27, 26, 27, 26, 28, 7, 21, 6, 21, 6, 21, 6, 21, 6, 13, 25, 35, 27, 28, 27, 26, 34, 27, 21, 6, 21, 6, 21, 25, 27, 26, 27, 26, 28, 7, 21, 6, 21, 6, 21, 6, 21, 6, 13, 25, 35, 27, 28, 27, 34, 26, 27, 21, 6, 21, 6, 5, 21, 25, 27, 21, 26, 27, 26, 27, 26, 28, 7, 21, 6, 21, 6, 21, 6, 21, 6, 13, 25, 35, 27, 28, 27, 34, 26, 27, 21, 6, 21, 6, 5, 21, 25, 27, 21, 26, 27, 25, 27, 26, 28]"
"[4, 5, 5, 5, 7, 6, 23, 17, 22, 21, 42, 43, 21, 26, 28, 7, 6, 19, 22, 21, 42, 43, 21, 25, 26, 7, 6, 13, 18, 21, 21, 6, 21, 21, 28, 42, 27, 28, 43, 28, 21, 6, 21, 6, 21, 25, 26, 26, 27, 26, 28, 7, 6, 19, 11, 21, 21, 21, 25, 43, 42, 28, 21, 6, 21, 25, 26, 25, 27, 7, 6, 18, 18, 21, 21, 21, 25, 43, 42, 28, 21, 6, 21, 26, 27, 26, 28]","[4, 4, 5, 5, 5, 5, 4, 4, 5, 5, 4, 4, 4, 4, 5, 5, 5, 5, 4, 4, 4, 4, 5, 5, 5, 5, 4, 4, 4, 4, 5, 5, 5, 5, 4, 4, 4, 4, 5, 7, 23, 21, 6, 21, 6, 21, 6, 17, 34, 27, 35, 26, 27, 25, 6, 21, 26, 28, 4, 21, 27, 25, 21, 28, 26, 7, 21, 6, 21, 6, 21, 6, 17, 34, 27, 35, 26, 28, 26, 6, 21, 26, 28, 4, 21, 27, 25, 21, 28, 26, 7, 21, 6, 21, 6, 21, 6, 17, 26, 27, 35, 34, 27, 25, 6, 21, 26, 28, 4, 21, 27, 25, 21, 28, 26, 7, 21, 6, 21, 6, 21, 6, 17, 26, 27, 35, 34, 28, 26, 6, 21, 26, 28, 4, 21, 27, 25, 21, 28, 26, 7, 21, 6, 21, 6, 21, 6, 17, 34, 35, 27, 26, 27, 25, 6, 21, 26, 28, 4, 21, 27, 25, 21, 28, 26, 7, 21, 6, 21, 6, 21, 6, 17, 34, 35, 27, 26, 28, 26, 6, 21, 26, 28, 4, 21, 27, 25, 21, 28, 26, 7, 21, 6, 21, 6, 21, 6, 17, 26, 35, 27, 34, 27, 25, 6, 21, 26, 28, 4, 21, 27, 25, 21, 28, 26, 7, 21, 6, 21, 6, 21, 6, 17, 26, 35, 27, 34, 28, 26, 6, 21, 26, 28, 4, 21, 27, 25, 21, 28, 26, 7, 21, 6, 21, 6, 21, 6, 19, 34, 27, 35, 26, 27, 25, 6, 21, 25, 26, 4, 21, 27, 25, 21, 28, 26, 7, 21, 6, 21, 6, 21, 6, 19, 34, 27, 35, 26, 28, 26, 6, 21, 25, 26, 4, 21, 27, 25, 21, 28, 26, 7, 21, 6, 21, 6, 21, 6, 19, 26, 27, 35, 34, 27, 25, 6, 21, 25, 26, 4, 21, 27, 25, 21, 28, 26, 7, 21, 6, 21, 6, 21, 6, 19, 26, 27, 35, 34, 28, 26, 6, 21, 25, 26, 4, 21, 27, 25, 21, 28, 26, 7, 21, 6, 21, 6, 21, 6, 19, 34, 35, 27, 26, 27, 25, 6, 21, 25, 26, 4, 21, 27, 25, 21, 28, 26, 7, 21, 6, 21, 6, 21, 6, 19, 34, 35, 27, 26, 28, 26, 6, 21, 25, 26, 4, 21, 27, 25, 21, 28, 26, 7, 21, 6, 21, 6, 21, 6, 19, 26, 35, 27, 34, 27, 25, 6, 21, 25, 26, 4, 21, 27, 25, 21, 28, 26, 7, 21, 6, 21, 6, 21, 6, 19, 26, 35, 27, 34, 28, 26, 6, 21, 25, 26, 4, 21, 27, 25, 21, 28, 26, 7, 21, 6, 21, 6, 21, 6, 21, 6, 21, 6, 13, 18, 28, 26, 34, 27, 28, 27, 35, 28, 27, 25, 6, 21, 6, 21, 6, 21, 25, 26, 26, 27, 26, 28, 4, 21, 27, 25, 21, 28, 26, 7, 21, 6, 21, 6, 21, 6, 21, 6, 21, 6, 13, 18, 28, 26, 34, 27, 28, 27, 35, 28, 28, 26, 6, 21, 6, 21, 6, 21, 25, 26, 26, 27, 26, 28, 4, 21, 27, 25, 21, 28, 26, 7, 21, 6, 21, 6, 21, 6, 21, 6, 21, 6, 13, 18, 28, 26, 34, 27, 28, 35, 27, 28, 27, 25, 6, 21, 6, 21, 6, 21, 25, 26, 26, 27, 26, 28, 4, 21, 27, 25, 21, 28, 26, 7, 21, 6, 21, 6, 21, 6, 21, 6, 21, 6, 13, 18, 28, 26, 34, 27, 28, 35, 27, 28, 28, 26, 6, 21, 6, 21, 6, 21, 25, 26, 26, 27, 26, 28, 4, 21, 27, 25, 21, 28, 26, 7, 21, 6, 21, 6, 21, 6, 21, 6, 21, 6, 13, 18, 28, 34, 26, 27, 28, 27, 35, 28, 27, 25, 6, 21, 6, 21, 6, 21, 25, 26, 26, 27, 26, 28, 4, 21, 27, 25, 21, 28, 26, 7, 21, 6, 21, 6, 21, 6, 21, 6, 21, 6, 13, 18, 28, 34, 26, 27, 28, 27, 35, 28, 28, 26, 6, 21, 6, 21, 6, 21, 25, 26, 26, 27, 26, 28, 4, 21, 27, 25, 21, 28, 26, 7, 21, 6, 21, 6, 21, 6, 21, 6, 21, 6, 13, 18, 28, 34, 26, 27, 28, 35, 27, 28, 27, 25, 6, 21, 6, 21, 6, 21, 25, 26, 26, 27, 26, 28, 4, 21, 27, 25, 21, 28, 26, 7, 21, 6, 21, 6, 21, 6, 21, 6, 21, 6, 13, 18, 28, 34, 26, 27, 28, 35, 27, 28, 28, 26, 6, 21, 6, 21, 6, 21, 25, 26, 26, 27, 26, 28, 4, 21, 27, 25, 21, 28, 26, 7, 21, 6, 21, 6, 21, 6, 21, 6, 19, 11, 25, 27, 35, 26, 34, 28, 27, 25, 6, 21, 6, 21, 25, 26, 25, 27, 4, 21, 27, 25, 21, 28, 26, 7, 21, 6, 21, 6, 21, 6, 21, 6, 19, 11, 25, 27, 35, 26, 34, 28, 28, 26, 6, 21, 6, 21, 25, 26, 25, 27, 4, 21, 27, 25, 21, 28, 26, 7, 21, 6, 21, 6, 21, 6, 21, 6, 19, 11, 25, 35, 27, 26, 34, 28, 27, 25, 6, 21, 6, 21, 25, 26, 25, 27, 4, 21, 27, 25, 21, 28, 26, 7, 21, 6, 21, 6, 21, 6, 21, 6, 19, 11, 25, 35, 27, 26, 34, 28, 28, 26, 6, 21, 6, 21, 25, 26, 25, 27, 4, 21, 27, 25, 21, 28, 26, 7, 21, 6, 21, 6, 21, 6, 21, 6, 19, 11, 25, 27, 35, 34, 26, 28, 27, 25, 6, 21, 6, 21, 25, 26, 25, 27, 4, 21, 27, 25, 21, 28, 26, 7, 21, 6, 21, 6, 21, 6, 21, 6, 19, 11, 25, 27, 35, 34, 26, 28, 28, 26, 6, 21, 6, 21, 25, 26, 25, 27, 4, 21, 27, 25, 21, 28, 26, 7, 21, 6, 21, 6, 21, 6, 21, 6, 19, 11, 25, 35, 27, 34, 26, 28, 27, 25, 6, 21, 6, 21, 25, 26, 25, 27, 4, 21, 27, 25, 21, 28, 26, 7, 21, 6, 21, 6, 21, 6, 21, 6, 19, 11, 25, 35, 27, 34, 26, 28, 28, 26, 6, 21, 6, 21, 25, 26, 25, 27, 4, 21, 27, 25, 21, 28, 26, 7, 21, 6, 21, 6, 21, 6, 21, 6, 18, 18, 25, 27, 35, 26, 34, 28, 27, 25, 6, 21, 6, 21, 26, 27, 26, 28, 4, 21, 27, 25, 21, 28, 26, 7, 21, 6, 21, 6, 21, 6, 21, 6, 18, 18, 25, 27, 35, 26, 34, 28, 28, 26, 6, 21, 6, 21, 26, 27, 26, 28, 4, 21, 27, 25, 21, 28, 26, 7, 21, 6, 21, 6, 21, 6, 21, 6, 18, 18, 25, 35, 27, 26, 34, 28, 27, 25, 6, 21, 6, 21, 26, 27, 26, 28, 4, 21, 27, 25, 21, 28, 26, 7, 21, 6, 21, 6, 21, 6, 21, 6, 18, 18, 25, 35, 27, 26, 34, 28, 28, 26, 6, 21, 6, 21, 26, 27, 26, 28, 4, 21, 27, 25, 21, 28, 26, 7, 21, 6, 21, 6, 21, 6, 21, 6, 18, 18, 25, 27, 35, 34, 26, 28, 27, 25, 6, 21, 6, 21, 26, 27, 26, 28, 4, 21, 27, 25, 21, 28, 26, 7, 21, 6, 21, 6, 21, 6, 21, 6, 18, 18, 25, 27, 35, 34, 26, 28, 28, 26, 6, 21, 6, 21, 26, 27, 26, 28, 4, 21, 27, 25, 21, 28, 26, 7, 21, 6, 21, 6, 21, 6, 21, 6, 18, 18, 25, 35, 27, 34, 26, 28, 27, 25, 6, 21, 6, 21, 26, 27, 26, 28, 4, 21, 27, 25, 21, 28, 26, 7, 21, 6, 21, 6, 21, 6, 21, 6, 18, 18, 25, 35, 27, 34, 26, 28, 28, 26, 6, 21, 6, 21, 26, 27, 26, 28, 4, 21, 27, 25, 21, 28, 26]"
"[4, 5, 5, 7, 6, 15, 6, 21, 21, 6, 21, 21, 25, 42, 25, 26, 43, 28, 8, 21, 25, 27, 13, 21, 6, 21, 6, 21, 6, 21, 6, 21, 25, 26, 25, 27, 26, 27, 26, 28, 27, 28, 7, 6, 12, 14, 21, 6, 22, 21, 42, 43, 25, 26, 21, 6, 21, 25, 27, 26, 28, 7, 6, 16, 19, 21, 6, 22, 21, 42, 43, 25, 26, 21, 6, 21, 25, 27, 26, 27, 7, 6, 16, 12, 21, 6, 21, 21, 21, 28, 43, 42, 25, 25, 27, 21, 6, 21, 6, 21, 25, 26, 26, 28, 27, 28]","[4, 5, 5, 4, 5, 4, 4, 5, 5, 4, 4, 5, 4, 5, 5, 7, 6, 6, 21, 6, 21, 6, 21, 6, 21, 6, 21, 6, 15, 25, 26, 34, 25, 26, 27, 35, 28, 25, 27, 13, 21, 6, 21, 6, 21, 6, 21, 6, 21, 25, 26, 25, 27, 26, 27, 26, 28, 27, 28, 7, 6, 6, 21, 6, 21, 6, 21, 6, 21, 6, 21, 6, 15, 25, 26, 34, 25, 26, 35, 27, 28, 25, 27, 13, 21, 6, 21, 6, 21, 6, 21, 6, 21, 25, 26, 25, 27, 26, 27, 26, 28, 27, 28, 7, 6, 6, 21, 6, 21, 6, 21, 6, 21, 6, 21, 6, 15, 25, 34, 26, 25, 26, 27, 35, 28, 25, 27, 13, 21, 6, 21, 6, 21, 6, 21, 6, 21, 25, 26, 25, 27, 26, 27, 26, 28, 27, 28, 7, 6, 6, 21, 6, 21, 6, 21, 6, 21, 6, 21, 6, 15, 25, 34, 26, 25, 26, 35, 27, 28, 25, 27, 13, 21, 6, 21, 6, 21, 6, 21, 6, 21, 25, 26, 25, 27, 26, 27, 26, 28, 27, 28, 7, 21, 6, 21, 6, 21, 6, 12, 14, 34, 27, 35, 26, 25, 26, 21, 6, 21, 25, 27, 26, 28, 7, 21, 6, 21, 6, 21, 6, 12, 14, 26, 27, 35, 34, 25, 26, 21, 6, 21, 25, 27, 26, 28, 7, 21, 6, 21, 6, 21, 6, 12, 14, 34, 35, 27, 26, 25, 26, 21, 6, 21, 25, 27, 26, 28, 7, 21, 6, 21, 6, 21, 6, 12, 14, 26, 35, 27, 34, 25, 26, 6, 21, 25, 27, 23, 4, 4, 21, 25, 28, 21, 27, 28, 21, 28, 28, 7, 21, 6, 21, 6, 21, 6, 16, 19, 34, 27, 35, 26, 25, 26, 21, 6, 21, 25, 27, 26, 27, 7, 21, 6, 21, 6, 21, 6, 16, 19, 26, 27, 35, 34, 25, 26, 21, 6, 21, 25, 27, 26, 27, 7, 21, 6, 21, 6, 21, 6, 16, 19, 34, 35, 27, 26, 25, 26, 21, 6, 21, 25, 27, 26, 27, 7, 21, 6, 21, 6, 21, 6, 16, 19, 26, 35, 27, 34, 25, 26, 21, 6, 21, 25, 27, 26, 27, 7, 21, 6, 21, 6, 21, 6, 21, 6, 16, 12, 28, 27, 35, 26, 34, 25, 25, 27, 21, 6, 21, 6, 21, 25, 26, 26, 28, 27, 28, 7, 21, 6, 21, 6, 21, 6, 21, 6, 16, 12, 28, 35, 27, 26, 34, 25, 25, 27, 21, 6, 21, 6, 21, 25, 26, 26, 28, 27, 28, 7, 21, 6, 21, 6, 21, 6, 21, 6, 16, 12, 28, 27, 35, 34, 26, 25, 25, 27, 21, 6, 21, 6, 21, 25, 26, 26, 28, 27, 28, 7, 21, 6, 21, 6, 21, 6, 21, 6, 16, 12, 28, 35, 27, 34, 26, 25, 25, 27, 21, 6, 21, 6, 21, 25, 26, 26, 28, 27, 28]"
"[4, 5, 4, 7, 6, 18, 21, 6, 21, 21, 6, 21, 21, 25, 42, 25, 28, 43, 25, 25, 28, 21, 6, 21, 6, 21, 6, 21, 25, 26, 26, 27, 26, 28, 27, 28, 7, 6, 15, 15, 22, 21, 42, 43, 21, 26, 28, 7, 6, 15, 21, 6, 22, 21, 42, 43, 26, 27, 21, 6, 21, 26, 27, 26, 28, 7, 6, 14, 18, 21, 6, 21, 21, 6, 21, 21, 28, 42, 28, 28, 43, 25, 26, 27, 21, 6, 21, 6, 21, 6, 21, 25, 27, 26, 27, 26, 28, 27, 28]","[4, 4, 4, 4, 5, 4, 5, 4, 4, 4, 4, 4, 4, 5, 5, 5, 5, 5, 4, 5, 5, 7, 21, 6, 21, 6, 21, 6, 21, 6, 21, 6, 18, 25, 26, 34, 25, 28, 27, 35, 25, 25, 28, 21, 6, 21, 6, 21, 6, 21, 25, 26, 26, 27, 26, 28, 27, 28, 7, 21, 6, 21, 6, 21, 6, 21, 6, 21, 6, 18, 25, 26, 34, 25, 28, 35, 27, 25, 25, 28, 21, 6, 21, 6, 21, 6, 21, 25, 26, 26, 27, 26, 28, 27, 28, 7, 21, 6, 21, 6, 21, 6, 21, 6, 21, 6, 18, 25, 34, 26, 25, 28, 27, 35, 25, 25, 28, 21, 6, 21, 6, 21, 6, 21, 25, 26, 26, 27, 26, 28, 27, 28, 7, 21, 6, 21, 6, 21, 6, 21, 6, 21, 6, 18, 25, 34, 26, 25, 28, 35, 27, 25, 25, 28, 21, 6, 21, 6, 21, 6, 21, 25, 26, 26, 27, 28, 26, 27, 28, 7, 21, 6, 21, 6, 15, 15, 34, 27, 35, 25, 21, 26, 28, 7, 21, 6, 21, 6, 15, 15, 34, 27, 35, 27, 21, 26, 28, 7, 21, 6, 21, 6, 15, 15, 34, 27, 35, 28, 21, 26, 28, 7, 21, 6, 21, 6, 15, 15, 26, 27, 35, 34, 21, 26, 28, 7, 21, 6, 21, 6, 15, 15, 34, 35, 27, 26, 21, 26, 28, 7, 21, 6, 21, 6, 15, 15, 26, 35, 27, 34, 21, 26, 28, 7, 21, 6, 21, 6, 21, 6, 15, 34, 27, 35, 26, 25, 27, 21, 6, 21, 26, 27, 26, 28, 7, 21, 6, 21, 6, 21, 6, 15, 34, 27, 35, 26, 27, 27, 21, 6, 21, 26, 27, 26, 28, 7, 21, 6, 21, 6, 21, 6, 15, 34, 27, 35, 26, 28, 27, 21, 6, 21, 26, 27, 26, 28, 7, 21, 6, 21, 6, 21, 6, 15, 26, 27, 35, 34, 26, 27, 21, 6, 21, 26, 27, 26, 28, 7, 21, 6, 21, 6, 21, 6, 15, 34, 35, 27, 26, 26, 27, 21, 6, 21, 26, 27, 26, 28, 7, 21, 6, 21, 6, 21, 6, 15, 26, 35, 27, 34, 26, 27, 21, 6, 21, 26, 27, 26, 28, 7, 21, 6, 21, 6, 21, 6, 21, 6, 21, 6, 14, 18, 28, 26, 34, 28, 28, 27, 35, 25, 26, 27, 21, 6, 21, 6, 21, 6, 21, 25, 27, 26, 27, 26, 28, 27, 28, 7, 21, 6, 21, 6, 21, 6, 21, 6, 21, 6, 14, 18, 28, 26, 34, 28, 28, 35, 27, 25, 26, 27, 21, 6, 21, 6, 21, 6, 21, 25, 27, 26, 27, 26, 28, 27, 28, 7, 21, 6, 21, 6, 21, 6, 21, 6, 21, 6, 14, 18, 28, 34, 25, 28, 28, 27, 35, 25, 26, 27, 21, 6, 21, 6, 21, 6, 21, 25, 27, 26, 27, 26, 28, 27, 28, 7, 21, 6, 21, 6, 21, 6, 21, 6, 21, 6, 14, 18, 28, 34, 27, 28, 28, 27, 35, 25, 26, 27, 21, 6, 21, 6, 21, 6, 21, 25, 27, 26, 27, 26, 28, 27, 28, 7, 21, 6, 21, 6, 21, 6, 21, 6, 21, 6, 14, 18, 28, 34, 28, 28, 28, 27, 35, 25, 26, 27, 21, 6, 21, 6, 21, 6, 21, 25, 27, 26, 27, 26, 28, 27, 28, 7, 21, 6, 21, 6, 21, 6, 21, 6, 21, 6, 14, 18, 28, 34, 26, 28, 28, 35, 27, 25, 26, 27, 21, 6, 21, 6, 21, 6, 21, 25, 27, 26, 27, 26, 28, 27, 28]"
"[4, 4, 4, 4, 7, 21, 6, 21, 21, 21, 25, 42, 43, 28, 25, 28, 21, 6, 21, 6, 21, 26, 27, 26, 28, 27, 28, 7, 21, 6, 21, 6, 22, 21, 42, 43, 25, 26, 26, 27, 21, 6, 21, 6, 21, 26, 27, 26, 28, 27, 28, 7, 22, 21, 42, 43, 21, 26, 28, 7, 21, 6, 21, 21, 21, 25, 43, 42, 27, 25, 27, 21, 6, 21, 6, 21, 25, 27, 26, 28, 27, 28, 7, 21, 6, 21, 21, 21, 25, 43, 42, 25, 25, 28, 21, 6, 21, 6, 21, 25, 26, 25, 27, 26, 27]","[4, 5, 5, 4, 4, 5, 5, 4, 4, 5, 5, 4, 4, 5, 5, 4, 4, 5, 4, 5, 7, 21, 6, 21, 6, 21, 6, 21, 25, 26, 34, 27, 35, 28, 25, 28, 21, 6, 21, 6, 21, 26, 27, 26, 28, 27, 28, 7, 21, 6, 21, 6, 21, 6, 21, 25, 34, 26, 27, 35, 28, 25, 28, 21, 6, 21, 6, 5, 21, 26, 27, 21, 26, 28, 26, 28, 27, 28, 7, 21, 6, 21, 6, 21, 6, 21, 25, 34, 26, 27, 35, 28, 25, 28, 21, 6, 21, 6, 5, 21, 26, 27, 21, 26, 28, 26, 27, 27, 28, 7, 21, 6, 21, 6, 21, 6, 21, 25, 26, 34, 35, 27, 28, 25, 28, 21, 6, 21, 6, 21, 26, 27, 28, 26, 27, 28, 7, 21, 6, 21, 6, 21, 6, 21, 25, 34, 26, 35, 27, 28, 25, 28, 21, 6, 21, 6, 21, 26, 27, 26, 28, 27, 28, 7, 21, 6, 21, 6, 21, 6, 21, 34, 27, 35, 26, 25, 26, 26, 27, 21, 6, 21, 6, 21, 26, 27, 26, 28, 27, 28, 7, 21, 6, 21, 6, 21, 6, 21, 26, 27, 35, 34, 25, 26, 26, 27, 21, 6, 21, 6, 21, 26, 27, 26, 28, 27, 28, 7, 21, 6, 21, 6, 21, 6, 21, 34, 35, 27, 26, 25, 26, 26, 27, 21, 6, 21, 6, 21, 26, 27, 26, 28, 27, 28, 7, 21, 6, 21, 6, 21, 6, 21, 26, 35, 27, 34, 25, 26, 26, 27, 21, 6, 21, 6, 21, 26, 27, 26, 28, 27, 28, 7, 21, 6, 21, 34, 27, 35, 26, 21, 26, 28, 7, 21, 6, 21, 26, 27, 35, 34, 21, 26, 28, 7, 21, 6, 21, 34, 35, 27, 26, 21, 26, 28, 7, 21, 6, 21, 26, 35, 27, 34, 21, 26, 28, 7, 21, 6, 21, 6, 21, 6, 21, 25, 27, 35, 26, 34, 27, 25, 27, 21, 6, 21, 6, 21, 25, 27, 26, 28, 27, 28, 7, 21, 6, 21, 6, 21, 6, 21, 25, 35, 27, 26, 34, 27, 25, 27, 21, 6, 21, 6, 21, 25, 27, 26, 28, 27, 28, 7, 21, 6, 21, 6, 21, 6, 21, 25, 27, 35, 34, 26, 27, 25, 27, 21, 6, 21, 6, 21, 25, 27, 26, 28, 27, 28, 7, 21, 6, 21, 6, 21, 6, 21, 25, 35, 27, 34, 26, 27, 25, 27, 21, 6, 21, 6, 21, 25, 27, 26, 28, 27, 28, 7, 21, 6, 21, 6, 21, 6, 21, 25, 27, 35, 26, 34, 25, 25, 28, 21, 6, 21, 6, 21, 25, 26, 25, 27, 26, 27, 7, 21, 6, 21, 6, 21, 6, 21, 25, 35, 27, 26, 34, 25, 25, 28, 21, 6, 21, 6, 21, 25, 26, 25, 27, 26, 27, 7, 21, 6, 21, 6, 21, 6, 21, 25, 27, 35, 34, 26, 25, 25, 28, 21, 6, 21, 6, 21, 25, 26, 25, 27, 26, 27, 7, 21, 6, 21, 6, 21, 6, 21, 25, 35, 27, 34, 26, 25, 25, 28, 21, 6, 21, 6, 21, 25, 26, 25, 27, 26, 27]"
"[4, 7, 21, 21, 21, 28, 43, 42, 28, 21, 6, 21, 25, 27, 26, 27, 7, 21, 6, 21, 21, 21, 26, 43, 42, 27, 25, 27, 21, 6, 21, 6, 21, 25, 26, 26, 27, 27, 28]","[4, 4, 5, 5, 5, 5, 4, 4, 4, 4, 5, 5, 5, 5, 4, 7, 21, 6, 21, 6, 21, 6, 21, 28, 27, 35, 26, 34, 28, 28, 25, 6, 21, 6, 21, 25, 27, 26, 27, 4, 21, 28, 25, 21, 27, 26, 7, 21, 6, 21, 6, 21, 6, 21, 28, 27, 35, 26, 34, 28, 27, 26, 6, 21, 6, 21, 25, 27, 26, 27, 4, 21, 28, 25, 21, 27, 26, 7, 21, 6, 21, 6, 21, 6, 21, 28, 35, 27, 26, 34, 28, 28, 25, 6, 21, 6, 21, 25, 27, 26, 27, 4, 21, 28, 25, 21, 27, 26, 7, 21, 6, 21, 6, 21, 6, 21, 28, 35, 27, 26, 34, 28, 27, 26, 6, 21, 6, 21, 25, 27, 26, 27, 4, 21, 28, 25, 21, 27, 26, 7, 21, 6, 21, 6, 21, 6, 21, 28, 27, 35, 34, 26, 28, 28, 25, 6, 21, 6, 21, 25, 27, 26, 27, 4, 21, 28, 25, 21, 27, 26, 7, 21, 6, 21, 6, 21, 6, 21, 28, 27, 35, 34, 26, 28, 27, 26, 6, 21, 6, 21, 25, 27, 26, 27, 4, 21, 28, 25, 21, 27, 26, 7, 21, 6, 21, 6, 21, 6, 21, 28, 35, 27, 34, 26, 28, 28, 25, 6, 21, 6, 21, 25, 27, 26, 27, 4, 21, 28, 25, 21, 27, 26, 7, 21, 6, 21, 6, 21, 6, 21, 28, 35, 27, 34, 26, 28, 27, 26, 6, 21, 6, 21, 25, 27, 26, 27, 4, 21, 28, 25, 21, 27, 26, 7, 21, 6, 21, 6, 21, 6, 21, 6, 21, 26, 27, 35, 26, 34, 27, 27, 25, 28, 25, 6, 21, 6, 21, 6, 21, 25, 26, 26, 27, 27, 28, 4, 21, 28, 25, 21, 27, 26, 7, 21, 6, 21, 6, 21, 6, 21, 6, 21, 26, 27, 35, 26, 34, 27, 27, 25, 27, 26, 6, 21, 6, 21, 6, 21, 25, 26, 26, 27, 27, 28, 4, 21, 28, 25, 21, 27, 26, 7, 21, 6, 21, 6, 21, 6, 21, 6, 21, 26, 35, 27, 26, 34, 27, 25, 27, 28, 25, 6, 21, 6, 21, 6, 21, 25, 26, 26, 27, 27, 28, 4, 21, 28, 25, 21, 27, 26, 7, 21, 6, 21, 6, 21, 6, 21, 6, 21, 26, 35, 27, 26, 34, 27, 25, 27, 27, 26, 6, 21, 6, 21, 6, 21, 25, 26, 26, 27, 27, 28, 4, 21, 28, 25, 21, 27, 26, 7, 21, 6, 21, 6, 21, 6, 21, 6, 21, 26, 27, 35, 34, 26, 27, 25, 27, 28, 25, 6, 21, 6, 21, 6, 21, 25, 26, 26, 27, 27, 28, 4, 21, 28, 25, 21, 27, 26, 7, 21, 6, 21, 6, 21, 6, 21, 6, 21, 26, 27, 35, 34, 26, 27, 25, 27, 27, 26, 6, 21, 6, 21, 6, 21, 25, 26, 26, 27, 27, 28, 4, 21, 28, 25, 21, 27, 26, 7, 21, 6, 21, 6, 21, 6, 21, 6, 21, 26, 35, 27, 34, 26, 27, 25, 27, 28, 25, 6, 21, 6, 21, 6, 21, 25, 26, 26, 27, 27, 28, 4, 21, 28, 25, 21, 27, 26, 7, 21, 6, 21, 6, 21, 6, 21, 6, 21, 26, 35, 27, 34, 26, 27, 25, 27, 27, 26, 6, 21, 6, 21, 6, 21, 25, 26, 26, 27, 27, 28, 4, 21, 28, 25, 21, 27, 26]"
"[7, 6, 23, 19, 21, 6, 22, 21, 42, 43, 25, 27, 21, 6, 21, 26, 28, 27, 28]","[5, 5, 4, 4, 7, 23, 21, 6, 21, 6, 21, 6, 19, 34, 27, 35, 26, 25, 27, 21, 6, 21, 26, 28, 27, 28, 7, 21, 6, 21, 6, 21, 6, 19, 26, 27, 35, 34, 25, 27, 21, 6, 21, 26, 28, 27, 28, 7, 21, 6, 21, 6, 21, 6, 19, 34, 35, 27, 26, 25, 27, 21, 6, 5, 21, 26, 28, 21, 27, 28, 27, 28, 7, 21, 6, 21, 6, 21, 6, 19, 34, 35, 27, 26, 25, 27, 21, 6, 5, 21, 26, 28, 21, 27, 28, 26, 28, 7, 21, 6, 21, 6, 21, 6, 19, 26, 35, 27, 34, 25, 27, 21, 6, 21, 26, 28, 27, 28]"
"[5, 7, 21, 6, 22, 21, 42, 43, 26, 28, 21, 6, 21, 25, 26, 27, 28, 7, 6, 14, 15, 22, 21, 42, 43, 21, 26, 28]","[5, 5, 4, 4, 4, 4, 5, 5, 4, 4, 5, 5, 5, 5, 4, 7, 21, 6, 21, 6, 21, 6, 21, 6, 21, 34, 27, 35, 26, 26, 28, 28, 26, 26, 25, 6, 21, 6, 21, 6, 21, 25, 26, 27, 28, 28, 26, 4, 21, 26, 25, 21, 28, 27, 7, 21, 6, 21, 6, 21, 6, 21, 6, 21, 34, 27, 35, 26, 26, 28, 28, 26, 28, 27, 6, 21, 6, 21, 6, 21, 25, 26, 27, 28, 28, 26, 4, 21, 26, 25, 21, 28, 27, 7, 21, 6, 21, 6, 21, 6, 21, 6, 21, 26, 27, 35, 34, 26, 28, 28, 26, 26, 25, 6, 21, 6, 21, 6, 21, 25, 26, 27, 28, 28, 26, 4, 21, 26, 25, 21, 28, 27, 7, 21, 6, 21, 6, 21, 6, 21, 6, 21, 26, 27, 35, 34, 26, 28, 28, 26, 28, 27, 6, 21, 6, 21, 6, 21, 25, 26, 27, 28, 28, 26, 4, 21, 26, 25, 21, 28, 27, 7, 21, 6, 21, 6, 21, 6, 21, 6, 21, 34, 35, 27, 26, 26, 28, 28, 26, 26, 25, 6, 21, 6, 21, 6, 21, 25, 26, 27, 28, 28, 26, 4, 21, 26, 25, 21, 28, 27, 7, 21, 6, 21, 6, 21, 6, 21, 6, 21, 34, 35, 27, 26, 26, 28, 28, 26, 28, 27, 6, 21, 6, 21, 6, 21, 25, 26, 27, 28, 28, 26, 4, 21, 26, 25, 21, 28, 27, 7, 21, 6, 21, 6, 21, 6, 21, 6, 21, 26, 35, 27, 34, 26, 28, 28, 26, 26, 25, 6, 21, 6, 21, 6, 21, 25, 26, 27, 28, 28, 26, 4, 21, 26, 25, 21, 28, 27, 7, 21, 6, 21, 6, 21, 6, 21, 6, 21, 26, 35, 27, 34, 26, 28, 28, 26, 28, 27, 6, 21, 6, 21, 6, 21, 25, 26, 27, 28, 28, 26, 4, 21, 26, 25, 21, 28, 27, 7, 21, 6, 21, 6, 21, 6, 21, 6, 14, 15, 34, 27, 35, 26, 28, 26, 26, 25, 6, 21, 6, 21, 26, 28, 28, 26, 4, 21, 26, 25, 21, 28, 27, 7, 21, 6, 21, 6, 21, 6, 21, 6, 14, 15, 34, 27, 35, 26, 28, 26, 28, 27, 6, 21, 6, 21, 26, 28, 28, 26, 4, 21, 26, 25, 21, 28, 27, 7, 21, 6, 21, 6, 21, 6, 21, 6, 14, 15, 26, 27, 35, 34, 28, 26, 26, 25, 6, 21, 6, 21, 26, 28, 28, 26, 4, 21, 26, 25, 21, 28, 27, 7, 21, 6, 21, 6, 21, 6, 21, 6, 14, 15, 26, 27, 35, 34, 28, 26, 28, 27, 6, 21, 6, 21, 26, 28, 28, 26, 4, 21, 26, 25, 21, 28, 27, 7, 21, 6, 21, 6, 21, 6, 21, 6, 14, 15, 34, 35, 27, 26, 28, 26, 26, 25, 6, 21, 6, 21, 26, 28, 28, 26, 4, 21, 26, 25, 21, 28, 27, 7, 21, 6, 21, 6, 21, 6, 21, 6, 14, 15, 34, 35, 27, 26, 28, 26, 28, 27, 6, 21, 6, 21, 26, 28, 28, 26, 4, 21, 26, 25, 21, 28, 27, 7, 21, 6, 21, 6, 21, 6, 21, 6, 14, 15, 26, 35, 27, 34, 28, 26, 26, 25, 6, 21, 6, 21, 26, 28, 28, 26, 4, 21, 26, 25, 21, 28, 27, 7, 21, 6, 21, 6, 21, 6, 21, 6, 14, 15, 26, 35, 27, 34, 28, 26, 28, 27, 6, 21, 6, 21, 26, 28, 28, 26, 4, 21, 26, 25, 21, 28, 27]"
"[4, 7, 21, 21, 21, 28, 42, 43, 26, 21, 6, 21, 26, 27, 26, 28, 7, 21, 6, 21, 6, 22, 21, 42, 43, 25, 27, 26, 27, 21, 6, 21, 6, 21, 25, 27, 26, 27, 26, 28]","[4, 5, 5, 4, 4, 5, 5, 5, 5, 7, 23, 21, 6, 21, 6, 21, 26, 28, 34, 25, 35, 26, 21, 6, 21, 26, 27, 26, 28, 7, 21, 6, 21, 6, 21, 28, 26, 34, 26, 35, 26, 21, 6, 21, 26, 27, 26, 28, 7, 21, 6, 21, 6, 21, 28, 26, 34, 28, 35, 26, 21, 6, 21, 26, 27, 26, 28, 7, 21, 6, 21, 6, 21, 28, 34, 26, 27, 35, 26, 21, 6, 21, 26, 27, 26, 28, 7, 21, 6, 21, 6, 21, 28, 26, 34, 35, 27, 26, 21, 6, 21, 26, 27, 26, 28, 7, 21, 6, 21, 6, 21, 28, 34, 26, 35, 27, 26, 21, 6, 21, 26, 27, 26, 28, 7, 21, 6, 21, 6, 21, 6, 21, 34, 27, 35, 26, 25, 27, 26, 27, 21, 6, 21, 6, 21, 25, 27, 26, 27, 26, 28, 7, 21, 6, 21, 6, 21, 6, 21, 26, 27, 35, 34, 25, 27, 26, 27, 21, 6, 21, 6, 21, 25, 27, 26, 27, 26, 28, 7, 21, 6, 21, 6, 21, 6, 21, 34, 35, 27, 26, 25, 27, 26, 27, 21, 6, 21, 6, 21, 25, 27, 26, 27, 26, 28, 7, 21, 6, 21, 6, 21, 6, 21, 26, 35, 27, 34, 25, 27, 26, 27, 21, 6, 21, 6, 21, 25, 27, 26, 27, 26, 28]"
"[5, 5, 7, 6, 14, 21, 21, 21, 28, 42, 43, 25, 21, 6, 21, 25, 26, 25, 27, 7, 6, 15, 14, 21, 6, 21, 21, 21, 28, 43, 42, 28, 26, 28, 21, 6, 21, 6, 21, 25, 27, 26, 28, 27, 28, 7, 6, 19, 11, 21, 6, 21, 21, 6, 21, 21, 25, 42, 28, 25, 43, 28, 27, 28, 21, 6, 21, 6, 21, 6, 21, 25, 26, 26, 27, 26, 28, 27, 28]","[5, 4, 4, 5, 5, 4, 4, 5, 5, 5, 5, 5, 5, 5, 7, 21, 6, 21, 6, 21, 6, 14, 28, 26, 34, 27, 35, 25, 21, 6, 5, 21, 25, 26, 21, 25, 27, 25, 27, 7, 21, 6, 21, 6, 21, 6, 14, 28, 26, 34, 27, 35, 25, 21, 6, 5, 21, 25, 26, 21, 25, 27, 25, 26, 7, 21, 6, 21, 6, 21, 6, 14, 28, 34, 26, 27, 35, 25, 21, 6, 21, 25, 26, 25, 27, 7, 21, 6, 21, 6, 21, 6, 14, 28, 26, 34, 35, 27, 25, 21, 6, 21, 25, 26, 25, 27, 7, 21, 6, 21, 6, 21, 6, 14, 34, 25, 26, 35, 27, 25, 21, 6, 21, 25, 26, 25, 27, 7, 21, 6, 21, 6, 21, 6, 14, 34, 26, 26, 35, 27, 25, 21, 6, 21, 25, 26, 25, 27, 7, 21, 6, 21, 6, 21, 6, 14, 34, 27, 26, 35, 27, 25, 21, 6, 21, 25, 26, 25, 27, 7, 21, 6, 21, 6, 21, 6, 21, 6, 15, 14, 28, 27, 35, 26, 34, 28, 26, 28, 21, 6, 21, 6, 21, 25, 27, 26, 28, 27, 28, 7, 21, 6, 21, 6, 21, 6, 21, 6, 15, 14, 28, 35, 27, 26, 34, 28, 26, 28, 21, 6, 21, 6, 21, 25, 27, 26, 28, 27, 28, 7, 21, 6, 21, 6, 21, 6, 21, 6, 15, 14, 28, 27, 35, 34, 26, 28, 26, 28, 21, 6, 21, 6, 21, 25, 27, 26, 28, 27, 28, 7, 21, 6, 21, 6, 21, 6, 21, 6, 15, 14, 28, 35, 27, 34, 26, 28, 26, 28, 21, 6, 21, 6, 21, 25, 27, 26, 28, 27, 28, 7, 21, 6, 21, 6, 21, 6, 21, 6, 21, 6, 19, 11, 25, 26, 34, 28, 25, 27, 35, 28, 27, 28, 21, 6, 21, 6, 21, 6, 21, 25, 26, 26, 27, 26, 28, 27, 28, 7, 21, 6, 21, 6, 21, 6, 21, 6, 21, 6, 19, 11, 25, 26, 34, 28, 25, 35, 27, 28, 27, 28, 21, 6, 21, 6, 21, 6, 21, 25, 26, 26, 27, 26, 28, 27, 28, 7, 21, 6, 21, 6, 21, 6, 21, 6, 21, 6, 19, 11, 25, 34, 26, 28, 25, 27, 35, 28, 27, 28, 21, 6, 21, 6, 21, 6, 21, 25, 26, 26, 27, 26, 28, 27, 28, 7, 21, 6, 21, 6, 21, 6, 21, 6, 21, 6, 19, 11, 25, 34, 26, 28, 25, 35, 27, 28, 27, 28, 21, 6, 21, 6, 21, 6, 21, 25, 26, 26, 27, 26, 28, 27, 28]"
"[7, 6, 23, 20, 21, 6, 22, 21, 42, 43, 25, 28, 21, 6, 21, 25, 26, 25, 27]","[5, 5, 5, 5, 4, 5, 5, 5, 4, 4, 4, 4, 4, 4, 5, 5, 5, 7, 23, 21, 6, 21, 6, 21, 6, 21, 6, 21, 6, 20, 34, 27, 35, 26, 25, 28, 28, 25, 25, 26, 6, 6, 21, 6, 21, 25, 26, 25, 27, 4, 21, 28, 25, 21, 26, 27, 4, 21, 25, 26, 21, 27, 28, 7, 21, 6, 21, 6, 21, 6, 21, 6, 21, 6, 20, 34, 27, 35, 26, 25, 28, 28, 25, 27, 28, 6, 6, 21, 6, 21, 25, 26, 25, 27, 4, 21, 28, 25, 21, 26, 27, 4, 21, 25, 26, 21, 27, 28, 7, 21, 6, 21, 6, 21, 6, 21, 6, 21, 6, 20, 34, 27, 35, 26, 25, 28, 26, 27, 25, 26, 6, 6, 21, 6, 21, 25, 26, 25, 27, 4, 21, 28, 25, 21, 26, 27, 4, 21, 25, 26, 21, 27, 28, 7, 21, 6, 21, 6, 21, 6, 21, 6, 21, 6, 20, 34, 27, 35, 26, 25, 28, 26, 27, 27, 28, 6, 6, 21, 6, 21, 25, 26, 25, 27, 4, 21, 28, 25, 21, 26, 27, 4, 21, 25, 26, 21, 27, 28, 7, 21, 6, 21, 6, 21, 6, 21, 6, 21, 6, 20, 26, 27, 35, 34, 25, 28, 28, 25, 25, 26, 6, 6, 21, 6, 21, 25, 26, 25, 27, 4, 21, 28, 25, 21, 26, 27, 4, 21, 25, 26, 21, 27, 28, 7, 21, 6, 21, 6, 21, 6, 21, 6, 21, 6, 20, 26, 27, 35, 34, 25, 28, 28, 25, 27, 28, 6, 6, 21, 6, 21, 25, 26, 25, 27, 4, 21, 28, 25, 21, 26, 27, 4, 21, 25, 26, 21, 27, 28, 7, 21, 6, 21, 6, 21, 6, 21, 6, 21, 6, 20, 26, 27, 35, 34, 25, 28, 26, 27, 25, 26, 6, 6, 21, 6, 21, 25, 26, 25, 27, 4, 21, 28, 25, 21, 26, 27, 4, 21, 25, 26, 21, 27, 28, 7, 21, 6, 21, 6, 21, 6, 21, 6, 21, 6, 20, 26, 27, 35, 34, 25, 28, 26, 27, 27, 28, 6, 6, 21, 6, 21, 25, 26, 25, 27, 4, 21, 28, 25, 21, 26, 27, 4, 21, 25, 26, 21, 27, 28, 7, 21, 6, 21, 6, 21, 6, 21, 6, 21, 6, 20, 34, 35, 27, 26, 25, 28, 28, 25, 25, 26, 6, 6, 21, 6, 21, 25, 26, 25, 27, 4, 21, 28, 25, 21, 26, 27, 4, 21, 25, 26, 21, 27, 28, 7, 21, 6, 21, 6, 21, 6, 21, 6, 21, 6, 20, 34, 35, 27, 26, 25, 28, 28, 25, 27, 28, 6, 6, 21, 6, 21, 25, 26, 25, 27, 4, 21, 28, 25, 21, 26, 27, 4, 21, 25, 26, 21, 27, 28, 7, 21, 6, 21, 6, 21, 6, 21, 6, 21, 6, 20, 34, 35, 27, 26, 25, 28, 25, 27, 25, 26, 6, 6, 21, 6, 21, 25, 26, 25, 27, 4, 21, 28, 25, 21, 26, 27, 4, 21, 25, 26, 21, 27, 28, 7, 21, 6, 21, 6, 21, 6, 21, 6, 21, 6, 20, 34, 35, 27, 26, 25, 28, 27, 27, 25, 26, 6, 6, 21, 6, 21, 25, 26, 25, 27, 4, 21, 28, 25, 21, 26, 27, 4, 21, 25, 26, 21, 27, 28, 7, 21, 6, 21, 6, 21, 6, 21, 6, 21, 6, 20, 34, 35, 27, 26, 25, 28, 28, 27, 25, 26, 6, 6, 21, 6, 21, 25, 26, 25, 27, 4, 21, 28, 25, 21, 26, 27, 4, 21, 25, 26, 21, 27, 28, 7, 21, 6, 21, 6, 21, 6, 21, 6, 21, 6, 20, 34, 35, 27, 26, 25, 28, 26, 27, 27, 28, 6, 6, 21, 6, 21, 25, 26, 25, 27, 4, 21, 28, 25, 21, 26, 27, 4, 21, 25, 26, 21, 27, 28, 7, 21, 6, 21, 6, 21, 6, 21, 6, 21, 6, 20, 26, 35, 27, 34, 25, 28, 28, 25, 25, 26, 6, 6, 21, 6, 21, 25, 26, 25, 27, 4, 21, 28, 25, 21, 26, 27, 4, 21, 25, 26, 21, 27, 28, 7, 21, 6, 21, 6, 21, 6, 21, 6, 21, 6, 20, 26, 35, 27, 34, 25, 28, 28, 25, 27, 28, 6, 6, 21, 6, 21, 25, 26, 25, 27, 4, 21, 28, 25, 21, 26, 27, 4, 21, 25, 26, 21, 27, 28, 7, 21, 6, 21, 6, 21, 6, 21, 6, 21, 6, 20, 26, 35, 27, 34, 25, 28, 26, 27, 25, 26, 6, 6, 21, 6, 21, 25, 26, 25, 27, 4, 21, 28, 25, 21, 26, 27, 4, 21, 25, 26, 21, 27, 28, 7, 21, 6, 21, 6, 21, 6, 21, 6, 21, 6, 20, 26, 35, 27, 34, 25, 28, 26, 27, 27, 28, 6, 6, 21, 6, 21, 25, 26, 25, 27, 4, 21, 28, 25, 21, 26, 27, 4, 21, 25, 26, 21, 27, 28]"
"[7, 6, 16, 21, 6, 22, 21, 42, 43, 27, 28, 21, 6, 21, 26, 27, 27, 28]","[4, 4, 4, 4, 5, 5, 5, 5, 5, 5, 5, 5, 4, 4, 4, 7, 21, 6, 21, 6, 21, 6, 21, 6, 21, 6, 16, 34, 27, 35, 26, 27, 28, 27, 25, 28, 25, 6, 6, 21, 6, 21, 26, 27, 27, 28, 4, 21, 27, 25, 21, 28, 26, 4, 21, 28, 25, 21, 27, 26, 7, 21, 6, 21, 6, 21, 6, 21, 6, 21, 6, 16, 34, 27, 35, 26, 27, 28, 27, 25, 27, 26, 6, 6, 21, 6, 21, 26, 27, 27, 28, 4, 21, 27, 25, 21, 28, 26, 4, 21, 28, 25, 21, 27, 26, 7, 21, 6, 21, 6, 21, 6, 21, 6, 21, 6, 16, 34, 27, 35, 26, 27, 28, 28, 26, 28, 25, 6, 6, 21, 6, 21, 26, 27, 27, 28, 4, 21, 27, 25, 21, 28, 26, 4, 21, 28, 25, 21, 27, 26, 7, 21, 6, 21, 6, 21, 6, 21, 6, 21, 6, 16, 34, 27, 35, 26, 27, 28, 28, 26, 27, 26, 6, 6, 21, 6, 21, 26, 27, 27, 28, 4, 21, 27, 25, 21, 28, 26, 4, 21, 28, 25, 21, 27, 26, 7, 21, 6, 21, 6, 21, 6, 21, 6, 21, 6, 16, 26, 27, 35, 34, 27, 28, 27, 25, 28, 25, 6, 6, 21, 6, 21, 26, 27, 27, 28, 4, 21, 27, 25, 21, 28, 26, 4, 21, 28, 25, 21, 27, 26, 7, 21, 6, 21, 6, 21, 6, 21, 6, 21, 6, 16, 26, 27, 35, 34, 27, 28, 27, 25, 27, 26, 6, 6, 21, 6, 21, 26, 27, 27, 28, 4, 21, 27, 25, 21, 28, 26, 4, 21, 28, 25, 21, 27, 26, 7, 21, 6, 21, 6, 21, 6, 21, 6, 21, 6, 16, 26, 27, 35, 34, 27, 28, 28, 26, 28, 25, 6, 6, 21, 6, 21, 26, 27, 27, 28, 4, 21, 27, 25, 21, 28, 26, 4, 21, 28, 25, 21, 27, 26, 7, 21, 6, 21, 6, 21, 6, 21, 6, 21, 6, 16, 26, 27, 35, 34, 27, 28, 28, 26, 27, 26, 6, 6, 21, 6, 21, 26, 27, 27, 28, 4, 21, 27, 25, 21, 28, 26, 4, 21, 28, 25, 21, 27, 26, 7, 21, 6, 21, 6, 21, 6, 21, 6, 21, 6, 16, 34, 35, 27, 26, 27, 28, 27, 25, 28, 25, 6, 6, 21, 6, 21, 26, 27, 27, 28, 4, 21, 27, 25, 21, 28, 26, 4, 21, 28, 25, 21, 27, 26, 7, 21, 6, 21, 6, 21, 6, 21, 6, 21, 6, 16, 34, 35, 27, 26, 27, 28, 27, 25, 27, 26, 6, 6, 21, 6, 21, 26, 27, 27, 28, 4, 21, 27, 25, 21, 28, 26, 4, 21, 28, 25, 21, 27, 26, 7, 21, 6, 21, 6, 21, 6, 21, 6, 21, 6, 16, 34, 35, 27, 26, 27, 28, 28, 26, 28, 25, 6, 6, 21, 6, 21, 26, 27, 27, 28, 4, 21, 27, 25, 21, 28, 26, 4, 21, 28, 25, 21, 27, 26, 7, 21, 6, 21, 6, 21, 6, 21, 6, 21, 6, 16, 34, 35, 27, 26, 27, 28, 28, 26, 27, 26, 6, 6, 21, 6, 21, 26, 27, 27, 28, 4, 21, 27, 25, 21, 28, 26, 4, 21, 28, 25, 21, 27, 26, 7, 21, 6, 21, 6, 21, 6, 21, 6, 21, 6, 16, 26, 35, 27, 34, 27, 28, 27, 25, 28, 25, 6, 6, 21, 6, 21, 26, 27, 27, 28, 4, 21, 27, 25, 23, 4, 4, 21, 25, 26, 21, 26, 26, 21, 27, 26, 4, 21, 28, 25, 21, 27, 26, 7, 21, 6, 21, 6, 21, 6, 21, 6, 21, 6, 16, 26, 35, 27, 34, 27, 28, 27, 25, 27, 26, 6, 6, 21, 6, 21, 26, 27, 27, 28, 4, 21, 27, 25, 23, 4, 4, 21, 25, 26, 21, 26, 26, 21, 27, 26, 4, 21, 28, 25, 21, 27, 26, 7, 21, 6, 21, 6, 21, 6, 21, 6, 21, 6, 16, 26, 35, 27, 34, 27, 28, 28, 26, 28, 25, 6, 6, 21, 6, 21, 26, 27, 27, 28, 4, 21, 27, 25, 21, 28, 26, 4, 21, 28, 25, 21, 27, 26, 7, 21, 6, 21, 6, 21, 6, 21, 6, 21, 6, 16, 26, 35, 27, 34, 27, 28, 28, 26, 27, 26, 6, 6, 21, 6, 21, 26, 27, 27, 28, 4, 21, 27, 25, 21, 28, 26, 4, 21, 28, 25, 21, 27, 26]"
"[4, 7, 21, 6, 21, 6, 21, 21, 21, 26, 43, 42, 27, 25, 27, 27, 28, 21, 6, 21, 6, 21, 6, 21, 25, 26, 25, 27, 26, 27, 26, 28, 7, 21, 21, 21, 28, 42, 43, 28, 21, 6, 21, 25, 26, 27, 28]","[4, 5, 5, 4, 5, 4, 5, 5, 7, 21, 6, 21, 6, 21, 6, 21, 6, 21, 26, 27, 35, 26, 34, 27, 25, 27, 27, 28, 21, 6, 21, 6, 21, 6, 21, 25, 26, 25, 27, 26, 27, 26, 28, 7, 21, 6, 21, 6, 21, 6, 21, 6, 21, 26, 35, 27, 26, 34, 27, 25, 27, 27, 28, 21, 6, 21, 6, 21, 6, 21, 25, 26, 25, 27, 26, 27, 26, 28, 7, 21, 6, 21, 6, 21, 6, 21, 6, 21, 26, 27, 35, 34, 26, 27, 25, 27, 27, 28, 21, 6, 21, 6, 21, 6, 21, 25, 26, 25, 27, 26, 27, 26, 28, 7, 21, 6, 21, 6, 21, 6, 21, 6, 21, 26, 35, 27, 34, 26, 27, 25, 27, 27, 28, 21, 6, 21, 6, 21, 6, 5, 21, 26, 27, 21, 26, 28, 26, 28, 25, 26, 25, 27, 7, 21, 6, 21, 6, 21, 6, 21, 6, 21, 26, 35, 27, 34, 26, 27, 25, 27, 27, 28, 21, 6, 21, 6, 21, 6, 5, 21, 26, 27, 21, 26, 28, 26, 27, 25, 26, 25, 27, 7, 21, 6, 21, 6, 21, 28, 26, 34, 27, 35, 28, 21, 6, 21, 25, 26, 27, 28, 7, 21, 6, 21, 6, 21, 28, 34, 26, 27, 35, 28, 21, 6, 21, 25, 26, 27, 28, 7, 21, 6, 21, 6, 21, 28, 26, 34, 35, 27, 28, 21, 6, 21, 25, 26, 27, 28, 7, 21, 6, 21, 6, 21, 28, 34, 26, 35, 27, 28, 21, 6, 21, 26, 25, 27, 28]"
"[7, 6, 17, 21, 21, 21, 28, 43, 42, 25, 21, 6, 21, 25, 27, 26, 27]","[5, 5, 4, 4, 5, 5, 5, 5, 4, 7, 21, 6, 21, 6, 21, 6, 21, 6, 17, 28, 27, 35, 26, 34, 25, 27, 28, 6, 21, 6, 21, 25, 27, 26, 27, 4, 21, 27, 28, 21, 26, 25, 7, 21, 6, 21, 6, 21, 6, 21, 6, 17, 28, 27, 35, 26, 34, 25, 26, 25, 6, 21, 6, 21, 25, 27, 26, 27, 4, 21, 27, 28, 21, 26, 25, 7, 21, 6, 21, 6, 21, 6, 21, 6, 17, 28, 35, 27, 26, 34, 25, 27, 28, 6, 21, 6, 21, 25, 27, 26, 27, 4, 21, 27, 28, 21, 26, 25, 7, 21, 6, 21, 6, 21, 6, 21, 6, 17, 28, 35, 27, 26, 34, 25, 26, 25, 6, 21, 6, 21, 25, 27, 26, 27, 4, 21, 27, 28, 21, 26, 25, 7, 21, 6, 21, 6, 21, 6, 21, 6, 17, 28, 27, 35, 34, 26, 25, 27, 28, 6, 21, 6, 21, 25, 27, 26, 27, 4, 21, 27, 28, 21, 26, 25, 7, 21, 6, 21, 6, 21, 6, 21, 6, 17, 28, 27, 35, 34, 26, 25, 26, 25, 6, 21, 6, 21, 25, 27, 26, 27, 4, 21, 27, 28, 21, 26, 25, 7, 21, 6, 21, 6, 21, 6, 21, 6, 17, 28, 35, 27, 34, 26, 25, 27, 28, 6, 21, 6, 5, 21, 25, 27, 21, 26, 27, 26, 27, 4, 21, 27, 28, 21, 26, 25, 7, 21, 6, 21, 6, 21, 6, 21, 6, 17, 28, 35, 27, 34, 26, 25, 26, 25, 6, 21, 6, 5, 21, 25, 27, 21, 26, 27, 26, 27, 4, 21, 27, 28, 21, 26, 25, 7, 21, 6, 21, 6, 21, 6, 21, 6, 17, 28, 35, 27, 34, 26, 25, 27, 28, 6, 21, 6, 5, 21, 25, 27, 21, 26, 27, 25, 27, 4, 21, 27, 28, 21, 26, 25, 7, 21, 6, 21, 6, 21, 6, 21, 6, 17, 28, 35, 27, 34, 26, 25, 26, 25, 6, 21, 6, 5, 21, 25, 27, 21, 26, 27, 25, 27, 4, 21, 27, 28, 21, 26, 25]"
"[7, 21, 6, 21, 6, 21, 21, 21, 26, 43, 42, 28, 25, 27, 26, 27, 21, 6, 21, 6, 21, 6, 21, 25, 26, 25, 27, 26, 28, 27, 28]","[4, 4, 5, 5, 5, 5, 4, 7, 21, 6, 21, 6, 21, 6, 21, 6, 21, 6, 21, 26, 27, 35, 26, 28, 34, 25, 27, 26, 27, 26, 28, 6, 21, 6, 21, 6, 21, 6, 21, 25, 26, 25, 27, 26, 28, 27, 28, 4, 21, 26, 28, 21, 25, 27, 7, 21, 6, 21, 6, 21, 6, 21, 6, 21, 6, 21, 26, 27, 35, 26, 28, 34, 25, 27, 26, 27, 25, 27, 6, 21, 6, 21, 6, 21, 6, 21, 25, 26, 25, 27, 26, 28, 27, 28, 4, 21, 26, 28, 21, 25, 27, 7, 21, 6, 21, 6, 21, 6, 21, 6, 21, 6, 21, 26, 35, 27, 26, 34, 28, 25, 27, 26, 27, 26, 28, 6, 21, 6, 21, 6, 21, 6, 21, 25, 26, 25, 27, 26, 28, 27, 28, 4, 21, 26, 28, 21, 25, 27, 7, 21, 6, 21, 6, 21, 6, 21, 6, 21, 6, 21, 26, 35, 27, 26, 34, 28, 25, 27, 26, 27, 25, 27, 6, 21, 6, 21, 6, 21, 6, 21, 25, 26, 25, 27, 26, 28, 27, 28, 4, 21, 26, 28, 21, 25, 27, 7, 21, 6, 21, 6, 21, 6, 21, 6, 21, 6, 21, 26, 27, 35, 34, 26, 28, 25, 27, 26, 27, 26, 28, 6, 21, 6, 21, 6, 21, 6, 21, 25, 26, 25, 27, 28, 26, 27, 28, 4, 21, 26, 28, 21, 25, 27, 7, 21, 6, 21, 6, 21, 6, 21, 6, 21, 6, 21, 26, 27, 35, 34, 26, 28, 25, 27, 26, 27, 25, 27, 6, 21, 6, 21, 6, 21, 6, 21, 25, 26, 25, 27, 28, 26, 27, 28, 4, 21, 26, 28, 21, 25, 27, 7, 21, 6, 21, 6, 21, 6, 21, 6, 21, 6, 21, 26, 35, 27, 34, 26, 28, 25, 27, 26, 27, 26, 28, 6, 21, 6, 21, 6, 21, 6, 21, 25, 26, 25, 27, 26, 28, 27, 28, 4, 21, 26, 28, 21, 25, 27, 7, 21, 6, 21, 6, 21, 6, 21, 6, 21, 6, 21, 26, 35, 27, 34, 26, 28, 25, 27, 26, 27, 25, 27, 6, 21, 6, 21, 6, 21, 6, 21, 25, 26, 25, 27, 26, 28, 27, 28, 4, 21, 26, 28, 21, 25, 27]"
"[5, 4, 7, 6, 23, 13, 21, 6, 22, 21, 42, 43, 26, 27, 21, 6, 21, 25, 26, 25, 27, 7, 6, 18, 16, 21, 6, 22, 21, 42, 43, 26, 27, 21, 6, 21, 25, 26, 26, 27, 7, 6, 16, 15, 21, 21, 21, 25, 43, 42, 25, 21, 6, 21, 26, 28, 27, 28]","[5, 4, 4, 5, 4, 5, 5, 4, 5, 4, 4, 7, 23, 21, 6, 21, 6, 21, 6, 13, 34, 27, 35, 26, 26, 27, 21, 6, 21, 25, 26, 25, 27, 7, 21, 6, 21, 6, 21, 6, 13, 26, 27, 35, 34, 26, 27, 21, 6, 21, 25, 26, 25, 27, 7, 21, 6, 21, 6, 21, 6, 13, 34, 35, 27, 26, 26, 27, 21, 6, 21, 25, 26, 25, 27, 7, 21, 6, 21, 6, 21, 6, 13, 26, 35, 27, 34, 26, 27, 21, 6, 21, 25, 26, 25, 27, 7, 21, 6, 21, 6, 21, 6, 18, 16, 34, 27, 26, 35, 26, 27, 21, 6, 21, 25, 26, 26, 27, 7, 21, 6, 21, 6, 21, 6, 18, 16, 26, 27, 35, 34, 26, 27, 21, 6, 21, 25, 26, 26, 27, 7, 21, 6, 21, 6, 21, 6, 18, 16, 34, 35, 27, 26, 26, 27, 21, 6, 21, 25, 26, 26, 27, 7, 21, 6, 21, 6, 21, 6, 18, 16, 26, 35, 27, 34, 26, 27, 21, 6, 21, 25, 26, 26, 27, 7, 21, 6, 21, 6, 21, 6, 16, 15, 25, 27, 35, 26, 34, 25, 21, 6, 21, 26, 28, 27, 28, 7, 21, 6, 21, 6, 21, 6, 16, 15, 25, 35, 27, 26, 34, 25, 21, 6, 21, 26, 28, 27, 28, 7, 21, 6, 21, 6, 21, 6, 16, 15, 25, 27, 35, 34, 26, 25, 21, 6, 21, 26, 28, 27, 28, 7, 21, 6, 21, 6, 21, 6, 16, 15, 25, 35, 27, 34, 26, 25, 21, 6, 21, 26, 28, 27, 28]"
"[5, 7, 6, 18, 21, 21, 6, 21, 21, 25, 43, 28, 27, 42, 27, 21, 6, 21, 6, 21, 25, 26, 25, 27, 26, 27, 7, 6, 16, 19, 21, 6, 21, 6, 22, 21, 42, 43, 25, 27, 25, 28, 21, 6, 21, 6, 21, 25, 26, 25, 27, 26, 27]","[5, 4, 4, 5, 4, 4, 5, 5, 7, 21, 6, 21, 6, 21, 6, 21, 6, 21, 6, 21, 6, 18, 25, 27, 35, 28, 27, 26, 34, 27, 26, 25, 26, 25, 21, 6, 21, 6, 21, 6, 21, 6, 21, 25, 26, 25, 27, 26, 27, 26, 25, 26, 25, 7, 21, 6, 21, 6, 21, 6, 21, 6, 21, 6, 21, 6, 18, 25, 27, 35, 28, 27, 34, 26, 27, 26, 25, 26, 25, 21, 6, 21, 6, 21, 6, 21, 6, 21, 25, 26, 25, 27, 26, 27, 26, 25, 26, 25, 7, 21, 6, 21, 6, 21, 6, 21, 6, 21, 6, 21, 6, 18, 25, 35, 27, 28, 27, 26, 34, 27, 26, 25, 26, 25, 21, 6, 21, 6, 21, 6, 21, 6, 5, 21, 25, 27, 21, 26, 27, 26, 27, 25, 26, 26, 25, 26, 25, 7, 21, 6, 21, 6, 21, 6, 21, 6, 21, 6, 21, 6, 18, 25, 35, 27, 28, 27, 26, 34, 27, 26, 25, 26, 25, 21, 6, 21, 6, 21, 6, 21, 6, 5, 21, 25, 27, 21, 26, 27, 25, 27, 25, 26, 26, 25, 26, 25, 7, 21, 6, 21, 6, 21, 6, 21, 6, 21, 6, 21, 6, 18, 25, 35, 27, 28, 27, 34, 26, 27, 26, 25, 26, 25, 21, 6, 21, 6, 21, 6, 21, 6, 21, 25, 26, 25, 27, 26, 27, 26, 25, 26, 25, 7, 21, 6, 21, 6, 21, 6, 21, 6, 21, 6, 21, 6, 16, 19, 34, 27, 35, 26, 25, 27, 25, 28, 26, 25, 26, 25, 21, 6, 21, 6, 21, 6, 21, 6, 21, 25, 26, 25, 27, 26, 27, 26, 25, 26, 25, 7, 21, 6, 21, 6, 21, 6, 21, 6, 21, 6, 21, 6, 16, 19, 26, 27, 35, 34, 25, 27, 25, 28, 26, 25, 26, 25, 21, 6, 21, 6, 21, 6, 21, 6, 21, 25, 26, 25, 27, 26, 27, 26, 25, 26, 25, 7, 21, 6, 21, 6, 21, 6, 21, 6, 21, 6, 21, 6, 16, 19, 34, 35, 27, 26, 25, 27, 25, 28, 26, 25, 26, 25, 21, 6, 21, 6, 21, 6, 21, 6, 21, 25, 26, 25, 27, 26, 27, 26, 25, 26, 25, 7, 21, 6, 21, 6, 21, 6, 21, 6, 21, 6, 21, 6, 16, 19, 26, 35, 27, 34, 25, 27, 25, 28, 26, 25, 26, 25, 21, 6, 6, 21, 6, 21, 6, 21, 25, 26, 25, 27, 26, 27, 23, 4, 4, 21, 25, 25, 21, 27, 25, 21, 28, 25, 26, 25]"
"[7, 6, 23, 16, 21, 21, 6, 21, 21, 28, 42, 25, 28, 43, 25, 21, 6, 21, 6, 21, 25, 26, 25, 27, 27, 28]","[5, 4, 5, 4, 4, 7, 23, 21, 6, 21, 6, 21, 6, 21, 6, 16, 28, 26, 34, 25, 28, 27, 35, 25, 21, 6, 21, 6, 5, 21, 25, 27, 21, 27, 28, 27, 28, 25, 26, 7, 21, 6, 21, 6, 21, 6, 21, 6, 16, 28, 26, 34, 25, 28, 27, 35, 25, 21, 6, 21, 6, 5, 21, 25, 27, 21, 27, 28, 25, 27, 25, 26, 7, 21, 6, 21, 6, 21, 6, 21, 6, 16, 28, 26, 34, 25, 28, 35, 27, 25, 21, 6, 21, 6, 5, 21, 27, 28, 21, 25, 27, 25, 27, 25, 26, 7, 21, 6, 21, 6, 21, 6, 21, 6, 16, 28, 26, 34, 25, 28, 35, 27, 25, 21, 6, 21, 6, 5, 21, 27, 28, 21, 25, 27, 27, 28, 25, 26, 7, 21, 6, 21, 6, 21, 6, 21, 6, 16, 28, 34, 26, 25, 28, 27, 35, 25, 21, 6, 21, 6, 21, 25, 26, 25, 27, 27, 28, 7, 21, 6, 21, 6, 21, 6, 21, 6, 16, 28, 34, 26, 25, 28, 35, 27, 25, 21, 6, 21, 6, 21, 25, 26, 25, 27, 27, 28]"
"[4, 4, 7, 22, 21, 42, 43, 21, 26, 27, 7, 21, 21, 21, 26, 43, 42, 28, 21, 6, 21, 26, 27, 26, 28, 7, 21, 21, 21, 27, 42, 43, 28, 21, 6, 21, 25, 26, 26, 27]","[4, 5, 5, 4, 4, 4, 5, 4, 5, 4, 4, 5, 5, 7, 21, 6, 21, 6, 21, 34, 27, 35, 26, 25, 26, 21, 6, 21, 26, 27, 25, 26, 7, 21, 6, 21, 6, 21, 26, 27, 35, 34, 25, 26, 21, 6, 21, 26, 27, 25, 26, 7, 21, 6, 21, 6, 21, 34, 35, 27, 26, 25, 26, 21, 6, 21, 26, 27, 25, 26, 7, 21, 6, 21, 6, 21, 26, 35, 27, 34, 25, 26, 21, 6, 21, 26, 27, 25, 26, 7, 21, 6, 21, 6, 21, 6, 21, 26, 27, 35, 26, 34, 28, 25, 26, 21, 6, 21, 6, 21, 26, 27, 26, 28, 25, 26, 7, 21, 6, 21, 6, 21, 6, 21, 26, 35, 27, 26, 34, 28, 25, 26, 21, 6, 21, 6, 5, 21, 26, 27, 21, 25, 26, 25, 26, 26, 28, 7, 21, 6, 21, 6, 21, 6, 21, 26, 35, 27, 26, 34, 28, 25, 26, 21, 6, 21, 6, 5, 21, 26, 27, 21, 25, 26, 26, 27, 26, 28, 7, 21, 6, 21, 6, 21, 6, 21, 26, 27, 35, 34, 26, 28, 25, 26, 21, 6, 21, 6, 5, 21, 25, 26, 21, 26, 27, 26, 27, 26, 28, 7, 21, 6, 21, 6, 21, 6, 21, 26, 27, 35, 34, 26, 28, 25, 26, 21, 6, 21, 6, 5, 21, 25, 26, 21, 26, 27, 25, 26, 26, 28, 7, 21, 6, 21, 6, 21, 6, 21, 26, 35, 27, 34, 26, 28, 25, 26, 21, 6, 21, 6, 21, 26, 27, 26, 28, 25, 26, 7, 21, 6, 21, 6, 21, 6, 21, 27, 26, 34, 27, 35, 28, 25, 26, 21, 6, 21, 6, 21, 25, 26, 26, 27, 25, 26, 7, 21, 6, 21, 6, 21, 6, 21, 27, 34, 26, 27, 35, 28, 25, 26, 21, 6, 21, 6, 21, 25, 26, 26, 27, 25, 26, 7, 21, 6, 21, 6, 21, 6, 21, 27, 26, 34, 35, 27, 28, 25, 26, 21, 6, 21, 6, 21, 26, 25, 26, 27, 25, 26, 7, 21, 6, 21, 6, 21, 6, 21, 27, 34, 26, 35, 27, 28, 25, 26, 21, 6, 21, 6, 21, 25, 26, 26, 27, 25, 26]"
"[5, 7, 6, 23, 13, 21, 6, 21, 6, 22, 21, 42, 43, 26, 27, 26, 28, 21, 6, 21, 6, 21, 25, 26, 25, 27, 27, 28, 7, 6, 18, 12, 21, 21, 21, 26, 43, 42, 27, 21, 6, 21, 25, 26, 26, 27]","[5, 4, 4, 5, 4, 5, 4, 4, 7, 23, 21, 6, 21, 6, 21, 6, 21, 6, 13, 34, 27, 35, 26, 26, 27, 26, 28, 21, 6, 21, 6, 21, 25, 26, 25, 27, 27, 28, 7, 21, 6, 21, 6, 21, 6, 21, 6, 13, 26, 27, 35, 34, 26, 27, 26, 28, 21, 6, 21, 6, 21, 25, 26, 25, 27, 27, 28, 7, 21, 6, 21, 6, 21, 6, 21, 6, 13, 34, 35, 27, 26, 26, 27, 26, 28, 21, 6, 21, 6, 21, 25, 26, 25, 27, 27, 28, 7, 21, 6, 21, 6, 21, 6, 21, 6, 13, 26, 35, 27, 34, 26, 27, 26, 28, 21, 6, 21, 6, 5, 21, 25, 26, 21, 25, 27, 25, 27, 27, 28, 7, 21, 6, 21, 6, 21, 6, 21, 6, 13, 26, 35, 27, 34, 26, 27, 26, 28, 21, 6, 21, 6, 5, 21, 25, 26, 21, 25, 27, 25, 26, 27, 28, 7, 21, 6, 21, 6, 21, 6, 18, 12, 26, 27, 35, 26, 34, 27, 21, 6, 21, 25, 26, 26, 27, 7, 21, 6, 21, 6, 21, 6, 18, 12, 26, 35, 27, 26, 34, 27, 21, 6, 21, 25, 26, 26, 27, 7, 21, 6, 21, 6, 21, 6, 18, 12, 26, 27, 35, 34, 26, 27, 21, 6, 21, 25, 26, 26, 27, 7, 21, 6, 21, 6, 21, 6, 18, 12, 26, 35, 27, 34, 26, 27, 21, 6, 21, 25, 26, 26, 27]"
"[4, 4, 7, 6, 23, 19, 21, 6, 21, 21, 6, 21, 21, 28, 42, 27, 28, 43, 25, 25, 28, 21, 6, 21, 6, 21, 6, 21, 25, 26, 25, 27, 26, 27, 26, 28, 7, 6, 15, 11, 21, 21, 21, 28, 43, 42, 25, 21, 6, 21, 25, 26, 26, 27, 7, 6, 12, 11, 22, 21, 42, 43, 21, 25, 27]","[4, 4, 5, 5, 5, 5, 4, 4, 4, 4, 5, 5, 5, 5, 4, 4, 5, 5, 4, 4, 4, 4, 5, 7, 23, 21, 6, 21, 6, 21, 6, 21, 6, 21, 6, 21, 6, 21, 6, 19, 28, 26, 34, 27, 28, 27, 35, 25, 25, 28, 27, 25, 27, 26, 21, 6, 6, 21, 6, 21, 6, 21, 6, 21, 25, 26, 25, 27, 26, 27, 26, 28, 4, 21, 27, 25, 21, 28, 26, 27, 26, 7, 21, 6, 21, 6, 21, 6, 21, 6, 21, 6, 21, 6, 21, 6, 19, 28, 26, 34, 27, 28, 27, 35, 25, 25, 28, 28, 26, 27, 26, 21, 6, 6, 21, 6, 21, 6, 21, 6, 21, 25, 26, 25, 27, 26, 27, 26, 28, 4, 21, 27, 25, 21, 28, 26, 27, 26, 7, 21, 6, 21, 6, 21, 6, 21, 6, 21, 6, 21, 6, 21, 6, 19, 28, 26, 34, 27, 28, 35, 27, 25, 25, 28, 27, 25, 27, 26, 21, 6, 6, 21, 6, 21, 6, 21, 6, 21, 25, 26, 25, 27, 26, 27, 26, 28, 4, 21, 27, 25, 21, 28, 26, 27, 26, 7, 21, 6, 21, 6, 21, 6, 21, 6, 21, 6, 21, 6, 21, 6, 19, 28, 26, 34, 27, 28, 35, 27, 25, 25, 28, 28, 26, 27, 26, 21, 6, 6, 21, 6, 21, 6, 21, 6, 21, 25, 26, 25, 27, 26, 27, 26, 28, 4, 21, 27, 25, 21, 28, 26, 27, 26, 7, 21, 6, 21, 6, 21, 6, 21, 6, 21, 6, 21, 6, 21, 6, 19, 28, 34, 26, 27, 28, 27, 35, 25, 25, 28, 27, 25, 27, 26, 21, 6, 6, 21, 6, 21, 6, 21, 6, 21, 25, 26, 25, 27, 26, 27, 26, 28, 4, 21, 27, 25, 21, 28, 26, 27, 26, 7, 21, 6, 21, 6, 21, 6, 21, 6, 21, 6, 21, 6, 21, 6, 19, 28, 34, 26, 27, 28, 27, 35, 25, 25, 28, 28, 26, 27, 26, 21, 6, 6, 21, 6, 21, 6, 21, 6, 21, 25, 26, 25, 27, 26, 27, 26, 28, 4, 21, 27, 25, 21, 28, 26, 27, 26, 7, 21, 6, 21, 6, 21, 6, 21, 6, 21, 6, 21, 6, 21, 6, 19, 28, 34, 26, 27, 28, 35, 27, 25, 25, 28, 27, 25, 27, 26, 21, 6, 6, 21, 6, 21, 6, 21, 6, 21, 25, 26, 25, 27, 26, 27, 26, 28, 4, 21, 27, 25, 21, 28, 26, 27, 26, 7, 21, 6, 21, 6, 21, 6, 21, 6, 21, 6, 21, 6, 21, 6, 19, 28, 34, 26, 27, 28, 35, 27, 25, 25, 28, 28, 26, 27, 26, 21, 6, 6, 21, 6, 21, 6, 21, 6, 21, 25, 26, 25, 27, 26, 27, 26, 28, 4, 21, 27, 25, 21, 28, 26, 27, 26, 7, 21, 6, 21, 6, 21, 6, 21, 6, 21, 6, 15, 11, 28, 27, 35, 26, 34, 25, 27, 25, 27, 26, 21, 6, 6, 21, 6, 21, 25, 26, 26, 27, 4, 21, 27, 25, 21, 28, 26, 27, 26, 7, 21, 6, 21, 6, 21, 6, 21, 6, 21, 6, 15, 11, 28, 27, 35, 26, 34, 25, 28, 26, 27, 26, 21, 6, 6, 21, 6, 21, 25, 26, 26, 27, 4, 21, 27, 25, 21, 28, 26, 27, 26, 7, 21, 6, 21, 6, 21, 6, 21, 6, 21, 6, 15, 11, 28, 35, 27, 26, 34, 25, 27, 25, 27, 26, 21, 6, 6, 21, 6, 21, 25, 26, 26, 27, 4, 21, 27, 25, 21, 28, 26, 27, 26, 7, 21, 6, 21, 6, 21, 6, 21, 6, 21, 6, 15, 11, 28, 35, 27, 26, 34, 25, 28, 26, 27, 26, 21, 6, 6, 21, 6, 21, 25, 26, 26, 27, 4, 21, 27, 25, 21, 28, 26, 27, 26, 7, 21, 6, 21, 6, 21, 6, 21, 6, 21, 6, 15, 11, 28, 27, 35, 34, 26, 25, 27, 25, 27, 26, 21, 6, 6, 21, 6, 21, 25, 26, 26, 27, 4, 21, 27, 25, 21, 28, 26, 27, 26, 7, 21, 6, 21, 6, 21, 6, 21, 6, 21, 6, 15, 11, 28, 27, 35, 34, 26, 25, 28, 26, 27, 26, 21, 6, 6, 21, 6, 21, 25, 26, 26, 27, 4, 21, 27, 25, 21, 28, 26, 27, 26, 7, 21, 6, 21, 6, 21, 6, 21, 6, 21, 6, 15, 11, 28, 35, 27, 34, 26, 25, 27, 25, 27, 26, 21, 6, 6, 21, 6, 21, 25, 26, 26, 27, 4, 21, 27, 25, 21, 28, 26, 27, 26, 7, 21, 6, 21, 6, 21, 6, 21, 6, 21, 6, 15, 11, 28, 35, 27, 34, 26, 25, 28, 26, 27, 26, 21, 6, 6, 21, 6, 21, 25, 26, 26, 27, 4, 21, 27, 25, 21, 28, 26, 27, 26, 7, 21, 6, 21, 6, 21, 6, 21, 6, 12, 11, 34, 27, 35, 26, 27, 25, 27, 26, 21, 6, 6, 21, 25, 27, 4, 21, 27, 25, 21, 28, 26, 27, 26, 7, 21, 6, 21, 6, 21, 6, 21, 6, 12, 11, 34, 27, 35, 26, 28, 26, 27, 26, 21, 6, 6, 21, 25, 27, 4, 21, 27, 25, 21, 28, 26, 27, 26, 7, 21, 6, 21, 6, 21, 6, 21, 6, 12, 11, 26, 27, 35, 34, 27, 25, 27, 26, 21, 6, 6, 21, 25, 27, 4, 21, 27, 25, 21, 28, 26, 27, 26, 7, 21, 6, 21, 6, 21, 6, 21, 6, 12, 11, 26, 27, 35, 34, 28, 26, 27, 26, 21, 6, 6, 21, 25, 27, 4, 21, 27, 25, 21, 28, 26, 27, 26, 7, 21, 6, 21, 6, 21, 6, 21, 6, 12, 11, 34, 35, 27, 26, 27, 25, 27, 26, 21, 6, 6, 21, 25, 27, 4, 21, 27, 25, 21, 28, 26, 27, 26, 7, 21, 6, 21, 6, 21, 6, 21, 6, 12, 11, 34, 35, 27, 26, 28, 26, 27, 26, 21, 6, 6, 21, 25, 27, 4, 21, 27, 25, 21, 28, 26, 27, 26, 7, 21, 6, 21, 6, 21, 6, 21, 6, 12, 11, 26, 35, 27, 34, 27, 25, 27, 26, 21, 6, 6, 21, 25, 27, 4, 21, 27, 25, 21, 28, 26, 27, 26, 7, 21, 6, 21, 6, 21, 6, 21, 6, 12, 11, 26, 35, 27, 34, 28, 26, 27, 26, 21, 6, 6, 21, 25, 27, 4, 21, 27, 25, 21, 28, 26, 27, 26]"
"[5, 5, 5, 4, 7, 6, 23, 14, 6, 21, 21, 6, 21, 21, 25, 42, 28, 28, 43, 26, 8, 21, 25, 26, 13, 21, 6, 21, 6, 21, 6, 21, 6, 21, 25, 26, 25, 27, 26, 27, 26, 28, 27, 28, 7, 6, 19, 14, 21, 6, 21, 21, 21, 28, 43, 42, 28, 26, 27, 21, 6, 21, 6, 21, 25, 26, 25, 27, 26, 27, 7, 6, 17, 16, 21, 6, 21, 21, 21, 28, 43, 42, 28, 26, 28, 21, 6, 21, 6, 21, 25, 26, 25, 27, 26, 28, 7, 6, 16, 16, 21, 6, 22, 21, 42, 43, 27, 28, 21, 6, 21, 25, 26, 25, 27, 7, 6, 19, 21, 21, 21, 25, 42, 43, 26, 21, 6, 21, 25, 26, 26, 27]","[5, 4, 5, 4, 5, 5, 4, 4, 5, 5, 4, 4, 5, 4, 5, 5, 4, 5, 4, 4, 7, 23, 21, 6, 6, 6, 21, 6, 21, 6, 21, 6, 21, 6, 21, 6, 14, 25, 26, 34, 28, 28, 27, 35, 26, 25, 26, 13, 25, 27, 21, 6, 21, 6, 21, 6, 21, 6, 21, 6, 21, 25, 26, 25, 27, 26, 27, 26, 28, 27, 28, 25, 27, 7, 21, 6, 6, 6, 21, 6, 21, 6, 21, 6, 21, 6, 21, 6, 14, 25, 26, 34, 28, 28, 35, 27, 26, 25, 26, 13, 25, 27, 21, 6, 21, 6, 21, 6, 21, 6, 21, 6, 21, 25, 26, 25, 27, 26, 27, 26, 28, 27, 28, 25, 27, 7, 21, 6, 6, 6, 21, 6, 21, 6, 21, 6, 21, 6, 21, 6, 14, 25, 34, 26, 28, 28, 27, 35, 26, 25, 26, 13, 25, 27, 21, 6, 21, 6, 21, 6, 6, 21, 6, 21, 25, 26, 25, 27, 23, 4, 4, 21, 25, 27, 21, 27, 27, 21, 28, 27, 26, 28, 27, 28, 25, 27, 7, 21, 6, 6, 6, 21, 6, 21, 6, 21, 6, 21, 6, 21, 6, 14, 25, 34, 26, 28, 28, 35, 27, 26, 25, 26, 13, 25, 27, 21, 6, 21, 6, 21, 6, 21, 6, 21, 6, 21, 25, 26, 25, 27, 26, 27, 26, 28, 27, 28, 25, 27, 7, 21, 6, 21, 6, 21, 6, 21, 6, 21, 6, 19, 14, 28, 27, 35, 26, 34, 28, 26, 27, 25, 27, 21, 6, 21, 6, 21, 6, 21, 25, 26, 25, 27, 26, 27, 25, 27, 7, 21, 6, 21, 6, 21, 6, 21, 6, 21, 6, 19, 14, 28, 35, 27, 26, 34, 28, 26, 27, 25, 27, 21, 6, 21, 6, 21, 6, 21, 25, 26, 25, 27, 26, 27, 25, 27, 7, 21, 6, 21, 6, 21, 6, 21, 6, 21, 6, 19, 14, 28, 27, 35, 34, 26, 28, 26, 27, 25, 27, 21, 6, 21, 6, 21, 6, 21, 25, 26, 25, 27, 26, 27, 25, 27, 7, 21, 6, 21, 6, 21, 6, 21, 6, 21, 6, 19, 14, 28, 35, 27, 34, 26, 28, 26, 27, 25, 27, 21, 6, 21, 6, 21, 6, 21, 25, 26, 25, 27, 26, 27, 25, 27, 7, 21, 6, 21, 6, 21, 6, 21, 6, 21, 6, 17, 16, 28, 27, 35, 26, 34, 28, 26, 28, 25, 27, 21, 6, 21, 6, 21, 6, 21, 25, 26, 25, 27, 26, 28, 25, 27, 7, 21, 6, 21, 6, 21, 6, 21, 6, 21, 6, 17, 16, 28, 35, 27, 26, 34, 28, 26, 28, 25, 27, 21, 6, 21, 6, 21, 6, 21, 25, 26, 25, 27, 26, 28, 25, 27, 7, 21, 6, 21, 6, 21, 6, 21, 6, 21, 6, 17, 16, 28, 27, 35, 34, 26, 28, 26, 28, 25, 27, 21, 6, 21, 6, 21, 6, 21, 25, 26, 25, 27, 26, 28, 25, 27, 7, 21, 6, 21, 6, 21, 6, 21, 6, 21, 6, 17, 16, 28, 35, 27, 34, 26, 28, 26, 28, 25, 27, 21, 6, 21, 6, 21, 6, 21, 25, 26, 25, 27, 26, 28, 25, 27, 7, 21, 6, 21, 6, 21, 6, 21, 6, 16, 16, 34, 27, 35, 26, 27, 28, 25, 27, 21, 6, 21, 6, 21, 25, 26, 25, 27, 25, 27, 7, 21, 6, 21, 6, 21, 6, 21, 6, 16, 16, 26, 27, 35, 34, 27, 28, 25, 27, 21, 6, 21, 6, 21, 25, 26, 25, 27, 25, 27, 7, 21, 6, 21, 6, 21, 6, 21, 6, 16, 16, 34, 35, 27, 26, 27, 28, 25, 27, 21, 6, 21, 6, 21, 25, 26, 25, 27, 25, 27, 7, 21, 6, 21, 6, 21, 6, 21, 6, 16, 16, 26, 35, 27, 34, 27, 28, 25, 27, 21, 6, 21, 6, 21, 25, 26, 25, 27, 25, 27, 7, 21, 6, 21, 6, 21, 6, 21, 6, 19, 26, 25, 34, 27, 35, 26, 25, 27, 21, 6, 21, 6, 21, 25, 26, 26, 27, 25, 27, 7, 21, 6, 21, 6, 21, 6, 21, 6, 19, 25, 34, 26, 27, 35, 26, 25, 27, 21, 6, 21, 6, 5, 21, 25, 27, 21, 26, 27, 26, 27, 25, 26, 7, 21, 6, 21, 6, 21, 6, 21, 6, 19, 25, 34, 26, 27, 35, 26, 25, 27, 21, 6, 21, 6, 5, 21, 25, 27, 21, 26, 27, 25, 27, 25, 26, 7, 21, 6, 21, 6, 21, 6, 21, 6, 19, 25, 26, 34, 35, 27, 26, 25, 27, 21, 6, 21, 6, 21, 25, 26, 26, 27, 25, 27, 7, 21, 6, 21, 6, 21, 6, 21, 6, 19, 25, 34, 26, 35, 27, 26, 25, 27, 21, 6, 21, 6, 21, 25, 26, 26, 27, 25, 27]"
"[4, 5, 5, 7, 6, 16, 22, 21, 42, 43, 21, 25, 26, 7, 6, 17, 14, 21, 6, 21, 6, 21, 21, 6, 21, 21, 26, 43, 28, 27, 42, 25, 25, 28, 26, 27, 21, 6, 21, 6, 21, 6, 21, 6, 21, 25, 26, 25, 27, 26, 27, 26, 28, 27, 28, 7, 6, 16, 18, 21, 6, 21, 6, 22, 21, 42, 43, 25, 27, 27, 28, 21, 6, 21, 6, 21, 25, 26, 26, 27, 27, 28, 7, 6, 12, 11, 21, 6, 22, 21, 42, 43, 25, 27, 21, 6, 21, 25, 26, 26, 27]","[4, 5, 5, 4, 5, 4, 4, 5, 5, 4, 4, 5, 4, 5, 5, 7, 21, 6, 21, 6, 16, 34, 27, 35, 26, 21, 25, 26, 7, 21, 6, 21, 6, 16, 26, 27, 35, 34, 21, 25, 26, 7, 21, 6, 21, 6, 16, 34, 35, 27, 26, 21, 25, 26, 7, 21, 6, 21, 6, 16, 26, 35, 27, 34, 21, 25, 26, 7, 21, 6, 21, 6, 21, 6, 21, 6, 21, 6, 21, 6, 17, 14, 26, 27, 35, 28, 27, 26, 34, 25, 25, 28, 26, 27, 21, 6, 21, 6, 21, 6, 21, 6, 21, 25, 26, 25, 27, 26, 27, 26, 28, 27, 28, 7, 21, 6, 21, 6, 21, 6, 21, 6, 21, 6, 21, 6, 17, 14, 26, 27, 35, 28, 27, 34, 26, 25, 25, 28, 26, 27, 21, 6, 21, 6, 21, 6, 21, 6, 21, 25, 26, 25, 27, 26, 27, 26, 28, 27, 28, 7, 21, 6, 21, 6, 21, 6, 21, 6, 21, 6, 21, 6, 17, 14, 26, 35, 27, 28, 27, 26, 34, 25, 25, 28, 26, 27, 21, 6, 21, 6, 21, 6, 21, 6, 21, 25, 26, 25, 27, 26, 27, 26, 28, 28, 27, 7, 21, 6, 21, 6, 21, 6, 21, 6, 21, 6, 21, 6, 17, 14, 26, 35, 27, 28, 27, 34, 26, 25, 25, 28, 26, 27, 21, 6, 21, 6, 21, 6, 21, 6, 21, 25, 26, 25, 27, 26, 27, 26, 28, 27, 28, 7, 21, 6, 21, 6, 21, 6, 21, 6, 16, 18, 34, 27, 35, 26, 25, 27, 27, 28, 21, 6, 21, 6, 21, 25, 26, 26, 27, 27, 28, 7, 21, 6, 21, 6, 21, 6, 21, 6, 16, 18, 26, 27, 35, 34, 25, 27, 27, 28, 21, 6, 21, 6, 21, 25, 26, 26, 27, 27, 28, 7, 21, 6, 21, 6, 21, 6, 21, 6, 16, 18, 34, 35, 27, 26, 25, 27, 27, 28, 21, 6, 21, 6, 21, 25, 26, 26, 27, 27, 28, 7, 21, 6, 21, 6, 21, 6, 21, 6, 16, 18, 26, 35, 27, 34, 25, 27, 27, 28, 21, 6, 21, 6, 21, 25, 26, 26, 27, 27, 28, 7, 21, 6, 21, 6, 21, 6, 12, 11, 34, 27, 35, 26, 25, 27, 21, 6, 21, 25, 26, 26, 27, 7, 21, 6, 21, 6, 21, 6, 12, 11, 26, 27, 35, 34, 25, 27, 21, 6, 21, 25, 26, 26, 27, 7, 21, 6, 21, 6, 21, 6, 12, 11, 34, 35, 27, 26, 25, 27, 21, 6, 21, 25, 26, 26, 27, 7, 21, 6, 21, 6, 21, 6, 12, 11, 26, 35, 27, 34, 27, 25, 21, 6, 21, 25, 26, 26, 27]"
"[5, 4, 5, 4, 7, 23, 21, 21, 21, 26, 43, 42, 27, 21, 6, 21, 25, 26, 26, 27, 7, 6, 17, 20, 22, 21, 42, 43, 21, 26, 28, 7, 6, 20, 20, 22, 21, 42, 43, 21, 26, 27, 7, 6, 14, 22, 21, 42, 43, 21, 25, 27, 7, 6, 19, 21, 21, 6, 21, 21, 25, 43, 28, 27, 42, 25, 21, 6, 21, 6, 21, 25, 26, 25, 27, 26, 27]","[5, 4, 4, 5, 4, 5, 5, 4, 5, 4, 4, 5, 4, 5, 5, 4, 5, 4, 4, 4, 7, 23, 21, 6, 21, 6, 21, 26, 27, 35, 26, 34, 27, 21, 6, 5, 21, 25, 26, 21, 26, 27, 26, 27, 7, 21, 6, 21, 6, 21, 26, 27, 35, 26, 34, 27, 21, 6, 5, 21, 25, 26, 21, 26, 27, 25, 26, 7, 21, 6, 21, 6, 21, 26, 35, 27, 26, 34, 27, 21, 6, 21, 25, 26, 26, 27, 7, 21, 6, 21, 6, 21, 26, 27, 35, 34, 26, 27, 21, 6, 21, 25, 26, 26, 27, 7, 21, 6, 21, 6, 21, 26, 35, 27, 34, 26, 27, 21, 6, 21, 25, 26, 26, 27, 7, 21, 6, 21, 6, 17, 20, 34, 27, 35, 26, 21, 26, 28, 7, 21, 6, 21, 6, 17, 20, 26, 27, 35, 34, 21, 26, 28, 7, 21, 6, 21, 6, 17, 20, 34, 35, 27, 26, 21, 26, 28, 7, 21, 6, 21, 6, 17, 20, 26, 35, 27, 34, 21, 26, 28, 7, 21, 6, 21, 6, 20, 20, 34, 27, 35, 26, 21, 26, 27, 7, 21, 6, 21, 6, 20, 20, 26, 27, 35, 34, 21, 26, 27, 7, 21, 6, 21, 6, 20, 20, 34, 35, 27, 26, 21, 26, 27, 7, 21, 6, 21, 6, 20, 20, 26, 35, 27, 34, 21, 26, 27, 7, 21, 6, 21, 6, 14, 34, 27, 35, 26, 21, 25, 27, 7, 21, 6, 21, 6, 14, 26, 27, 35, 34, 21, 25, 27, 7, 21, 6, 21, 6, 14, 34, 35, 27, 26, 21, 25, 27, 7, 21, 6, 21, 6, 14, 26, 35, 27, 34, 21, 25, 27, 7, 21, 6, 21, 6, 21, 6, 21, 6, 19, 25, 27, 35, 28, 27, 26, 34, 25, 21, 6, 21, 6, 21, 25, 26, 25, 27, 26, 27, 7, 21, 6, 21, 6, 21, 6, 21, 6, 19, 25, 27, 35, 28, 27, 34, 26, 25, 21, 6, 21, 6, 21, 25, 26, 25, 27, 26, 27, 7, 21, 6, 21, 6, 21, 6, 21, 6, 19, 25, 35, 27, 28, 27, 26, 34, 25, 21, 6, 6, 21, 25, 26, 23, 4, 4, 21, 26, 27, 21, 27, 27, 21, 28, 27, 26, 27, 7, 21, 6, 21, 6, 21, 6, 21, 6, 19, 25, 35, 27, 28, 27, 34, 26, 25, 21, 6, 21, 6, 21, 25, 26, 25, 27, 26, 27]"
"[4, 5, 4, 7, 6, 13, 21, 6, 21, 6, 21, 21, 21, 28, 43, 42, 25, 25, 27, 26, 27, 21, 6, 21, 6, 21, 6, 21, 25, 26, 26, 27, 26, 28, 27, 28, 7, 6, 14, 14, 21, 21, 21, 25, 42, 43, 26, 21, 6, 21, 26, 28, 27, 28, 7, 6, 15, 20, 21, 6, 21, 6, 21, 21, 21, 25, 43, 42, 27, 25, 27, 26, 28, 21, 6, 21, 6, 21, 6, 21, 25, 26, 25, 27, 26, 28, 27, 28, 7, 6, 20, 17, 22, 21, 42, 43, 21, 25, 27]","[4, 5, 5, 4, 5, 4, 4, 5, 4, 5, 5, 4, 4, 5, 5, 5, 5, 7, 23, 21, 6, 21, 6, 21, 6, 21, 6, 21, 6, 21, 6, 13, 28, 27, 35, 26, 34, 26, 25, 27, 26, 27, 28, 26, 21, 6, 21, 6, 21, 6, 21, 6, 21, 25, 26, 26, 27, 26, 28, 27, 28, 28, 26, 7, 21, 6, 21, 6, 21, 6, 21, 6, 21, 6, 21, 6, 13, 28, 27, 35, 26, 34, 27, 25, 27, 26, 27, 28, 26, 21, 6, 21, 6, 21, 6, 21, 6, 21, 25, 26, 26, 27, 26, 28, 27, 28, 28, 26, 7, 21, 6, 21, 6, 21, 6, 21, 6, 21, 6, 21, 6, 13, 28, 27, 35, 26, 34, 28, 25, 27, 26, 27, 28, 26, 21, 6, 21, 6, 21, 6, 21, 6, 21, 25, 26, 26, 27, 26, 28, 27, 28, 28, 26, 7, 21, 6, 21, 6, 21, 6, 21, 6, 21, 6, 21, 6, 13, 28, 35, 27, 26, 34, 25, 25, 27, 26, 27, 28, 26, 21, 6, 21, 6, 21, 6, 21, 6, 21, 25, 26, 26, 27, 26, 28, 27, 28, 28, 26, 7, 21, 6, 21, 6, 21, 6, 21, 6, 21, 6, 21, 6, 13, 28, 27, 35, 34, 26, 25, 25, 27, 26, 27, 28, 26, 21, 6, 21, 6, 21, 6, 21, 6, 21, 25, 26, 26, 27, 26, 28, 27, 28, 28, 26, 7, 21, 6, 21, 6, 21, 6, 21, 6, 21, 6, 21, 6, 13, 28, 35, 27, 34, 26, 25, 25, 27, 26, 27, 28, 26, 21, 6, 21, 6, 21, 6, 21, 6, 21, 25, 26, 26, 27, 26, 28, 27, 28, 28, 26, 7, 21, 6, 21, 6, 21, 6, 21, 6, 14, 14, 25, 26, 34, 27, 35, 26, 28, 26, 21, 6, 21, 6, 21, 26, 28, 27, 28, 28, 26, 7, 21, 6, 21, 6, 21, 6, 21, 6, 14, 14, 25, 34, 26, 27, 35, 26, 28, 26, 21, 6, 21, 6, 21, 26, 28, 27, 28, 28, 26, 7, 21, 6, 21, 6, 21, 6, 21, 6, 14, 14, 25, 26, 34, 35, 27, 26, 28, 26, 21, 6, 21, 6, 21, 26, 28, 27, 28, 28, 26, 7, 21, 6, 21, 6, 21, 6, 21, 6, 14, 14, 25, 34, 26, 35, 27, 26, 28, 26, 21, 6, 21, 6, 21, 26, 28, 27, 28, 28, 26, 7, 21, 6, 21, 6, 21, 6, 21, 6, 21, 6, 21, 6, 15, 20, 25, 27, 35, 26, 34, 27, 25, 27, 26, 28, 28, 26, 21, 6, 21, 6, 21, 6, 21, 6, 21, 25, 26, 25, 27, 26, 28, 27, 28, 28, 26, 7, 21, 6, 21, 6, 21, 6, 21, 6, 21, 6, 21, 6, 15, 20, 25, 35, 27, 26, 34, 27, 25, 27, 26, 28, 28, 26, 21, 6, 21, 6, 21, 6, 21, 6, 21, 25, 26, 25, 27, 26, 28, 27, 28, 28, 26, 7, 21, 6, 21, 6, 21, 6, 21, 6, 21, 6, 21, 6, 15, 20, 25, 27, 35, 34, 26, 27, 25, 27, 26, 28, 28, 26, 21, 6, 21, 6, 21, 6, 21, 6, 21, 25, 26, 25, 27, 26, 28, 27, 28, 28, 26, 7, 21, 6, 21, 6, 21, 6, 21, 6, 21, 6, 21, 6, 15, 20, 25, 35, 27, 34, 26, 27, 25, 27, 26, 28, 28, 26, 21, 6, 21, 6, 21, 6, 21, 6, 21, 25, 26, 25, 27, 26, 28, 27, 28, 28, 26, 7, 21, 6, 21, 6, 21, 6, 20, 17, 34, 27, 35, 26, 28, 26, 21, 6, 21, 25, 27, 28, 26, 7, 21, 6, 21, 6, 21, 6, 20, 17, 26, 27, 35, 34, 28, 26, 21, 6, 21, 25, 27, 28, 26, 7, 21, 6, 21, 6, 21, 6, 20, 17, 34, 35, 27, 26, 28, 26, 21, 6, 21, 25, 27, 28, 26, 7, 21, 6, 21, 6, 21, 6, 20, 17, 26, 35, 27, 34, 28, 26, 21, 6, 21, 25, 27, 28, 26]"
"[4, 7, 6, 23, 16, 21, 6, 21, 21, 21, 27, 42, 43, 25, 25, 28, 21, 6, 21, 6, 21, 25, 26, 26, 28, 27, 28, 7, 6, 17, 13, 21, 6, 21, 21, 6, 21, 21, 28, 42, 27, 28, 43, 26, 25, 26, 21, 6, 21, 6, 21, 6, 21, 25, 26, 25, 27, 26, 27, 27, 28]","[4, 4, 5, 5, 5, 5, 4, 4, 5, 5, 4, 4, 4, 4, 5, 7, 23, 21, 6, 21, 6, 21, 6, 21, 6, 21, 6, 21, 6, 21, 6, 16, 27, 26, 34, 27, 35, 25, 25, 28, 27, 26, 26, 28, 28, 27, 21, 6, 21, 6, 6, 21, 6, 21, 6, 21, 25, 26, 26, 28, 27, 28, 4, 21, 27, 26, 21, 28, 25, 26, 28, 28, 27, 7, 21, 6, 21, 6, 21, 6, 21, 6, 21, 6, 21, 6, 21, 6, 16, 27, 26, 34, 27, 35, 25, 25, 28, 28, 25, 26, 28, 28, 27, 21, 6, 21, 6, 6, 21, 6, 21, 6, 21, 25, 26, 26, 28, 27, 28, 4, 21, 27, 26, 21, 28, 25, 26, 28, 28, 27, 7, 21, 6, 21, 6, 21, 6, 21, 6, 21, 6, 21, 6, 21, 6, 16, 27, 34, 26, 27, 35, 25, 25, 28, 27, 26, 26, 28, 28, 27, 21, 6, 21, 6, 6, 21, 6, 21, 6, 21, 25, 26, 26, 28, 27, 28, 4, 21, 27, 26, 21, 28, 25, 26, 28, 28, 27, 7, 21, 6, 21, 6, 21, 6, 21, 6, 21, 6, 21, 6, 21, 6, 16, 27, 34, 26, 27, 35, 25, 25, 28, 28, 25, 26, 28, 28, 27, 21, 6, 21, 6, 6, 21, 6, 21, 6, 21, 25, 26, 26, 28, 27, 28, 4, 21, 27, 26, 21, 28, 25, 26, 28, 28, 27, 7, 21, 6, 21, 6, 21, 6, 21, 6, 21, 6, 21, 6, 21, 6, 16, 27, 26, 34, 35, 27, 25, 25, 28, 27, 26, 26, 28, 28, 27, 21, 6, 21, 6, 6, 21, 6, 21, 6, 21, 25, 26, 26, 28, 27, 28, 4, 21, 27, 26, 21, 28, 25, 26, 28, 28, 27, 7, 21, 6, 21, 6, 21, 6, 21, 6, 21, 6, 21, 6, 21, 6, 16, 27, 26, 34, 35, 27, 25, 25, 28, 28, 25, 26, 28, 28, 27, 21, 6, 21, 6, 6, 21, 6, 21, 6, 21, 25, 26, 26, 28, 27, 28, 4, 21, 27, 26, 21, 28, 25, 26, 28, 28, 27, 7, 21, 6, 21, 6, 21, 6, 21, 6, 21, 6, 21, 6, 21, 6, 16, 27, 34, 26, 35, 27, 25, 25, 28, 27, 26, 26, 28, 28, 27, 21, 6, 21, 6, 6, 21, 6, 21, 6, 21, 25, 26, 26, 28, 27, 28, 4, 21, 27, 26, 21, 28, 25, 26, 28, 28, 27, 7, 21, 6, 21, 6, 21, 6, 21, 6, 21, 6, 21, 6, 21, 6, 16, 27, 34, 26, 35, 27, 25, 25, 28, 28, 25, 26, 28, 28, 27, 21, 6, 21, 6, 6, 21, 6, 21, 6, 21, 25, 26, 26, 28, 27, 28, 4, 21, 27, 26, 21, 28, 25, 26, 28, 28, 27, 7, 21, 6, 21, 6, 21, 6, 21, 6, 21, 6, 21, 6, 21, 6, 21, 6, 17, 13, 28, 26, 34, 27, 28, 27, 35, 26, 25, 26, 27, 26, 26, 28, 28, 27, 21, 6, 21, 6, 6, 21, 6, 21, 6, 21, 6, 21, 25, 26, 25, 27, 26, 27, 27, 28, 4, 21, 27, 26, 21, 28, 25, 26, 28, 28, 27, 7, 21, 6, 21, 6, 21, 6, 21, 6, 21, 6, 21, 6, 21, 6, 21, 6, 17, 13, 28, 26, 34, 27, 28, 27, 35, 26, 25, 26, 28, 25, 26, 28, 28, 27, 21, 6, 21, 6, 6, 21, 6, 21, 6, 21, 6, 21, 25, 26, 25, 27, 26, 27, 27, 28, 4, 21, 27, 26, 21, 28, 25, 26, 28, 28, 27, 7, 21, 6, 21, 6, 21, 6, 21, 6, 21, 6, 21, 6, 21, 6, 21, 6, 17, 13, 28, 26, 34, 27, 28, 35, 27, 26, 25, 26, 27, 26, 26, 28, 28, 27, 21, 6, 21, 6, 6, 21, 6, 21, 6, 21, 6, 21, 25, 26, 25, 27, 26, 27, 27, 28, 4, 21, 27, 26, 21, 28, 25, 26, 28, 28, 27, 7, 21, 6, 21, 6, 21, 6, 21, 6, 21, 6, 21, 6, 21, 6, 21, 6, 17, 13, 28, 26, 34, 27, 28, 35, 27, 26, 25, 26, 28, 25, 26, 28, 28, 27, 21, 6, 21, 6, 6, 21, 6, 21, 6, 21, 6, 21, 25, 26, 25, 27, 26, 27, 27, 28, 4, 21, 27, 26, 21, 28, 25, 26, 28, 28, 27, 7, 21, 6, 21, 6, 21, 6, 21, 6, 21, 6, 21, 6, 21, 6, 21, 6, 17, 13, 28, 34, 26, 27, 28, 27, 35, 26, 25, 26, 27, 26, 26, 28, 28, 27, 21, 6, 21, 6, 6, 21, 6, 21, 6, 21, 6, 21, 25, 26, 25, 27, 27, 26, 27, 28, 4, 21, 27, 26, 21, 28, 25, 26, 28, 28, 27, 7, 21, 6, 21, 6, 21, 6, 21, 6, 21, 6, 21, 6, 21, 6, 21, 6, 17, 13, 28, 34, 26, 27, 28, 27, 35, 26, 25, 26, 28, 25, 26, 28, 28, 27, 21, 6, 21, 6, 6, 21, 6, 21, 6, 21, 6, 21, 25, 26, 25, 27, 26, 27, 27, 28, 4, 21, 27, 26, 21, 28, 25, 26, 28, 28, 27, 7, 21, 6, 21, 6, 21, 6, 21, 6, 21, 6, 21, 6, 21, 6, 21, 6, 17, 13, 28, 34, 26, 27, 28, 35, 27, 26, 25, 26, 27, 26, 26, 28, 28, 27, 21, 6, 21, 6, 6, 21, 6, 21, 6, 21, 6, 21, 25, 26, 25, 27, 26, 27, 27, 28, 4, 21, 27, 26, 21, 28, 25, 26, 28, 28, 27, 7, 21, 6, 21, 6, 21, 6, 21, 6, 21, 6, 21, 6, 21, 6, 21, 6, 17, 13, 28, 34, 26, 27, 28, 35, 27, 26, 25, 26, 28, 25, 26, 28, 28, 27, 21, 6, 21, 6, 6, 21, 6, 21, 6, 21, 6, 21, 25, 26, 25, 27, 26, 27, 27, 28, 4, 21, 27, 26, 21, 28, 25, 26, 28, 28, 27]"
"[4, 4, 7, 6, 15, 21, 6, 21, 21, 21, 26, 43, 42, 25, 26, 27, 21, 6, 21, 6, 21, 25, 26, 25, 27, 26, 28, 7, 6, 16, 16, 21, 6, 21, 21, 21, 28, 42, 43, 26, 25, 28, 21, 6, 21, 6, 21, 25, 26, 26, 27, 26, 28, 7, 6, 14, 20, 21, 21, 21, 28, 42, 43, 25, 21, 6, 21, 26, 27, 26, 28]","[5, 4, 4, 5, 5, 5, 5, 4, 4, 4, 4, 5, 5, 5, 5, 4, 4, 4, 4, 5, 5, 5, 5, 4, 7, 21, 6, 21, 6, 21, 6, 21, 6, 21, 6, 15, 26, 27, 35, 26, 34, 25, 26, 27, 28, 25, 6, 21, 6, 21, 6, 21, 25, 26, 25, 27, 26, 28, 4, 21, 28, 25, 21, 27, 26, 7, 21, 6, 21, 6, 21, 6, 21, 6, 21, 6, 15, 26, 27, 35, 26, 34, 25, 26, 27, 27, 26, 6, 21, 6, 21, 6, 21, 25, 26, 25, 27, 26, 28, 4, 21, 28, 25, 21, 27, 26, 7, 21, 6, 21, 6, 21, 6, 21, 6, 21, 6, 15, 26, 35, 27, 26, 34, 25, 26, 27, 28, 25, 6, 21, 6, 21, 6, 21, 25, 26, 25, 27, 26, 28, 4, 21, 28, 25, 21, 27, 26, 7, 21, 6, 21, 6, 21, 6, 21, 6, 21, 6, 15, 26, 35, 27, 26, 34, 25, 26, 27, 27, 26, 6, 21, 6, 21, 6, 21, 25, 26, 25, 27, 26, 28, 4, 21, 28, 25, 21, 27, 26, 7, 21, 6, 21, 6, 21, 6, 21, 6, 21, 6, 15, 26, 27, 35, 34, 26, 25, 26, 27, 28, 25, 6, 21, 6, 21, 6, 21, 25, 26, 25, 27, 26, 28, 4, 21, 28, 25, 21, 27, 26, 7, 21, 6, 21, 6, 21, 6, 21, 6, 21, 6, 15, 26, 27, 35, 34, 26, 25, 26, 27, 27, 26, 6, 21, 6, 21, 6, 21, 25, 26, 25, 27, 26, 28, 4, 21, 28, 25, 21, 27, 26, 7, 21, 6, 21, 6, 21, 6, 21, 6, 21, 6, 15, 26, 35, 27, 34, 26, 25, 26, 27, 28, 25, 6, 21, 6, 21, 6, 21, 25, 26, 25, 27, 26, 28, 4, 21, 28, 25, 21, 27, 26, 7, 21, 6, 21, 6, 21, 6, 21, 6, 21, 6, 15, 26, 35, 27, 34, 26, 25, 26, 27, 27, 26, 6, 21, 6, 21, 6, 21, 25, 26, 25, 27, 26, 28, 4, 21, 28, 25, 21, 27, 26, 7, 21, 6, 21, 6, 21, 6, 21, 6, 21, 6, 16, 16, 28, 26, 34, 27, 35, 26, 25, 28, 28, 25, 6, 21, 6, 21, 6, 21, 25, 26, 26, 27, 26, 28, 4, 21, 28, 25, 21, 27, 26, 7, 21, 6, 21, 6, 21, 6, 21, 6, 21, 6, 16, 16, 28, 26, 34, 27, 35, 26, 25, 28, 27, 26, 6, 21, 6, 21, 6, 21, 25, 26, 26, 27, 26, 28, 4, 21, 28, 25, 21, 27, 26, 7, 21, 6, 21, 6, 21, 6, 21, 6, 21, 6, 16, 16, 28, 34, 26, 27, 35, 26, 25, 28, 28, 25, 6, 21, 6, 21, 6, 21, 25, 26, 26, 27, 26, 28, 4, 21, 28, 25, 21, 27, 26, 7, 21, 6, 21, 6, 21, 6, 21, 6, 21, 6, 16, 16, 28, 34, 26, 27, 35, 26, 25, 28, 27, 26, 6, 21, 6, 21, 6, 21, 25, 26, 26, 27, 26, 28, 4, 21, 28, 25, 21, 27, 26, 7, 21, 6, 21, 6, 21, 6, 21, 6, 21, 6, 16, 16, 28, 26, 34, 35, 27, 26, 25, 28, 28, 25, 6, 21, 6, 21, 6, 21, 25, 26, 26, 27, 26, 28, 4, 21, 28, 25, 21, 27, 26, 7, 21, 6, 21, 6, 21, 6, 21, 6, 21, 6, 16, 16, 28, 26, 34, 35, 27, 26, 25, 28, 27, 26, 6, 21, 6, 21, 6, 21, 25, 26, 26, 27, 26, 28, 4, 21, 28, 25, 21, 27, 26, 7, 21, 6, 21, 6, 21, 6, 21, 6, 21, 6, 16, 16, 28, 34, 26, 35, 27, 26, 25, 28, 28, 25, 6, 21, 6, 21, 6, 21, 25, 26, 26, 27, 26, 28, 4, 21, 28, 25, 23, 4, 4, 21, 25, 26, 21, 26, 26, 21, 28, 26, 7, 21, 6, 21, 6, 21, 6, 21, 6, 21, 6, 16, 16, 28, 34, 26, 35, 27, 26, 25, 28, 27, 26, 6, 21, 6, 21, 6, 21, 25, 26, 26, 27, 26, 28, 4, 21, 28, 25, 21, 27, 26, 7, 21, 6, 21, 6, 21, 6, 21, 6, 14, 20, 28, 26, 34, 27, 35, 25, 28, 25, 6, 21, 6, 21, 26, 27, 26, 28, 4, 21, 28, 25, 21, 27, 26, 7, 21, 6, 21, 6, 21, 6, 21, 6, 14, 20, 28, 26, 34, 27, 35, 25, 27, 26, 6, 21, 6, 21, 26, 27, 26, 28, 4, 21, 28, 25, 21, 27, 26, 7, 21, 6, 21, 6, 21, 6, 21, 6, 14, 20, 28, 34, 26, 27, 35, 25, 28, 25, 6, 21, 6, 21, 26, 27, 26, 28, 4, 21, 28, 25, 21, 27, 26, 7, 21, 6, 21, 6, 21, 6, 21, 6, 14, 20, 28, 34, 26, 27, 35, 25, 27, 26, 6, 21, 6, 21, 26, 27, 26, 28, 4, 21, 28, 25, 21, 27, 26, 7, 21, 6, 21, 6, 21, 6, 21, 6, 14, 20, 28, 26, 34, 35, 27, 25, 28, 25, 6, 21, 6, 21, 26, 27, 26, 28, 4, 21, 28, 25, 21, 27, 26, 7, 21, 6, 21, 6, 21, 6, 21, 6, 14, 20, 28, 26, 34, 35, 27, 25, 27, 26, 6, 21, 6, 21, 26, 27, 26, 28, 4, 21, 28, 25, 21, 27, 26, 7, 21, 6, 21, 6, 21, 6, 21, 6, 14, 20, 28, 34, 26, 35, 27, 25, 28, 25, 6, 21, 6, 21, 26, 27, 26, 28, 4, 21, 28, 25, 21, 27, 26, 7, 21, 6, 21, 6, 21, 6, 21, 6, 14, 20, 28, 34, 26, 35, 27, 25, 27, 26, 6, 21, 6, 5, 21, 26, 28, 21, 26, 27, 26, 27, 4, 21, 28, 25, 21, 27, 26, 7, 21, 6, 21, 6, 21, 6, 21, 6, 14, 20, 28, 34, 26, 35, 27, 25, 27, 26, 6, 21, 6, 5, 21, 26, 28, 21, 26, 27, 26, 28, 4, 21, 28, 25, 21, 27, 26]"
"[4, 5, 5, 5, 7, 6, 23, 20, 21, 21, 21, 27, 42, 43, 26, 21, 6, 21, 25, 26, 26, 27, 7, 6, 14, 12, 21, 21, 21, 27, 42, 43, 25, 21, 6, 21, 25, 27, 26, 27, 7, 6, 15, 12, 22, 21, 42, 43, 21, 25, 27, 7, 6, 17, 14, 22, 21, 42, 43, 21, 26, 28, 7, 6, 15, 12, 21, 21, 6, 21, 21, 25, 42, 27, 28, 43, 28, 21, 6, 21, 6, 21, 25, 27, 26, 27, 26, 28]","[4, 5, 5, 4, 5, 4, 4, 5, 5, 4, 5, 4, 5, 5, 4, 4, 5, 5, 4, 4, 7, 23, 21, 6, 21, 6, 21, 6, 21, 6, 21, 6, 21, 6, 20, 27, 26, 34, 27, 35, 26, 27, 26, 26, 25, 26, 28, 21, 6, 21, 6, 21, 6, 21, 6, 21, 25, 26, 26, 27, 27, 26, 26, 25, 26, 28, 7, 21, 6, 21, 6, 21, 6, 21, 6, 21, 6, 21, 6, 20, 27, 34, 26, 27, 35, 26, 27, 26, 26, 25, 26, 28, 21, 6, 21, 6, 21, 6, 21, 6, 21, 25, 26, 26, 27, 27, 26, 26, 25, 26, 28, 7, 21, 6, 21, 6, 21, 6, 21, 6, 21, 6, 21, 6, 20, 27, 26, 34, 35, 27, 26, 27, 26, 26, 25, 26, 28, 21, 6, 21, 6, 21, 6, 21, 6, 21, 25, 26, 26, 27, 27, 26, 26, 25, 26, 28, 7, 21, 6, 21, 6, 21, 6, 21, 6, 21, 6, 21, 6, 20, 27, 34, 26, 35, 27, 26, 27, 26, 26, 25, 26, 28, 21, 6, 21, 6, 21, 6, 21, 6, 21, 25, 26, 26, 27, 27, 26, 26, 25, 26, 28, 7, 21, 6, 21, 6, 21, 6, 21, 6, 21, 6, 21, 6, 14, 12, 27, 26, 34, 27, 35, 25, 27, 26, 26, 25, 26, 28, 21, 6, 21, 6, 21, 6, 21, 6, 21, 25, 27, 26, 27, 27, 26, 26, 25, 26, 28, 7, 21, 6, 21, 6, 21, 6, 21, 6, 21, 6, 21, 6, 14, 12, 27, 34, 26, 27, 35, 25, 27, 26, 26, 25, 26, 28, 21, 6, 21, 6, 21, 6, 21, 6, 21, 25, 27, 26, 27, 27, 26, 26, 25, 26, 28, 7, 21, 6, 21, 6, 21, 6, 21, 6, 21, 6, 21, 6, 14, 12, 27, 26, 34, 35, 27, 25, 27, 26, 26, 25, 26, 28, 21, 6, 21, 6, 21, 6, 21, 6, 21, 25, 27, 26, 27, 27, 26, 26, 25, 26, 28, 7, 21, 6, 21, 6, 21, 6, 21, 6, 21, 6, 21, 6, 14, 12, 27, 34, 26, 35, 27, 25, 27, 26, 26, 25, 26, 28, 21, 6, 21, 6, 21, 6, 21, 6, 21, 25, 27, 26, 27, 27, 26, 26, 25, 26, 28, 7, 21, 6, 21, 6, 21, 6, 21, 6, 21, 6, 15, 12, 34, 27, 35, 26, 27, 26, 26, 25, 26, 28, 21, 6, 21, 6, 21, 6, 21, 25, 27, 27, 26, 26, 25, 26, 28, 7, 21, 6, 21, 6, 21, 6, 21, 6, 21, 6, 15, 12, 26, 27, 35, 34, 27, 26, 26, 25, 26, 28, 21, 6, 21, 6, 21, 6, 5, 21, 25, 27, 21, 27, 26, 27, 26, 26, 25, 26, 28, 7, 21, 6, 21, 6, 21, 6, 21, 6, 21, 6, 15, 12, 26, 27, 35, 34, 27, 26, 26, 25, 26, 28, 21, 6, 21, 6, 21, 6, 5, 21, 25, 27, 21, 27, 26, 25, 27, 26, 25, 26, 28, 7, 21, 6, 21, 6, 21, 6, 21, 6, 21, 6, 15, 12, 34, 35, 27, 26, 27, 26, 26, 25, 26, 28, 21, 6, 21, 6, 21, 6, 21, 25, 27, 27, 26, 26, 25, 26, 28, 7, 21, 6, 21, 6, 21, 6, 21, 6, 21, 6, 15, 12, 26, 35, 27, 34, 27, 26, 26, 25, 26, 28, 21, 6, 21, 6, 21, 6, 21, 25, 27, 27, 26, 26, 25, 26, 28, 7, 21, 6, 21, 6, 21, 6, 21, 6, 21, 6, 17, 14, 34, 27, 35, 26, 27, 26, 26, 25, 26, 28, 21, 6, 21, 6, 21, 6, 21, 26, 28, 27, 26, 26, 25, 26, 28, 7, 21, 6, 21, 6, 21, 6, 21, 6, 21, 6, 17, 14, 26, 27, 35, 34, 27, 26, 26, 25, 26, 28, 21, 6, 21, 6, 21, 6, 21, 26, 28, 27, 26, 26, 25, 26, 28, 7, 21, 6, 21, 6, 21, 6, 21, 6, 21, 6, 17, 14, 34, 35, 27, 26, 27, 26, 26, 25, 26, 28, 21, 6, 21, 6, 21, 6, 21, 26, 28, 27, 26, 26, 25, 26, 28, 7, 21, 6, 21, 6, 21, 6, 21, 6, 21, 6, 17, 14, 26, 35, 27, 34, 27, 26, 26, 25, 26, 28, 21, 6, 21, 6, 21, 6, 21, 26, 28, 27, 26, 26, 25, 26, 28, 7, 21, 6, 21, 6, 21, 6, 21, 6, 21, 6, 21, 6, 21, 6, 15, 12, 25, 26, 34, 27, 28, 27, 35, 28, 27, 26, 26, 25, 26, 28, 21, 6, 21, 6, 21, 6, 21, 6, 21, 6, 21, 25, 27, 26, 27, 26, 28, 27, 26, 26, 25, 26, 28, 7, 21, 6, 21, 6, 21, 6, 21, 6, 21, 6, 21, 6, 21, 6, 15, 12, 25, 26, 34, 27, 28, 35, 27, 28, 27, 26, 26, 25, 26, 28, 21, 6, 21, 6, 21, 6, 21, 6, 21, 6, 21, 25, 27, 26, 27, 26, 28, 27, 26, 26, 25, 26, 28, 7, 21, 6, 21, 6, 21, 6, 21, 6, 21, 6, 21, 6, 21, 6, 15, 12, 25, 34, 26, 27, 28, 27, 35, 28, 27, 26, 26, 25, 26, 28, 21, 6, 21, 6, 21, 6, 21, 6, 21, 6, 21, 25, 27, 26, 27, 26, 28, 27, 26, 26, 25, 26, 28, 7, 21, 6, 21, 6, 21, 6, 21, 6, 21, 6, 21, 6, 21, 6, 15, 12, 25, 34, 26, 27, 28, 35, 27, 28, 27, 26, 26, 25, 26, 28, 21, 6, 21, 6, 21, 6, 21, 6, 21, 6, 21, 25, 27, 26, 27, 26, 28, 27, 26, 26, 25, 26, 28]"
"[4, 4, 4, 4, 7, 21, 21, 6, 21, 21, 25, 42, 28, 28, 43, 28, 21, 6, 21, 6, 21, 25, 26, 26, 27, 27, 28, 7, 21, 6, 22, 21, 42, 43, 26, 27, 21, 6, 21, 25, 26, 26, 28, 7, 6, 21, 21, 6, 21, 21, 25, 43, 28, 27, 42, 25, 8, 21, 27, 28, 13, 21, 6, 21, 6, 21, 6, 21, 6, 21, 25, 26, 25, 27, 26, 27, 26, 28, 27, 28, 7, 21, 6, 21, 21, 21, 28, 43, 42, 28, 27, 28, 21, 6, 21, 6, 21, 25, 26, 26, 27, 26, 28, 7, 21, 6, 21, 6, 22, 21, 42, 43, 25, 28, 26, 27, 21, 6, 21, 6, 21, 25, 26, 26, 27, 27, 28]","[4, 5, 5, 4, 4, 5, 5, 4, 4, 5, 5, 4, 4, 5, 5, 4, 4, 5, 5, 7, 21, 6, 21, 6, 21, 6, 21, 6, 21, 25, 26, 34, 28, 28, 27, 35, 28, 26, 25, 21, 6, 21, 6, 21, 6, 21, 25, 26, 26, 27, 27, 28, 26, 25, 7, 21, 6, 21, 6, 21, 6, 21, 6, 21, 25, 26, 34, 28, 28, 35, 27, 28, 26, 25, 21, 6, 21, 6, 21, 6, 21, 25, 26, 26, 27, 27, 28, 26, 25, 7, 21, 6, 21, 6, 21, 6, 21, 6, 21, 25, 34, 26, 28, 28, 27, 35, 28, 26, 25, 21, 6, 21, 6, 21, 6, 21, 25, 26, 26, 27, 27, 28, 26, 25, 7, 21, 6, 21, 6, 21, 6, 21, 6, 21, 25, 34, 26, 28, 28, 35, 27, 28, 26, 25, 21, 6, 21, 6, 21, 6, 21, 25, 26, 26, 27, 27, 28, 26, 25, 7, 21, 6, 21, 6, 21, 6, 21, 34, 27, 35, 26, 26, 27, 26, 25, 21, 6, 21, 6, 21, 25, 26, 26, 28, 26, 25, 7, 21, 6, 21, 6, 21, 6, 21, 26, 27, 35, 34, 26, 27, 26, 25, 21, 6, 21, 6, 21, 25, 26, 26, 28, 26, 25, 7, 21, 6, 21, 6, 21, 6, 21, 34, 35, 27, 26, 26, 27, 26, 25, 21, 6, 21, 6, 21, 25, 26, 26, 28, 26, 25, 7, 21, 6, 21, 6, 21, 6, 21, 26, 35, 27, 34, 26, 27, 26, 25, 21, 6, 21, 6, 21, 25, 26, 26, 28, 26, 25, 7, 21, 6, 6, 6, 21, 6, 21, 6, 21, 6, 21, 6, 21, 25, 27, 35, 28, 27, 26, 34, 25, 27, 28, 13, 26, 25, 21, 6, 21, 6, 21, 6, 21, 6, 21, 6, 21, 25, 26, 25, 27, 26, 27, 26, 28, 27, 28, 26, 25, 7, 21, 6, 6, 6, 21, 6, 21, 6, 21, 6, 21, 6, 21, 25, 27, 35, 28, 27, 34, 26, 25, 27, 28, 13, 26, 25, 21, 6, 21, 6, 21, 6, 21, 6, 21, 6, 21, 25, 26, 25, 27, 26, 27, 26, 28, 27, 28, 26, 25, 7, 21, 6, 6, 6, 21, 6, 21, 6, 21, 6, 21, 6, 21, 25, 35, 27, 28, 27, 26, 34, 25, 27, 28, 13, 26, 25, 21, 6, 21, 6, 21, 6, 21, 6, 21, 6, 21, 25, 26, 25, 27, 26, 27, 26, 28, 27, 28, 26, 25, 7, 21, 6, 6, 6, 21, 6, 21, 6, 21, 6, 21, 6, 21, 25, 35, 27, 28, 27, 34, 26, 25, 27, 28, 13, 26, 25, 21, 6, 21, 6, 21, 6, 21, 6, 21, 6, 21, 25, 26, 25, 27, 26, 27, 26, 28, 27, 28, 26, 25, 7, 21, 6, 21, 6, 21, 6, 21, 6, 21, 28, 27, 35, 26, 34, 28, 27, 28, 26, 25, 21, 6, 21, 6, 21, 6, 21, 25, 26, 26, 27, 26, 28, 26, 25, 7, 21, 6, 21, 6, 21, 6, 21, 6, 21, 28, 35, 27, 26, 34, 28, 27, 28, 26, 25, 21, 6, 21, 6, 21, 6, 21, 25, 26, 26, 27, 26, 28, 26, 25, 7, 21, 6, 21, 6, 21, 6, 21, 6, 21, 28, 27, 35, 34, 26, 28, 27, 28, 26, 25, 21, 6, 21, 6, 21, 6, 21, 25, 26, 26, 27, 26, 28, 26, 25, 7, 21, 6, 21, 6, 21, 6, 21, 6, 21, 35, 28, 27, 34, 26, 28, 27, 28, 26, 25, 21, 6, 6, 21, 6, 21, 25, 26, 26, 27, 23, 4, 4, 21, 25, 28, 21, 27, 28, 21, 28, 28, 26, 25, 7, 21, 6, 21, 6, 21, 6, 21, 6, 21, 34, 27, 35, 26, 25, 28, 26, 27, 26, 25, 21, 6, 21, 6, 21, 6, 21, 25, 26, 26, 27, 27, 28, 26, 25, 7, 21, 6, 21, 6, 21, 6, 21, 6, 21, 26, 27, 35, 34, 25, 28, 26, 27, 26, 25, 21, 6, 21, 6, 21, 6, 21, 25, 26, 26, 27, 27, 28, 26, 25, 7, 21, 6, 21, 6, 21, 6, 21, 6, 21, 34, 35, 27, 26, 25, 28, 26, 27, 26, 25, 21, 6, 21, 6, 21, 6, 21, 25, 26, 26, 27, 27, 28, 26, 25, 7, 21, 6, 21, 6, 21, 6, 21, 6, 21, 26, 35, 27, 34, 25, 28, 26, 27, 26, 25, 21, 6, 21, 6, 21, 6, 21, 25, 26, 26, 27, 27, 28, 26, 25]"
"[5, 5, 7, 21, 6, 21, 6, 21, 21, 6, 21, 21, 25, 42, 27, 25, 43, 26, 25, 26, 27, 28, 21, 6, 21, 6, 21, 6, 21, 6, 21, 25, 26, 25, 27, 26, 27, 26, 28, 27, 28, 7, 6, 13, 14, 21, 6, 22, 21, 42, 43, 26, 27, 21, 6, 21, 25, 27, 26, 28, 7, 6, 15, 12, 21, 21, 21, 25, 42, 43, 25, 21, 6, 21, 25, 26, 26, 27]","[5, 4, 4, 5, 5, 4, 4, 5, 4, 5, 5, 7, 21, 6, 21, 6, 21, 6, 21, 6, 21, 6, 21, 25, 26, 34, 27, 25, 27, 35, 26, 25, 26, 27, 28, 21, 6, 21, 6, 21, 6, 6, 21, 25, 26, 23, 4, 4, 21, 26, 27, 21, 27, 27, 21, 28, 27, 26, 27, 26, 28, 27, 28, 7, 21, 6, 21, 6, 21, 6, 21, 6, 21, 6, 21, 25, 26, 34, 27, 25, 35, 27, 26, 25, 26, 27, 28, 21, 6, 21, 6, 21, 6, 21, 6, 21, 25, 26, 25, 27, 26, 27, 26, 28, 27, 28, 7, 21, 6, 21, 6, 21, 6, 21, 6, 21, 6, 21, 25, 34, 26, 27, 25, 27, 35, 26, 25, 26, 27, 28, 21, 6, 21, 6, 21, 6, 21, 6, 21, 25, 26, 25, 27, 26, 27, 26, 28, 27, 28, 7, 21, 6, 21, 6, 21, 6, 21, 6, 21, 6, 21, 25, 34, 26, 27, 25, 35, 27, 26, 25, 26, 27, 28, 21, 6, 21, 6, 21, 6, 21, 6, 21, 25, 26, 25, 27, 26, 27, 26, 28, 27, 28, 7, 21, 6, 21, 6, 21, 6, 13, 14, 34, 27, 35, 26, 26, 27, 21, 6, 21, 25, 27, 26, 28, 7, 21, 6, 21, 6, 21, 6, 13, 14, 26, 27, 35, 34, 26, 27, 21, 6, 21, 25, 27, 26, 28, 7, 21, 6, 21, 6, 21, 6, 13, 14, 34, 35, 27, 26, 26, 27, 21, 6, 21, 25, 27, 26, 28, 7, 21, 6, 21, 6, 21, 6, 13, 14, 26, 35, 27, 34, 26, 27, 21, 6, 21, 25, 27, 26, 28, 7, 21, 6, 21, 6, 21, 6, 15, 12, 25, 26, 34, 27, 35, 25, 21, 6, 21, 25, 26, 26, 27, 7, 21, 6, 21, 6, 21, 6, 15, 12, 25, 34, 26, 27, 35, 25, 21, 6, 21, 25, 26, 26, 27, 7, 21, 6, 21, 6, 21, 6, 15, 12, 25, 26, 34, 35, 27, 25, 21, 6, 21, 25, 26, 26, 27, 7, 21, 6, 21, 6, 21, 6, 15, 12, 25, 34, 26, 35, 27, 25, 21, 6, 21, 25, 26, 26, 27]"
"[4, 4, 4, 7, 21, 21, 21, 27, 42, 43, 26, 21, 6, 21, 25, 27, 26, 27, 7, 22, 21, 42, 43, 21, 26, 27, 7, 21, 6, 21, 6, 21, 21, 21, 28, 42, 43, 28, 25, 26, 25, 27, 21, 6, 21, 6, 21, 6, 21, 25, 26, 25, 27, 26, 27, 26, 28, 7, 21, 6, 22, 21, 42, 43, 25, 28, 21, 6, 21, 25, 27, 26, 28]","[4, 5, 5, 4, 4, 5, 5, 4, 4, 5, 5, 4, 4, 5, 5, 7, 21, 6, 21, 6, 21, 6, 21, 27, 26, 34, 27, 35, 26, 25, 27, 21, 6, 21, 6, 21, 25, 27, 26, 27, 25, 27, 7, 21, 6, 21, 6, 21, 6, 21, 27, 34, 26, 27, 35, 26, 25, 27, 21, 6, 21, 6, 21, 25, 27, 26, 27, 25, 27, 7, 21, 6, 21, 6, 21, 6, 21, 27, 26, 34, 35, 27, 26, 25, 27, 21, 6, 21, 6, 21, 25, 27, 26, 27, 25, 27, 7, 21, 6, 21, 6, 21, 6, 21, 27, 34, 26, 35, 27, 26, 25, 27, 21, 6, 21, 6, 21, 25, 27, 26, 27, 25, 27, 7, 21, 6, 21, 6, 21, 34, 27, 35, 26, 25, 27, 21, 6, 21, 26, 27, 25, 27, 7, 21, 6, 21, 6, 21, 26, 27, 35, 34, 25, 27, 21, 6, 21, 26, 27, 25, 27, 7, 21, 6, 21, 6, 21, 34, 35, 27, 26, 25, 27, 21, 6, 21, 26, 27, 25, 27, 7, 21, 6, 21, 6, 21, 26, 35, 27, 34, 25, 27, 21, 6, 21, 26, 27, 25, 27, 7, 21, 6, 21, 6, 21, 6, 21, 6, 21, 6, 21, 28, 26, 34, 27, 35, 28, 25, 26, 25, 27, 25, 27, 21, 6, 21, 6, 21, 6, 21, 6, 21, 25, 26, 25, 27, 26, 27, 26, 28, 25, 27, 7, 21, 6, 21, 6, 21, 6, 21, 6, 21, 6, 21, 28, 34, 26, 27, 35, 28, 25, 26, 25, 27, 25, 27, 21, 6, 21, 6, 21, 6, 21, 6, 21, 25, 26, 25, 27, 26, 27, 26, 28, 25, 27, 7, 21, 6, 21, 6, 21, 6, 21, 6, 21, 6, 21, 28, 26, 34, 35, 27, 28, 25, 26, 25, 27, 25, 27, 21, 6, 21, 6, 21, 6, 21, 6, 21, 25, 26, 25, 27, 26, 27, 26, 28, 25, 27, 7, 21, 6, 21, 6, 21, 6, 21, 6, 21, 6, 21, 28, 34, 26, 35, 27, 28, 25, 26, 25, 27, 25, 27, 21, 6, 21, 6, 21, 6, 21, 6, 21, 25, 26, 25, 27, 26, 27, 26, 28, 25, 27, 7, 21, 6, 21, 6, 21, 6, 21, 34, 27, 35, 26, 25, 28, 25, 27, 21, 6, 21, 6, 21, 25, 27, 26, 28, 25, 27, 7, 21, 6, 21, 6, 21, 6, 21, 26, 27, 35, 34, 25, 28, 25, 27, 21, 6, 21, 6, 21, 25, 27, 26, 28, 25, 27, 7, 21, 6, 21, 6, 21, 6, 21, 34, 35, 27, 26, 25, 28, 25, 27, 21, 6, 21, 6, 21, 25, 27, 26, 28, 25, 27, 7, 21, 6, 21, 6, 21, 6, 21, 26, 35, 27, 34, 25, 28, 25, 27, 21, 6, 21, 6, 21, 25, 27, 26, 28, 25, 27]"
"[4, 4, 4, 7, 6, 23, 20, 21, 21, 21, 25, 42, 43, 25, 21, 6, 21, 26, 27, 27, 28, 7, 6, 15, 14, 21, 6, 22, 21, 42, 43, 26, 28, 21, 6, 21, 25, 27, 27, 28, 7, 6, 15, 12, 21, 6, 22, 21, 42, 43, 25, 27, 21, 6, 21, 25, 26, 25, 27, 7, 6, 18, 18, 21, 6, 21, 21, 21, 25, 42, 43, 28, 27, 28, 21, 6, 21, 6, 21, 25, 27, 26, 27, 27, 28]","[4, 4, 5, 5, 5, 5, 4, 4, 4, 4, 5, 5, 4, 4, 5, 5, 4, 4, 4, 4, 5, 5, 5, 5, 4, 4, 5, 5, 4, 4, 4, 4, 5, 7, 23, 21, 6, 21, 6, 21, 6, 21, 6, 20, 25, 26, 34, 27, 35, 25, 27, 25, 6, 21, 6, 21, 26, 27, 27, 28, 4, 21, 27, 25, 21, 26, 28, 7, 21, 6, 21, 6, 21, 6, 21, 6, 20, 25, 26, 34, 27, 35, 25, 26, 28, 6, 21, 6, 21, 26, 27, 27, 28, 4, 21, 27, 25, 21, 26, 28, 7, 21, 6, 21, 6, 21, 6, 21, 6, 20, 25, 34, 26, 27, 35, 25, 27, 25, 6, 21, 6, 21, 26, 27, 27, 28, 4, 21, 27, 25, 21, 26, 28, 7, 21, 6, 21, 6, 21, 6, 21, 6, 20, 25, 34, 26, 27, 35, 25, 26, 28, 6, 21, 6, 21, 26, 27, 27, 28, 4, 21, 27, 25, 21, 26, 28, 7, 21, 6, 21, 6, 21, 6, 21, 6, 20, 25, 26, 34, 35, 27, 25, 27, 25, 6, 21, 6, 21, 26, 27, 27, 28, 4, 21, 27, 25, 21, 26, 28, 7, 21, 6, 21, 6, 21, 6, 21, 6, 20, 25, 26, 34, 35, 27, 25, 26, 28, 6, 21, 6, 21, 26, 27, 27, 28, 4, 21, 27, 25, 21, 26, 28, 7, 21, 6, 21, 6, 21, 6, 21, 6, 20, 25, 34, 26, 35, 27, 25, 27, 25, 6, 21, 6, 21, 26, 27, 27, 28, 4, 21, 27, 25, 21, 26, 28, 7, 21, 6, 21, 6, 21, 6, 21, 6, 20, 25, 34, 26, 35, 27, 25, 26, 28, 6, 21, 6, 21, 26, 27, 27, 28, 4, 21, 27, 25, 21, 26, 28, 7, 21, 6, 21, 6, 21, 6, 21, 6, 15, 14, 34, 27, 35, 26, 26, 28, 27, 25, 6, 21, 6, 21, 25, 27, 27, 28, 4, 21, 27, 25, 21, 26, 28, 7, 21, 6, 21, 6, 21, 6, 21, 6, 15, 14, 34, 27, 35, 26, 26, 28, 26, 28, 6, 21, 6, 21, 25, 27, 27, 28, 4, 21, 27, 25, 21, 26, 28, 7, 21, 6, 21, 6, 21, 6, 21, 6, 15, 14, 26, 27, 35, 34, 26, 28, 27, 25, 6, 21, 6, 21, 25, 27, 27, 28, 4, 21, 27, 25, 21, 26, 28, 7, 21, 6, 21, 6, 21, 6, 21, 6, 15, 14, 26, 27, 35, 34, 26, 28, 26, 28, 6, 21, 6, 21, 27, 25, 27, 28, 4, 21, 27, 25, 21, 26, 28, 7, 21, 6, 21, 6, 21, 6, 21, 6, 15, 14, 34, 35, 27, 26, 26, 28, 27, 25, 6, 21, 6, 21, 25, 27, 27, 28, 4, 21, 27, 25, 21, 26, 28, 7, 21, 6, 21, 6, 21, 6, 21, 6, 15, 14, 34, 35, 27, 26, 26, 28, 26, 28, 6, 21, 6, 21, 25, 27, 27, 28, 4, 21, 27, 25, 21, 26, 28, 7, 21, 6, 21, 6, 21, 6, 21, 6, 15, 14, 26, 35, 27, 34, 26, 28, 27, 25, 6, 21, 6, 21, 25, 27, 27, 28, 4, 21, 27, 25, 21, 26, 28, 7, 21, 6, 21, 6, 21, 6, 21, 6, 15, 14, 26, 35, 27, 34, 26, 28, 26, 28, 6, 21, 6, 21, 25, 27, 27, 28, 4, 21, 27, 25, 21, 26, 28, 7, 21, 6, 21, 6, 21, 6, 21, 6, 15, 12, 34, 27, 35, 26, 25, 27, 27, 25, 6, 21, 6, 21, 25, 26, 25, 27, 4, 21, 27, 25, 21, 26, 28, 7, 21, 6, 21, 6, 21, 6, 21, 6, 15, 12, 34, 27, 35, 26, 25, 27, 26, 28, 6, 21, 6, 21, 25, 26, 25, 27, 4, 21, 27, 25, 21, 26, 28, 7, 21, 6, 21, 6, 21, 6, 21, 6, 15, 12, 26, 27, 35, 34, 25, 27, 27, 25, 6, 21, 6, 5, 21, 25, 27, 21, 25, 26, 25, 26, 4, 21, 27, 25, 21, 26, 28, 7, 21, 6, 21, 6, 21, 6, 21, 6, 15, 12, 26, 27, 35, 34, 25, 27, 26, 28, 6, 21, 6, 5, 21, 25, 27, 21, 25, 26, 25, 26, 4, 21, 27, 25, 21, 26, 28, 7, 21, 6, 21, 6, 21, 6, 21, 6, 15, 12, 26, 27, 35, 34, 25, 27, 27, 25, 6, 21, 6, 5, 21, 25, 27, 21, 25, 26, 25, 27, 4, 21, 27, 25, 21, 26, 28, 7, 21, 6, 21, 6, 21, 6, 21, 6, 15, 12, 26, 27, 35, 34, 25, 27, 26, 28, 6, 21, 6, 5, 21, 25, 27, 21, 25, 26, 25, 27, 4, 21, 27, 25, 21, 26, 28, 7, 21, 6, 21, 6, 21, 6, 21, 6, 15, 12, 34, 35, 27, 26, 25, 27, 27, 25, 6, 21, 6, 21, 25, 26, 25, 27, 4, 21, 27, 25, 21, 26, 28, 7, 21, 6, 21, 6, 21, 6, 21, 6, 15, 12, 34, 35, 27, 26, 25, 27, 26, 28, 6, 21, 6, 21, 25, 26, 25, 27, 4, 21, 27, 25, 21, 26, 28, 7, 21, 6, 21, 6, 21, 6, 21, 6, 15, 12, 26, 35, 27, 34, 25, 27, 27, 25, 6, 21, 6, 21, 25, 26, 25, 27, 4, 21, 27, 25, 21, 26, 28, 7, 21, 6, 21, 6, 21, 6, 21, 6, 15, 12, 26, 35, 27, 34, 25, 27, 26, 28, 6, 21, 6, 21, 25, 26, 25, 27, 4, 21, 27, 25, 21, 26, 28, 7, 21, 6, 21, 6, 21, 6, 21, 6, 21, 6, 18, 18, 25, 26, 34, 27, 35, 28, 27, 28, 27, 25, 6, 21, 6, 21, 6, 21, 25, 27, 26, 27, 27, 28, 4, 21, 27, 25, 21, 26, 28, 7, 21, 6, 21, 6, 21, 6, 21, 6, 21, 6, 18, 18, 25, 26, 34, 27, 35, 28, 27, 28, 26, 28, 6, 21, 6, 21, 6, 21, 25, 27, 26, 27, 27, 28, 4, 21, 27, 25, 21, 26, 28, 7, 21, 6, 21, 6, 21, 6, 21, 6, 21, 6, 18, 18, 25, 34, 26, 27, 35, 28, 27, 28, 27, 25, 6, 21, 6, 21, 6, 21, 25, 27, 26, 27, 27, 28, 4, 21, 27, 25, 21, 26, 28, 7, 21, 6, 21, 6, 21, 6, 21, 6, 21, 6, 18, 18, 25, 34, 26, 27, 35, 28, 27, 28, 26, 28, 6, 21, 6, 21, 6, 21, 25, 27, 26, 27, 27, 28, 4, 21, 27, 25, 21, 26, 28, 7, 21, 6, 21, 6, 21, 6, 21, 6, 21, 6, 18, 18, 25, 26, 34, 35, 27, 28, 27, 28, 27, 25, 6, 21, 6, 21, 6, 21, 25, 27, 26, 27, 27, 28, 4, 21, 27, 25, 21, 26, 28, 7, 21, 6, 21, 6, 21, 6, 21, 6, 21, 6, 18, 18, 25, 26, 34, 35, 27, 28, 27, 28, 26, 28, 6, 21, 6, 21, 6, 21, 25, 27, 26, 27, 27, 28, 4, 21, 27, 25, 21, 26, 28, 7, 21, 6, 21, 6, 21, 6, 21, 6, 21, 6, 18, 18, 25, 34, 26, 35, 27, 28, 27, 28, 27, 25, 6, 6, 21, 6, 21, 25, 27, 26, 27, 23, 4, 4, 21, 25, 28, 21, 26, 28, 21, 28, 28, 4, 21, 27, 25, 21, 26, 28, 7, 21, 6, 21, 6, 21, 6, 21, 6, 21, 6, 18, 18, 25, 34, 26, 35, 27, 28, 27, 28, 26, 28, 6, 6, 21, 6, 21, 25, 27, 26, 27, 23, 4, 4, 21, 25, 28, 21, 26, 28, 21, 28, 28, 4, 21, 27, 25, 21, 26, 28]"
"[5, 5, 4, 4, 7, 6, 20, 21, 6, 21, 6, 21, 21, 6, 21, 21, 26, 43, 28, 28, 42, 27, 25, 28, 26, 28, 21, 6, 21, 6, 21, 6, 21, 6, 21, 25, 26, 25, 27, 26, 27, 26, 28, 27, 28, 7, 6, 17, 12, 21, 6, 21, 6, 21, 21, 21, 28, 43, 42, 27, 25, 28, 27, 28, 21, 6, 21, 6, 21, 6, 21, 25, 26, 25, 27, 26, 28, 27, 28, 7, 6, 19, 14, 6, 21, 21, 6, 21, 21, 25, 43, 26, 27, 42, 25, 8, 21, 25, 26, 13, 21, 6, 21, 6, 21, 6, 21, 6, 21, 25, 26, 25, 27, 26, 27, 26, 28, 27, 28, 7, 6, 15, 18, 21, 21, 6, 21, 21, 26, 43, 26, 27, 42, 25, 21, 6, 21, 6, 21, 25, 27, 26, 28, 27, 28, 7, 6, 14, 12, 21, 6, 22, 21, 42, 43, 26, 27, 21, 6, 21, 25, 27, 26, 27]","[5, 4, 4, 5, 5, 4, 4, 5, 4, 5, 4, 5, 4, 4, 5, 5, 4, 4, 5, 5, 5, 5, 7, 23, 21, 6, 21, 6, 21, 6, 21, 6, 21, 6, 21, 6, 20, 26, 27, 35, 28, 28, 26, 34, 25, 25, 28, 26, 28, 21, 6, 21, 6, 21, 6, 21, 6, 21, 25, 26, 25, 27, 26, 27, 26, 28, 27, 28, 7, 21, 6, 21, 6, 21, 6, 21, 6, 21, 6, 21, 6, 20, 26, 27, 35, 28, 28, 26, 34, 26, 25, 28, 26, 28, 21, 6, 21, 6, 21, 6, 21, 6, 21, 25, 26, 25, 27, 26, 27, 26, 28, 27, 28, 7, 21, 6, 21, 6, 21, 6, 21, 6, 21, 6, 21, 6, 20, 26, 27, 35, 28, 28, 26, 34, 28, 25, 28, 26, 28, 21, 6, 21, 6, 21, 6, 21, 6, 21, 25, 26, 25, 27, 26, 27, 26, 28, 27, 28, 7, 21, 6, 21, 6, 21, 6, 21, 6, 21, 6, 21, 6, 20, 26, 27, 35, 28, 28, 34, 26, 27, 25, 28, 26, 28, 21, 6, 21, 6, 21, 6, 21, 6, 21, 25, 26, 25, 27, 26, 27, 26, 28, 27, 28, 7, 21, 6, 21, 6, 21, 6, 21, 6, 21, 6, 21, 6, 20, 26, 35, 27, 28, 28, 26, 34, 27, 25, 28, 26, 28, 21, 6, 21, 6, 21, 6, 21, 6, 21, 25, 26, 25, 27, 26, 27, 26, 28, 27, 28, 7, 21, 6, 21, 6, 21, 6, 21, 6, 21, 6, 21, 6, 20, 26, 35, 27, 28, 28, 34, 26, 27, 25, 28, 26, 28, 21, 6, 21, 6, 21, 6, 21, 6, 21, 25, 26, 25, 27, 26, 27, 26, 28, 27, 28, 7, 21, 6, 21, 6, 21, 6, 21, 6, 21, 6, 17, 12, 28, 27, 35, 26, 34, 27, 25, 28, 27, 28, 21, 6, 21, 6, 21, 6, 21, 25, 26, 25, 27, 26, 28, 27, 28, 7, 21, 6, 21, 6, 21, 6, 21, 6, 21, 6, 17, 12, 28, 35, 27, 26, 34, 27, 25, 28, 27, 28, 21, 6, 21, 6, 21, 6, 21, 25, 26, 25, 27, 26, 28, 27, 28, 7, 21, 6, 21, 6, 21, 6, 21, 6, 21, 6, 17, 12, 28, 27, 35, 34, 26, 27, 25, 28, 27, 28, 21, 6, 21, 6, 21, 6, 21, 25, 26, 25, 27, 26, 28, 27, 28, 7, 21, 6, 21, 6, 21, 6, 21, 6, 21, 6, 17, 12, 28, 35, 27, 34, 26, 27, 25, 28, 27, 28, 21, 6, 21, 6, 21, 6, 21, 25, 26, 25, 27, 26, 28, 27, 28, 7, 6, 6, 21, 6, 21, 6, 21, 6, 21, 6, 21, 6, 19, 14, 25, 27, 35, 26, 27, 26, 34, 25, 25, 26, 13, 21, 6, 21, 6, 21, 6, 21, 6, 21, 25, 26, 25, 27, 26, 27, 26, 28, 27, 28, 7, 6, 6, 21, 6, 21, 6, 21, 6, 21, 6, 21, 6, 19, 14, 25, 27, 35, 26, 27, 34, 26, 25, 25, 26, 13, 21, 6, 21, 6, 21, 6, 21, 6, 5, 21, 27, 28, 21, 25, 27, 25, 27, 25, 26, 26, 27, 26, 28, 7, 6, 6, 21, 6, 21, 6, 21, 6, 21, 6, 21, 6, 19, 14, 25, 27, 35, 26, 27, 34, 26, 25, 25, 26, 13, 21, 6, 21, 6, 21, 6, 21, 6, 5, 21, 27, 28, 21, 25, 27, 27, 28, 25, 26, 26, 27, 26, 28, 7, 6, 6, 21, 6, 21, 6, 21, 6, 21, 6, 21, 6, 19, 14, 25, 35, 27, 26, 27, 26, 34, 25, 25, 26, 13, 21, 6, 21, 6, 21, 6, 21, 6, 21, 25, 26, 25, 27, 26, 27, 26, 28, 27, 28, 7, 6, 6, 21, 6, 21, 6, 21, 6, 21, 6, 21, 6, 19, 14, 25, 35, 27, 26, 27, 34, 26, 25, 25, 26, 13, 21, 6, 21, 6, 21, 6, 21, 6, 21, 25, 26, 25, 27, 26, 27, 26, 28, 27, 28, 7, 21, 6, 21, 6, 21, 6, 21, 6, 15, 18, 26, 27, 35, 26, 27, 26, 34, 25, 21, 6, 21, 6, 21, 25, 27, 26, 28, 27, 28, 7, 21, 6, 21, 6, 21, 6, 21, 6, 15, 18, 26, 27, 35, 26, 27, 34, 26, 25, 21, 6, 21, 6, 21, 25, 27, 26, 28, 27, 28, 7, 21, 6, 21, 6, 21, 6, 21, 6, 15, 18, 26, 35, 27, 26, 27, 26, 34, 25, 21, 6, 21, 6, 21, 25, 27, 26, 28, 27, 28, 7, 21, 6, 21, 6, 21, 6, 21, 6, 15, 18, 26, 35, 27, 26, 27, 34, 26, 25, 21, 6, 21, 6, 21, 25, 27, 26, 28, 27, 28, 7, 21, 6, 21, 6, 21, 6, 14, 12, 34, 27, 35, 26, 26, 27, 21, 6, 21, 25, 27, 26, 27, 7, 21, 6, 21, 6, 21, 6, 14, 12, 26, 27, 35, 34, 26, 27, 21, 6, 21, 25, 27, 26, 27, 7, 21, 6, 21, 6, 21, 6, 14, 12, 34, 35, 27, 26, 26, 27, 21, 6, 21, 25, 27, 26, 27, 7, 21, 6, 21, 6, 21, 6, 14, 12, 26, 35, 27, 34, 26, 27, 21, 6, 21, 25, 27, 26, 27]"
"[4, 4, 5, 4, 7, 21, 21, 6, 21, 21, 25, 43, 25, 28, 42, 25, 21, 6, 21, 6, 21, 25, 27, 26, 27, 26, 28, 7, 6, 16, 16, 21, 6, 21, 21, 21, 27, 42, 43, 26, 25, 28, 21, 6, 21, 6, 21, 25, 27, 26, 27, 26, 28, 7, 6, 19, 16, 22, 21, 42, 43, 21, 25, 26, 7, 6, 18, 16, 22, 21, 42, 43, 21, 25, 26, 7, 6, 13, 13, 21, 6, 21, 21, 21, 25, 43, 42, 25, 27, 28, 21, 6, 21, 6, 21, 25, 26, 26, 27, 26, 28]","[4, 5, 5, 4, 4, 5, 5, 4, 5, 4, 4, 5, 4, 5, 5, 4, 4, 5, 5, 7, 21, 6, 21, 6, 21, 6, 21, 25, 27, 35, 25, 28, 26, 34, 25, 21, 6, 21, 6, 21, 25, 27, 26, 27, 26, 28, 7, 21, 6, 21, 6, 21, 6, 21, 25, 27, 35, 25, 28, 34, 26, 25, 21, 6, 21, 6, 21, 25, 27, 26, 27, 26, 28, 7, 21, 6, 21, 6, 21, 6, 21, 25, 35, 27, 25, 28, 26, 34, 25, 21, 6, 21, 6, 21, 25, 27, 27, 26, 26, 28, 7, 21, 6, 21, 6, 21, 6, 21, 25, 35, 27, 25, 28, 34, 26, 25, 21, 6, 21, 6, 21, 25, 27, 26, 27, 26, 28, 7, 21, 6, 21, 6, 21, 6, 21, 6, 16, 16, 27, 26, 34, 27, 35, 26, 25, 28, 21, 6, 21, 6, 21, 25, 27, 26, 27, 26, 28, 7, 21, 6, 21, 6, 21, 6, 21, 6, 16, 16, 27, 34, 26, 27, 35, 26, 25, 28, 21, 6, 21, 6, 21, 25, 27, 26, 27, 26, 28, 7, 21, 6, 21, 6, 21, 6, 21, 6, 16, 16, 27, 26, 34, 35, 27, 26, 25, 28, 21, 6, 21, 6, 21, 25, 27, 26, 27, 26, 28, 7, 21, 6, 21, 6, 21, 6, 21, 6, 16, 16, 27, 34, 26, 35, 27, 26, 25, 28, 21, 6, 21, 6, 21, 25, 27, 26, 27, 26, 28, 7, 21, 6, 21, 6, 19, 16, 34, 27, 35, 26, 21, 25, 26, 7, 21, 6, 21, 6, 19, 16, 26, 27, 35, 34, 21, 25, 26, 7, 21, 6, 21, 6, 19, 16, 34, 35, 27, 26, 21, 25, 26, 7, 21, 6, 21, 6, 19, 16, 26, 35, 27, 34, 21, 25, 26, 7, 21, 6, 21, 6, 18, 16, 34, 27, 35, 26, 21, 25, 26, 7, 21, 6, 21, 6, 18, 16, 26, 27, 35, 34, 21, 25, 26, 7, 21, 6, 21, 6, 18, 16, 34, 35, 27, 26, 21, 25, 26, 7, 21, 6, 21, 6, 18, 16, 26, 35, 27, 34, 21, 25, 26, 7, 21, 6, 21, 6, 21, 6, 21, 6, 13, 13, 25, 27, 35, 26, 34, 25, 27, 28, 21, 6, 21, 6, 21, 25, 26, 26, 27, 26, 28, 7, 21, 6, 21, 6, 21, 6, 21, 6, 13, 13, 25, 35, 27, 26, 34, 25, 27, 28, 21, 6, 21, 6, 21, 25, 26, 26, 27, 26, 28, 7, 21, 6, 21, 6, 21, 6, 21, 6, 13, 13, 25, 27, 35, 34, 26, 25, 27, 28, 21, 6, 21, 6, 21, 25, 26, 26, 27, 26, 28, 7, 21, 6, 21, 6, 21, 6, 21, 6, 13, 13, 25, 35, 27, 34, 26, 25, 27, 28, 21, 6, 21, 6, 21, 25, 26, 26, 27, 26, 28]"
"[4, 4, 7, 6, 16, 21, 6, 21, 6, 22, 21, 42, 43, 25, 28, 27, 28, 21, 6, 21, 6, 21, 25, 26, 26, 27, 26, 28, 7, 6, 19, 12, 21, 6, 21, 6, 21, 21, 21, 25, 43, 42, 27, 25, 27, 27, 28, 21, 6, 21, 6, 21, 6, 21, 25, 26, 25, 27, 26, 28, 27, 28, 7, 6, 14, 18, 21, 6, 21, 6, 21, 21, 6, 21, 21, 25, 42, 28, 28, 43, 26, 25, 27, 26, 27, 21, 6, 21, 6, 21, 6, 21, 6, 21, 25, 26, 25, 27, 26, 27, 26, 28, 27, 28]","[4, 5, 5, 4, 4, 5, 5, 4, 4, 5, 5, 7, 21, 6, 21, 6, 21, 6, 21, 6, 16, 34, 27, 35, 26, 25, 28, 27, 28, 21, 6, 21, 6, 21, 25, 26, 26, 27, 26, 28, 7, 21, 6, 21, 6, 21, 6, 21, 6, 16, 26, 27, 35, 34, 25, 28, 27, 28, 21, 6, 21, 6, 21, 25, 26, 26, 27, 26, 28, 7, 21, 6, 21, 6, 21, 6, 21, 6, 16, 34, 35, 27, 26, 25, 28, 27, 28, 21, 6, 21, 6, 21, 25, 26, 26, 27, 26, 28, 7, 21, 6, 21, 6, 21, 6, 21, 6, 16, 26, 35, 27, 34, 25, 28, 27, 28, 21, 6, 21, 6, 21, 25, 26, 26, 27, 26, 28, 7, 21, 6, 21, 6, 21, 6, 21, 6, 21, 6, 19, 12, 25, 27, 35, 26, 34, 27, 25, 27, 27, 28, 21, 6, 21, 6, 21, 6, 21, 25, 26, 25, 27, 26, 28, 27, 28, 7, 21, 6, 21, 6, 21, 6, 21, 6, 21, 6, 19, 12, 25, 35, 27, 26, 34, 27, 25, 27, 27, 28, 21, 6, 21, 6, 21, 6, 21, 25, 26, 25, 27, 26, 28, 27, 28, 7, 21, 6, 21, 6, 21, 6, 21, 6, 21, 6, 19, 12, 25, 27, 35, 34, 26, 27, 25, 27, 27, 28, 21, 6, 21, 6, 21, 6, 21, 25, 26, 25, 27, 26, 28, 27, 28, 7, 21, 6, 21, 6, 21, 6, 21, 6, 21, 6, 19, 12, 25, 35, 27, 34, 26, 27, 27, 25, 27, 28, 21, 6, 21, 6, 21, 6, 21, 25, 26, 25, 27, 26, 28, 27, 28, 7, 21, 6, 21, 6, 21, 6, 21, 6, 21, 6, 21, 6, 14, 18, 25, 26, 34, 28, 28, 27, 35, 26, 25, 27, 26, 27, 21, 6, 21, 6, 21, 6, 21, 6, 21, 25, 26, 25, 27, 26, 27, 26, 28, 27, 28, 7, 21, 6, 21, 6, 21, 6, 21, 6, 21, 6, 21, 6, 14, 18, 25, 26, 34, 28, 28, 35, 27, 26, 25, 27, 26, 27, 21, 6, 21, 6, 21, 6, 21, 6, 21, 25, 26, 25, 27, 26, 27, 26, 28, 27, 28, 7, 21, 6, 21, 6, 21, 6, 21, 6, 21, 6, 21, 6, 14, 18, 25, 34, 26, 28, 28, 27, 35, 26, 25, 27, 26, 27, 21, 6, 21, 6, 21, 6, 21, 6, 21, 25, 26, 25, 27, 26, 27, 26, 28, 27, 28, 7, 21, 6, 21, 6, 21, 6, 21, 6, 21, 6, 21, 6, 14, 18, 25, 34, 26, 28, 28, 35, 27, 26, 25, 27, 26, 27, 21, 6, 21, 6, 21, 6, 21, 6, 21, 25, 26, 25, 27, 26, 27, 26, 28, 27, 28]"
"[5, 4, 4, 4, 7, 6, 23, 19, 21, 21, 21, 26, 43, 42, 25, 21, 6, 21, 26, 27, 27, 28, 7, 6, 16, 14, 22, 21, 42, 43, 21, 25, 27, 7, 6, 13, 13, 21, 6, 21, 21, 21, 25, 42, 43, 28, 25, 26, 21, 6, 21, 6, 21, 25, 26, 26, 27, 26, 28, 7, 6, 14, 17, 21, 6, 21, 21, 21, 28, 42, 43, 28, 26, 28, 21, 6, 21, 6, 21, 25, 27, 26, 27, 27, 28, 7, 6, 16, 15, 6, 21, 21, 6, 21, 21, 26, 43, 28, 28, 42, 28, 8, 21, 26, 27, 13, 21, 6, 21, 6, 21, 6, 21, 6, 21, 25, 26, 25, 27, 26, 27, 26, 28, 27, 28]","[5, 4, 4, 5, 4, 5, 5, 4, 4, 5, 5, 4, 4, 5, 5, 4, 5, 4, 4, 7, 23, 21, 6, 21, 6, 21, 6, 21, 6, 19, 26, 27, 35, 26, 34, 25, 28, 25, 21, 6, 21, 6, 21, 26, 27, 27, 28, 28, 25, 7, 21, 6, 21, 6, 21, 6, 21, 6, 19, 26, 35, 27, 26, 34, 25, 28, 25, 21, 6, 21, 6, 21, 26, 27, 27, 28, 28, 25, 7, 21, 6, 21, 6, 21, 6, 21, 6, 19, 26, 27, 35, 34, 26, 25, 28, 25, 21, 6, 21, 6, 21, 26, 27, 27, 28, 28, 25, 7, 21, 6, 21, 6, 21, 6, 21, 6, 19, 26, 35, 27, 34, 26, 25, 28, 25, 21, 6, 21, 6, 21, 26, 27, 27, 28, 28, 25, 7, 21, 6, 21, 6, 21, 6, 16, 14, 34, 27, 35, 26, 28, 25, 21, 6, 21, 25, 27, 28, 25, 7, 21, 6, 21, 6, 21, 6, 16, 14, 26, 27, 35, 34, 28, 25, 21, 6, 21, 25, 27, 28, 25, 7, 21, 6, 21, 6, 21, 6, 16, 14, 34, 35, 27, 26, 28, 25, 21, 6, 21, 25, 27, 28, 25, 7, 21, 6, 21, 6, 21, 6, 16, 14, 26, 35, 27, 34, 28, 25, 21, 6, 21, 25, 27, 28, 25, 7, 21, 6, 21, 6, 21, 6, 21, 6, 21, 6, 13, 13, 25, 26, 34, 27, 35, 28, 25, 26, 28, 25, 21, 6, 21, 6, 21, 6, 21, 25, 26, 26, 27, 26, 28, 28, 25, 7, 21, 6, 21, 6, 21, 6, 21, 6, 21, 6, 13, 13, 25, 34, 26, 27, 35, 28, 25, 26, 28, 25, 21, 6, 21, 6, 21, 6, 21, 25, 26, 26, 27, 26, 28, 28, 25, 7, 21, 6, 21, 6, 21, 6, 21, 6, 21, 6, 13, 13, 25, 26, 34, 35, 27, 28, 25, 26, 28, 25, 21, 6, 21, 6, 21, 6, 21, 25, 26, 26, 27, 26, 28, 28, 25, 7, 21, 6, 21, 6, 21, 6, 21, 6, 21, 6, 13, 13, 25, 34, 26, 35, 27, 28, 25, 26, 28, 25, 21, 6, 21, 6, 21, 6, 21, 25, 26, 26, 27, 26, 28, 28, 25, 7, 21, 6, 21, 6, 21, 6, 21, 6, 21, 6, 14, 17, 28, 26, 34, 27, 35, 28, 26, 28, 28, 25, 21, 6, 21, 6, 21, 6, 21, 25, 27, 26, 27, 27, 28, 28, 25, 7, 21, 6, 21, 6, 21, 6, 21, 6, 21, 6, 14, 17, 28, 34, 26, 27, 35, 28, 26, 28, 28, 25, 21, 6, 21, 6, 21, 6, 21, 25, 27, 26, 27, 27, 28, 28, 25, 7, 21, 6, 21, 6, 21, 6, 21, 6, 21, 6, 14, 17, 28, 26, 34, 35, 27, 28, 26, 28, 28, 25, 21, 6, 21, 6, 21, 6, 21, 25, 27, 26, 27, 27, 28, 28, 25, 7, 21, 6, 21, 6, 21, 6, 21, 6, 21, 6, 14, 17, 28, 34, 26, 35, 27, 28, 26, 28, 28, 25, 21, 6, 21, 6, 21, 6, 21, 25, 27, 26, 27, 27, 28, 28, 25, 7, 21, 6, 6, 6, 21, 6, 21, 6, 21, 6, 21, 6, 21, 6, 16, 15, 26, 27, 35, 28, 28, 26, 34, 28, 26, 27, 13, 28, 25, 21, 6, 21, 6, 21, 6, 21, 6, 21, 6, 21, 25, 26, 25, 27, 26, 27, 26, 28, 27, 28, 28, 25, 7, 21, 6, 6, 6, 21, 6, 21, 6, 21, 6, 21, 6, 21, 6, 16, 15, 26, 27, 35, 28, 28, 34, 26, 28, 26, 27, 13, 28, 25, 21, 6, 21, 6, 21, 6, 21, 6, 21, 6, 21, 25, 26, 25, 27, 26, 27, 26, 28, 27, 28, 28, 25, 7, 21, 6, 6, 6, 21, 6, 21, 6, 21, 6, 21, 6, 21, 6, 16, 15, 26, 35, 27, 28, 28, 26, 34, 28, 26, 27, 13, 28, 25, 21, 6, 21, 6, 21, 6, 21, 6, 21, 6, 21, 25, 26, 25, 27, 26, 27, 26, 28, 27, 28, 28, 25, 7, 21, 6, 6, 6, 21, 6, 21, 6, 21, 6, 21, 6, 21, 6, 16, 15, 26, 35, 27, 28, 28, 34, 26, 28, 26, 27, 13, 28, 25, 21, 6, 21, 6, 21, 6, 21, 6, 21, 6, 21, 25, 26, 25, 27, 26, 27, 26, 28, 27, 28, 28, 25]"
"[5, 4, 7, 23, 21, 6, 22, 21, 42, 43, 26, 27, 21, 6, 21, 25, 27, 26, 28, 7, 6, 15, 19, 21, 6, 21, 21, 6, 21, 21, 25, 42, 25, 26, 43, 25, 26, 27, 21, 6, 21, 6, 21, 6, 21, 25, 26, 26, 27, 26, 28, 27, 28, 7, 6, 16, 16, 21, 21, 21, 28, 43, 42, 28, 21, 6, 21, 25, 27, 26, 27]","[5, 4, 4, 5, 4, 5, 5, 5, 5, 5, 5, 4, 4, 7, 23, 21, 6, 21, 6, 21, 6, 21, 6, 21, 6, 21, 34, 27, 35, 26, 26, 27, 28, 27, 27, 26, 28, 27, 21, 6, 21, 6, 21, 6, 21, 6, 21, 25, 27, 26, 28, 28, 27, 27, 26, 28, 27, 7, 21, 6, 21, 6, 21, 6, 21, 6, 21, 6, 21, 26, 27, 35, 34, 26, 27, 28, 27, 27, 26, 28, 27, 21, 6, 21, 6, 21, 6, 21, 6, 21, 25, 27, 26, 28, 28, 27, 27, 26, 28, 27, 7, 21, 6, 21, 6, 21, 6, 21, 6, 21, 6, 21, 34, 35, 27, 26, 26, 27, 28, 27, 27, 26, 28, 27, 21, 6, 21, 6, 21, 6, 21, 6, 21, 25, 27, 26, 28, 28, 27, 27, 26, 28, 27, 7, 21, 6, 21, 6, 21, 6, 21, 6, 21, 6, 21, 26, 35, 27, 34, 26, 27, 28, 27, 27, 26, 28, 27, 21, 6, 21, 6, 21, 6, 21, 6, 21, 25, 27, 26, 28, 28, 27, 27, 26, 28, 27, 7, 21, 6, 21, 6, 21, 6, 21, 6, 21, 6, 21, 6, 21, 6, 21, 6, 15, 19, 25, 26, 34, 26, 26, 27, 35, 25, 26, 27, 28, 27, 27, 26, 28, 27, 21, 6, 21, 6, 21, 6, 21, 6, 21, 6, 21, 6, 21, 25, 26, 26, 27, 26, 28, 27, 28, 28, 27, 27, 26, 28, 27, 7, 21, 6, 21, 6, 21, 6, 21, 6, 21, 6, 21, 6, 21, 6, 21, 6, 15, 19, 25, 26, 34, 27, 26, 27, 35, 25, 26, 27, 28, 27, 27, 26, 28, 27, 21, 6, 21, 6, 21, 6, 21, 6, 21, 6, 21, 6, 21, 25, 26, 26, 27, 26, 28, 27, 28, 28, 27, 27, 26, 28, 27, 7, 21, 6, 21, 6, 21, 6, 21, 6, 21, 6, 21, 6, 21, 6, 21, 6, 15, 19, 25, 26, 34, 28, 26, 27, 35, 25, 26, 27, 28, 27, 27, 26, 28, 27, 21, 6, 21, 6, 21, 6, 21, 6, 21, 6, 21, 6, 21, 25, 26, 26, 27, 26, 28, 27, 28, 28, 27, 27, 26, 28, 27, 7, 21, 6, 21, 6, 21, 6, 21, 6, 21, 6, 21, 6, 21, 6, 21, 6, 15, 19, 25, 26, 34, 25, 26, 35, 27, 25, 26, 27, 28, 27, 27, 26, 28, 27, 21, 6, 21, 6, 21, 6, 21, 6, 21, 6, 21, 6, 21, 25, 26, 26, 27, 26, 28, 27, 28, 28, 27, 27, 26, 28, 27, 7, 21, 6, 21, 6, 21, 6, 21, 6, 21, 6, 21, 6, 21, 6, 21, 6, 15, 19, 25, 34, 26, 25, 26, 27, 35, 25, 26, 27, 28, 27, 27, 26, 28, 27, 21, 6, 21, 6, 21, 6, 21, 6, 21, 6, 21, 6, 21, 25, 26, 26, 27, 26, 28, 27, 28, 28, 27, 27, 26, 28, 27, 7, 21, 6, 21, 6, 21, 6, 21, 6, 21, 6, 21, 6, 21, 6, 21, 6, 15, 19, 25, 34, 26, 25, 26, 35, 27, 25, 26, 27, 28, 27, 27, 26, 28, 27, 21, 6, 21, 6, 21, 6, 21, 6, 21, 6, 21, 6, 21, 25, 26, 26, 27, 26, 28, 27, 28, 28, 27, 27, 26, 28, 27, 7, 21, 6, 21, 6, 21, 6, 21, 6, 21, 6, 21, 6, 16, 16, 28, 27, 35, 26, 34, 28, 28, 27, 27, 26, 28, 27, 21, 6, 21, 6, 21, 6, 21, 6, 21, 25, 27, 26, 27, 28, 27, 27, 26, 28, 27, 7, 21, 6, 21, 6, 21, 6, 21, 6, 21, 6, 21, 6, 16, 16, 28, 35, 27, 26, 34, 28, 28, 27, 27, 26, 28, 27, 21, 6, 21, 6, 21, 6, 21, 6, 21, 25, 27, 26, 27, 28, 27, 27, 26, 28, 27, 7, 21, 6, 21, 6, 21, 6, 21, 6, 21, 6, 21, 6, 16, 16, 28, 27, 35, 34, 26, 28, 28, 27, 27, 26, 28, 27, 21, 6, 21, 6, 21, 6, 21, 6, 21, 25, 27, 26, 27, 28, 27, 27, 26, 28, 27, 7, 21, 6, 21, 6, 21, 6, 21, 6, 21, 6, 21, 6, 16, 16, 28, 35, 27, 34, 26, 28, 28, 27, 27, 26, 28, 27, 21, 6, 21, 6, 21, 6, 21, 6, 21, 25, 27, 26, 27, 28, 27, 27, 26, 28, 27]"
"[4, 7, 21, 6, 21, 21, 21, 28, 42, 43, 28, 27, 28, 21, 6, 21, 6, 21, 25, 27, 26, 28, 27, 28, 7, 21, 6, 21, 6, 21, 21, 21, 25, 43, 42, 25, 25, 26, 26, 28, 21, 6, 21, 6, 21, 6, 21, 25, 26, 25, 27, 26, 27, 27, 28]","[4, 5, 5, 4, 4, 5, 5, 7, 21, 6, 21, 6, 21, 6, 21, 28, 26, 34, 27, 35, 28, 27, 28, 21, 6, 21, 6, 21, 25, 27, 26, 28, 27, 28, 7, 21, 6, 21, 6, 21, 6, 21, 28, 34, 26, 27, 35, 28, 27, 28, 21, 6, 21, 6, 21, 25, 27, 26, 28, 27, 28, 7, 21, 6, 21, 6, 21, 6, 21, 28, 26, 34, 35, 27, 28, 27, 28, 21, 6, 21, 6, 21, 25, 27, 26, 28, 27, 28, 7, 21, 6, 21, 6, 21, 6, 21, 34, 28, 26, 35, 27, 28, 27, 28, 21, 6, 21, 6, 21, 25, 27, 26, 28, 27, 28, 7, 21, 6, 21, 6, 21, 6, 21, 6, 21, 25, 27, 35, 26, 34, 25, 25, 26, 26, 28, 21, 6, 21, 6, 21, 6, 21, 25, 26, 25, 27, 26, 27, 27, 28, 7, 21, 6, 21, 6, 21, 6, 21, 6, 21, 25, 35, 27, 26, 34, 25, 25, 26, 26, 28, 21, 6, 21, 6, 21, 6, 21, 25, 26, 25, 27, 26, 27, 27, 28, 7, 21, 6, 21, 6, 21, 6, 21, 6, 21, 25, 27, 35, 34, 26, 25, 25, 26, 26, 28, 21, 6, 21, 6, 21, 6, 21, 25, 26, 25, 27, 26, 27, 27, 28, 7, 21, 6, 21, 6, 21, 6, 21, 6, 21, 25, 35, 27, 34, 26, 25, 25, 26, 26, 28, 21, 6, 21, 6, 21, 6, 21, 25, 26, 25, 27, 26, 27, 27, 28]"
"[4, 4, 4, 4, 7, 21, 6, 21, 21, 6, 21, 21, 25, 43, 25, 27, 42, 28, 27, 28, 21, 6, 21, 6, 21, 6, 21, 25, 26, 25, 27, 26, 27, 26, 28, 7, 21, 21, 6, 21, 21, 25, 43, 25, 27, 42, 25, 21, 6, 21, 6, 21, 25, 26, 26, 27, 27, 28, 7, 21, 6, 21, 6, 22, 21, 42, 43, 26, 28, 27, 28, 21, 6, 21, 6, 21, 25, 27, 26, 27, 26, 28, 7, 21, 6, 21, 21, 6, 21, 21, 25, 43, 26, 28, 42, 27, 27, 28, 21, 6, 21, 6, 21, 6, 21, 25, 27, 26, 27, 26, 28, 27, 28, 7, 21, 6, 21, 21, 6, 21, 21, 25, 42, 28, 28, 43, 28, 25, 28, 21, 6, 21, 6, 21, 6, 21, 25, 26, 25, 27, 26, 28, 27, 28]","[4, 5, 5, 4, 4, 5, 5, 4, 4, 5, 5, 4, 4, 5, 5, 4, 4, 5, 5, 7, 21, 6, 21, 6, 21, 6, 21, 6, 21, 6, 21, 25, 27, 35, 25, 27, 26, 34, 28, 27, 28, 28, 27, 21, 6, 21, 6, 21, 6, 21, 6, 21, 25, 26, 25, 27, 26, 27, 26, 28, 28, 27, 7, 21, 6, 21, 6, 21, 6, 21, 6, 21, 6, 21, 25, 27, 35, 25, 27, 34, 26, 28, 27, 28, 28, 27, 21, 6, 21, 6, 21, 6, 21, 6, 21, 25, 26, 25, 27, 26, 27, 26, 28, 28, 27, 7, 21, 6, 21, 6, 21, 6, 21, 6, 21, 6, 21, 25, 35, 27, 25, 27, 26, 34, 28, 27, 28, 28, 27, 21, 6, 21, 6, 21, 6, 21, 6, 21, 25, 26, 25, 27, 26, 27, 26, 28, 28, 27, 7, 21, 6, 21, 6, 21, 6, 21, 6, 21, 6, 21, 25, 35, 27, 25, 27, 34, 26, 28, 27, 28, 28, 27, 21, 6, 21, 6, 21, 6, 21, 6, 21, 25, 26, 25, 27, 26, 27, 26, 28, 28, 27, 7, 21, 6, 21, 6, 21, 6, 21, 6, 21, 25, 27, 35, 25, 27, 26, 34, 25, 28, 27, 21, 6, 21, 6, 21, 6, 21, 25, 26, 26, 27, 27, 28, 28, 27, 7, 21, 6, 21, 6, 21, 6, 21, 6, 21, 25, 27, 35, 25, 27, 34, 26, 25, 28, 27, 21, 6, 21, 6, 21, 6, 21, 25, 26, 26, 27, 27, 28, 28, 27, 7, 21, 6, 21, 6, 21, 6, 21, 6, 21, 25, 35, 27, 25, 27, 26, 34, 25, 28, 27, 21, 6, 21, 6, 21, 6, 21, 25, 26, 26, 27, 28, 27, 28, 27, 7, 21, 6, 21, 6, 21, 6, 21, 6, 21, 25, 35, 27, 25, 27, 34, 26, 25, 28, 27, 21, 6, 21, 6, 21, 6, 21, 25, 26, 26, 27, 27, 28, 28, 27, 7, 21, 6, 21, 6, 21, 6, 21, 6, 21, 34, 27, 35, 26, 26, 28, 27, 28, 28, 27, 21, 6, 21, 6, 21, 6, 21, 25, 27, 26, 27, 26, 28, 28, 27, 7, 21, 6, 21, 6, 21, 6, 21, 6, 21, 26, 27, 35, 34, 26, 28, 27, 28, 28, 27, 21, 6, 21, 6, 21, 6, 21, 25, 27, 26, 27, 26, 28, 28, 27, 7, 21, 6, 21, 6, 21, 6, 21, 6, 21, 34, 35, 27, 26, 26, 28, 27, 28, 28, 27, 21, 6, 21, 6, 21, 6, 21, 25, 27, 26, 27, 26, 28, 28, 27, 7, 21, 6, 21, 6, 21, 6, 21, 6, 21, 26, 35, 27, 34, 26, 28, 27, 28, 28, 27, 21, 6, 21, 6, 21, 6, 21, 25, 27, 26, 27, 26, 28, 28, 27, 7, 21, 6, 21, 6, 21, 6, 21, 6, 21, 6, 21, 25, 27, 35, 26, 28, 26, 34, 27, 27, 28, 28, 27, 21, 6, 21, 6, 21, 6, 21, 6, 21, 25, 27, 26, 27, 26, 28, 27, 28, 28, 27, 7, 21, 6, 21, 6, 21, 6, 21, 6, 21, 6, 21, 25, 27, 35, 26, 28, 34, 26, 27, 27, 28, 28, 27, 21, 6, 21, 6, 21, 6, 21, 6, 21, 25, 27, 26, 27, 26, 28, 27, 28, 28, 27, 7, 21, 6, 21, 6, 21, 6, 21, 6, 21, 6, 21, 25, 35, 27, 26, 28, 26, 34, 27, 27, 28, 28, 27, 21, 6, 21, 6, 21, 6, 21, 6, 21, 25, 27, 26, 27, 26, 28, 27, 28, 28, 27, 7, 21, 6, 21, 6, 21, 6, 21, 6, 21, 6, 21, 25, 35, 27, 26, 28, 34, 26, 27, 27, 28, 28, 27, 21, 6, 21, 6, 21, 6, 21, 6, 21, 25, 27, 26, 27, 26, 28, 27, 28, 28, 27, 7, 21, 6, 21, 6, 21, 6, 21, 6, 21, 6, 21, 25, 26, 34, 28, 28, 27, 35, 28, 25, 28, 28, 27, 21, 6, 21, 6, 21, 6, 21, 6, 21, 25, 26, 25, 27, 26, 28, 27, 28, 28, 27, 7, 21, 6, 21, 6, 21, 6, 21, 6, 21, 6, 21, 25, 26, 34, 28, 28, 35, 27, 28, 25, 28, 28, 27, 21, 6, 21, 6, 21, 6, 21, 6, 21, 25, 26, 25, 27, 26, 28, 27, 28, 28, 27, 7, 21, 6, 21, 6, 21, 6, 21, 6, 21, 6, 21, 25, 34, 26, 28, 28, 27, 35, 28, 25, 28, 28, 27, 21, 6, 21, 6, 21, 6, 21, 6, 21, 25, 26, 25, 27, 26, 28, 27, 28, 28, 27, 7, 21, 6, 21, 6, 21, 6, 21, 6, 21, 6, 21, 25, 34, 26, 28, 28, 35, 27, 28, 25, 28, 28, 27, 21, 6, 21, 6, 21, 6, 21, 6, 21, 25, 26, 25, 27, 26, 28, 27, 28, 28, 27]"
"[5, 7, 6, 23, 20, 21, 21, 21, 28, 42, 43, 25, 21, 6, 21, 25, 26, 25, 27, 7, 6, 17, 18, 21, 6, 21, 21, 6, 21, 21, 25, 43, 26, 27, 42, 28, 27, 28, 21, 6, 21, 6, 21, 6, 21, 25, 27, 26, 27, 26, 28, 27, 28]","[5, 4, 4, 4, 5, 4, 4, 5, 4, 5, 4, 7, 23, 21, 6, 21, 6, 21, 6, 20, 28, 26, 34, 27, 35, 25, 21, 6, 21, 25, 26, 25, 27, 7, 21, 6, 21, 6, 21, 6, 20, 28, 34, 26, 27, 35, 25, 21, 6, 5, 21, 25, 26, 21, 25, 27, 25, 27, 7, 21, 6, 21, 6, 21, 6, 20, 28, 34, 26, 27, 35, 25, 21, 6, 5, 21, 25, 26, 21, 25, 27, 25, 26, 7, 21, 6, 21, 6, 21, 6, 20, 28, 26, 34, 35, 27, 25, 21, 6, 21, 25, 26, 25, 27, 7, 21, 6, 21, 6, 21, 6, 20, 28, 34, 26, 35, 27, 25, 21, 6, 21, 25, 26, 25, 27, 7, 21, 6, 21, 6, 21, 6, 21, 6, 21, 6, 17, 18, 25, 27, 35, 26, 27, 26, 34, 28, 25, 28, 21, 6, 21, 6, 21, 6, 21, 25, 27, 26, 27, 26, 28, 27, 28, 7, 21, 6, 21, 6, 21, 6, 21, 6, 21, 6, 17, 18, 25, 27, 35, 26, 27, 26, 34, 28, 26, 28, 21, 6, 21, 6, 21, 6, 5, 21, 26, 27, 21, 26, 28, 26, 28, 25, 27, 27, 28, 7, 21, 6, 21, 6, 21, 6, 21, 6, 21, 6, 17, 18, 25, 27, 35, 26, 27, 26, 34, 28, 26, 28, 21, 6, 21, 6, 21, 6, 5, 21, 26, 27, 21, 26, 28, 26, 27, 25, 27, 27, 28, 7, 21, 6, 21, 6, 21, 6, 21, 6, 21, 6, 17, 18, 25, 27, 35, 26, 27, 26, 34, 28, 28, 28, 21, 6, 21, 6, 21, 6, 21, 25, 27, 26, 27, 26, 28, 27, 28, 7, 21, 6, 21, 6, 21, 6, 21, 6, 21, 6, 17, 18, 25, 27, 35, 26, 27, 34, 26, 28, 27, 28, 21, 6, 21, 6, 21, 6, 21, 25, 27, 26, 27, 26, 28, 27, 28, 7, 21, 6, 21, 6, 21, 6, 21, 6, 21, 6, 17, 18, 25, 35, 27, 26, 27, 26, 34, 28, 27, 28, 21, 6, 21, 6, 21, 6, 21, 25, 27, 26, 27, 26, 28, 27, 28, 7, 21, 6, 21, 6, 21, 6, 21, 6, 21, 6, 17, 18, 25, 35, 27, 26, 27, 34, 26, 28, 27, 28, 21, 6, 21, 6, 21, 6, 21, 25, 27, 26, 27, 26, 28, 27, 28]"
"[4, 5, 4, 7, 6, 13, 21, 21, 21, 28, 42, 43, 26, 21, 6, 21, 25, 26, 25, 27, 7, 6, 20, 14, 21, 21, 21, 28, 42, 43, 28, 21, 6, 21, 25, 27, 26, 28, 7, 6, 17, 21, 6, 22, 21, 42, 43, 26, 28, 21, 6, 21, 25, 27, 27, 28, 7, 6, 13, 19, 22, 21, 42, 43, 21, 25, 27]","[4, 5, 5, 4, 5, 4, 4, 5, 4, 5, 5, 4, 4, 5, 5, 5, 5, 7, 23, 21, 6, 21, 6, 21, 6, 13, 28, 26, 34, 25, 35, 26, 21, 6, 21, 25, 26, 25, 27, 7, 21, 6, 21, 6, 21, 6, 13, 28, 26, 34, 26, 35, 26, 21, 6, 21, 25, 26, 25, 27, 7, 21, 6, 21, 6, 21, 6, 13, 28, 26, 34, 28, 35, 26, 21, 6, 21, 25, 26, 25, 27, 7, 21, 6, 21, 6, 21, 6, 13, 28, 34, 26, 27, 35, 26, 21, 6, 21, 25, 26, 25, 27, 7, 21, 6, 21, 6, 21, 6, 13, 28, 26, 34, 35, 27, 26, 21, 6, 21, 25, 26, 25, 27, 7, 21, 6, 21, 6, 21, 6, 13, 28, 34, 26, 35, 27, 26, 21, 6, 21, 25, 26, 25, 27, 7, 21, 6, 21, 6, 21, 6, 20, 14, 28, 26, 34, 27, 35, 28, 21, 6, 21, 25, 27, 26, 28, 7, 21, 6, 21, 6, 21, 6, 20, 14, 28, 34, 26, 27, 35, 28, 21, 6, 21, 25, 27, 26, 28, 7, 21, 6, 21, 6, 21, 6, 20, 14, 28, 26, 34, 35, 27, 28, 21, 6, 21, 25, 27, 26, 28, 7, 21, 6, 21, 6, 21, 6, 20, 14, 28, 34, 26, 35, 27, 28, 21, 6, 21, 25, 27, 26, 28, 7, 21, 6, 21, 6, 21, 6, 17, 34, 27, 35, 26, 26, 28, 21, 6, 21, 25, 27, 27, 28, 7, 21, 6, 21, 6, 21, 6, 17, 26, 27, 35, 34, 26, 28, 21, 6, 21, 25, 27, 27, 28, 7, 21, 6, 21, 6, 21, 6, 17, 34, 35, 27, 26, 26, 28, 21, 6, 21, 25, 27, 27, 28, 7, 21, 6, 21, 6, 21, 6, 17, 26, 35, 27, 34, 26, 28, 21, 6, 21, 25, 27, 28, 27, 7, 21, 6, 21, 6, 13, 19, 34, 27, 35, 26, 21, 25, 27, 7, 21, 6, 21, 6, 13, 19, 26, 27, 35, 34, 21, 25, 27, 7, 21, 6, 21, 6, 13, 19, 34, 35, 27, 26, 21, 25, 27, 7, 21, 6, 21, 6, 13, 19, 26, 35, 27, 34, 21, 25, 27]"
"[4, 7, 6, 13, 21, 21, 21, 25, 42, 43, 25, 21, 6, 21, 25, 26, 26, 27, 7, 6, 12, 19, 21, 21, 21, 27, 42, 43, 28, 21, 6, 21, 25, 26, 25, 27]","[4, 4, 5, 5, 5, 5, 4, 4, 4, 4, 4, 4, 5, 5, 5, 5, 5, 5, 5, 5, 5, 7, 23, 21, 6, 21, 6, 21, 6, 21, 6, 13, 25, 26, 34, 25, 35, 25, 26, 27, 6, 21, 6, 21, 25, 26, 26, 27, 4, 21, 26, 27, 21, 28, 25, 7, 21, 6, 21, 6, 21, 6, 21, 6, 13, 25, 26, 34, 25, 35, 25, 28, 25, 6, 21, 6, 21, 25, 26, 26, 27, 4, 21, 26, 27, 21, 28, 25, 7, 21, 6, 21, 6, 21, 6, 21, 6, 13, 25, 26, 34, 26, 35, 25, 26, 27, 6, 21, 6, 21, 25, 26, 26, 27, 4, 21, 26, 27, 21, 28, 25, 7, 21, 6, 21, 6, 21, 6, 21, 6, 13, 25, 26, 34, 26, 35, 25, 28, 25, 6, 21, 6, 21, 25, 26, 26, 27, 4, 21, 26, 27, 21, 28, 25, 7, 21, 6, 21, 6, 21, 6, 21, 6, 13, 25, 26, 34, 28, 35, 25, 26, 27, 6, 21, 6, 21, 25, 26, 26, 27, 4, 21, 26, 27, 21, 28, 25, 7, 21, 6, 21, 6, 21, 6, 21, 6, 13, 25, 26, 34, 28, 35, 25, 28, 25, 6, 21, 6, 21, 25, 26, 26, 27, 4, 21, 26, 27, 21, 28, 25, 7, 21, 6, 21, 6, 21, 6, 21, 6, 13, 25, 34, 26, 27, 35, 25, 26, 27, 6, 21, 6, 21, 25, 26, 26, 27, 4, 21, 26, 27, 21, 28, 25, 7, 21, 6, 21, 6, 21, 6, 21, 6, 13, 25, 34, 26, 27, 35, 25, 28, 25, 6, 21, 6, 21, 25, 26, 26, 27, 4, 21, 26, 27, 21, 28, 25, 7, 21, 6, 21, 6, 21, 6, 21, 6, 13, 25, 26, 34, 35, 27, 25, 26, 27, 6, 21, 6, 5, 21, 26, 27, 21, 25, 26, 25, 26, 4, 21, 26, 27, 21, 28, 25, 7, 21, 6, 21, 6, 21, 6, 21, 6, 13, 25, 26, 34, 35, 27, 25, 28, 25, 6, 21, 6, 5, 21, 26, 27, 21, 25, 26, 25, 26, 4, 21, 26, 27, 21, 28, 25, 7, 21, 6, 21, 6, 21, 6, 21, 6, 13, 25, 26, 34, 35, 27, 25, 26, 27, 6, 21, 6, 5, 21, 26, 27, 21, 25, 26, 26, 27, 4, 21, 26, 27, 21, 28, 25, 7, 21, 6, 21, 6, 21, 6, 21, 6, 13, 25, 26, 34, 35, 27, 25, 28, 25, 6, 21, 6, 5, 21, 26, 27, 21, 25, 26, 26, 27, 4, 21, 26, 27, 21, 28, 25, 7, 21, 6, 21, 6, 21, 6, 21, 6, 13, 25, 34, 26, 35, 27, 25, 26, 27, 6, 21, 6, 21, 25, 26, 26, 27, 4, 21, 26, 27, 21, 28, 25, 7, 21, 6, 21, 6, 21, 6, 21, 6, 13, 25, 34, 26, 35, 27, 25, 28, 25, 6, 21, 6, 21, 25, 26, 26, 27, 4, 21, 26, 27, 21, 28, 25, 7, 21, 6, 21, 6, 21, 6, 21, 6, 12, 19, 27, 26, 34, 27, 35, 28, 26, 27, 6, 21, 6, 21, 25, 26, 25, 27, 4, 21, 26, 27, 21, 28, 25, 7, 21, 6, 21, 6, 21, 6, 21, 6, 12, 19, 27, 26, 34, 27, 35, 28, 28, 25, 6, 21, 6, 21, 25, 26, 25, 27, 4, 21, 26, 27, 21, 28, 25, 7, 21, 6, 21, 6, 21, 6, 21, 6, 12, 19, 27, 34, 26, 27, 35, 28, 26, 27, 6, 21, 6, 21, 25, 26, 25, 27, 4, 21, 26, 27, 21, 28, 25, 7, 21, 6, 21, 6, 21, 6, 21, 6, 12, 19, 27, 34, 26, 27, 35, 28, 28, 25, 6, 21, 6, 21, 25, 26, 25, 27, 4, 21, 26, 27, 21, 28, 25, 7, 21, 6, 21, 6, 21, 6, 21, 6, 12, 19, 27, 26, 34, 35, 27, 28, 26, 27, 6, 21, 6, 21, 25, 26, 25, 27, 4, 21, 26, 27, 21, 28, 25, 7, 21, 6, 21, 6, 21, 6, 21, 6, 12, 19, 27, 26, 34, 35, 27, 28, 28, 25, 6, 21, 6, 21, 25, 26, 25, 27, 4, 21, 26, 27, 21, 28, 25, 7, 21, 6, 21, 6, 21, 6, 21, 6, 12, 19, 27, 34, 26, 35, 27, 28, 26, 27, 6, 21, 6, 21, 25, 26, 25, 27, 4, 21, 26, 27, 21, 28, 25, 7, 21, 6, 21, 6, 21, 6, 21, 6, 12, 19, 27, 34, 26, 35, 27, 28, 28, 25, 6, 21, 6, 21, 25, 26, 25, 27, 4, 21, 26, 27, 21, 28, 25]"
"[7, 6, 23, 13, 22, 21, 42, 43, 21, 26, 28]","[5, 5, 4, 4, 4, 4, 5, 7, 23, 21, 6, 21, 6, 21, 6, 13, 34, 27, 35, 26, 28, 27, 6, 21, 26, 28, 4, 21, 28, 27, 21, 25, 26, 7, 21, 6, 21, 6, 21, 6, 13, 34, 27, 35, 26, 25, 26, 6, 21, 26, 28, 4, 21, 28, 27, 21, 25, 26, 7, 21, 6, 21, 6, 21, 6, 13, 26, 27, 35, 34, 28, 27, 6, 21, 26, 28, 4, 21, 28, 27, 21, 25, 26, 7, 21, 6, 21, 6, 21, 6, 13, 26, 27, 35, 34, 25, 26, 6, 21, 26, 28, 4, 21, 28, 27, 21, 25, 26, 7, 21, 6, 21, 6, 21, 6, 13, 34, 35, 27, 26, 28, 27, 6, 21, 26, 28, 4, 21, 28, 27, 21, 25, 26, 7, 21, 6, 21, 6, 21, 6, 13, 34, 35, 27, 26, 25, 26, 6, 21, 26, 28, 4, 21, 28, 27, 21, 25, 26, 7, 21, 6, 21, 6, 21, 6, 13, 26, 35, 27, 34, 28, 27, 6, 21, 26, 28, 4, 21, 28, 27, 21, 25, 26, 7, 21, 6, 21, 6, 21, 6, 13, 26, 35, 27, 34, 25, 26, 6, 21, 26, 28, 4, 21, 28, 27, 21, 25, 26]"
"[5, 5, 4, 7, 6, 19, 22, 21, 42, 43, 21, 26, 28, 7, 6, 13, 17, 21, 21, 21, 25, 43, 42, 25, 21, 6, 21, 26, 28, 27, 28, 7, 6, 17, 14, 6, 21, 21, 6, 21, 21, 25, 42, 27, 25, 43, 28, 8, 21, 27, 28, 13, 21, 6, 21, 6, 21, 6, 21, 6, 21, 25, 26, 25, 27, 26, 27, 26, 28, 27, 28, 7, 6, 16, 15, 21, 6, 21, 21, 21, 25, 42, 43, 25, 26, 27, 21, 6, 21, 6, 21, 25, 26, 26, 28, 27, 28]","[5, 5, 4, 4, 4, 4, 5, 5, 5, 5, 4, 4, 4, 4, 5, 5, 4, 4, 5, 5, 5, 5, 4, 4, 4, 4, 5, 5, 5, 5, 4, 7, 21, 6, 21, 6, 21, 6, 19, 34, 27, 35, 26, 26, 27, 6, 21, 26, 28, 4, 21, 26, 27, 21, 28, 25, 7, 21, 6, 21, 6, 21, 6, 19, 34, 27, 35, 26, 28, 25, 6, 21, 26, 28, 4, 21, 26, 27, 21, 28, 25, 7, 21, 6, 21, 6, 21, 6, 19, 26, 27, 35, 34, 26, 27, 6, 21, 26, 28, 4, 21, 26, 27, 21, 28, 25, 7, 21, 6, 21, 6, 21, 6, 19, 26, 27, 35, 34, 28, 25, 6, 21, 26, 28, 4, 21, 26, 27, 21, 28, 25, 7, 21, 6, 21, 6, 21, 6, 19, 34, 35, 27, 26, 26, 27, 6, 21, 26, 28, 4, 21, 26, 27, 21, 28, 25, 7, 21, 6, 21, 6, 21, 6, 19, 34, 35, 27, 26, 28, 25, 6, 21, 26, 28, 4, 21, 26, 27, 21, 28, 25, 7, 21, 6, 21, 6, 21, 6, 19, 26, 35, 27, 34, 26, 27, 6, 21, 26, 28, 4, 21, 26, 27, 21, 28, 25, 7, 21, 6, 21, 6, 21, 6, 19, 26, 35, 27, 34, 28, 25, 6, 21, 26, 28, 4, 21, 26, 27, 21, 28, 25, 7, 21, 6, 21, 6, 21, 6, 21, 6, 13, 17, 25, 27, 35, 26, 34, 25, 26, 27, 6, 21, 6, 21, 26, 28, 27, 28, 4, 21, 26, 27, 21, 28, 25, 7, 21, 6, 21, 6, 21, 6, 21, 6, 13, 17, 25, 27, 35, 26, 34, 25, 28, 25, 6, 21, 6, 21, 26, 28, 27, 28, 4, 21, 26, 27, 21, 28, 25, 7, 21, 6, 21, 6, 21, 6, 21, 6, 13, 17, 25, 35, 27, 26, 34, 25, 26, 27, 6, 21, 6, 21, 26, 28, 27, 28, 4, 21, 26, 27, 21, 28, 25, 7, 21, 6, 21, 6, 21, 6, 21, 6, 13, 17, 25, 35, 27, 26, 34, 25, 28, 25, 6, 21, 6, 21, 26, 28, 27, 28, 4, 21, 26, 27, 21, 28, 25, 7, 21, 6, 21, 6, 21, 6, 21, 6, 13, 17, 25, 27, 35, 34, 26, 25, 26, 27, 6, 21, 6, 21, 26, 28, 27, 28, 4, 21, 26, 27, 21, 28, 25, 7, 21, 6, 21, 6, 21, 6, 21, 6, 13, 17, 25, 27, 35, 34, 26, 25, 28, 25, 6, 21, 6, 21, 26, 28, 27, 28, 4, 21, 26, 27, 21, 28, 25, 7, 21, 6, 21, 6, 21, 6, 21, 6, 13, 17, 25, 35, 27, 34, 26, 25, 26, 27, 6, 21, 6, 21, 26, 28, 27, 28, 4, 21, 26, 27, 21, 28, 25, 7, 21, 6, 21, 6, 21, 6, 21, 6, 13, 17, 25, 35, 27, 34, 26, 25, 28, 25, 6, 21, 6, 21, 26, 28, 27, 28, 4, 21, 26, 27, 21, 28, 25, 7, 21, 6, 6, 6, 21, 6, 21, 6, 21, 6, 21, 6, 21, 6, 17, 14, 25, 26, 34, 27, 25, 27, 35, 28, 27, 28, 13, 26, 27, 6, 21, 6, 21, 6, 21, 6, 21, 6, 21, 25, 26, 25, 27, 26, 27, 26, 28, 27, 28, 4, 21, 26, 27, 21, 28, 25, 7, 21, 6, 6, 6, 21, 6, 21, 6, 21, 6, 21, 6, 21, 6, 17, 14, 25, 26, 34, 27, 25, 27, 35, 28, 27, 28, 13, 28, 25, 6, 21, 6, 21, 6, 21, 6, 21, 6, 21, 25, 26, 25, 27, 26, 27, 26, 28, 27, 28, 4, 21, 26, 27, 21, 28, 25, 7, 21, 6, 6, 6, 21, 6, 21, 6, 21, 6, 21, 6, 21, 6, 17, 14, 25, 26, 34, 27, 25, 35, 27, 28, 27, 28, 13, 26, 27, 6, 21, 6, 21, 6, 21, 6, 21, 6, 21, 25, 26, 25, 27, 26, 27, 26, 28, 27, 28, 4, 21, 26, 27, 21, 28, 25, 7, 21, 6, 6, 6, 21, 6, 21, 6, 21, 6, 21, 6, 21, 6, 17, 14, 25, 26, 34, 27, 25, 35, 27, 28, 27, 28, 13, 28, 25, 6, 21, 6, 21, 6, 21, 6, 21, 6, 21, 25, 26, 25, 27, 26, 27, 26, 28, 27, 28, 4, 21, 26, 27, 21, 28, 25, 7, 21, 6, 6, 6, 21, 6, 21, 6, 21, 6, 21, 6, 21, 6, 17, 14, 25, 34, 26, 27, 25, 27, 35, 28, 27, 28, 13, 26, 27, 6, 21, 6, 21, 6, 21, 6, 21, 6, 21, 25, 26, 25, 27, 26, 27, 26, 28, 27, 28, 4, 21, 26, 27, 21, 28, 25, 7, 21, 6, 6, 6, 21, 6, 21, 6, 21, 6, 21, 6, 21, 6, 17, 14, 25, 34, 26, 27, 25, 27, 35, 28, 27, 28, 13, 28, 25, 6, 21, 6, 21, 6, 21, 6, 21, 6, 21, 25, 26, 25, 27, 26, 27, 26, 28, 27, 28, 4, 21, 26, 27, 21, 28, 25, 7, 21, 6, 6, 6, 21, 6, 21, 6, 21, 6, 21, 6, 21, 6, 17, 14, 25, 34, 26, 27, 25, 35, 27, 28, 27, 28, 13, 26, 27, 6, 21, 6, 21, 6, 21, 6, 21, 6, 21, 25, 26, 25, 27, 26, 27, 26, 28, 27, 28, 4, 21, 26, 27, 21, 28, 25, 7, 21, 6, 6, 6, 21, 6, 21, 6, 21, 6, 21, 6, 21, 6, 17, 14, 25, 34, 26, 27, 25, 35, 27, 28, 27, 28, 13, 28, 25, 6, 21, 6, 21, 6, 21, 6, 21, 6, 21, 25, 26, 25, 27, 26, 27, 26, 28, 27, 28, 4, 21, 26, 27, 21, 28, 25, 7, 21, 6, 21, 6, 21, 6, 21, 6, 21, 6, 16, 15, 25, 26, 34, 27, 35, 25, 26, 27, 26, 27, 6, 21, 6, 21, 6, 21, 25, 26, 26, 28, 27, 28, 4, 21, 26, 27, 21, 28, 25, 7, 21, 6, 21, 6, 21, 6, 21, 6, 21, 6, 16, 15, 25, 26, 34, 27, 35, 25, 26, 27, 28, 25, 6, 21, 6, 21, 6, 21, 25, 26, 26, 28, 27, 28, 4, 21, 26, 27, 21, 28, 25, 7, 21, 6, 21, 6, 21, 6, 21, 6, 21, 6, 16, 15, 25, 34, 26, 27, 35, 25, 26, 27, 26, 27, 6, 21, 6, 21, 6, 21, 25, 26, 26, 28, 27, 28, 4, 21, 26, 27, 21, 28, 25, 7, 21, 6, 21, 6, 21, 6, 21, 6, 21, 6, 16, 15, 25, 34, 26, 27, 35, 25, 26, 27, 28, 25, 6, 21, 6, 21, 6, 21, 25, 26, 26, 28, 27, 28, 4, 21, 26, 27, 21, 28, 25, 7, 21, 6, 21, 6, 21, 6, 21, 6, 21, 6, 16, 15, 25, 26, 34, 35, 27, 25, 26, 27, 26, 27, 6, 21, 6, 21, 6, 21, 25, 26, 26, 28, 27, 28, 4, 21, 26, 27, 21, 28, 25, 7, 21, 6, 21, 6, 21, 6, 21, 6, 21, 6, 16, 15, 25, 26, 34, 35, 27, 25, 26, 27, 28, 25, 6, 21, 6, 21, 6, 21, 25, 26, 26, 28, 27, 28, 4, 21, 26, 27, 21, 28, 25, 7, 21, 6, 21, 6, 21, 6, 21, 6, 21, 6, 16, 15, 25, 34, 26, 35, 27, 25, 26, 27, 26, 27, 6, 21, 6, 21, 6, 21, 25, 26, 26, 28, 27, 28, 4, 21, 26, 27, 21, 28, 25, 7, 21, 6, 21, 6, 21, 6, 21, 6, 21, 6, 16, 15, 25, 34, 26, 35, 27, 25, 26, 27, 28, 25, 6, 21, 6, 21, 6, 21, 25, 26, 26, 28, 27, 28, 4, 21, 26, 27, 21, 28, 25]"
"[4, 7, 6, 19, 21, 21, 21, 25, 42, 43, 25, 21, 6, 21, 26, 28, 27, 28, 7, 6, 20, 15, 21, 6, 21, 6, 22, 21, 42, 43, 25, 28, 26, 27, 21, 6, 21, 6, 21, 25, 27, 26, 27, 26, 28]","[4, 5, 5, 4, 4, 5, 5, 7, 21, 6, 21, 6, 21, 6, 21, 6, 21, 6, 21, 6, 21, 6, 19, 25, 26, 34, 27, 35, 25, 26, 25, 25, 26, 27, 25, 27, 28, 21, 6, 21, 6, 21, 6, 21, 6, 21, 6, 21, 26, 28, 27, 28, 26, 25, 25, 26, 27, 25, 27, 28, 7, 21, 6, 21, 6, 21, 6, 21, 6, 21, 6, 21, 6, 21, 6, 19, 25, 34, 26, 27, 35, 25, 26, 25, 25, 26, 27, 25, 27, 28, 21, 6, 21, 6, 21, 6, 21, 6, 21, 6, 21, 26, 28, 27, 28, 26, 25, 25, 26, 27, 25, 27, 28, 7, 21, 6, 21, 6, 21, 6, 21, 6, 21, 6, 21, 6, 21, 6, 19, 25, 26, 34, 35, 27, 25, 26, 25, 25, 26, 27, 25, 27, 28, 21, 6, 21, 6, 21, 6, 21, 6, 21, 6, 21, 26, 28, 27, 28, 26, 25, 25, 26, 27, 25, 27, 28, 7, 21, 6, 21, 6, 21, 6, 21, 6, 21, 6, 21, 6, 21, 6, 19, 25, 34, 26, 35, 27, 25, 26, 25, 25, 26, 27, 25, 27, 28, 21, 6, 21, 6, 21, 6, 21, 6, 21, 6, 21, 26, 28, 27, 28, 26, 25, 25, 26, 27, 25, 27, 28, 7, 21, 6, 21, 6, 21, 6, 21, 6, 21, 6, 21, 6, 21, 6, 21, 6, 20, 15, 34, 27, 35, 26, 25, 28, 26, 27, 26, 25, 25, 26, 27, 25, 27, 28, 21, 6, 21, 6, 21, 6, 21, 6, 21, 6, 21, 6, 21, 25, 27, 26, 27, 26, 28, 26, 25, 25, 26, 27, 25, 27, 28, 7, 21, 6, 21, 6, 21, 6, 21, 6, 21, 6, 21, 6, 21, 6, 21, 6, 20, 15, 26, 27, 35, 34, 25, 28, 26, 27, 26, 25, 25, 26, 27, 25, 27, 28, 21, 6, 21, 6, 21, 6, 21, 6, 21, 6, 21, 6, 21, 25, 27, 26, 27, 26, 28, 26, 25, 25, 26, 27, 25, 27, 28, 7, 21, 6, 21, 6, 21, 6, 21, 6, 21, 6, 21, 6, 21, 6, 21, 6, 20, 15, 34, 35, 27, 26, 25, 28, 26, 27, 26, 25, 25, 26, 27, 25, 27, 28, 21, 6, 21, 6, 21, 6, 21, 6, 21, 6, 21, 6, 21, 25, 27, 26, 27, 26, 28, 26, 25, 25, 26, 27, 25, 27, 28, 7, 21, 6, 21, 6, 21, 6, 21, 6, 21, 6, 21, 6, 21, 6, 21, 6, 20, 15, 26, 35, 27, 34, 25, 28, 26, 27, 26, 25, 25, 26, 27, 25, 27, 28, 21, 6, 21, 6, 21, 6, 21, 6, 21, 6, 21, 6, 21, 25, 27, 26, 27, 26, 28, 26, 25, 25, 26, 27, 25, 27, 28]"
"[7, 6, 23, 18, 21, 6, 21, 6, 22, 21, 42, 43, 25, 27, 25, 28, 21, 6, 21, 6, 21, 25, 26, 25, 27, 26, 28]","[5, 5, 4, 4, 4, 4, 5, 7, 23, 21, 6, 21, 6, 21, 6, 21, 6, 21, 6, 18, 34, 27, 35, 26, 25, 27, 25, 28, 25, 27, 6, 21, 6, 21, 6, 21, 25, 26, 25, 27, 26, 28, 4, 21, 25, 27, 21, 28, 26, 7, 21, 6, 21, 6, 21, 6, 21, 6, 21, 6, 18, 34, 27, 35, 26, 25, 27, 25, 28, 28, 26, 6, 21, 6, 21, 6, 21, 25, 26, 25, 27, 26, 28, 4, 21, 25, 27, 21, 28, 26, 7, 21, 6, 21, 6, 21, 6, 21, 6, 21, 6, 18, 26, 27, 35, 34, 25, 27, 25, 28, 25, 27, 6, 21, 6, 21, 6, 21, 25, 26, 25, 27, 26, 28, 4, 21, 25, 27, 21, 28, 26, 7, 21, 6, 21, 6, 21, 6, 21, 6, 21, 6, 18, 26, 27, 35, 34, 25, 27, 25, 28, 28, 26, 6, 21, 6, 21, 6, 21, 25, 26, 25, 27, 26, 28, 4, 21, 25, 27, 21, 28, 26, 7, 21, 6, 21, 6, 21, 6, 21, 6, 21, 6, 18, 34, 35, 27, 26, 25, 27, 25, 28, 25, 27, 6, 21, 6, 21, 6, 21, 25, 26, 25, 27, 26, 28, 4, 21, 25, 27, 21, 28, 26, 7, 21, 6, 21, 6, 21, 6, 21, 6, 21, 6, 18, 34, 35, 27, 26, 25, 27, 25, 28, 28, 26, 6, 21, 6, 21, 6, 21, 25, 26, 25, 27, 26, 28, 4, 21, 25, 27, 21, 28, 26, 7, 21, 6, 21, 6, 21, 6, 21, 6, 21, 6, 18, 26, 35, 27, 34, 25, 27, 25, 28, 25, 27, 6, 21, 6, 21, 6, 21, 25, 26, 25, 27, 26, 28, 4, 21, 25, 27, 21, 28, 26, 7, 21, 6, 21, 6, 21, 6, 21, 6, 21, 6, 18, 26, 35, 27, 34, 25, 27, 25, 28, 28, 26, 6, 21, 6, 21, 6, 21, 25, 26, 25, 27, 26, 28, 4, 21, 25, 27, 21, 28, 26]"
"[4, 4, 4, 4, 7, 21, 21, 21, 27, 42, 43, 26, 21, 6, 21, 25, 26, 25, 27, 7, 21, 21, 21, 26, 43, 42, 25, 21, 6, 21, 25, 27, 26, 28, 7, 21, 6, 21, 6, 21, 21, 6, 21, 21, 25, 43, 26, 27, 42, 28, 25, 27, 27, 28, 21, 6, 21, 6, 21, 6, 21, 6, 21, 25, 26, 25, 27, 26, 27, 26, 28, 27, 28, 7, 21, 6, 21, 6, 22, 21, 42, 43, 25, 27, 26, 27, 21, 6, 21, 6, 21, 25, 27, 26, 27, 27, 28, 7, 21, 6, 21, 6, 21, 21, 6, 21, 21, 25, 43, 25, 27, 42, 25, 25, 27, 27, 28, 21, 6, 21, 6, 21, 6, 21, 6, 21, 25, 26, 25, 27, 26, 27, 26, 28, 27, 28]","[4, 5, 5, 4, 4, 5, 5, 5, 5, 5, 4, 5, 5, 4, 4, 5, 5, 4, 4, 5, 5, 7, 21, 6, 21, 6, 21, 27, 26, 34, 27, 35, 26, 21, 6, 21, 25, 26, 25, 27, 7, 21, 6, 21, 6, 21, 27, 34, 26, 27, 35, 26, 21, 6, 21, 25, 26, 25, 27, 7, 21, 6, 21, 6, 21, 27, 26, 34, 35, 27, 26, 21, 6, 21, 25, 26, 25, 27, 7, 21, 6, 21, 6, 21, 27, 34, 26, 35, 27, 26, 21, 6, 21, 25, 26, 25, 27, 7, 21, 6, 21, 6, 21, 26, 27, 35, 26, 34, 25, 21, 6, 21, 25, 27, 26, 28, 7, 21, 6, 21, 6, 21, 26, 35, 27, 26, 34, 25, 21, 6, 21, 25, 27, 26, 28, 7, 21, 6, 21, 6, 21, 26, 27, 35, 34, 26, 25, 21, 6, 21, 25, 27, 26, 28, 7, 21, 6, 21, 6, 21, 26, 35, 27, 34, 26, 25, 21, 6, 21, 25, 27, 26, 28, 7, 21, 6, 21, 6, 21, 6, 21, 6, 21, 6, 21, 25, 27, 35, 26, 27, 26, 34, 28, 25, 27, 27, 28, 21, 6, 21, 6, 21, 6, 21, 6, 21, 25, 26, 25, 27, 26, 27, 26, 28, 27, 28, 7, 21, 6, 21, 6, 21, 6, 21, 6, 21, 6, 21, 25, 27, 35, 26, 27, 34, 26, 28, 25, 27, 27, 28, 21, 6, 21, 6, 21, 6, 21, 6, 21, 25, 26, 25, 27, 26, 27, 26, 28, 27, 28, 7, 21, 6, 21, 6, 21, 6, 21, 6, 21, 6, 21, 25, 35, 27, 26, 27, 26, 34, 28, 25, 27, 27, 28, 21, 6, 21, 6, 21, 6, 21, 6, 21, 25, 26, 25, 27, 26, 27, 26, 28, 27, 28, 7, 21, 6, 21, 6, 21, 6, 21, 6, 21, 6, 21, 25, 35, 27, 26, 27, 34, 26, 28, 25, 27, 27, 28, 21, 6, 21, 6, 21, 6, 21, 6, 21, 25, 26, 25, 27, 26, 27, 26, 28, 27, 28, 7, 21, 6, 21, 6, 21, 6, 21, 34, 27, 35, 26, 25, 27, 25, 27, 21, 6, 21, 6, 21, 25, 27, 26, 27, 27, 28, 7, 21, 6, 21, 6, 21, 6, 21, 34, 27, 35, 26, 25, 27, 27, 27, 21, 6, 21, 6, 21, 25, 27, 26, 27, 27, 28, 7, 21, 6, 21, 6, 21, 6, 21, 34, 27, 35, 26, 25, 27, 28, 27, 21, 6, 21, 6, 21, 25, 27, 26, 27, 27, 28, 7, 21, 6, 21, 6, 21, 6, 21, 26, 27, 35, 34, 25, 27, 26, 27, 21, 6, 21, 6, 21, 25, 27, 26, 27, 27, 28, 7, 21, 6, 21, 6, 21, 6, 21, 34, 35, 27, 26, 25, 27, 26, 27, 21, 6, 21, 6, 21, 25, 27, 26, 27, 27, 28, 7, 21, 6, 21, 6, 21, 6, 21, 26, 35, 27, 34, 25, 27, 26, 27, 21, 6, 21, 6, 21, 25, 27, 26, 27, 27, 28, 7, 21, 6, 21, 6, 21, 6, 21, 6, 21, 6, 21, 25, 27, 35, 25, 27, 26, 34, 25, 25, 27, 27, 28, 21, 6, 21, 6, 21, 6, 21, 6, 21, 25, 26, 25, 27, 26, 27, 26, 28, 27, 28, 7, 21, 6, 21, 6, 21, 6, 21, 6, 21, 6, 21, 25, 27, 35, 25, 27, 34, 26, 25, 25, 27, 27, 28, 21, 6, 21, 6, 21, 6, 21, 6, 21, 25, 26, 25, 27, 26, 27, 26, 28, 27, 28, 7, 21, 6, 21, 6, 21, 6, 21, 6, 21, 6, 21, 25, 35, 27, 25, 27, 26, 34, 25, 25, 27, 27, 28, 21, 6, 21, 6, 21, 6, 21, 6, 21, 25, 26, 25, 27, 26, 27, 26, 28, 27, 28, 7, 21, 6, 21, 6, 21, 6, 21, 6, 21, 6, 21, 25, 35, 27, 25, 27, 34, 26, 25, 25, 27, 27, 28, 21, 6, 21, 6, 21, 6, 21, 6, 21, 25, 26, 25, 27, 26, 27, 26, 28, 27, 28]"
"[5, 4, 4, 7, 6, 19, 21, 6, 21, 21, 21, 28, 42, 43, 28, 26, 28, 21, 6, 21, 6, 21, 25, 26, 26, 27, 26, 28, 7, 6, 17, 21, 6, 21, 6, 21, 21, 21, 26, 43, 42, 28, 25, 27, 27, 28, 21, 6, 21, 6, 21, 6, 21, 25, 26, 25, 27, 26, 28, 27, 28, 7, 6, 12, 13, 6, 21, 21, 6, 21, 21, 27, 42, 27, 28, 43, 25, 8, 21, 26, 28, 13, 21, 6, 21, 6, 21, 6, 21, 6, 21, 25, 26, 25, 27, 26, 27, 26, 28, 27, 28, 7, 6, 18, 18, 21, 21, 21, 27, 42, 43, 28, 21, 6, 21, 26, 27, 27, 28]","[5, 5, 4, 4, 4, 4, 5, 5, 4, 4, 5, 5, 5, 5, 4, 4, 4, 4, 5, 5, 5, 5, 4, 4, 4, 4, 5, 5, 5, 5, 4, 7, 21, 6, 21, 6, 21, 6, 21, 6, 21, 6, 19, 28, 26, 34, 27, 35, 28, 26, 28, 25, 26, 6, 21, 6, 21, 6, 21, 25, 26, 26, 27, 26, 28, 4, 21, 25, 26, 21, 27, 28, 7, 21, 6, 21, 6, 21, 6, 21, 6, 21, 6, 19, 28, 26, 34, 27, 35, 28, 26, 28, 27, 28, 6, 21, 6, 21, 6, 21, 25, 26, 26, 27, 26, 28, 4, 21, 25, 26, 21, 27, 28, 7, 21, 6, 21, 6, 21, 6, 21, 6, 21, 6, 19, 28, 34, 26, 27, 35, 28, 26, 28, 25, 26, 6, 21, 6, 21, 6, 21, 25, 26, 26, 27, 26, 28, 4, 21, 25, 26, 21, 27, 28, 7, 21, 6, 21, 6, 21, 6, 21, 6, 21, 6, 19, 28, 34, 26, 27, 35, 28, 26, 28, 27, 28, 6, 21, 6, 21, 6, 21, 25, 26, 26, 27, 26, 28, 4, 21, 25, 26, 21, 27, 28, 7, 21, 6, 21, 6, 21, 6, 21, 6, 21, 6, 19, 28, 26, 34, 35, 27, 28, 26, 28, 25, 26, 6, 21, 6, 21, 6, 21, 25, 26, 26, 27, 26, 28, 4, 21, 25, 26, 21, 27, 28, 7, 21, 6, 21, 6, 21, 6, 21, 6, 21, 6, 19, 28, 26, 34, 35, 27, 28, 26, 28, 27, 28, 6, 21, 6, 21, 6, 21, 25, 26, 26, 27, 26, 28, 4, 21, 25, 26, 21, 27, 28, 7, 21, 6, 21, 6, 21, 6, 21, 6, 21, 6, 19, 28, 34, 26, 35, 27, 28, 26, 28, 25, 26, 6, 21, 6, 21, 6, 21, 25, 26, 26, 27, 26, 28, 4, 21, 25, 26, 21, 27, 28, 7, 21, 6, 21, 6, 21, 6, 21, 6, 21, 6, 19, 28, 34, 26, 35, 27, 28, 26, 28, 27, 28, 6, 21, 6, 21, 6, 21, 25, 26, 26, 27, 26, 28, 4, 21, 25, 26, 21, 27, 28, 7, 21, 6, 21, 6, 21, 6, 21, 6, 21, 6, 21, 6, 17, 26, 27, 35, 26, 34, 28, 25, 27, 27, 28, 25, 26, 6, 21, 6, 21, 6, 21, 6, 21, 25, 26, 25, 27, 26, 28, 27, 28, 4, 21, 25, 26, 21, 27, 28, 7, 21, 6, 21, 6, 21, 6, 21, 6, 21, 6, 21, 6, 17, 26, 27, 35, 26, 34, 28, 25, 27, 27, 28, 27, 28, 6, 21, 6, 21, 6, 21, 6, 21, 25, 26, 25, 27, 26, 28, 27, 28, 4, 21, 25, 26, 21, 27, 28, 7, 21, 6, 21, 6, 21, 6, 21, 6, 21, 6, 21, 6, 17, 26, 35, 27, 26, 34, 28, 25, 27, 27, 28, 25, 26, 6, 21, 6, 21, 6, 21, 6, 21, 25, 26, 25, 27, 26, 28, 27, 28, 4, 21, 25, 26, 21, 27, 28, 7, 21, 6, 21, 6, 21, 6, 21, 6, 21, 6, 21, 6, 17, 26, 35, 27, 26, 34, 28, 25, 27, 27, 28, 27, 28, 6, 21, 6, 21, 6, 21, 6, 21, 25, 26, 25, 27, 26, 28, 27, 28, 4, 21, 25, 26, 21, 27, 28, 7, 21, 6, 21, 6, 21, 6, 21, 6, 21, 6, 21, 6, 17, 26, 27, 35, 34, 26, 28, 25, 27, 27, 28, 25, 26, 6, 21, 6, 21, 6, 21, 6, 21, 25, 26, 25, 27, 26, 28, 27, 28, 4, 21, 25, 26, 21, 27, 28, 7, 21, 6, 21, 6, 21, 6, 21, 6, 21, 6, 21, 6, 17, 26, 27, 35, 34, 26, 28, 25, 27, 27, 28, 27, 28, 6, 21, 6, 21, 6, 21, 6, 21, 25, 26, 25, 27, 26, 28, 27, 28, 4, 21, 25, 26, 21, 27, 28, 7, 21, 6, 21, 6, 21, 6, 21, 6, 21, 6, 21, 6, 17, 26, 35, 27, 34, 26, 28, 25, 27, 27, 28, 25, 26, 6, 21, 6, 21, 6, 21, 6, 21, 25, 26, 25, 27, 26, 28, 27, 28, 4, 21, 25, 26, 21, 27, 28, 7, 21, 6, 21, 6, 21, 6, 21, 6, 21, 6, 21, 6, 17, 26, 35, 27, 34, 26, 28, 25, 27, 27, 28, 27, 28, 6, 21, 6, 21, 6, 21, 6, 21, 25, 26, 25, 27, 26, 28, 27, 28, 4, 21, 25, 26, 21, 27, 28, 7, 21, 6, 6, 6, 21, 6, 21, 6, 21, 6, 21, 6, 21, 6, 12, 13, 27, 26, 34, 27, 28, 27, 35, 25, 26, 28, 13, 25, 26, 6, 21, 6, 21, 6, 21, 6, 21, 6, 21, 25, 26, 25, 27, 26, 27, 26, 28, 27, 28, 4, 21, 25, 26, 21, 27, 28, 7, 21, 6, 6, 6, 21, 6, 21, 6, 21, 6, 21, 6, 21, 6, 12, 13, 27, 26, 34, 27, 28, 27, 35, 25, 26, 28, 13, 27, 28, 6, 21, 6, 21, 6, 21, 6, 21, 6, 21, 25, 26, 25, 27, 26, 27, 26, 28, 27, 28, 4, 21, 25, 26, 21, 27, 28, 7, 21, 6, 6, 6, 21, 6, 21, 6, 21, 6, 21, 6, 21, 6, 12, 13, 27, 26, 34, 27, 28, 35, 27, 25, 26, 28, 13, 25, 26, 6, 21, 6, 21, 6, 21, 6, 21, 6, 21, 25, 26, 25, 27, 26, 27, 26, 28, 27, 28, 4, 21, 25, 26, 21, 27, 28, 7, 21, 6, 6, 6, 21, 6, 21, 6, 21, 6, 21, 6, 21, 6, 12, 13, 27, 26, 34, 27, 28, 35, 27, 25, 26, 28, 13, 27, 28, 6, 21, 6, 21, 6, 21, 6, 21, 6, 21, 25, 26, 25, 27, 26, 27, 26, 28, 27, 28, 4, 21, 25, 26, 21, 27, 28, 7, 21, 6, 6, 6, 21, 6, 21, 6, 21, 6, 21, 6, 21, 6, 12, 13, 27, 34, 26, 27, 28, 27, 35, 25, 26, 28, 13, 25, 26, 6, 21, 6, 21, 6, 21, 6, 21, 6, 21, 25, 26, 25, 27, 26, 27, 26, 28, 27, 28, 4, 21, 25, 26, 21, 27, 28, 7, 21, 6, 6, 6, 21, 6, 21, 6, 21, 6, 21, 6, 21, 6, 12, 13, 27, 34, 26, 27, 28, 27, 35, 25, 26, 28, 13, 27, 28, 6, 21, 6, 21, 6, 21, 6, 21, 6, 21, 25, 26, 25, 27, 26, 27, 26, 28, 27, 28, 4, 21, 25, 26, 21, 27, 28, 7, 21, 6, 6, 6, 21, 6, 21, 6, 21, 6, 21, 6, 21, 6, 12, 13, 27, 34, 26, 27, 28, 35, 27, 25, 26, 28, 13, 25, 26, 6, 21, 6, 21, 6, 21, 6, 21, 6, 21, 25, 26, 25, 27, 26, 27, 26, 28, 27, 28, 4, 21, 25, 26, 21, 27, 28, 7, 21, 6, 6, 6, 21, 6, 21, 6, 21, 6, 21, 6, 21, 6, 12, 13, 27, 34, 26, 27, 28, 35, 27, 25, 26, 28, 13, 27, 28, 6, 21, 6, 21, 6, 21, 6, 21, 6, 21, 25, 26, 25, 27, 26, 27, 26, 28, 27, 28, 4, 21, 25, 26, 21, 27, 28, 7, 21, 6, 21, 6, 21, 6, 21, 6, 18, 18, 27, 26, 34, 27, 35, 28, 25, 26, 6, 21, 6, 21, 26, 27, 27, 28, 4, 21, 25, 26, 21, 27, 28, 7, 21, 6, 21, 6, 21, 6, 21, 6, 18, 18, 27, 26, 34, 27, 35, 28, 27, 28, 6, 21, 6, 21, 26, 27, 27, 28, 4, 21, 25, 26, 21, 27, 28, 7, 21, 6, 21, 6, 21, 6, 21, 6, 18, 18, 27, 34, 26, 27, 35, 28, 25, 26, 6, 21, 6, 21, 26, 27, 27, 28, 4, 21, 25, 26, 21, 27, 28, 7, 21, 6, 21, 6, 21, 6, 21, 6, 18, 18, 27, 34, 26, 27, 35, 28, 27, 28, 6, 21, 6, 21, 26, 27, 27, 28, 4, 21, 25, 26, 21, 27, 28, 7, 21, 6, 21, 6, 21, 6, 21, 6, 18, 18, 27, 26, 34, 35, 27, 28, 25, 26, 6, 21, 6, 21, 26, 27, 27, 28, 4, 21, 25, 26, 21, 27, 28, 7, 21, 6, 21, 6, 21, 6, 21, 6, 18, 18, 27, 26, 34, 35, 27, 28, 27, 28, 6, 21, 6, 21, 26, 27, 27, 28, 4, 21, 25, 26, 21, 27, 28, 7, 21, 6, 21, 6, 21, 6, 21, 6, 18, 18, 27, 34, 26, 35, 27, 28, 25, 26, 6, 21, 6, 21, 26, 27, 27, 28, 4, 21, 25, 26, 21, 27, 28, 7, 21, 6, 21, 6, 21, 6, 21, 6, 18, 18, 27, 34, 26, 35, 27, 28, 27, 28, 6, 21, 6, 21, 26, 27, 27, 28, 4, 21, 25, 26, 21, 27, 28]"
"[4, 7, 21, 21, 21, 27, 42, 43, 28, 21, 6, 21, 26, 27, 26, 28, 7, 22, 21, 42, 43, 21, 27, 28]","[4, 5, 5, 4, 4, 4, 4, 4, 5, 7, 21, 6, 21, 6, 21, 27, 26, 34, 27, 35, 28, 21, 6, 21, 26, 27, 26, 28, 7, 21, 6, 21, 6, 21, 27, 34, 26, 27, 35, 28, 21, 6, 21, 26, 27, 26, 28, 7, 21, 6, 21, 6, 21, 25, 26, 34, 35, 27, 28, 21, 6, 21, 26, 27, 26, 28, 7, 21, 6, 21, 6, 21, 26, 26, 34, 35, 27, 28, 21, 6, 21, 26, 27, 26, 28, 7, 21, 6, 21, 6, 21, 28, 26, 34, 35, 27, 28, 21, 6, 21, 26, 27, 26, 28, 7, 21, 6, 21, 6, 21, 27, 34, 26, 35, 27, 28, 21, 6, 21, 26, 27, 26, 28, 7, 21, 6, 21, 34, 27, 35, 26, 21, 27, 28, 7, 21, 6, 21, 26, 27, 35, 34, 21, 27, 28, 7, 21, 6, 21, 34, 35, 27, 26, 21, 27, 28, 7, 21, 6, 21, 26, 35, 27, 34, 21, 27, 28]"
"[5, 5, 4, 7, 6, 23, 20, 21, 6, 21, 21, 6, 21, 21, 26, 43, 26, 27, 42, 28, 25, 28, 21, 6, 21, 6, 21, 6, 21, 25, 26, 26, 27, 26, 28, 27, 28, 7, 6, 20, 18, 22, 21, 42, 43, 21, 26, 27, 7, 6, 15, 19, 21, 6, 21, 21, 6, 21, 21, 25, 42, 28, 26, 43, 28, 25, 28, 21, 6, 21, 6, 21, 6, 21, 25, 26, 25, 27, 26, 28, 27, 28, 7, 6, 17, 21, 21, 21, 25, 43, 42, 27, 21, 6, 21, 25, 27, 26, 27]","[5, 5, 4, 4, 5, 5, 4, 4, 5, 4, 4, 5, 5, 4, 5, 4, 4, 7, 23, 21, 6, 21, 6, 21, 6, 21, 6, 21, 6, 21, 6, 20, 26, 27, 35, 26, 27, 26, 34, 28, 25, 28, 28, 25, 21, 6, 21, 6, 21, 6, 21, 6, 21, 25, 26, 26, 27, 26, 28, 27, 28, 28, 25, 7, 21, 6, 21, 6, 21, 6, 21, 6, 21, 6, 21, 6, 20, 26, 27, 35, 26, 27, 34, 26, 28, 25, 28, 28, 25, 21, 6, 21, 6, 21, 6, 21, 6, 21, 25, 26, 26, 27, 26, 28, 27, 28, 28, 25, 7, 21, 6, 21, 6, 21, 6, 21, 6, 21, 6, 21, 6, 20, 26, 35, 27, 26, 27, 26, 34, 28, 25, 28, 28, 25, 21, 6, 21, 6, 21, 6, 21, 6, 21, 25, 26, 26, 27, 26, 28, 27, 28, 28, 25, 7, 21, 6, 21, 6, 21, 6, 21, 6, 21, 6, 21, 6, 20, 26, 35, 27, 26, 27, 34, 26, 28, 25, 28, 28, 25, 21, 6, 21, 6, 21, 6, 21, 6, 21, 25, 26, 26, 27, 26, 28, 27, 28, 28, 25, 7, 21, 6, 21, 6, 21, 6, 20, 18, 34, 27, 35, 26, 28, 25, 21, 6, 21, 26, 27, 28, 25, 7, 21, 6, 21, 6, 21, 6, 20, 18, 26, 27, 35, 34, 28, 25, 21, 6, 21, 26, 27, 28, 25, 7, 21, 6, 21, 6, 21, 6, 20, 18, 35, 34, 27, 26, 28, 25, 21, 6, 5, 21, 28, 25, 21, 26, 27, 26, 27, 7, 21, 6, 21, 6, 21, 6, 20, 18, 35, 34, 27, 26, 28, 25, 21, 6, 5, 21, 28, 25, 21, 26, 27, 28, 25, 7, 21, 6, 21, 6, 21, 6, 20, 18, 26, 35, 27, 34, 28, 25, 21, 6, 21, 26, 27, 28, 25, 7, 21, 6, 21, 6, 21, 6, 21, 6, 21, 6, 21, 6, 15, 19, 25, 26, 34, 28, 26, 27, 35, 28, 25, 28, 28, 25, 21, 6, 21, 6, 21, 6, 21, 6, 21, 25, 26, 25, 27, 26, 28, 27, 28, 28, 25, 7, 21, 6, 21, 6, 21, 6, 21, 6, 21, 6, 21, 6, 15, 19, 25, 26, 34, 28, 26, 35, 27, 28, 25, 28, 28, 25, 21, 6, 21, 6, 21, 6, 21, 6, 21, 25, 26, 25, 27, 26, 28, 27, 28, 28, 25, 7, 21, 6, 21, 6, 21, 6, 21, 6, 21, 6, 21, 6, 15, 19, 25, 34, 26, 28, 26, 27, 35, 28, 25, 28, 28, 25, 21, 6, 21, 6, 21, 6, 21, 6, 21, 25, 26, 25, 27, 26, 28, 27, 28, 28, 25, 7, 21, 6, 21, 6, 21, 6, 21, 6, 21, 6, 21, 6, 15, 19, 25, 34, 26, 28, 26, 35, 27, 28, 25, 28, 28, 25, 21, 6, 21, 6, 21, 6, 21, 6, 21, 25, 26, 25, 27, 26, 28, 27, 28, 28, 25, 7, 21, 6, 21, 6, 21, 6, 21, 6, 17, 25, 27, 35, 26, 34, 27, 28, 25, 21, 6, 21, 6, 23, 4, 4, 21, 26, 27, 21, 27, 27, 21, 28, 27, 26, 27, 28, 25, 7, 21, 6, 21, 6, 21, 6, 21, 6, 17, 25, 35, 27, 26, 34, 27, 28, 25, 21, 6, 21, 6, 21, 25, 27, 26, 27, 28, 25, 7, 21, 6, 21, 6, 21, 6, 21, 6, 17, 25, 27, 35, 34, 26, 27, 28, 25, 21, 6, 21, 6, 5, 21, 26, 27, 21, 25, 27, 25, 27, 28, 25, 7, 21, 6, 21, 6, 21, 6, 21, 6, 17, 25, 27, 35, 34, 26, 27, 28, 25, 21, 6, 21, 6, 5, 21, 26, 27, 21, 25, 27, 26, 27, 28, 25, 7, 21, 6, 21, 6, 21, 6, 21, 6, 17, 25, 35, 27, 34, 26, 27, 28, 25, 21, 6, 21, 6, 21, 25, 27, 26, 27, 28, 25]"
"[4, 4, 4, 7, 21, 6, 21, 6, 22, 21, 42, 43, 25, 27, 25, 28, 21, 6, 21, 6, 21, 25, 26, 26, 28, 27, 28, 7, 6, 18, 11, 21, 6, 21, 6, 21, 21, 6, 21, 21, 26, 43, 25, 27, 42, 28, 25, 28, 26, 28, 21, 6, 21, 6, 21, 6, 21, 6, 21, 25, 26, 25, 27, 26, 27, 26, 28, 27, 28, 7, 6, 16, 16, 21, 21, 21, 28, 42, 43, 28, 21, 6, 21, 25, 27, 26, 28, 7, 6, 16, 19, 21, 6, 21, 21, 21, 28, 43, 42, 25, 26, 28, 21, 6, 21, 6, 21, 25, 27, 26, 27, 26, 28]","[4, 5, 5, 4, 4, 5, 5, 4, 4, 5, 5, 4, 4, 5, 5, 7, 21, 6, 21, 6, 21, 6, 21, 34, 27, 35, 26, 25, 27, 25, 28, 21, 6, 21, 6, 21, 25, 26, 26, 28, 27, 28, 7, 21, 6, 21, 6, 21, 6, 21, 26, 27, 35, 34, 25, 27, 25, 28, 21, 6, 21, 6, 21, 26, 25, 26, 28, 27, 28, 7, 21, 6, 21, 6, 21, 6, 21, 34, 35, 27, 26, 25, 27, 25, 28, 21, 6, 21, 6, 21, 25, 26, 26, 28, 27, 28, 7, 21, 6, 21, 6, 21, 6, 21, 26, 35, 27, 34, 25, 27, 25, 28, 21, 6, 21, 6, 21, 25, 26, 26, 28, 27, 28, 7, 21, 6, 21, 6, 21, 6, 21, 6, 21, 6, 21, 6, 18, 11, 26, 27, 35, 25, 27, 26, 34, 28, 25, 28, 26, 28, 21, 6, 21, 6, 21, 6, 21, 6, 21, 25, 26, 25, 27, 26, 27, 26, 28, 27, 28, 7, 21, 6, 21, 6, 21, 6, 21, 6, 21, 6, 21, 6, 18, 11, 26, 27, 35, 25, 27, 34, 26, 28, 25, 28, 26, 28, 21, 6, 21, 6, 21, 6, 21, 6, 21, 25, 26, 25, 27, 26, 27, 26, 28, 27, 28, 7, 21, 6, 21, 6, 21, 6, 21, 6, 21, 6, 21, 6, 18, 11, 26, 35, 27, 25, 27, 26, 34, 28, 25, 28, 26, 28, 21, 6, 21, 6, 21, 6, 21, 6, 21, 25, 26, 25, 27, 26, 27, 26, 28, 27, 28, 7, 21, 6, 21, 6, 21, 6, 21, 6, 21, 6, 21, 6, 18, 11, 26, 35, 27, 25, 27, 34, 26, 28, 25, 28, 26, 28, 21, 6, 21, 6, 21, 6, 21, 6, 21, 25, 26, 25, 27, 26, 27, 26, 28, 27, 28, 7, 21, 6, 21, 6, 21, 6, 16, 16, 28, 26, 34, 27, 35, 28, 21, 6, 21, 25, 27, 26, 28, 7, 21, 6, 21, 6, 21, 6, 16, 16, 28, 34, 26, 27, 35, 28, 21, 6, 21, 27, 25, 26, 28, 7, 21, 6, 21, 6, 21, 6, 16, 16, 28, 26, 34, 35, 27, 28, 21, 6, 21, 25, 27, 26, 28, 7, 21, 6, 21, 6, 21, 6, 16, 16, 28, 34, 26, 35, 27, 28, 21, 6, 21, 25, 27, 26, 28, 7, 21, 6, 21, 6, 21, 6, 21, 6, 16, 19, 28, 27, 35, 26, 34, 25, 26, 28, 21, 6, 21, 6, 21, 25, 27, 26, 27, 26, 28, 7, 21, 6, 21, 6, 21, 6, 21, 6, 16, 19, 28, 35, 27, 26, 34, 25, 26, 28, 21, 6, 21, 6, 21, 25, 27, 26, 27, 26, 28, 7, 21, 6, 21, 6, 21, 6, 21, 6, 16, 19, 28, 27, 35, 34, 26, 25, 26, 28, 21, 6, 21, 6, 21, 25, 27, 26, 27, 26, 28, 7, 21, 6, 21, 6, 21, 6, 21, 6, 16, 19, 28, 35, 27, 34, 26, 25, 26, 28, 21, 6, 21, 6, 21, 25, 27, 26, 27, 26, 28]"
"[4, 7, 6, 23, 20, 6, 21, 21, 6, 21, 21, 26, 43, 28, 27, 42, 28, 8, 21, 27, 28, 13, 21, 6, 21, 6, 21, 6, 21, 6, 21, 25, 26, 25, 27, 26, 27, 26, 28, 27, 28, 7, 6, 18, 18, 21, 6, 21, 21, 21, 25, 43, 42, 28, 27, 28, 21, 6, 21, 6, 21, 25, 26, 26, 27, 26, 28]","[4, 5, 5, 4, 5, 5, 4, 4, 7, 23, 6, 6, 21, 6, 21, 6, 21, 6, 21, 6, 21, 6, 20, 26, 27, 35, 28, 27, 26, 34, 28, 27, 28, 13, 21, 6, 21, 6, 6, 21, 6, 21, 25, 26, 25, 27, 23, 4, 4, 21, 25, 27, 21, 27, 27, 21, 28, 27, 26, 28, 27, 28, 7, 6, 6, 21, 6, 21, 6, 21, 6, 21, 6, 21, 6, 20, 26, 27, 35, 28, 27, 34, 26, 28, 27, 28, 13, 21, 6, 21, 6, 21, 6, 21, 6, 21, 25, 26, 25, 27, 26, 27, 26, 28, 27, 28, 7, 6, 6, 21, 6, 21, 6, 21, 6, 21, 6, 21, 6, 20, 26, 35, 27, 28, 27, 26, 34, 28, 27, 28, 13, 21, 6, 21, 6, 21, 6, 21, 6, 5, 21, 25, 26, 21, 25, 27, 25, 27, 26, 27, 26, 28, 27, 28, 7, 6, 6, 21, 6, 21, 6, 21, 6, 21, 6, 21, 6, 20, 26, 35, 27, 28, 27, 26, 34, 28, 27, 28, 13, 21, 6, 21, 6, 21, 6, 21, 6, 5, 21, 25, 26, 21, 25, 27, 25, 26, 26, 27, 26, 28, 27, 28, 7, 6, 6, 21, 6, 21, 6, 21, 6, 21, 6, 21, 6, 20, 26, 35, 27, 28, 27, 34, 26, 28, 27, 28, 13, 21, 6, 21, 6, 21, 6, 21, 6, 21, 25, 26, 25, 27, 26, 27, 26, 28, 27, 28, 7, 21, 6, 21, 6, 21, 6, 21, 6, 18, 18, 25, 27, 35, 26, 34, 28, 27, 28, 21, 6, 21, 6, 21, 25, 26, 26, 27, 26, 28, 7, 21, 6, 21, 6, 21, 6, 21, 6, 18, 18, 25, 35, 27, 26, 34, 28, 27, 28, 21, 6, 21, 6, 21, 25, 26, 26, 27, 26, 28, 7, 21, 6, 21, 6, 21, 6, 21, 6, 18, 18, 25, 27, 35, 34, 26, 28, 27, 28, 21, 6, 21, 6, 21, 25, 26, 26, 27, 26, 28, 7, 21, 6, 21, 6, 21, 6, 21, 6, 18, 18, 25, 35, 27, 34, 26, 28, 27, 28, 21, 6, 21, 6, 21, 25, 26, 26, 27, 26, 28]"
"[5, 5, 4, 7, 6, 17, 21, 21, 21, 26, 43, 42, 27, 21, 6, 21, 25, 26, 25, 27, 7, 6, 18, 17, 21, 6, 21, 21, 6, 21, 21, 26, 43, 28, 27, 42, 28, 25, 28, 21, 6, 21, 6, 21, 6, 21, 25, 26, 26, 27, 26, 28, 27, 28, 7, 6, 17, 18, 21, 6, 21, 21, 21, 28, 42, 43, 28, 27, 28, 21, 6, 21, 6, 21, 25, 26, 26, 27, 27, 28, 7, 6, 20, 17, 22, 21, 42, 43, 21, 26, 28]","[5, 4, 4, 5, 5, 4, 4, 5, 4, 5, 5, 4, 4, 4, 5, 5, 7, 21, 6, 21, 6, 21, 6, 21, 6, 17, 26, 27, 35, 26, 34, 27, 27, 26, 21, 6, 21, 6, 21, 25, 26, 25, 27, 27, 26, 7, 21, 6, 21, 6, 21, 6, 21, 6, 17, 26, 35, 27, 26, 34, 27, 27, 26, 21, 6, 21, 6, 21, 25, 26, 25, 27, 27, 26, 7, 21, 6, 21, 6, 21, 6, 21, 6, 17, 26, 27, 35, 34, 26, 27, 27, 26, 21, 6, 21, 6, 5, 21, 25, 26, 21, 25, 27, 25, 27, 27, 26, 7, 21, 6, 21, 6, 21, 6, 21, 6, 17, 26, 27, 35, 34, 26, 27, 27, 26, 21, 6, 21, 6, 5, 21, 25, 26, 21, 25, 27, 25, 26, 27, 26, 7, 21, 6, 21, 6, 21, 6, 21, 6, 17, 26, 35, 27, 34, 26, 27, 27, 26, 21, 6, 21, 6, 21, 25, 26, 25, 27, 27, 26, 7, 21, 6, 21, 6, 21, 6, 21, 6, 21, 6, 21, 6, 18, 17, 26, 27, 35, 28, 27, 26, 34, 28, 25, 28, 27, 26, 21, 6, 21, 6, 21, 6, 21, 6, 21, 25, 26, 26, 27, 26, 28, 27, 28, 27, 26, 7, 21, 6, 21, 6, 21, 6, 21, 6, 21, 6, 21, 6, 18, 17, 26, 27, 35, 28, 27, 34, 26, 28, 25, 28, 27, 26, 21, 6, 21, 6, 21, 6, 21, 6, 21, 25, 26, 26, 27, 26, 28, 27, 28, 27, 26, 7, 21, 6, 21, 6, 21, 6, 21, 6, 21, 6, 21, 6, 18, 17, 26, 35, 27, 28, 27, 26, 34, 28, 25, 28, 27, 26, 21, 6, 21, 6, 21, 6, 21, 6, 21, 25, 26, 26, 27, 26, 28, 27, 28, 27, 26, 7, 21, 6, 21, 6, 21, 6, 21, 6, 21, 6, 21, 6, 18, 17, 26, 35, 27, 28, 27, 34, 26, 28, 25, 28, 27, 26, 21, 6, 21, 6, 21, 6, 21, 6, 21, 25, 26, 26, 27, 26, 28, 27, 28, 27, 26, 7, 21, 6, 21, 6, 21, 6, 21, 6, 21, 6, 17, 18, 28, 26, 34, 27, 35, 28, 27, 28, 27, 26, 21, 6, 6, 21, 6, 21, 25, 26, 26, 27, 23, 4, 4, 21, 25, 28, 21, 26, 28, 21, 28, 28, 27, 26, 7, 21, 6, 21, 6, 21, 6, 21, 6, 21, 6, 17, 18, 28, 34, 26, 27, 35, 28, 27, 28, 27, 26, 21, 6, 21, 6, 21, 6, 21, 25, 26, 26, 27, 27, 28, 27, 26, 7, 21, 6, 21, 6, 21, 6, 21, 6, 21, 6, 17, 18, 28, 26, 34, 35, 27, 28, 27, 28, 27, 26, 21, 6, 21, 6, 21, 6, 21, 25, 26, 26, 27, 27, 28, 27, 26, 7, 21, 6, 21, 6, 21, 6, 21, 6, 21, 6, 17, 18, 28, 34, 26, 35, 27, 28, 27, 28, 27, 26, 21, 6, 21, 6, 21, 6, 21, 25, 26, 26, 27, 27, 28, 27, 26, 7, 21, 6, 21, 6, 21, 6, 20, 17, 34, 27, 35, 26, 27, 26, 21, 6, 21, 26, 28, 27, 26, 7, 21, 6, 21, 6, 21, 6, 20, 17, 26, 27, 35, 34, 27, 26, 21, 6, 21, 26, 28, 27, 26, 7, 21, 6, 21, 6, 21, 6, 20, 17, 34, 35, 27, 26, 27, 26, 21, 6, 21, 26, 28, 27, 26, 7, 21, 6, 21, 6, 21, 6, 20, 17, 26, 35, 27, 34, 27, 26, 21, 6, 21, 26, 28, 27, 26]"
"[7, 6, 17, 21, 6, 22, 21, 42, 43, 25, 27, 21, 6, 21, 25, 27, 26, 28]","[4, 4, 5, 5, 5, 5, 4, 7, 21, 6, 21, 6, 21, 6, 21, 6, 21, 6, 17, 34, 27, 35, 26, 25, 27, 25, 27, 25, 27, 6, 21, 6, 21, 6, 21, 25, 27, 26, 28, 25, 27, 4, 21, 25, 27, 21, 28, 26, 7, 21, 6, 21, 6, 21, 6, 21, 6, 21, 6, 17, 34, 27, 35, 26, 25, 27, 25, 27, 28, 26, 6, 21, 6, 21, 6, 21, 25, 27, 26, 28, 25, 27, 4, 21, 25, 27, 21, 28, 26, 7, 21, 6, 21, 6, 21, 6, 21, 6, 21, 6, 17, 26, 27, 35, 34, 25, 27, 25, 27, 25, 27, 6, 21, 6, 21, 6, 23, 4, 4, 21, 26, 27, 21, 27, 27, 21, 28, 27, 26, 28, 25, 27, 4, 21, 25, 27, 21, 28, 26, 7, 21, 6, 21, 6, 21, 6, 21, 6, 21, 6, 17, 26, 27, 35, 34, 25, 27, 25, 27, 28, 26, 6, 21, 6, 21, 6, 21, 25, 27, 26, 28, 25, 27, 4, 21, 25, 27, 21, 28, 26, 7, 21, 6, 21, 6, 21, 6, 21, 6, 21, 6, 17, 34, 35, 27, 26, 25, 27, 25, 27, 25, 27, 6, 21, 6, 21, 6, 21, 25, 27, 26, 28, 25, 27, 4, 21, 25, 27, 21, 28, 26, 7, 21, 6, 21, 6, 21, 6, 21, 6, 21, 6, 17, 34, 35, 27, 26, 25, 27, 25, 27, 28, 26, 6, 21, 6, 21, 6, 21, 25, 27, 26, 28, 25, 27, 4, 21, 25, 27, 21, 28, 26, 7, 21, 6, 21, 6, 21, 6, 21, 6, 21, 6, 17, 26, 35, 27, 34, 25, 27, 25, 27, 25, 27, 6, 21, 6, 21, 6, 21, 25, 27, 26, 28, 25, 27, 4, 21, 25, 27, 21, 28, 26, 7, 21, 6, 21, 6, 21, 6, 21, 6, 21, 6, 17, 26, 35, 27, 34, 25, 27, 25, 27, 28, 26, 6, 21, 6, 21, 6, 21, 25, 27, 26, 28, 25, 27, 4, 21, 25, 27, 21, 28, 26]"
"[7, 6, 17, 21, 21, 21, 28, 42, 43, 26, 21, 6, 21, 26, 27, 26, 28]","[4, 4, 4, 4, 5, 7, 21, 6, 21, 6, 21, 6, 21, 6, 17, 28, 26, 34, 27, 35, 26, 25, 28, 21, 6, 21, 6, 21, 26, 27, 26, 28, 25, 28, 7, 21, 6, 21, 6, 21, 6, 21, 6, 17, 28, 34, 26, 27, 35, 26, 25, 28, 21, 6, 21, 6, 21, 26, 27, 26, 28, 25, 28, 7, 21, 6, 21, 6, 21, 6, 21, 6, 17, 25, 26, 34, 35, 27, 26, 25, 28, 21, 6, 21, 6, 21, 26, 27, 26, 28, 25, 28, 7, 21, 6, 21, 6, 21, 6, 21, 6, 17, 26, 26, 34, 35, 27, 26, 25, 28, 21, 6, 21, 6, 21, 26, 27, 26, 28, 25, 28, 7, 21, 6, 21, 6, 21, 6, 21, 6, 17, 27, 26, 34, 35, 27, 26, 25, 28, 21, 6, 21, 6, 21, 26, 27, 26, 28, 25, 28, 7, 21, 6, 21, 6, 21, 6, 21, 6, 17, 28, 34, 26, 35, 27, 26, 25, 28, 21, 6, 21, 6, 21, 26, 27, 26, 28, 25, 28]"
"[5, 5, 5, 7, 6, 23, 20, 21, 6, 21, 6, 21, 21, 21, 25, 43, 42, 28, 25, 27, 26, 27, 21, 6, 21, 6, 21, 6, 21, 25, 26, 25, 27, 26, 28, 27, 28, 7, 6, 12, 11, 21, 6, 21, 6, 22, 21, 42, 43, 25, 26, 27, 28, 21, 6, 21, 6, 21, 25, 27, 26, 27, 26, 28, 7, 6, 14, 18, 21, 6, 21, 6, 21, 21, 6, 21, 21, 26, 43, 28, 28, 42, 25, 25, 26, 25, 27, 21, 6, 21, 6, 21, 6, 21, 6, 21, 25, 26, 25, 27, 26, 27, 26, 28, 27, 28, 7, 6, 17, 18, 21, 21, 21, 26, 43, 42, 25, 21, 6, 21, 26, 28, 27, 28]","[5, 5, 4, 4, 4, 4, 5, 5, 5, 5, 4, 4, 4, 4, 5, 5, 5, 5, 4, 4, 4, 4, 5, 5, 5, 5, 4, 4, 4, 4, 5, 7, 23, 21, 6, 21, 6, 21, 6, 21, 6, 21, 6, 21, 6, 20, 25, 27, 35, 26, 34, 28, 25, 27, 26, 27, 28, 27, 6, 21, 6, 21, 6, 21, 6, 21, 25, 26, 25, 27, 26, 28, 27, 28, 4, 21, 28, 27, 21, 26, 25, 7, 21, 6, 21, 6, 21, 6, 21, 6, 21, 6, 21, 6, 20, 25, 27, 35, 26, 34, 28, 25, 27, 26, 27, 26, 25, 6, 21, 6, 21, 6, 21, 6, 21, 25, 26, 25, 27, 26, 28, 27, 28, 4, 21, 28, 27, 21, 26, 25, 7, 21, 6, 21, 6, 21, 6, 21, 6, 21, 6, 21, 6, 20, 25, 35, 27, 26, 34, 28, 25, 27, 26, 27, 28, 27, 6, 21, 6, 21, 6, 21, 6, 21, 25, 26, 25, 27, 26, 28, 27, 28, 4, 21, 28, 27, 21, 26, 25, 7, 21, 6, 21, 6, 21, 6, 21, 6, 21, 6, 21, 6, 20, 25, 35, 27, 26, 34, 28, 25, 27, 26, 27, 26, 25, 6, 21, 6, 21, 6, 21, 6, 21, 25, 26, 25, 27, 26, 28, 27, 28, 4, 21, 28, 27, 21, 26, 25, 7, 21, 6, 21, 6, 21, 6, 21, 6, 21, 6, 21, 6, 20, 25, 27, 35, 34, 26, 28, 25, 27, 26, 27, 28, 27, 6, 21, 6, 21, 6, 21, 6, 21, 25, 26, 25, 27, 26, 28, 27, 28, 4, 21, 28, 27, 21, 26, 25, 7, 21, 6, 21, 6, 21, 6, 21, 6, 21, 6, 21, 6, 20, 25, 27, 35, 34, 26, 28, 25, 27, 26, 27, 26, 25, 6, 21, 6, 21, 6, 21, 6, 21, 25, 26, 25, 27, 26, 28, 27, 28, 4, 21, 28, 27, 21, 26, 25, 7, 21, 6, 21, 6, 21, 6, 21, 6, 21, 6, 21, 6, 20, 25, 35, 27, 34, 26, 28, 25, 27, 26, 27, 28, 27, 6, 21, 6, 21, 6, 21, 6, 21, 25, 26, 25, 27, 26, 28, 27, 28, 4, 21, 28, 27, 21, 26, 25, 7, 21, 6, 21, 6, 21, 6, 21, 6, 21, 6, 21, 6, 20, 25, 35, 27, 34, 26, 28, 25, 27, 26, 27, 26, 25, 6, 21, 6, 21, 6, 21, 6, 21, 25, 26, 25, 27, 26, 28, 27, 28, 4, 21, 28, 27, 21, 26, 25, 7, 21, 6, 21, 6, 21, 6, 21, 6, 21, 6, 12, 11, 34, 27, 35, 26, 25, 26, 27, 28, 28, 27, 6, 21, 6, 21, 6, 21, 25, 27, 26, 27, 26, 28, 4, 21, 28, 27, 21, 26, 25, 7, 21, 6, 21, 6, 21, 6, 21, 6, 21, 6, 12, 11, 34, 27, 35, 26, 25, 26, 27, 28, 26, 25, 6, 21, 6, 21, 6, 21, 25, 27, 26, 27, 26, 28, 4, 21, 28, 27, 21, 26, 25, 7, 21, 6, 21, 6, 21, 6, 21, 6, 21, 6, 12, 11, 26, 27, 35, 34, 25, 26, 27, 28, 28, 27, 6, 21, 6, 21, 6, 21, 25, 27, 26, 27, 26, 28, 4, 21, 28, 27, 21, 26, 25, 7, 21, 6, 21, 6, 21, 6, 21, 6, 21, 6, 12, 11, 26, 27, 35, 34, 25, 26, 27, 28, 26, 25, 6, 21, 6, 21, 6, 21, 25, 27, 26, 27, 26, 28, 4, 21, 28, 27, 21, 26, 25, 7, 21, 6, 21, 6, 21, 6, 21, 6, 21, 6, 12, 11, 34, 35, 27, 26, 25, 26, 27, 28, 28, 27, 6, 21, 6, 21, 6, 21, 25, 27, 26, 27, 26, 28, 4, 21, 28, 27, 21, 26, 25, 7, 21, 6, 21, 6, 21, 6, 21, 6, 21, 6, 12, 11, 34, 35, 27, 26, 25, 26, 27, 28, 26, 25, 6, 21, 6, 21, 6, 21, 25, 27, 26, 27, 26, 28, 4, 21, 28, 27, 21, 26, 25, 7, 21, 6, 21, 6, 21, 6, 21, 6, 21, 6, 12, 11, 26, 35, 27, 34, 25, 26, 27, 28, 28, 27, 6, 21, 6, 21, 6, 21, 25, 27, 26, 27, 26, 28, 4, 21, 28, 27, 21, 26, 25, 7, 21, 6, 21, 6, 21, 6, 21, 6, 21, 6, 12, 11, 26, 35, 27, 34, 25, 26, 27, 28, 26, 25, 6, 21, 6, 21, 6, 21, 25, 27, 26, 27, 26, 28, 4, 21, 28, 27, 21, 26, 25, 7, 21, 6, 21, 6, 21, 6, 21, 6, 21, 6, 21, 6, 21, 6, 14, 18, 26, 27, 35, 28, 28, 26, 34, 25, 25, 26, 25, 27, 28, 27, 6, 21, 6, 21, 6, 21, 6, 21, 6, 21, 25, 26, 25, 27, 26, 27, 26, 28, 27, 28, 4, 21, 28, 27, 21, 26, 25, 7, 21, 6, 21, 6, 21, 6, 21, 6, 21, 6, 21, 6, 21, 6, 14, 18, 26, 27, 35, 28, 28, 26, 34, 25, 25, 26, 25, 27, 26, 25, 6, 21, 6, 21, 6, 21, 6, 21, 6, 21, 25, 26, 25, 27, 26, 27, 26, 28, 27, 28, 4, 21, 28, 27, 21, 26, 25, 7, 21, 6, 21, 6, 21, 6, 21, 6, 21, 6, 21, 6, 21, 6, 14, 18, 26, 27, 35, 28, 28, 34, 26, 25, 25, 26, 25, 27, 28, 27, 6, 21, 6, 21, 6, 21, 6, 21, 6, 21, 25, 26, 25, 27, 26, 27, 26, 28, 27, 28, 4, 21, 28, 27, 21, 26, 25, 7, 21, 6, 21, 6, 21, 6, 21, 6, 21, 6, 21, 6, 21, 6, 14, 18, 26, 27, 35, 28, 28, 34, 26, 25, 25, 26, 25, 27, 26, 25, 6, 21, 6, 21, 6, 21, 6, 21, 6, 21, 25, 26, 25, 27, 26, 27, 26, 28, 27, 28, 4, 21, 28, 27, 21, 26, 25, 7, 21, 6, 21, 6, 21, 6, 21, 6, 21, 6, 21, 6, 21, 6, 14, 18, 26, 35, 27, 28, 28, 26, 34, 25, 25, 26, 25, 27, 28, 27, 6, 21, 6, 21, 6, 21, 6, 21, 6, 21, 25, 26, 25, 27, 26, 27, 26, 28, 27, 28, 4, 21, 28, 27, 21, 26, 25, 7, 21, 6, 21, 6, 21, 6, 21, 6, 21, 6, 21, 6, 21, 6, 14, 18, 26, 35, 27, 28, 28, 26, 34, 25, 25, 26, 25, 27, 26, 25, 6, 21, 6, 21, 6, 21, 6, 21, 6, 21, 25, 26, 25, 27, 26, 27, 26, 28, 27, 28, 4, 21, 28, 27, 21, 26, 25, 7, 21, 6, 21, 6, 21, 6, 21, 6, 21, 6, 21, 6, 21, 6, 14, 18, 26, 35, 27, 28, 28, 34, 26, 25, 25, 26, 25, 27, 28, 27, 6, 6, 21, 6, 21, 6, 21, 6, 21, 25, 26, 25, 27, 26, 27, 26, 28, 23, 4, 4, 21, 25, 28, 21, 26, 28, 21, 28, 28, 4, 21, 28, 27, 21, 26, 25, 7, 21, 6, 21, 6, 21, 6, 21, 6, 21, 6, 21, 6, 21, 6, 14, 18, 26, 35, 27, 28, 28, 34, 26, 25, 25, 26, 25, 27, 26, 25, 6, 6, 21, 6, 21, 6, 21, 6, 21, 25, 26, 25, 27, 26, 27, 26, 28, 23, 4, 4, 21, 25, 28, 21, 26, 28, 21, 28, 28, 4, 21, 28, 27, 21, 26, 25, 7, 21, 6, 21, 6, 21, 6, 21, 6, 17, 18, 26, 27, 35, 26, 34, 25, 28, 27, 6, 21, 6, 21, 26, 28, 27, 28, 4, 21, 28, 27, 21, 26, 25, 7, 21, 6, 21, 6, 21, 6, 21, 6, 17, 18, 26, 27, 35, 26, 34, 25, 26, 25, 6, 21, 6, 21, 26, 28, 27, 28, 4, 21, 28, 27, 21, 26, 25, 7, 21, 6, 21, 6, 21, 6, 21, 6, 17, 18, 26, 35, 27, 26, 34, 25, 28, 27, 6, 21, 6, 21, 26, 28, 27, 28, 4, 21, 28, 27, 21, 26, 25, 7, 21, 6, 21, 6, 21, 6, 21, 6, 17, 18, 26, 35, 27, 26, 34, 25, 26, 25, 6, 21, 6, 21, 26, 28, 27, 28, 4, 21, 28, 27, 21, 26, 25, 7, 21, 6, 21, 6, 21, 6, 21, 6, 17, 18, 26, 27, 35, 34, 26, 25, 28, 27, 6, 21, 6, 21, 26, 28, 27, 28, 4, 21, 28, 27, 21, 26, 25, 7, 21, 6, 21, 6, 21, 6, 21, 6, 17, 18, 26, 27, 35, 34, 26, 25, 26, 25, 6, 21, 6, 21, 26, 28, 27, 28, 4, 21, 28, 27, 21, 26, 25, 7, 21, 6, 21, 6, 21, 6, 21, 6, 17, 18, 26, 35, 27, 34, 26, 25, 28, 27, 6, 21, 6, 21, 26, 28, 27, 28, 4, 21, 28, 27, 21, 26, 25, 7, 21, 6, 21, 6, 21, 6, 21, 6, 17, 18, 26, 35, 27, 34, 26, 25, 26, 25, 6, 21, 6, 21, 26, 28, 27, 28, 4, 21, 28, 27, 21, 26, 25]"
"[5, 5, 5, 7, 6, 14, 21, 6, 22, 21, 42, 43, 25, 28, 21, 6, 21, 26, 27, 26, 28, 7, 6, 17, 15, 21, 6, 21, 21, 21, 26, 43, 42, 28, 25, 27, 21, 6, 21, 6, 21, 25, 26, 25, 27, 26, 27, 7, 6, 19, 20, 21, 21, 21, 26, 43, 42, 25, 21, 6, 21, 26, 28, 27, 28, 7, 6, 18, 20, 21, 6, 21, 6, 22, 21, 42, 43, 25, 27, 27, 28, 21, 6, 21, 6, 21, 25, 27, 26, 28, 27, 28]","[5, 5, 4, 4, 4, 4, 5, 5, 5, 5, 4, 4, 4, 4, 5, 5, 5, 5, 4, 4, 4, 4, 5, 5, 4, 4, 5, 5, 5, 5, 4, 7, 21, 6, 21, 6, 21, 6, 21, 6, 14, 34, 27, 35, 26, 25, 28, 25, 27, 6, 21, 6, 21, 26, 27, 26, 28, 4, 21, 25, 27, 21, 28, 26, 7, 21, 6, 21, 6, 21, 6, 21, 6, 14, 34, 27, 35, 26, 25, 28, 28, 26, 6, 21, 6, 21, 26, 27, 26, 28, 4, 21, 25, 27, 21, 28, 26, 7, 21, 6, 21, 6, 21, 6, 21, 6, 14, 26, 27, 35, 34, 25, 28, 25, 27, 6, 21, 6, 21, 26, 27, 26, 28, 4, 21, 25, 27, 21, 28, 26, 7, 21, 6, 21, 6, 21, 6, 21, 6, 14, 26, 27, 35, 34, 25, 28, 28, 26, 6, 21, 6, 21, 26, 27, 26, 28, 4, 21, 25, 27, 21, 28, 26, 7, 21, 6, 21, 6, 21, 6, 21, 6, 14, 34, 35, 27, 26, 25, 28, 25, 27, 6, 21, 6, 21, 26, 27, 26, 28, 4, 21, 25, 27, 21, 28, 26, 7, 21, 6, 21, 6, 21, 6, 21, 6, 14, 34, 35, 27, 26, 25, 28, 28, 26, 6, 21, 6, 21, 26, 27, 26, 28, 4, 21, 25, 27, 21, 28, 26, 7, 21, 6, 21, 6, 21, 6, 21, 6, 14, 26, 35, 27, 34, 25, 28, 25, 27, 6, 21, 6, 21, 26, 27, 26, 28, 4, 21, 25, 27, 21, 28, 26, 7, 21, 6, 21, 6, 21, 6, 21, 6, 14, 26, 35, 27, 34, 25, 28, 28, 26, 6, 21, 6, 21, 26, 27, 26, 28, 4, 21, 25, 27, 21, 28, 26, 7, 21, 6, 21, 6, 21, 6, 21, 6, 21, 6, 17, 15, 26, 27, 35, 26, 34, 28, 25, 27, 25, 27, 6, 21, 6, 21, 6, 21, 25, 26, 25, 27, 26, 27, 4, 21, 25, 27, 21, 28, 26, 7, 21, 6, 21, 6, 21, 6, 21, 6, 21, 6, 17, 15, 26, 27, 35, 26, 34, 28, 25, 27, 28, 26, 6, 21, 6, 21, 6, 21, 25, 26, 25, 27, 26, 27, 4, 21, 25, 27, 21, 28, 26, 7, 21, 6, 21, 6, 21, 6, 21, 6, 21, 6, 17, 15, 26, 35, 27, 26, 34, 28, 25, 27, 25, 27, 6, 21, 6, 21, 6, 21, 25, 26, 25, 27, 26, 27, 4, 21, 25, 27, 21, 28, 26, 7, 21, 6, 21, 6, 21, 6, 21, 6, 21, 6, 17, 15, 26, 35, 27, 26, 34, 28, 25, 27, 28, 26, 6, 21, 6, 21, 6, 21, 25, 26, 25, 27, 26, 27, 4, 21, 25, 27, 21, 28, 26, 7, 21, 6, 21, 6, 21, 6, 21, 6, 21, 6, 17, 15, 26, 27, 35, 34, 26, 28, 25, 27, 25, 27, 6, 21, 6, 21, 6, 21, 25, 26, 25, 27, 26, 27, 4, 21, 25, 27, 21, 28, 26, 7, 21, 6, 21, 6, 21, 6, 21, 6, 21, 6, 17, 15, 26, 27, 35, 34, 26, 28, 25, 27, 28, 26, 6, 21, 6, 21, 6, 21, 25, 26, 25, 27, 26, 27, 4, 21, 25, 27, 21, 28, 26, 7, 21, 6, 21, 6, 21, 6, 21, 6, 21, 6, 17, 15, 26, 35, 27, 34, 26, 28, 25, 27, 25, 27, 6, 21, 6, 21, 6, 21, 25, 26, 25, 27, 26, 27, 4, 21, 25, 27, 21, 28, 26, 7, 21, 6, 21, 6, 21, 6, 21, 6, 21, 6, 17, 15, 26, 35, 27, 34, 26, 28, 25, 27, 28, 26, 6, 21, 6, 21, 6, 21, 25, 26, 25, 27, 26, 27, 4, 21, 25, 27, 21, 28, 26, 7, 21, 6, 21, 6, 21, 6, 21, 6, 19, 20, 26, 27, 35, 26, 34, 25, 25, 27, 6, 21, 6, 21, 26, 28, 27, 28, 4, 21, 25, 27, 21, 28, 26, 7, 21, 6, 21, 6, 21, 6, 21, 6, 19, 20, 26, 27, 35, 26, 34, 25, 28, 26, 6, 21, 6, 21, 26, 28, 27, 28, 4, 21, 25, 27, 21, 28, 26, 7, 21, 6, 21, 6, 21, 6, 21, 6, 19, 20, 26, 35, 27, 26, 34, 25, 25, 27, 6, 21, 6, 21, 26, 28, 27, 28, 4, 21, 25, 27, 21, 28, 26, 7, 21, 6, 21, 6, 21, 6, 21, 6, 19, 20, 26, 35, 27, 26, 34, 25, 28, 26, 6, 21, 6, 21, 26, 28, 27, 28, 4, 21, 25, 27, 21, 28, 26, 7, 21, 6, 21, 6, 21, 6, 21, 6, 19, 20, 26, 27, 35, 34, 26, 25, 25, 27, 6, 21, 6, 21, 26, 28, 27, 28, 4, 21, 25, 27, 21, 28, 26, 7, 21, 6, 21, 6, 21, 6, 21, 6, 19, 20, 26, 27, 35, 34, 26, 25, 28, 26, 6, 21, 6, 21, 26, 28, 27, 28, 4, 21, 25, 27, 21, 28, 26, 7, 21, 6, 21, 6, 21, 6, 21, 6, 19, 20, 26, 35, 27, 34, 26, 25, 25, 27, 6, 21, 6, 21, 26, 28, 27, 28, 4, 21, 25, 27, 21, 28, 26, 7, 21, 6, 21, 6, 21, 6, 21, 6, 19, 20, 26, 35, 27, 34, 26, 25, 28, 26, 6, 21, 6, 21, 26, 28, 27, 28, 4, 21, 25, 27, 21, 28, 26, 7, 21, 6, 21, 6, 21, 6, 21, 6, 21, 6, 18, 20, 34, 27, 35, 26, 25, 27, 27, 28, 25, 27, 6, 21, 6, 21, 6, 21, 25, 27, 26, 28, 27, 28, 4, 21, 25, 27, 21, 28, 26, 7, 21, 6, 21, 6, 21, 6, 21, 6, 21, 6, 18, 20, 34, 27, 35, 26, 25, 27, 27, 28, 28, 26, 6, 21, 6, 21, 6, 21, 25, 27, 26, 28, 27, 28, 4, 21, 25, 27, 21, 28, 26, 7, 21, 6, 21, 6, 21, 6, 21, 6, 21, 6, 18, 20, 26, 27, 35, 34, 25, 27, 27, 28, 25, 27, 6, 21, 6, 21, 6, 21, 25, 27, 26, 28, 27, 28, 4, 21, 25, 27, 21, 28, 26, 7, 21, 6, 21, 6, 21, 6, 21, 6, 21, 6, 18, 20, 26, 27, 35, 34, 25, 27, 27, 28, 28, 26, 6, 21, 6, 21, 6, 21, 25, 27, 26, 28, 27, 28, 4, 21, 25, 27, 21, 28, 26, 7, 21, 6, 21, 6, 21, 6, 21, 6, 21, 6, 18, 20, 34, 35, 27, 26, 25, 27, 27, 28, 25, 27, 6, 21, 6, 21, 6, 21, 25, 27, 26, 28, 27, 28, 4, 21, 25, 27, 21, 28, 26, 7, 21, 6, 21, 6, 21, 6, 21, 6, 21, 6, 18, 20, 34, 35, 27, 26, 25, 27, 27, 28, 28, 26, 6, 21, 6, 21, 6, 21, 25, 27, 26, 28, 27, 28, 4, 21, 25, 27, 21, 28, 26, 7, 21, 6, 21, 6, 21, 6, 21, 6, 21, 6, 18, 20, 26, 35, 27, 34, 25, 27, 27, 28, 25, 27, 6, 21, 6, 21, 6, 21, 25, 27, 26, 28, 27, 28, 4, 21, 25, 27, 21, 28, 26, 7, 21, 6, 21, 6, 21, 6, 21, 6, 21, 6, 18, 20, 26, 35, 27, 34, 25, 27, 27, 28, 28, 26, 6, 21, 6, 21, 6, 21, 25, 27, 26, 28, 27, 28, 4, 21, 25, 27, 21, 28, 26]"
"[4, 7, 6, 17, 21, 6, 21, 21, 6, 21, 21, 25, 43, 28, 27, 42, 25, 25, 28, 21, 6, 21, 6, 21, 6, 21, 25, 26, 26, 27, 26, 28, 27, 28, 7, 6, 18, 20, 6, 21, 21, 21, 28, 42, 43, 25, 8, 21, 25, 27, 13, 21, 6, 21, 6, 21, 6, 21, 25, 26, 25, 27, 26, 27, 26, 28]","[4, 5, 5, 4, 4, 5, 5, 7, 21, 6, 21, 6, 21, 6, 21, 6, 21, 6, 21, 6, 17, 25, 27, 35, 28, 27, 26, 34, 25, 25, 28, 28, 26, 21, 6, 21, 6, 21, 6, 21, 6, 21, 25, 26, 26, 27, 26, 28, 27, 28, 28, 26, 7, 21, 6, 21, 6, 21, 6, 21, 6, 21, 6, 21, 6, 17, 25, 27, 35, 28, 27, 34, 26, 25, 25, 28, 28, 26, 21, 6, 21, 6, 21, 6, 21, 6, 21, 25, 26, 26, 27, 26, 28, 27, 28, 28, 26, 7, 21, 6, 21, 6, 21, 6, 21, 6, 21, 6, 21, 6, 17, 25, 35, 27, 28, 27, 26, 34, 25, 25, 28, 28, 26, 21, 6, 21, 6, 21, 6, 21, 6, 21, 25, 26, 26, 27, 26, 28, 27, 28, 28, 26, 7, 21, 6, 21, 6, 21, 6, 21, 6, 21, 6, 21, 6, 17, 25, 35, 27, 28, 27, 34, 26, 25, 25, 28, 28, 26, 21, 6, 21, 6, 21, 6, 21, 6, 21, 25, 26, 26, 27, 26, 28, 27, 28, 28, 26, 7, 21, 6, 6, 6, 21, 6, 21, 6, 21, 6, 21, 6, 18, 20, 28, 26, 34, 27, 35, 25, 25, 27, 13, 28, 26, 21, 6, 21, 6, 21, 6, 21, 6, 21, 25, 26, 25, 27, 26, 27, 26, 28, 28, 26, 7, 21, 6, 6, 6, 21, 6, 21, 6, 21, 6, 21, 6, 18, 20, 28, 34, 26, 27, 35, 25, 25, 27, 13, 28, 26, 21, 6, 21, 6, 21, 6, 21, 6, 21, 25, 26, 25, 27, 26, 27, 26, 28, 28, 26, 7, 21, 6, 6, 6, 21, 6, 21, 6, 21, 6, 21, 6, 18, 20, 28, 26, 34, 35, 27, 25, 25, 27, 13, 28, 26, 21, 6, 21, 6, 21, 6, 21, 6, 21, 25, 26, 25, 27, 26, 27, 26, 28, 28, 26, 7, 21, 6, 6, 6, 21, 6, 21, 6, 21, 6, 21, 6, 18, 20, 28, 34, 26, 35, 27, 25, 25, 27, 13, 28, 26, 21, 6, 21, 6, 21, 6, 21, 6, 21, 25, 26, 25, 27, 26, 27, 26, 28, 28, 26]"
"[4, 7, 6, 15, 21, 6, 21, 6, 21, 21, 6, 21, 21, 25, 43, 25, 27, 42, 28, 25, 26, 27, 28, 21, 6, 21, 6, 21, 6, 21, 6, 21, 25, 26, 25, 27, 26, 27, 26, 28, 27, 28, 7, 6, 18, 19, 21, 6, 21, 6, 21, 21, 21, 28, 42, 43, 25, 25, 26, 26, 27, 21, 6, 21, 6, 21, 6, 21, 25, 26, 25, 27, 26, 27, 27, 28]","[4, 4, 5, 5, 5, 5, 4, 4, 4, 4, 5, 5, 5, 5, 4, 7, 21, 6, 21, 6, 21, 6, 21, 6, 21, 6, 21, 6, 21, 6, 21, 6, 15, 25, 27, 35, 25, 27, 26, 34, 28, 25, 26, 27, 28, 27, 28, 27, 26, 21, 6, 6, 21, 6, 21, 6, 21, 6, 21, 6, 21, 25, 26, 25, 27, 26, 27, 26, 28, 27, 28, 4, 21, 27, 28, 21, 26, 25, 27, 26, 7, 21, 6, 21, 6, 21, 6, 21, 6, 21, 6, 21, 6, 21, 6, 21, 6, 15, 25, 27, 35, 25, 27, 26, 34, 28, 25, 26, 27, 28, 26, 25, 27, 26, 21, 6, 6, 21, 6, 21, 6, 21, 6, 21, 6, 21, 25, 26, 25, 27, 26, 27, 26, 28, 27, 28, 4, 21, 27, 28, 21, 26, 25, 27, 26, 7, 21, 6, 21, 6, 21, 6, 21, 6, 21, 6, 21, 6, 21, 6, 21, 6, 15, 25, 27, 35, 25, 27, 34, 26, 28, 25, 26, 27, 28, 27, 28, 27, 26, 21, 6, 6, 21, 6, 21, 6, 21, 6, 21, 6, 21, 25, 26, 25, 27, 26, 27, 26, 28, 27, 28, 4, 21, 27, 28, 21, 26, 25, 27, 26, 7, 21, 6, 21, 6, 21, 6, 21, 6, 21, 6, 21, 6, 21, 6, 21, 6, 15, 25, 27, 35, 25, 27, 34, 26, 28, 25, 26, 27, 28, 26, 25, 27, 26, 21, 6, 6, 21, 6, 21, 6, 21, 6, 21, 6, 21, 25, 26, 25, 27, 26, 27, 26, 28, 27, 28, 4, 21, 27, 28, 21, 26, 25, 27, 26, 7, 21, 6, 21, 6, 21, 6, 21, 6, 21, 6, 21, 6, 21, 6, 21, 6, 15, 25, 35, 27, 25, 27, 26, 34, 28, 25, 26, 27, 28, 27, 28, 27, 26, 21, 6, 6, 21, 6, 21, 6, 21, 6, 21, 6, 21, 25, 26, 25, 27, 26, 27, 26, 28, 27, 28, 4, 21, 27, 28, 21, 26, 25, 27, 26, 7, 21, 6, 21, 6, 21, 6, 21, 6, 21, 6, 21, 6, 21, 6, 21, 6, 15, 25, 35, 27, 25, 27, 26, 34, 28, 25, 26, 27, 28, 26, 25, 27, 26, 21, 6, 6, 21, 6, 21, 6, 21, 6, 21, 6, 21, 25, 26, 25, 27, 26, 27, 26, 28, 27, 28, 4, 21, 27, 28, 21, 26, 25, 27, 26, 7, 21, 6, 21, 6, 21, 6, 21, 6, 21, 6, 21, 6, 21, 6, 21, 6, 15, 25, 35, 27, 25, 27, 34, 26, 28, 25, 26, 27, 28, 27, 28, 27, 26, 21, 6, 6, 21, 6, 21, 6, 21, 6, 21, 6, 21, 25, 26, 25, 27, 26, 27, 26, 28, 27, 28, 4, 21, 27, 28, 21, 26, 25, 27, 26, 7, 21, 6, 21, 6, 21, 6, 21, 6, 21, 6, 21, 6, 21, 6, 21, 6, 15, 25, 35, 27, 25, 27, 34, 26, 28, 25, 26, 27, 28, 26, 25, 27, 26, 21, 6, 6, 21, 6, 21, 6, 21, 6, 21, 6, 21, 25, 26, 25, 27, 26, 27, 26, 28, 27, 28, 4, 21, 27, 28, 21, 26, 25, 27, 26, 7, 21, 6, 21, 6, 21, 6, 21, 6, 21, 6, 21, 6, 21, 6, 18, 19, 28, 26, 34, 27, 35, 25, 25, 26, 26, 27, 27, 28, 27, 26, 21, 6, 6, 21, 6, 21, 6, 21, 6, 21, 25, 26, 25, 27, 26, 27, 27, 28, 4, 21, 27, 28, 21, 26, 25, 27, 26, 7, 21, 6, 21, 6, 21, 6, 21, 6, 21, 6, 21, 6, 21, 6, 18, 19, 28, 26, 34, 27, 35, 25, 25, 26, 26, 27, 26, 25, 27, 26, 21, 6, 6, 21, 6, 21, 6, 21, 6, 21, 25, 26, 25, 27, 26, 27, 27, 28, 4, 21, 27, 28, 21, 26, 25, 27, 26, 7, 21, 6, 21, 6, 21, 6, 21, 6, 21, 6, 21, 6, 21, 6, 18, 19, 28, 34, 26, 27, 35, 25, 25, 26, 26, 27, 27, 28, 27, 26, 21, 6, 6, 21, 6, 21, 6, 21, 6, 21, 25, 26, 25, 27, 26, 27, 27, 28, 4, 21, 27, 28, 21, 26, 25, 27, 26, 7, 21, 6, 21, 6, 21, 6, 21, 6, 21, 6, 21, 6, 21, 6, 18, 19, 28, 34, 26, 27, 35, 25, 25, 26, 26, 27, 26, 25, 27, 26, 21, 6, 6, 21, 6, 21, 6, 21, 6, 21, 25, 26, 25, 27, 26, 27, 27, 28, 4, 21, 27, 28, 21, 26, 25, 27, 26, 7, 21, 6, 21, 6, 21, 6, 21, 6, 21, 6, 21, 6, 21, 6, 18, 19, 28, 26, 34, 35, 27, 25, 25, 26, 27, 26, 27, 28, 27, 26, 21, 6, 6, 21, 6, 21, 6, 21, 6, 21, 25, 26, 25, 27, 26, 27, 27, 28, 4, 21, 27, 28, 21, 26, 25, 27, 26, 7, 21, 6, 21, 6, 21, 6, 21, 6, 21, 6, 21, 6, 21, 6, 18, 19, 28, 26, 34, 35, 27, 25, 25, 26, 26, 27, 26, 25, 27, 26, 21, 6, 6, 21, 6, 21, 6, 21, 6, 21, 25, 26, 25, 27, 26, 27, 27, 28, 4, 21, 27, 28, 21, 26, 25, 27, 26, 7, 21, 6, 21, 6, 21, 6, 21, 6, 21, 6, 21, 6, 21, 6, 18, 19, 28, 34, 26, 35, 27, 25, 25, 26, 26, 27, 27, 28, 27, 26, 21, 6, 6, 21, 6, 21, 6, 21, 6, 21, 25, 26, 25, 27, 26, 27, 27, 28, 4, 21, 27, 28, 21, 26, 25, 27, 26, 7, 21, 6, 21, 6, 21, 6, 21, 6, 21, 6, 21, 6, 21, 6, 18, 19, 28, 34, 26, 35, 27, 25, 25, 26, 26, 27, 26, 25, 27, 26, 21, 6, 6, 21, 6, 21, 6, 21, 6, 21, 25, 26, 25, 27, 26, 27, 27, 28, 4, 21, 27, 28, 21, 26, 25, 27, 26]"
"[7, 6, 13, 22, 21, 42, 43, 21, 25, 27]","[4, 5, 5, 7, 21, 6, 21, 6, 13, 34, 27, 35, 26, 21, 25, 27, 7, 21, 6, 21, 6, 13, 26, 27, 35, 34, 21, 25, 27, 7, 21, 6, 21, 6, 13, 34, 35, 27, 26, 23, 4, 4, 21, 26, 27, 21, 27, 27, 21, 28, 27, 7, 21, 6, 21, 6, 13, 26, 35, 27, 34, 21, 25, 27]"
"[5, 5, 4, 7, 6, 16, 21, 6, 21, 21, 21, 25, 42, 43, 26, 25, 27, 21, 6, 21, 6, 21, 25, 26, 26, 28, 27, 28, 7, 6, 16, 16, 22, 21, 42, 43, 21, 25, 27, 7, 6, 17, 19, 21, 6, 22, 21, 42, 43, 25, 26, 21, 6, 21, 26, 27, 27, 28, 7, 6, 12, 17, 21, 6, 21, 21, 6, 21, 21, 26, 43, 28, 27, 42, 25, 27, 28, 21, 6, 21, 6, 21, 6, 21, 25, 27, 26, 27, 26, 28, 27, 28]","[5, 5, 4, 4, 5, 5, 4, 4, 5, 5, 5, 5, 4, 4, 4, 4, 4, 5, 5, 4, 4, 5, 5, 5, 5, 4, 4, 4, 4, 5, 5, 5, 5, 4, 7, 21, 6, 21, 6, 21, 6, 21, 6, 21, 6, 16, 25, 26, 34, 27, 35, 26, 25, 27, 28, 25, 6, 21, 6, 21, 6, 21, 25, 26, 26, 28, 27, 28, 4, 21, 28, 25, 21, 26, 27, 7, 21, 6, 21, 6, 21, 6, 21, 6, 21, 6, 16, 25, 26, 34, 27, 35, 26, 25, 27, 26, 27, 6, 21, 6, 21, 6, 21, 25, 26, 26, 28, 27, 28, 4, 21, 28, 25, 21, 26, 27, 7, 21, 6, 21, 6, 21, 6, 21, 6, 21, 6, 16, 25, 34, 26, 27, 35, 26, 25, 27, 28, 25, 6, 21, 6, 21, 6, 21, 25, 26, 26, 28, 27, 28, 4, 21, 28, 25, 21, 26, 27, 7, 21, 6, 21, 6, 21, 6, 21, 6, 21, 6, 16, 25, 34, 26, 27, 35, 26, 25, 27, 26, 27, 6, 21, 6, 21, 6, 21, 25, 26, 26, 28, 27, 28, 4, 21, 28, 25, 21, 26, 27, 7, 21, 6, 21, 6, 21, 6, 21, 6, 21, 6, 16, 25, 26, 34, 35, 27, 26, 25, 27, 28, 25, 6, 21, 6, 21, 6, 21, 25, 26, 26, 28, 27, 28, 4, 21, 28, 25, 21, 26, 27, 7, 21, 6, 21, 6, 21, 6, 21, 6, 21, 6, 16, 25, 26, 34, 35, 27, 26, 25, 27, 26, 27, 6, 21, 6, 21, 6, 21, 25, 26, 26, 28, 27, 28, 4, 21, 28, 25, 21, 26, 27, 7, 21, 6, 21, 6, 21, 6, 21, 6, 21, 6, 16, 25, 34, 26, 35, 27, 26, 25, 27, 28, 25, 6, 21, 6, 21, 6, 21, 25, 26, 26, 28, 27, 28, 4, 21, 28, 25, 21, 26, 27, 7, 21, 6, 21, 6, 21, 6, 21, 6, 21, 6, 16, 25, 34, 26, 35, 27, 26, 25, 27, 26, 27, 6, 21, 6, 21, 6, 21, 25, 26, 26, 28, 27, 28, 4, 21, 28, 25, 21, 26, 27, 7, 21, 6, 21, 6, 21, 6, 16, 16, 34, 27, 35, 26, 28, 25, 6, 21, 25, 27, 4, 21, 28, 25, 21, 26, 27, 7, 21, 6, 21, 6, 21, 6, 16, 16, 34, 27, 35, 26, 26, 27, 6, 21, 25, 27, 4, 21, 28, 25, 21, 26, 27, 7, 21, 6, 21, 6, 21, 6, 16, 16, 26, 27, 35, 34, 28, 25, 6, 21, 25, 27, 4, 21, 28, 25, 21, 26, 27, 7, 21, 6, 21, 6, 21, 6, 16, 16, 26, 27, 35, 34, 26, 27, 6, 21, 25, 27, 4, 21, 28, 25, 21, 26, 27, 7, 21, 6, 21, 6, 21, 6, 16, 16, 34, 35, 27, 26, 28, 25, 6, 21, 25, 27, 4, 21, 28, 25, 21, 26, 27, 7, 21, 6, 21, 6, 21, 6, 16, 16, 34, 35, 27, 26, 26, 27, 6, 21, 25, 27, 4, 21, 28, 25, 21, 26, 27, 7, 21, 6, 21, 6, 21, 6, 16, 16, 26, 35, 27, 34, 28, 25, 6, 21, 25, 27, 4, 21, 28, 25, 21, 26, 27, 7, 21, 6, 21, 6, 21, 6, 16, 16, 26, 35, 27, 34, 26, 27, 6, 21, 25, 27, 4, 21, 28, 25, 21, 26, 27, 7, 21, 6, 21, 6, 21, 6, 21, 6, 17, 19, 34, 27, 35, 26, 25, 26, 28, 25, 6, 21, 6, 21, 26, 27, 27, 28, 4, 21, 28, 25, 21, 26, 27, 7, 21, 6, 21, 6, 21, 6, 21, 6, 17, 19, 34, 27, 35, 26, 25, 26, 26, 27, 6, 21, 6, 5, 21, 26, 27, 21, 27, 28, 27, 28, 4, 21, 28, 25, 21, 26, 27, 7, 21, 6, 21, 6, 21, 6, 21, 6, 17, 19, 34, 27, 35, 26, 25, 26, 26, 27, 6, 21, 6, 5, 21, 26, 27, 21, 27, 28, 26, 27, 4, 21, 28, 25, 21, 26, 27, 7, 21, 6, 21, 6, 21, 6, 21, 6, 17, 19, 26, 27, 35, 34, 25, 26, 28, 25, 6, 21, 6, 21, 26, 27, 27, 28, 4, 21, 28, 25, 21, 26, 27, 7, 21, 6, 21, 6, 21, 6, 21, 6, 17, 19, 26, 27, 35, 34, 25, 26, 26, 27, 6, 21, 6, 21, 26, 27, 27, 28, 4, 21, 28, 25, 21, 26, 27, 7, 21, 6, 21, 6, 21, 6, 21, 6, 17, 19, 34, 35, 27, 26, 25, 26, 28, 25, 6, 21, 6, 21, 26, 27, 27, 28, 4, 21, 28, 25, 21, 26, 27, 7, 21, 6, 21, 6, 21, 6, 21, 6, 17, 19, 34, 35, 27, 26, 25, 26, 26, 27, 6, 21, 6, 21, 26, 27, 27, 28, 4, 21, 28, 25, 21, 26, 27, 7, 21, 6, 21, 6, 21, 6, 21, 6, 17, 19, 26, 35, 27, 34, 25, 26, 28, 25, 6, 21, 6, 21, 26, 27, 27, 28, 4, 21, 28, 25, 21, 26, 27, 7, 21, 6, 21, 6, 21, 6, 21, 6, 17, 19, 26, 35, 27, 34, 25, 26, 26, 27, 6, 21, 6, 21, 26, 27, 27, 28, 4, 21, 28, 25, 21, 26, 27, 7, 21, 6, 21, 6, 21, 6, 21, 6, 21, 6, 21, 6, 12, 17, 26, 27, 35, 28, 27, 26, 34, 25, 27, 28, 28, 25, 6, 21, 6, 21, 6, 21, 6, 21, 25, 27, 26, 27, 26, 28, 27, 28, 4, 21, 28, 25, 21, 26, 27, 7, 21, 6, 21, 6, 21, 6, 21, 6, 21, 6, 21, 6, 12, 17, 26, 27, 35, 28, 27, 26, 34, 25, 27, 28, 26, 27, 6, 21, 6, 21, 6, 21, 6, 21, 25, 27, 26, 27, 26, 28, 27, 28, 4, 21, 28, 25, 21, 26, 27, 7, 21, 6, 21, 6, 21, 6, 21, 6, 21, 6, 21, 6, 12, 17, 26, 27, 35, 28, 27, 34, 26, 25, 27, 28, 28, 25, 6, 21, 6, 21, 6, 21, 6, 5, 21, 27, 28, 21, 26, 27, 26, 27, 25, 27, 26, 28, 4, 21, 28, 25, 21, 26, 27, 7, 21, 6, 21, 6, 21, 6, 21, 6, 21, 6, 21, 6, 12, 17, 26, 27, 35, 28, 27, 34, 26, 25, 27, 28, 26, 27, 6, 21, 6, 21, 6, 21, 6, 5, 21, 27, 28, 21, 26, 27, 26, 27, 25, 27, 26, 28, 4, 21, 28, 25, 21, 26, 27, 7, 21, 6, 21, 6, 21, 6, 21, 6, 21, 6, 21, 6, 12, 17, 26, 27, 35, 28, 27, 34, 26, 25, 27, 28, 28, 25, 6, 21, 6, 21, 6, 21, 6, 5, 21, 27, 28, 21, 26, 27, 27, 28, 25, 27, 26, 28, 4, 21, 28, 25, 21, 26, 27, 7, 21, 6, 21, 6, 21, 6, 21, 6, 21, 6, 21, 6, 12, 17, 26, 27, 35, 28, 27, 34, 26, 25, 27, 28, 26, 27, 6, 21, 6, 21, 6, 21, 6, 5, 21, 27, 28, 21, 26, 27, 27, 28, 25, 27, 26, 28, 4, 21, 28, 25, 21, 26, 27, 7, 21, 6, 21, 6, 21, 6, 21, 6, 21, 6, 21, 6, 12, 17, 26, 35, 27, 28, 27, 26, 34, 25, 27, 28, 28, 25, 6, 21, 6, 21, 6, 21, 6, 21, 25, 27, 26, 27, 26, 28, 27, 28, 4, 21, 28, 25, 21, 26, 27, 7, 21, 6, 21, 6, 21, 6, 21, 6, 21, 6, 21, 6, 12, 17, 26, 35, 27, 28, 27, 26, 34, 25, 27, 28, 26, 27, 6, 21, 6, 21, 6, 21, 6, 21, 25, 27, 26, 27, 26, 28, 27, 28, 4, 21, 28, 25, 21, 26, 27, 7, 21, 6, 21, 6, 21, 6, 21, 6, 21, 6, 21, 6, 12, 17, 26, 35, 27, 28, 27, 34, 26, 25, 27, 28, 28, 25, 6, 21, 6, 21, 6, 21, 6, 21, 25, 27, 26, 27, 26, 28, 27, 28, 4, 21, 28, 25, 21, 26, 27, 7, 21, 6, 21, 6, 21, 6, 21, 6, 21, 6, 21, 6, 12, 17, 26, 35, 27, 28, 27, 34, 26, 25, 27, 28, 26, 27, 6, 21, 6, 21, 6, 21, 6, 21, 25, 27, 26, 27, 26, 28, 27, 28, 4, 21, 28, 25, 21, 26, 27]"
"[7, 6, 14, 21, 21, 6, 21, 21, 25, 43, 25, 28, 42, 28, 21, 6, 21, 6, 21, 25, 26, 26, 27, 27, 28]","[4, 4, 5, 5, 5, 5, 4, 7, 21, 6, 21, 6, 21, 6, 21, 6, 21, 6, 21, 6, 14, 25, 27, 35, 25, 28, 26, 34, 28, 26, 28, 28, 26, 6, 21, 6, 21, 6, 21, 6, 21, 25, 26, 26, 27, 27, 28, 26, 28, 4, 21, 28, 26, 21, 25, 27, 7, 21, 6, 21, 6, 21, 6, 21, 6, 21, 6, 21, 6, 14, 25, 27, 35, 25, 28, 26, 34, 28, 26, 28, 25, 27, 6, 21, 6, 21, 6, 21, 6, 21, 25, 26, 26, 27, 27, 28, 26, 28, 4, 21, 28, 26, 21, 25, 27, 7, 21, 6, 21, 6, 21, 6, 21, 6, 21, 6, 21, 6, 14, 25, 27, 35, 25, 28, 34, 26, 28, 26, 28, 28, 26, 6, 21, 6, 21, 6, 21, 6, 21, 25, 26, 26, 27, 27, 28, 26, 28, 4, 21, 28, 26, 21, 25, 27, 7, 21, 6, 21, 6, 21, 6, 21, 6, 21, 6, 21, 6, 14, 25, 27, 35, 25, 28, 34, 26, 28, 26, 28, 25, 27, 6, 21, 6, 21, 6, 21, 6, 21, 25, 26, 26, 27, 27, 28, 26, 28, 4, 21, 28, 26, 21, 25, 27, 7, 21, 6, 21, 6, 21, 6, 21, 6, 21, 6, 21, 6, 14, 25, 35, 27, 25, 28, 26, 34, 28, 26, 28, 28, 26, 6, 21, 6, 21, 6, 21, 6, 21, 25, 26, 26, 27, 28, 27, 26, 28, 4, 21, 28, 26, 21, 25, 27, 7, 21, 6, 21, 6, 21, 6, 21, 6, 21, 6, 21, 6, 14, 25, 35, 27, 25, 28, 26, 34, 28, 26, 28, 25, 27, 6, 21, 6, 21, 6, 21, 6, 21, 25, 26, 26, 27, 28, 27, 26, 28, 4, 21, 28, 26, 21, 25, 27, 7, 21, 6, 21, 6, 21, 6, 21, 6, 21, 6, 21, 6, 14, 25, 35, 27, 25, 28, 34, 26, 28, 26, 28, 28, 26, 6, 21, 6, 21, 6, 21, 6, 21, 25, 26, 26, 27, 27, 28, 26, 28, 4, 21, 28, 26, 21, 25, 27, 7, 21, 6, 21, 6, 21, 6, 21, 6, 21, 6, 21, 6, 14, 25, 35, 27, 25, 28, 34, 26, 28, 26, 28, 25, 27, 6, 21, 6, 21, 6, 21, 6, 21, 25, 26, 26, 27, 27, 28, 26, 28, 4, 21, 28, 26, 21, 25, 27]"
"[4, 5, 7, 6, 23, 18, 21, 6, 21, 6, 22, 21, 42, 43, 25, 26, 26, 28, 21, 6, 21, 6, 21, 25, 26, 26, 27, 27, 28, 7, 6, 16, 15, 21, 21, 21, 26, 43, 42, 28, 21, 6, 21, 26, 28, 27, 28, 7, 6, 14, 11, 21, 6, 21, 6, 21, 21, 21, 25, 43, 42, 27, 25, 27, 27, 28, 21, 6, 21, 6, 21, 6, 21, 25, 27, 26, 27, 26, 28, 27, 28]","[4, 4, 5, 5, 5, 5, 4, 4, 5, 5, 4, 4, 4, 4, 5, 5, 5, 5, 4, 4, 4, 4, 4, 4, 4, 4, 4, 7, 21, 6, 21, 6, 21, 6, 21, 6, 21, 6, 18, 34, 27, 35, 25, 25, 26, 26, 28, 25, 26, 6, 21, 6, 21, 6, 21, 25, 26, 26, 27, 27, 28, 4, 21, 25, 26, 21, 28, 27, 7, 21, 6, 21, 6, 21, 6, 21, 6, 21, 6, 18, 34, 27, 35, 25, 25, 26, 26, 28, 28, 27, 6, 21, 6, 21, 6, 21, 25, 26, 26, 27, 27, 28, 4, 21, 25, 26, 21, 28, 27, 7, 21, 6, 21, 6, 21, 6, 21, 6, 21, 6, 18, 34, 27, 35, 27, 25, 26, 26, 28, 25, 26, 6, 21, 6, 21, 6, 21, 25, 26, 26, 27, 27, 28, 4, 21, 25, 26, 21, 28, 27, 7, 21, 6, 21, 6, 21, 6, 21, 6, 21, 6, 18, 34, 27, 35, 27, 25, 26, 26, 28, 28, 27, 6, 21, 6, 21, 6, 21, 25, 26, 26, 27, 27, 28, 4, 21, 25, 26, 21, 28, 27, 7, 21, 6, 21, 6, 21, 6, 21, 6, 21, 6, 18, 34, 27, 35, 28, 25, 26, 26, 28, 25, 26, 6, 21, 6, 21, 6, 21, 25, 26, 26, 27, 27, 28, 4, 21, 25, 26, 21, 28, 27, 7, 21, 6, 21, 6, 21, 6, 21, 6, 21, 6, 18, 34, 27, 35, 28, 25, 26, 26, 28, 28, 27, 6, 21, 6, 21, 6, 21, 25, 26, 26, 27, 27, 28, 4, 21, 25, 26, 21, 28, 27, 7, 21, 6, 21, 6, 21, 6, 21, 6, 21, 6, 18, 26, 27, 35, 34, 25, 26, 26, 28, 25, 26, 6, 21, 6, 21, 6, 21, 25, 26, 26, 27, 27, 28, 4, 21, 25, 26, 21, 28, 27, 7, 21, 6, 21, 6, 21, 6, 21, 6, 21, 6, 18, 26, 27, 35, 34, 25, 26, 26, 28, 28, 27, 6, 21, 6, 21, 6, 21, 25, 26, 26, 27, 27, 28, 4, 21, 25, 26, 21, 28, 27, 7, 21, 6, 21, 6, 21, 6, 21, 6, 21, 6, 18, 34, 35, 27, 26, 25, 26, 26, 28, 25, 26, 6, 21, 6, 21, 6, 21, 25, 26, 26, 27, 27, 28, 4, 21, 25, 26, 21, 28, 27, 7, 21, 6, 21, 6, 21, 6, 21, 6, 21, 6, 18, 34, 35, 27, 26, 25, 26, 26, 28, 28, 27, 6, 21, 6, 21, 6, 21, 25, 26, 26, 27, 27, 28, 4, 21, 25, 26, 21, 28, 27, 7, 21, 6, 21, 6, 21, 6, 21, 6, 21, 6, 18, 26, 35, 27, 34, 25, 26, 26, 28, 25, 26, 6, 21, 6, 21, 6, 21, 25, 26, 26, 27, 27, 28, 4, 21, 25, 26, 21, 28, 27, 7, 21, 6, 21, 6, 21, 6, 21, 6, 21, 6, 18, 26, 35, 27, 34, 25, 26, 26, 28, 28, 27, 6, 21, 6, 21, 6, 21, 25, 26, 26, 27, 27, 28, 4, 21, 25, 26, 21, 28, 27, 7, 21, 6, 21, 6, 21, 6, 21, 6, 16, 15, 26, 27, 35, 26, 34, 28, 25, 26, 6, 21, 6, 21, 26, 28, 27, 28, 4, 21, 25, 26, 21, 28, 27, 7, 21, 6, 21, 6, 21, 6, 21, 6, 16, 15, 26, 27, 35, 26, 34, 28, 28, 27, 6, 21, 6, 21, 26, 28, 27, 28, 4, 21, 25, 26, 21, 28, 27, 7, 21, 6, 21, 6, 21, 6, 21, 6, 16, 15, 26, 35, 27, 26, 34, 28, 25, 26, 6, 21, 6, 21, 26, 28, 27, 28, 4, 21, 25, 26, 21, 28, 27, 7, 21, 6, 21, 6, 21, 6, 21, 6, 16, 15, 26, 35, 27, 26, 34, 28, 28, 27, 6, 21, 6, 21, 26, 28, 27, 28, 4, 21, 25, 26, 21, 28, 27, 7, 21, 6, 21, 6, 21, 6, 21, 6, 16, 15, 26, 27, 35, 34, 26, 28, 25, 26, 6, 21, 6, 21, 26, 28, 27, 28, 4, 21, 25, 26, 21, 28, 27, 7, 21, 6, 21, 6, 21, 6, 21, 6, 16, 15, 26, 27, 35, 34, 26, 28, 28, 27, 6, 21, 6, 21, 26, 28, 27, 28, 4, 21, 25, 26, 21, 28, 27, 7, 21, 6, 21, 6, 21, 6, 21, 6, 16, 15, 26, 35, 27, 34, 26, 28, 25, 26, 6, 21, 6, 21, 26, 28, 27, 28, 4, 21, 25, 26, 21, 28, 27, 7, 21, 6, 21, 6, 21, 6, 21, 6, 16, 15, 26, 35, 27, 34, 26, 28, 28, 27, 6, 21, 6, 21, 26, 28, 27, 28, 4, 21, 25, 26, 21, 28, 27, 7, 21, 6, 21, 6, 21, 6, 21, 6, 21, 6, 21, 6, 14, 11, 25, 27, 35, 26, 34, 27, 25, 27, 27, 28, 25, 26, 6, 21, 6, 21, 6, 21, 6, 21, 25, 27, 26, 27, 26, 28, 27, 28, 4, 21, 25, 26, 21, 28, 27, 7, 21, 6, 21, 6, 21, 6, 21, 6, 21, 6, 21, 6, 14, 11, 25, 27, 35, 26, 34, 27, 25, 27, 27, 28, 28, 27, 6, 21, 6, 21, 6, 21, 6, 21, 25, 27, 26, 27, 26, 28, 27, 28, 4, 21, 25, 26, 21, 28, 27, 7, 21, 6, 21, 6, 21, 6, 21, 6, 21, 6, 21, 6, 14, 11, 35, 25, 27, 26, 34, 27, 25, 27, 27, 28, 25, 26, 6, 21, 6, 21, 6, 21, 6, 21, 25, 27, 26, 27, 26, 28, 27, 28, 4, 21, 25, 26, 21, 28, 27, 7, 21, 6, 21, 6, 21, 6, 21, 6, 21, 6, 21, 6, 14, 11, 35, 25, 27, 26, 34, 27, 25, 27, 27, 28, 28, 27, 6, 21, 6, 21, 6, 21, 6, 21, 25, 27, 26, 27, 26, 28, 27, 28, 4, 21, 25, 26, 21, 28, 27, 7, 21, 6, 21, 6, 21, 6, 21, 6, 21, 6, 21, 6, 14, 11, 25, 27, 35, 34, 26, 27, 25, 27, 27, 28, 25, 26, 6, 21, 6, 21, 6, 21, 6, 21, 25, 27, 26, 27, 26, 28, 27, 28, 4, 21, 25, 26, 21, 28, 27, 7, 21, 6, 21, 6, 21, 6, 21, 6, 21, 6, 21, 6, 14, 11, 25, 27, 35, 34, 26, 27, 25, 27, 27, 28, 28, 27, 6, 21, 6, 21, 6, 21, 6, 21, 25, 27, 26, 27, 26, 28, 27, 28, 4, 21, 25, 26, 21, 28, 27, 7, 21, 6, 21, 6, 21, 6, 21, 6, 21, 6, 21, 6, 14, 11, 25, 35, 27, 34, 26, 27, 25, 27, 27, 28, 25, 26, 6, 21, 6, 21, 6, 21, 6, 21, 25, 27, 26, 27, 26, 28, 27, 28, 4, 21, 25, 26, 21, 28, 27, 7, 21, 6, 21, 6, 21, 6, 21, 6, 21, 6, 21, 6, 14, 11, 25, 35, 27, 34, 26, 27, 25, 27, 27, 28, 28, 27, 6, 21, 6, 21, 6, 21, 6, 21, 25, 27, 26, 27, 26, 28, 27, 28, 4, 21, 25, 26, 21, 28, 27]"
"[4, 4, 4, 7, 21, 6, 21, 6, 22, 21, 42, 43, 25, 27, 25, 28, 21, 6, 21, 6, 21, 25, 27, 26, 28, 27, 28, 7, 21, 21, 6, 21, 21, 25, 43, 26, 28, 42, 28, 21, 6, 21, 6, 21, 25, 26, 25, 27, 26, 27, 7, 21, 6, 21, 21, 21, 28, 42, 43, 26, 25, 28, 21, 6, 21, 6, 21, 26, 27, 26, 28, 27, 28, 7, 21, 6, 21, 6, 21, 21, 21, 25, 42, 43, 28, 25, 28, 27, 28, 21, 6, 21, 6, 21, 6, 21, 25, 26, 26, 27, 26, 28, 27, 28]","[4, 5, 5, 4, 4, 5, 5, 4, 4, 5, 5, 4, 4, 5, 5, 7, 21, 6, 21, 6, 21, 6, 21, 34, 27, 35, 26, 25, 27, 25, 28, 21, 6, 21, 6, 21, 25, 27, 26, 28, 27, 28, 7, 21, 6, 21, 6, 21, 6, 21, 26, 27, 35, 34, 25, 27, 25, 28, 21, 6, 21, 6, 21, 25, 27, 26, 28, 27, 28, 7, 21, 6, 21, 6, 21, 6, 21, 34, 35, 27, 26, 25, 27, 25, 28, 21, 6, 21, 6, 21, 25, 27, 26, 28, 27, 28, 7, 21, 6, 21, 6, 21, 6, 21, 26, 35, 27, 34, 25, 27, 25, 28, 21, 6, 21, 6, 21, 25, 27, 26, 28, 27, 28, 7, 21, 6, 21, 6, 21, 6, 21, 25, 27, 35, 26, 28, 26, 34, 28, 21, 6, 21, 6, 21, 25, 26, 25, 27, 26, 27, 7, 21, 6, 21, 6, 21, 6, 21, 25, 27, 35, 26, 28, 34, 26, 28, 21, 6, 21, 6, 21, 25, 26, 25, 27, 26, 27, 7, 21, 6, 21, 6, 21, 6, 21, 25, 35, 27, 26, 28, 26, 34, 28, 21, 6, 21, 6, 21, 25, 26, 25, 27, 26, 27, 7, 21, 6, 21, 6, 21, 6, 21, 25, 35, 27, 26, 28, 34, 26, 28, 21, 6, 21, 6, 21, 25, 26, 25, 27, 26, 27, 7, 21, 6, 21, 6, 21, 6, 21, 28, 26, 34, 27, 35, 26, 25, 28, 21, 6, 21, 6, 21, 26, 27, 26, 28, 27, 28, 7, 21, 6, 21, 6, 21, 6, 21, 28, 34, 26, 27, 35, 26, 25, 28, 21, 6, 21, 6, 21, 26, 27, 26, 28, 27, 28, 7, 21, 6, 21, 6, 21, 6, 21, 28, 26, 34, 35, 27, 26, 25, 28, 21, 6, 21, 6, 21, 26, 27, 26, 28, 27, 28, 7, 21, 6, 21, 6, 21, 6, 21, 28, 34, 26, 35, 27, 26, 25, 28, 21, 6, 21, 6, 21, 26, 27, 26, 28, 27, 28, 7, 21, 6, 21, 6, 21, 6, 21, 6, 21, 25, 26, 34, 27, 35, 28, 25, 28, 27, 28, 21, 6, 21, 6, 21, 6, 21, 25, 26, 26, 27, 26, 28, 27, 28, 7, 21, 6, 21, 6, 21, 6, 21, 6, 21, 25, 34, 26, 27, 35, 28, 25, 28, 27, 28, 21, 6, 21, 6, 21, 6, 21, 25, 26, 26, 27, 26, 28, 27, 28, 7, 21, 6, 21, 6, 21, 6, 21, 6, 21, 25, 26, 34, 35, 27, 28, 25, 28, 27, 28, 21, 6, 21, 6, 21, 6, 21, 25, 26, 26, 27, 26, 28, 27, 28, 7, 21, 6, 21, 6, 21, 6, 21, 6, 21, 25, 34, 26, 35, 27, 28, 25, 28, 27, 28, 21, 6, 21, 6, 21, 6, 21, 25, 26, 26, 27, 26, 28, 27, 28]"
"[5, 4, 7, 6, 17, 22, 21, 42, 43, 21, 25, 26, 7, 6, 18, 20, 21, 6, 21, 6, 22, 21, 42, 43, 25, 27, 27, 28, 21, 6, 21, 6, 21, 25, 26, 25, 27, 27, 28, 7, 6, 17, 19, 21, 21, 21, 27, 42, 43, 28, 21, 6, 21, 25, 27, 26, 27]","[5, 4, 4, 5, 4, 5, 5, 4, 4, 5, 5, 7, 21, 6, 21, 6, 17, 34, 27, 35, 26, 21, 25, 26, 7, 21, 6, 21, 6, 17, 26, 27, 35, 34, 21, 25, 26, 7, 21, 6, 21, 6, 17, 34, 35, 27, 26, 21, 25, 26, 7, 21, 6, 21, 6, 17, 26, 35, 27, 34, 21, 25, 26, 7, 21, 6, 21, 6, 21, 6, 21, 6, 18, 20, 34, 27, 35, 26, 25, 27, 27, 28, 21, 6, 21, 6, 21, 25, 26, 25, 27, 27, 28, 7, 21, 6, 21, 6, 21, 6, 21, 6, 18, 20, 26, 27, 35, 34, 25, 27, 27, 28, 21, 6, 21, 6, 21, 25, 26, 25, 27, 27, 28, 7, 21, 6, 21, 6, 21, 6, 21, 6, 18, 20, 34, 35, 27, 26, 25, 27, 27, 28, 21, 6, 21, 6, 21, 25, 26, 25, 27, 27, 28, 7, 21, 6, 21, 6, 21, 6, 21, 6, 18, 20, 26, 35, 27, 34, 25, 27, 27, 28, 21, 6, 21, 6, 21, 25, 26, 25, 27, 27, 28, 7, 21, 6, 21, 6, 21, 6, 17, 19, 27, 26, 34, 27, 35, 28, 21, 6, 21, 25, 27, 26, 27, 7, 21, 6, 21, 6, 21, 6, 17, 19, 27, 34, 26, 27, 35, 28, 21, 6, 21, 25, 27, 26, 27, 7, 21, 6, 21, 6, 21, 6, 17, 19, 27, 26, 34, 35, 27, 28, 21, 6, 21, 25, 27, 26, 27, 7, 21, 6, 21, 6, 21, 6, 17, 19, 27, 34, 26, 35, 27, 28, 21, 6, 21, 25, 27, 26, 27]"
"[4, 4, 4, 4, 7, 21, 21, 21, 25, 42, 43, 26, 21, 6, 21, 25, 27, 26, 27, 7, 21, 21, 6, 21, 21, 26, 43, 28, 28, 42, 28, 21, 6, 21, 6, 21, 25, 26, 26, 28, 27, 28, 7, 21, 21, 6, 21, 21, 25, 42, 25, 26, 43, 25, 21, 6, 21, 6, 21, 25, 26, 26, 27, 27, 28, 7, 21, 6, 21, 6, 21, 21, 21, 28, 43, 42, 25, 25, 26, 26, 28, 21, 6, 21, 6, 21, 6, 21, 25, 27, 26, 27, 26, 28, 27, 28, 7, 21, 21, 21, 25, 43, 42, 25, 21, 6, 21, 26, 27, 26, 28]","[4, 5, 5, 4, 4, 5, 5, 4, 4, 5, 5, 4, 4, 5, 5, 4, 4, 5, 5, 7, 21, 6, 21, 6, 21, 25, 26, 34, 27, 35, 26, 21, 6, 21, 25, 27, 26, 27, 7, 21, 6, 21, 6, 21, 25, 34, 26, 27, 35, 26, 21, 6, 21, 25, 27, 26, 27, 7, 21, 6, 21, 6, 21, 25, 26, 34, 35, 27, 26, 21, 6, 21, 25, 27, 26, 27, 7, 21, 6, 21, 6, 21, 25, 34, 26, 35, 27, 26, 21, 6, 21, 25, 27, 26, 27, 7, 21, 6, 21, 6, 21, 6, 21, 26, 27, 35, 28, 28, 26, 34, 28, 21, 6, 21, 6, 21, 25, 26, 26, 28, 27, 28, 7, 21, 6, 21, 6, 21, 6, 21, 26, 27, 35, 28, 28, 34, 26, 28, 21, 6, 21, 6, 21, 25, 26, 26, 28, 27, 28, 7, 21, 6, 21, 6, 21, 6, 21, 26, 35, 27, 28, 28, 26, 34, 28, 21, 6, 21, 6, 21, 25, 26, 26, 28, 27, 28, 7, 21, 6, 21, 6, 21, 6, 21, 26, 35, 28, 27, 28, 34, 26, 28, 21, 6, 21, 6, 21, 25, 26, 26, 28, 27, 28, 7, 21, 6, 21, 6, 21, 6, 21, 25, 26, 34, 25, 26, 27, 35, 25, 21, 6, 21, 6, 21, 25, 26, 26, 27, 27, 28, 7, 21, 6, 21, 6, 21, 6, 21, 25, 26, 34, 25, 26, 35, 27, 25, 21, 6, 21, 6, 21, 25, 26, 26, 27, 27, 28, 7, 21, 6, 21, 6, 21, 6, 21, 25, 34, 26, 25, 27, 26, 35, 25, 21, 6, 21, 6, 21, 25, 26, 26, 27, 27, 28, 7, 21, 6, 21, 6, 21, 6, 21, 25, 34, 26, 25, 26, 35, 27, 25, 21, 6, 21, 6, 21, 25, 26, 26, 27, 27, 28, 7, 21, 6, 21, 6, 21, 6, 21, 6, 21, 28, 27, 35, 26, 34, 25, 25, 26, 26, 28, 21, 6, 21, 6, 21, 6, 21, 25, 27, 26, 27, 26, 28, 27, 28, 7, 21, 6, 21, 6, 21, 6, 21, 6, 21, 28, 35, 27, 26, 34, 25, 25, 26, 26, 28, 21, 6, 21, 6, 21, 6, 21, 25, 27, 26, 27, 26, 28, 27, 28, 7, 21, 6, 21, 6, 21, 6, 21, 6, 21, 28, 27, 35, 34, 26, 25, 25, 26, 26, 28, 21, 6, 21, 6, 21, 6, 21, 25, 27, 26, 27, 26, 28, 27, 28, 7, 21, 6, 21, 6, 21, 6, 21, 6, 21, 28, 35, 27, 34, 26, 25, 25, 26, 26, 28, 21, 6, 21, 6, 21, 6, 21, 25, 27, 26, 27, 26, 28, 27, 28, 7, 21, 6, 21, 6, 21, 25, 27, 35, 26, 34, 25, 21, 6, 21, 26, 27, 26, 28, 7, 21, 6, 21, 6, 21, 25, 35, 27, 26, 34, 25, 21, 6, 21, 26, 27, 26, 28, 7, 21, 6, 21, 6, 21, 25, 27, 35, 34, 26, 25, 21, 6, 21, 26, 27, 26, 28, 7, 21, 6, 21, 6, 21, 25, 35, 27, 34, 26, 25, 21, 6, 21, 26, 27, 26, 28]"
"[4, 4, 4, 4, 7, 6, 23, 14, 21, 6, 21, 6, 21, 21, 21, 27, 42, 43, 25, 25, 26, 25, 28, 21, 6, 21, 6, 21, 6, 21, 25, 26, 25, 27, 26, 27, 27, 28, 7, 6, 16, 11, 21, 21, 21, 28, 43, 42, 25, 21, 6, 21, 25, 27, 26, 28, 7, 6, 13, 13, 21, 6, 21, 21, 21, 25, 42, 43, 25, 25, 27, 21, 6, 21, 6, 21, 25, 26, 25, 27, 26, 27, 7, 6, 14, 15, 21, 6, 21, 21, 21, 28, 42, 43, 26, 25, 26, 21, 6, 21, 6, 21, 25, 26, 25, 27, 26, 27, 7, 6, 18, 19, 21, 6, 21, 21, 21, 26, 43, 42, 27, 26, 27, 21, 6, 21, 6, 21, 25, 26, 25, 27, 27, 28]","[4, 4, 5, 5, 4, 4, 5, 5, 4, 4, 5, 5, 4, 4, 5, 5, 4, 5, 4, 4, 4, 4, 7, 21, 6, 21, 6, 21, 6, 21, 6, 21, 6, 14, 27, 26, 34, 25, 35, 25, 25, 26, 25, 28, 21, 6, 21, 6, 21, 6, 21, 25, 26, 25, 27, 26, 27, 27, 28, 7, 21, 6, 21, 6, 21, 6, 21, 6, 21, 6, 14, 27, 26, 34, 26, 35, 25, 25, 26, 25, 28, 21, 6, 21, 6, 21, 6, 21, 25, 26, 25, 27, 26, 27, 27, 28, 7, 21, 6, 21, 6, 21, 6, 21, 6, 21, 6, 14, 27, 26, 34, 28, 35, 25, 25, 26, 25, 28, 21, 6, 21, 6, 21, 6, 21, 25, 26, 25, 27, 26, 27, 27, 28, 7, 21, 6, 21, 6, 21, 6, 21, 6, 21, 6, 14, 27, 34, 26, 27, 35, 25, 25, 26, 25, 28, 21, 6, 21, 6, 21, 6, 21, 25, 26, 25, 27, 26, 27, 27, 28, 7, 21, 6, 21, 6, 21, 6, 21, 6, 21, 6, 14, 27, 26, 34, 35, 27, 25, 25, 26, 25, 28, 21, 6, 21, 6, 21, 6, 21, 25, 26, 25, 27, 26, 27, 27, 28, 7, 21, 6, 21, 6, 21, 6, 21, 6, 21, 6, 14, 27, 34, 26, 35, 27, 25, 25, 26, 25, 28, 21, 6, 21, 6, 21, 6, 21, 25, 26, 25, 27, 26, 27, 27, 28, 7, 21, 6, 21, 6, 21, 6, 16, 11, 28, 27, 35, 26, 34, 25, 21, 6, 21, 25, 27, 26, 28, 7, 21, 6, 21, 6, 21, 6, 16, 11, 28, 35, 27, 26, 34, 25, 21, 6, 21, 25, 27, 26, 28, 7, 21, 6, 21, 6, 21, 6, 16, 11, 28, 27, 35, 34, 26, 25, 21, 6, 21, 25, 27, 26, 28, 7, 21, 6, 21, 6, 21, 6, 16, 11, 28, 35, 27, 34, 26, 25, 21, 6, 21, 25, 27, 26, 28, 7, 21, 6, 21, 6, 21, 6, 21, 6, 13, 13, 25, 26, 34, 27, 35, 25, 25, 27, 21, 6, 21, 6, 21, 25, 26, 25, 27, 26, 27, 7, 21, 6, 21, 6, 21, 6, 21, 6, 13, 13, 25, 34, 26, 27, 35, 25, 25, 27, 21, 6, 21, 6, 21, 25, 26, 25, 27, 26, 27, 7, 21, 6, 21, 6, 21, 6, 21, 6, 13, 13, 25, 26, 34, 35, 27, 25, 25, 27, 21, 6, 21, 6, 21, 25, 26, 25, 27, 26, 27, 7, 21, 6, 21, 6, 21, 6, 21, 6, 13, 13, 25, 34, 26, 35, 25, 27, 25, 27, 21, 6, 21, 6, 21, 25, 26, 25, 27, 26, 27, 7, 21, 6, 21, 6, 21, 6, 21, 6, 14, 15, 28, 26, 34, 27, 35, 26, 25, 26, 21, 6, 21, 6, 21, 25, 26, 25, 27, 26, 27, 7, 21, 6, 21, 6, 21, 6, 21, 6, 14, 15, 28, 34, 26, 27, 35, 26, 25, 26, 21, 6, 21, 6, 21, 25, 26, 25, 27, 26, 27, 7, 21, 6, 21, 6, 21, 6, 21, 6, 14, 15, 28, 26, 34, 35, 27, 26, 25, 26, 21, 6, 21, 6, 21, 25, 26, 25, 27, 26, 27, 7, 21, 6, 21, 6, 21, 6, 21, 6, 14, 15, 28, 34, 26, 35, 27, 26, 25, 26, 21, 6, 21, 6, 21, 25, 26, 25, 27, 26, 27, 7, 21, 6, 21, 6, 21, 6, 21, 6, 18, 19, 26, 27, 35, 26, 34, 27, 26, 27, 21, 6, 21, 6, 21, 25, 26, 25, 27, 27, 28, 7, 21, 6, 21, 6, 21, 6, 21, 6, 18, 19, 26, 35, 27, 26, 34, 27, 26, 27, 21, 6, 21, 6, 21, 25, 26, 25, 27, 27, 28, 7, 21, 6, 21, 6, 21, 6, 21, 6, 18, 19, 26, 27, 35, 34, 26, 27, 26, 27, 21, 6, 21, 6, 5, 21, 27, 28, 21, 25, 27, 25, 27, 25, 26, 7, 21, 6, 21, 6, 21, 6, 21, 6, 18, 19, 26, 27, 35, 34, 26, 27, 26, 27, 21, 6, 21, 6, 5, 21, 27, 28, 21, 25, 27, 27, 28, 25, 26, 7, 21, 6, 21, 6, 21, 6, 21, 6, 18, 19, 26, 35, 27, 34, 26, 27, 26, 27, 21, 6, 21, 6, 21, 25, 26, 25, 27, 27, 28]"
"[5, 7, 6, 23, 14, 21, 6, 21, 6, 21, 21, 21, 25, 43, 42, 27, 25, 27, 26, 27, 21, 6, 21, 6, 21, 6, 21, 25, 27, 26, 27, 26, 28, 27, 28, 7, 6, 15, 21, 21, 6, 21, 21, 28, 42, 27, 28, 43, 28, 21, 6, 21, 6, 21, 25, 26, 26, 27, 27, 28]","[5, 4, 4, 5, 5, 4, 5, 5, 5, 7, 23, 21, 6, 21, 6, 21, 6, 21, 6, 21, 6, 14, 25, 27, 35, 26, 34, 27, 25, 27, 26, 27, 21, 6, 21, 6, 21, 6, 21, 25, 27, 26, 27, 26, 28, 27, 28, 7, 21, 6, 21, 6, 21, 6, 21, 6, 21, 6, 14, 25, 35, 27, 26, 34, 27, 25, 27, 25, 27, 21, 6, 21, 6, 21, 6, 21, 25, 27, 26, 27, 26, 28, 27, 28, 7, 21, 6, 21, 6, 21, 6, 21, 6, 21, 6, 14, 25, 35, 27, 26, 34, 27, 25, 27, 27, 27, 21, 6, 21, 6, 21, 6, 21, 25, 27, 26, 27, 26, 28, 27, 28, 7, 21, 6, 21, 6, 21, 6, 21, 6, 21, 6, 14, 25, 35, 27, 26, 34, 27, 25, 27, 28, 27, 21, 6, 21, 6, 21, 6, 21, 25, 27, 26, 27, 26, 28, 27, 28, 7, 21, 6, 21, 6, 21, 6, 21, 6, 21, 6, 14, 25, 27, 35, 34, 26, 27, 25, 27, 26, 27, 21, 6, 21, 6, 21, 6, 21, 25, 27, 26, 27, 26, 28, 27, 28, 7, 21, 6, 21, 6, 21, 6, 21, 6, 21, 6, 14, 25, 35, 27, 34, 26, 27, 25, 27, 26, 27, 21, 6, 21, 6, 21, 6, 21, 25, 27, 26, 27, 26, 28, 27, 28, 7, 21, 6, 21, 6, 21, 6, 21, 6, 15, 28, 26, 34, 27, 28, 27, 35, 28, 21, 6, 21, 6, 21, 25, 26, 26, 27, 27, 28, 7, 21, 6, 21, 6, 21, 6, 21, 6, 15, 28, 26, 34, 27, 28, 35, 27, 28, 21, 6, 21, 6, 21, 25, 26, 26, 27, 27, 28, 7, 21, 6, 21, 6, 21, 6, 21, 6, 15, 28, 34, 26, 27, 28, 27, 35, 28, 21, 6, 21, 6, 21, 25, 26, 26, 27, 27, 28, 7, 21, 6, 21, 6, 21, 6, 21, 6, 15, 28, 34, 26, 27, 28, 35, 27, 28, 21, 6, 21, 6, 21, 25, 26, 26, 27, 27, 28]"
"[5, 7, 6, 15, 21, 21, 6, 21, 21, 25, 42, 27, 26, 43, 28, 21, 6, 21, 6, 21, 25, 26, 26, 28, 27, 28, 7, 6, 16, 20, 21, 21, 6, 21, 21, 27, 42, 28, 28, 43, 28, 21, 6, 21, 6, 21, 25, 27, 26, 27, 27, 28]","[5, 4, 4, 5, 4, 4, 5, 5, 5, 5, 4, 7, 23, 21, 6, 21, 6, 21, 6, 21, 6, 15, 25, 26, 34, 27, 26, 27, 35, 25, 21, 6, 21, 6, 5, 21, 26, 28, 21, 25, 26, 25, 26, 27, 28, 7, 21, 6, 21, 6, 21, 6, 21, 6, 15, 25, 26, 34, 27, 26, 27, 35, 25, 21, 6, 21, 6, 5, 21, 26, 28, 21, 25, 26, 26, 28, 27, 28, 7, 21, 6, 21, 6, 21, 6, 21, 6, 15, 25, 26, 34, 27, 26, 27, 35, 26, 6, 21, 6, 21, 25, 26, 26, 28, 23, 4, 4, 21, 25, 28, 21, 26, 28, 21, 28, 28, 7, 21, 6, 21, 6, 21, 6, 21, 6, 15, 25, 26, 34, 27, 26, 27, 35, 27, 21, 6, 21, 6, 21, 25, 26, 26, 28, 27, 28, 7, 21, 6, 21, 6, 21, 6, 21, 6, 15, 25, 26, 34, 27, 26, 35, 27, 28, 21, 6, 21, 6, 21, 25, 26, 26, 28, 27, 28, 7, 21, 6, 21, 6, 21, 6, 21, 6, 15, 25, 34, 26, 27, 26, 27, 35, 28, 21, 6, 21, 6, 5, 21, 26, 28, 21, 27, 28, 27, 28, 25, 26, 7, 21, 6, 21, 6, 21, 6, 21, 6, 15, 25, 34, 26, 27, 26, 27, 35, 28, 21, 6, 21, 6, 5, 21, 26, 28, 21, 27, 28, 26, 28, 25, 26, 7, 21, 6, 21, 6, 21, 6, 21, 6, 15, 25, 34, 26, 27, 26, 35, 27, 28, 21, 6, 21, 6, 21, 25, 26, 26, 28, 27, 28, 7, 21, 6, 21, 6, 21, 6, 21, 6, 16, 20, 27, 26, 34, 28, 28, 27, 35, 28, 21, 6, 21, 6, 21, 25, 27, 26, 27, 27, 28, 7, 21, 6, 21, 6, 21, 6, 21, 6, 16, 20, 27, 26, 34, 28, 28, 35, 27, 28, 21, 6, 21, 6, 21, 25, 27, 26, 27, 27, 28, 7, 21, 6, 21, 6, 21, 6, 21, 6, 16, 20, 27, 34, 26, 28, 28, 27, 35, 28, 21, 6, 21, 6, 21, 25, 27, 26, 27, 27, 28, 7, 21, 6, 21, 6, 21, 6, 21, 6, 16, 20, 27, 34, 26, 28, 28, 35, 27, 28, 21, 6, 21, 6, 21, 25, 27, 26, 27, 27, 28]"
"[7, 6, 19, 21, 6, 21, 6, 22, 21, 42, 43, 25, 26, 26, 28, 21, 6, 21, 6, 21, 25, 26, 25, 27, 26, 28]","[5, 5, 5, 5, 5, 7, 21, 6, 21, 6, 21, 6, 21, 6, 19, 34, 27, 35, 26, 25, 26, 26, 28, 21, 6, 21, 6, 21, 25, 26, 25, 27, 26, 28, 7, 21, 6, 21, 6, 21, 6, 21, 6, 19, 26, 27, 35, 34, 25, 26, 26, 28, 21, 6, 21, 6, 21, 25, 26, 25, 27, 26, 28, 7, 21, 6, 21, 6, 21, 6, 21, 6, 19, 34, 35, 27, 26, 25, 26, 26, 28, 21, 6, 21, 6, 21, 25, 26, 25, 27, 26, 28, 7, 21, 6, 21, 6, 21, 6, 21, 6, 19, 26, 35, 27, 34, 26, 26, 26, 28, 21, 6, 21, 6, 21, 25, 26, 25, 27, 26, 28, 7, 21, 6, 21, 6, 21, 6, 21, 6, 19, 26, 35, 27, 34, 27, 26, 26, 28, 21, 6, 21, 6, 21, 25, 26, 25, 27, 26, 28, 7, 21, 6, 21, 6, 21, 6, 21, 6, 19, 26, 35, 27, 34, 28, 26, 26, 28, 21, 6, 21, 6, 21, 25, 26, 25, 27, 26, 28]"
"[5, 4, 5, 4, 7, 6, 20, 21, 6, 21, 6, 21, 21, 21, 28, 42, 43, 26, 26, 27, 27, 28, 21, 6, 21, 6, 21, 6, 21, 25, 26, 26, 27, 26, 28, 27, 28, 7, 6, 18, 15, 21, 6, 21, 21, 21, 28, 42, 43, 28, 25, 27, 21, 6, 21, 6, 21, 25, 26, 25, 27, 26, 27, 7, 22, 21, 42, 43, 21, 26, 27, 7, 6, 16, 21, 6, 21, 21, 21, 27, 42, 43, 26, 26, 27, 21, 6, 21, 6, 21, 25, 26, 26, 28, 27, 28, 7, 6, 20, 19, 21, 21, 6, 21, 21, 28, 42, 25, 28, 43, 25, 21, 6, 21, 6, 21, 26, 27, 26, 28, 27, 28]","[5, 4, 4, 5, 4, 5, 5, 4, 5, 4, 4, 5, 4, 5, 5, 5, 4, 4, 5, 5, 5, 7, 21, 6, 21, 6, 21, 6, 21, 6, 21, 6, 20, 28, 26, 34, 27, 35, 26, 26, 27, 27, 28, 21, 6, 21, 6, 21, 6, 5, 21, 27, 28, 21, 26, 28, 26, 28, 25, 26, 26, 27, 7, 21, 6, 21, 6, 21, 6, 21, 6, 21, 6, 20, 28, 26, 34, 27, 35, 26, 26, 27, 27, 28, 21, 6, 21, 6, 21, 6, 5, 21, 27, 28, 21, 26, 28, 27, 28, 25, 26, 26, 27, 7, 21, 6, 21, 6, 21, 6, 21, 6, 21, 6, 20, 28, 34, 26, 27, 35, 26, 26, 27, 27, 28, 21, 6, 21, 6, 21, 6, 21, 25, 26, 26, 27, 26, 28, 27, 28, 7, 21, 6, 21, 6, 21, 6, 21, 6, 21, 6, 20, 28, 26, 34, 35, 27, 26, 26, 27, 27, 28, 21, 6, 21, 6, 21, 6, 21, 25, 26, 26, 27, 26, 28, 27, 28, 7, 21, 6, 21, 6, 21, 6, 21, 6, 21, 6, 20, 28, 34, 26, 35, 27, 26, 26, 27, 27, 28, 21, 6, 21, 6, 21, 6, 21, 25, 26, 26, 27, 26, 28, 27, 28, 7, 21, 6, 21, 6, 21, 6, 21, 6, 18, 15, 28, 26, 34, 27, 35, 28, 25, 27, 21, 6, 21, 6, 5, 21, 25, 27, 21, 26, 27, 26, 27, 25, 26, 7, 21, 6, 21, 6, 21, 6, 21, 6, 18, 15, 28, 26, 34, 27, 35, 28, 25, 27, 21, 6, 21, 6, 5, 21, 25, 27, 21, 26, 27, 25, 27, 25, 26, 7, 21, 6, 21, 6, 21, 6, 21, 6, 18, 15, 28, 34, 26, 27, 35, 28, 25, 27, 21, 6, 21, 6, 21, 25, 26, 25, 27, 26, 27, 7, 21, 6, 21, 6, 21, 6, 21, 6, 18, 15, 28, 26, 34, 35, 27, 28, 25, 27, 21, 6, 21, 6, 21, 25, 26, 25, 27, 26, 27, 7, 21, 6, 21, 6, 21, 6, 21, 6, 18, 15, 28, 34, 26, 35, 27, 28, 25, 27, 21, 6, 21, 6, 21, 25, 26, 25, 27, 26, 27, 7, 21, 6, 21, 34, 27, 35, 26, 21, 26, 27, 7, 21, 6, 21, 26, 27, 35, 34, 21, 26, 27, 7, 21, 6, 21, 34, 35, 27, 26, 21, 26, 27, 7, 21, 6, 21, 26, 35, 27, 34, 21, 26, 27, 7, 21, 6, 21, 6, 21, 6, 21, 6, 16, 27, 26, 34, 27, 35, 26, 26, 27, 21, 6, 21, 6, 21, 25, 26, 26, 28, 27, 28, 7, 21, 6, 21, 6, 21, 6, 21, 6, 16, 27, 34, 26, 27, 35, 26, 26, 27, 21, 6, 21, 6, 21, 25, 26, 26, 28, 27, 28, 7, 21, 6, 21, 6, 21, 6, 21, 6, 16, 27, 26, 34, 35, 27, 26, 26, 27, 21, 6, 21, 6, 21, 25, 26, 26, 28, 27, 28, 7, 21, 6, 21, 6, 21, 6, 21, 6, 16, 27, 34, 26, 35, 27, 26, 26, 27, 21, 6, 21, 6, 21, 25, 26, 26, 28, 27, 28, 7, 21, 6, 21, 6, 21, 6, 21, 6, 20, 19, 28, 26, 34, 25, 28, 27, 35, 25, 21, 6, 21, 6, 21, 26, 27, 26, 28, 27, 28, 7, 21, 6, 21, 6, 21, 6, 21, 6, 20, 19, 28, 26, 34, 25, 28, 35, 27, 25, 21, 6, 21, 6, 21, 26, 27, 26, 28, 27, 28, 7, 21, 6, 21, 6, 21, 6, 21, 6, 20, 19, 28, 34, 26, 25, 28, 27, 35, 25, 21, 6, 21, 6, 21, 26, 27, 26, 28, 27, 28, 7, 21, 6, 21, 6, 21, 6, 21, 6, 20, 19, 28, 34, 26, 25, 28, 35, 27, 25, 21, 6, 21, 6, 21, 26, 27, 26, 28, 27, 28]"
"[4, 7, 6, 23, 13, 22, 21, 42, 43, 21, 26, 28, 7, 6, 17, 16, 21, 21, 21, 27, 42, 43, 26, 21, 6, 21, 26, 27, 27, 28]","[4, 4, 5, 5, 5, 5, 4, 4, 5, 5, 4, 4, 4, 4, 4, 4, 4, 4, 4, 7, 21, 6, 21, 6, 21, 6, 21, 6, 21, 6, 13, 34, 27, 35, 26, 25, 27, 28, 26, 25, 26, 21, 6, 6, 21, 6, 21, 28, 26, 28, 27, 4, 21, 28, 26, 21, 27, 25, 25, 26, 7, 21, 6, 21, 6, 21, 6, 21, 6, 21, 6, 13, 34, 27, 35, 26, 25, 27, 27, 25, 25, 26, 21, 6, 6, 21, 6, 21, 28, 26, 28, 27, 4, 21, 28, 26, 21, 27, 25, 25, 26, 7, 21, 6, 21, 6, 21, 6, 21, 6, 21, 6, 13, 34, 27, 35, 26, 26, 27, 28, 26, 25, 26, 21, 6, 6, 21, 6, 21, 28, 26, 28, 27, 4, 21, 28, 26, 21, 27, 25, 25, 26, 7, 21, 6, 21, 6, 21, 6, 21, 6, 21, 6, 13, 34, 27, 35, 26, 26, 27, 27, 25, 25, 26, 21, 6, 6, 21, 6, 21, 28, 26, 28, 27, 4, 21, 28, 26, 21, 27, 25, 25, 26, 7, 21, 6, 21, 6, 21, 6, 21, 6, 21, 6, 13, 34, 27, 35, 26, 27, 27, 28, 26, 25, 26, 21, 6, 6, 21, 6, 21, 28, 26, 28, 27, 4, 21, 28, 26, 21, 27, 25, 25, 26, 7, 21, 6, 21, 6, 21, 6, 21, 6, 21, 6, 13, 34, 27, 35, 26, 27, 27, 27, 25, 25, 26, 21, 6, 6, 21, 6, 21, 28, 26, 28, 27, 4, 21, 28, 26, 21, 27, 25, 25, 26, 7, 21, 6, 21, 6, 21, 6, 21, 6, 21, 6, 13, 26, 27, 35, 34, 28, 27, 28, 26, 25, 26, 21, 6, 6, 21, 6, 21, 26, 28, 28, 27, 4, 21, 28, 26, 21, 27, 25, 25, 26, 7, 21, 6, 21, 6, 21, 6, 21, 6, 21, 6, 13, 26, 27, 35, 34, 28, 27, 27, 25, 25, 26, 21, 6, 6, 21, 6, 21, 26, 28, 28, 27, 4, 21, 28, 26, 21, 27, 25, 25, 26, 7, 21, 6, 21, 6, 21, 6, 21, 6, 21, 6, 13, 34, 35, 27, 26, 28, 27, 28, 26, 25, 26, 21, 6, 6, 21, 6, 21, 26, 28, 28, 27, 4, 21, 28, 26, 21, 27, 25, 25, 26, 7, 21, 6, 21, 6, 21, 6, 21, 6, 21, 6, 13, 34, 35, 27, 26, 28, 27, 27, 25, 25, 26, 21, 6, 6, 21, 6, 21, 26, 28, 28, 27, 4, 21, 28, 26, 21, 27, 25, 25, 26, 7, 21, 6, 21, 6, 21, 6, 21, 6, 21, 6, 13, 26, 35, 27, 34, 28, 27, 28, 26, 25, 26, 21, 6, 6, 21, 6, 21, 26, 28, 28, 27, 4, 21, 28, 26, 21, 27, 25, 25, 26, 7, 21, 6, 21, 6, 21, 6, 21, 6, 21, 6, 13, 26, 35, 27, 34, 28, 27, 27, 25, 25, 26, 21, 6, 6, 21, 6, 21, 26, 28, 28, 27, 4, 21, 28, 26, 21, 27, 25, 25, 26, 7, 21, 6, 21, 6, 21, 6, 21, 6, 21, 6, 21, 6, 17, 16, 27, 26, 34, 27, 35, 26, 28, 27, 28, 26, 25, 26, 21, 6, 6, 21, 6, 21, 6, 21, 26, 27, 27, 28, 28, 27, 4, 21, 28, 26, 21, 27, 25, 25, 26, 7, 21, 6, 21, 6, 21, 6, 21, 6, 21, 6, 21, 6, 17, 16, 27, 26, 34, 27, 35, 26, 28, 27, 27, 25, 25, 26, 21, 6, 6, 21, 6, 21, 6, 21, 26, 27, 27, 28, 28, 27, 4, 21, 28, 26, 21, 27, 25, 25, 26, 7, 21, 6, 21, 6, 21, 6, 21, 6, 21, 6, 21, 6, 17, 16, 27, 34, 26, 27, 35, 26, 28, 27, 28, 26, 25, 26, 21, 6, 6, 21, 6, 21, 6, 21, 26, 27, 27, 28, 28, 27, 4, 21, 28, 26, 21, 27, 25, 25, 26, 7, 21, 6, 21, 6, 21, 6, 21, 6, 21, 6, 21, 6, 17, 16, 27, 34, 26, 27, 35, 26, 28, 27, 27, 25, 25, 26, 21, 6, 6, 21, 6, 21, 6, 21, 26, 27, 27, 28, 28, 27, 4, 21, 28, 26, 21, 27, 25, 25, 26, 7, 21, 6, 21, 6, 21, 6, 21, 6, 21, 6, 21, 6, 17, 16, 27, 26, 34, 35, 27, 26, 28, 27, 28, 26, 25, 26, 21, 6, 6, 21, 6, 21, 6, 21, 26, 27, 27, 28, 28, 27, 4, 21, 28, 26, 21, 27, 25, 25, 26, 7, 21, 6, 21, 6, 21, 6, 21, 6, 21, 6, 21, 6, 17, 16, 27, 26, 34, 35, 27, 26, 28, 27, 27, 25, 25, 26, 21, 6, 6, 21, 6, 21, 6, 21, 26, 27, 27, 28, 28, 27, 4, 21, 28, 26, 21, 27, 25, 25, 26, 7, 21, 6, 21, 6, 21, 6, 21, 6, 21, 6, 21, 6, 17, 16, 27, 34, 26, 35, 27, 26, 28, 27, 28, 26, 25, 26, 21, 6, 6, 21, 6, 21, 6, 21, 26, 27, 27, 28, 28, 27, 4, 21, 28, 26, 21, 27, 25, 25, 26, 7, 21, 6, 21, 6, 21, 6, 21, 6, 21, 6, 21, 6, 17, 16, 27, 34, 26, 35, 27, 26, 28, 27, 27, 25, 25, 26, 21, 6, 6, 21, 6, 21, 6, 21, 26, 27, 27, 28, 28, 27, 4, 21, 28, 26, 21, 27, 25, 25, 26]"
"[5, 7, 6, 23, 15, 21, 6, 21, 6, 21, 21, 6, 21, 21, 25, 43, 28, 27, 42, 27, 25, 26, 26, 28, 21, 6, 21, 6, 21, 6, 21, 6, 21, 25, 26, 25, 27, 26, 27, 26, 28, 27, 28, 7, 6, 12, 17, 21, 6, 21, 21, 6, 21, 21, 25, 42, 25, 26, 43, 28, 25, 28, 21, 6, 21, 6, 21, 6, 21, 25, 26, 26, 27, 26, 28, 27, 28]","[5, 4, 4, 5, 5, 4, 4, 7, 23, 21, 6, 21, 6, 21, 6, 21, 6, 21, 6, 21, 6, 15, 25, 27, 35, 28, 27, 26, 34, 27, 25, 26, 26, 28, 21, 6, 21, 6, 21, 6, 21, 6, 21, 25, 26, 25, 27, 26, 27, 26, 28, 27, 28, 7, 21, 6, 21, 6, 21, 6, 21, 6, 21, 6, 21, 6, 15, 25, 27, 35, 28, 27, 34, 26, 27, 25, 26, 26, 28, 21, 6, 21, 6, 21, 6, 21, 6, 21, 25, 26, 25, 27, 26, 27, 26, 28, 27, 28, 7, 21, 6, 21, 6, 21, 6, 21, 6, 21, 6, 21, 6, 15, 25, 35, 27, 28, 27, 26, 34, 27, 25, 26, 26, 28, 21, 6, 21, 6, 21, 6, 21, 6, 21, 25, 26, 25, 27, 26, 27, 26, 28, 27, 28, 7, 21, 6, 21, 6, 21, 6, 21, 6, 21, 6, 21, 6, 15, 25, 35, 27, 28, 27, 34, 26, 27, 25, 26, 26, 28, 21, 6, 21, 6, 21, 6, 21, 6, 21, 25, 26, 25, 27, 26, 27, 26, 28, 27, 28, 7, 21, 6, 21, 6, 21, 6, 21, 6, 21, 6, 12, 17, 25, 26, 34, 25, 26, 27, 35, 28, 25, 28, 21, 6, 21, 6, 21, 6, 21, 25, 26, 26, 27, 26, 28, 27, 28, 7, 21, 6, 21, 6, 21, 6, 21, 6, 21, 6, 12, 17, 25, 26, 34, 25, 26, 35, 27, 28, 25, 28, 21, 6, 21, 6, 21, 6, 21, 25, 26, 26, 27, 26, 28, 27, 28, 7, 21, 6, 21, 6, 21, 6, 21, 6, 21, 6, 12, 17, 25, 34, 26, 25, 26, 27, 35, 28, 25, 28, 21, 6, 21, 6, 21, 6, 21, 25, 26, 26, 27, 26, 28, 27, 28, 7, 21, 6, 21, 6, 21, 6, 21, 6, 21, 6, 12, 17, 25, 34, 26, 25, 26, 35, 27, 28, 25, 28, 21, 6, 21, 6, 21, 6, 21, 25, 26, 26, 27, 26, 28, 27, 28]"
"[5, 5, 5, 4, 7, 6, 23, 18, 21, 6, 21, 21, 21, 27, 42, 43, 25, 25, 27, 21, 6, 21, 6, 21, 25, 26, 26, 27, 27, 28, 7, 22, 21, 42, 43, 21, 26, 27, 7, 6, 13, 13, 22, 21, 42, 43, 21, 25, 26, 7, 6, 20, 15, 21, 6, 21, 6, 21, 21, 21, 25, 42, 43, 28, 25, 28, 27, 28, 21, 6, 21, 6, 21, 6, 21, 25, 27, 26, 27, 26, 28, 27, 28, 7, 6, 17, 13, 21, 21, 6, 21, 21, 27, 42, 25, 28, 43, 26, 21, 6, 21, 6, 21, 25, 26, 26, 28, 27, 28]","[5, 4, 4, 5, 5, 4, 4, 4, 4, 4, 5, 4, 4, 5, 4, 5, 5, 4, 5, 4, 4, 7, 23, 21, 6, 21, 6, 21, 6, 21, 6, 18, 27, 26, 34, 27, 35, 25, 25, 27, 21, 6, 21, 6, 21, 25, 26, 26, 27, 27, 28, 7, 21, 6, 21, 6, 21, 6, 21, 6, 18, 27, 34, 26, 27, 35, 25, 25, 27, 21, 6, 21, 6, 21, 25, 26, 26, 27, 27, 28, 7, 21, 6, 21, 6, 21, 6, 21, 6, 18, 27, 26, 34, 35, 27, 25, 25, 27, 21, 6, 21, 6, 21, 25, 26, 26, 27, 27, 28, 7, 21, 6, 21, 6, 21, 6, 21, 6, 18, 27, 34, 26, 35, 27, 25, 25, 27, 21, 6, 21, 6, 21, 25, 26, 26, 27, 27, 28, 7, 21, 6, 21, 34, 27, 35, 26, 21, 26, 27, 7, 21, 6, 21, 26, 27, 35, 34, 21, 26, 27, 7, 21, 6, 21, 34, 35, 27, 26, 21, 26, 27, 7, 21, 6, 21, 26, 35, 27, 34, 21, 26, 27, 7, 21, 6, 21, 6, 13, 13, 34, 27, 35, 26, 21, 25, 26, 7, 21, 6, 21, 6, 13, 13, 26, 27, 35, 34, 21, 25, 26, 7, 21, 6, 21, 6, 13, 13, 34, 35, 27, 26, 21, 25, 26, 7, 21, 6, 21, 6, 13, 13, 26, 35, 27, 34, 21, 25, 26, 7, 21, 6, 21, 6, 21, 6, 21, 6, 21, 6, 20, 15, 26, 26, 34, 27, 35, 28, 25, 28, 27, 28, 21, 6, 21, 6, 21, 6, 21, 25, 27, 26, 27, 26, 28, 27, 28, 7, 21, 6, 21, 6, 21, 6, 21, 6, 21, 6, 20, 15, 27, 26, 34, 27, 35, 28, 25, 28, 27, 28, 21, 6, 21, 6, 21, 6, 21, 25, 27, 26, 27, 26, 28, 27, 28, 7, 21, 6, 21, 6, 21, 6, 21, 6, 21, 6, 20, 15, 28, 26, 34, 27, 35, 28, 25, 28, 27, 28, 21, 6, 21, 6, 21, 6, 21, 25, 27, 26, 27, 26, 28, 27, 28, 7, 21, 6, 21, 6, 21, 6, 21, 6, 21, 6, 20, 15, 25, 34, 26, 27, 35, 28, 25, 28, 27, 28, 21, 6, 21, 6, 21, 6, 21, 25, 27, 26, 27, 26, 28, 27, 28, 7, 21, 6, 21, 6, 21, 6, 21, 6, 21, 6, 20, 15, 25, 26, 34, 35, 27, 28, 25, 28, 27, 28, 21, 6, 21, 6, 21, 6, 21, 25, 27, 26, 27, 26, 28, 27, 28, 7, 21, 6, 21, 6, 21, 6, 21, 6, 21, 6, 20, 15, 25, 34, 26, 35, 27, 28, 25, 28, 27, 28, 21, 6, 21, 6, 21, 6, 21, 27, 25, 26, 27, 26, 28, 27, 28, 7, 21, 6, 21, 6, 21, 6, 21, 6, 17, 13, 27, 26, 34, 25, 28, 27, 35, 26, 21, 6, 21, 6, 21, 25, 26, 26, 28, 27, 28, 7, 21, 6, 21, 6, 21, 6, 21, 6, 17, 13, 27, 26, 34, 25, 28, 35, 27, 26, 21, 6, 21, 6, 21, 25, 26, 26, 28, 27, 28, 7, 21, 6, 21, 6, 21, 6, 21, 6, 17, 13, 27, 34, 26, 25, 28, 27, 35, 26, 21, 6, 21, 6, 21, 25, 26, 26, 28, 27, 28, 7, 21, 6, 21, 6, 21, 6, 21, 6, 17, 13, 27, 34, 26, 25, 28, 35, 27, 26, 21, 6, 21, 6, 21, 25, 26, 26, 28, 27, 28]"
"[4, 7, 21, 6, 21, 6, 21, 21, 21, 26, 43, 42, 27, 25, 27, 27, 28, 21, 6, 21, 6, 21, 6, 21, 25, 26, 25, 27, 26, 27, 26, 28, 7, 22, 21, 42, 43, 21, 26, 28]","[4, 5, 5, 4, 4, 5, 4, 5, 7, 21, 6, 21, 6, 21, 6, 21, 6, 21, 26, 27, 35, 26, 34, 27, 25, 27, 27, 28, 21, 6, 21, 6, 21, 6, 21, 25, 26, 25, 27, 26, 27, 26, 28, 7, 21, 6, 21, 6, 21, 6, 21, 6, 21, 26, 35, 27, 26, 34, 27, 25, 27, 27, 28, 21, 6, 21, 6, 21, 6, 5, 21, 25, 26, 21, 26, 27, 26, 27, 25, 27, 26, 28, 7, 21, 6, 21, 6, 21, 6, 21, 6, 21, 26, 35, 27, 26, 34, 27, 25, 27, 27, 28, 21, 6, 21, 6, 21, 6, 5, 21, 25, 26, 21, 26, 27, 25, 26, 25, 27, 26, 28, 7, 21, 6, 21, 6, 21, 6, 21, 6, 21, 26, 27, 35, 34, 26, 27, 25, 27, 27, 28, 21, 6, 21, 6, 21, 6, 21, 25, 26, 25, 27, 26, 27, 26, 28, 7, 21, 6, 21, 6, 21, 6, 21, 6, 21, 26, 35, 27, 34, 26, 27, 25, 27, 27, 28, 21, 6, 21, 6, 21, 6, 21, 25, 26, 25, 27, 26, 27, 26, 28, 7, 21, 6, 21, 34, 27, 35, 26, 21, 26, 28, 7, 21, 6, 21, 26, 27, 35, 34, 21, 26, 28, 7, 21, 6, 21, 34, 35, 27, 26, 21, 26, 28, 7, 21, 6, 21, 26, 35, 27, 34, 21, 26, 28]"
"[5, 4, 5, 7, 6, 17, 21, 6, 21, 6, 21, 21, 21, 26, 43, 42, 28, 25, 26, 25, 28, 21, 6, 21, 6, 21, 6, 21, 25, 26, 25, 27, 26, 27, 26, 28, 7, 6, 20, 13, 21, 21, 6, 21, 21, 25, 43, 26, 28, 42, 25, 21, 6, 21, 6, 21, 25, 27, 26, 28, 27, 28, 7, 6, 13, 21, 21, 21, 28, 43, 42, 27, 21, 6, 21, 26, 27, 27, 28, 7, 6, 16, 20, 22, 21, 42, 43, 21, 26, 28]","[5, 4, 4, 5, 4, 5, 5, 4, 5, 4, 4, 5, 4, 5, 5, 7, 21, 6, 21, 6, 21, 6, 21, 6, 21, 6, 17, 26, 27, 35, 26, 34, 28, 25, 26, 25, 28, 21, 6, 21, 6, 21, 6, 21, 25, 26, 25, 27, 26, 27, 26, 28, 7, 21, 6, 21, 6, 21, 6, 21, 6, 21, 6, 17, 26, 35, 27, 26, 34, 28, 25, 26, 25, 28, 21, 6, 21, 6, 21, 6, 21, 25, 26, 25, 27, 26, 27, 26, 28, 7, 21, 6, 21, 6, 21, 6, 21, 6, 21, 6, 17, 26, 27, 35, 34, 26, 28, 25, 26, 25, 28, 21, 6, 21, 6, 21, 6, 21, 25, 26, 25, 27, 26, 27, 26, 28, 7, 21, 6, 21, 6, 21, 6, 21, 6, 21, 6, 17, 26, 35, 27, 34, 26, 28, 25, 26, 25, 28, 21, 6, 21, 6, 21, 6, 21, 25, 26, 25, 27, 26, 27, 26, 28, 7, 21, 6, 21, 6, 21, 6, 21, 6, 20, 13, 25, 27, 35, 26, 28, 26, 34, 25, 21, 6, 21, 6, 21, 25, 27, 26, 28, 27, 28, 7, 21, 6, 21, 6, 21, 6, 21, 6, 20, 13, 25, 27, 35, 26, 28, 34, 26, 25, 21, 6, 21, 6, 21, 25, 27, 26, 28, 27, 28, 7, 21, 6, 21, 6, 21, 6, 21, 6, 20, 13, 25, 35, 27, 26, 28, 26, 34, 25, 21, 6, 21, 6, 21, 25, 27, 26, 28, 27, 28, 7, 21, 6, 21, 6, 21, 6, 21, 6, 20, 13, 25, 35, 27, 26, 28, 34, 26, 25, 21, 6, 21, 6, 23, 4, 4, 21, 26, 27, 21, 27, 27, 21, 28, 27, 26, 28, 27, 28, 7, 21, 6, 21, 6, 21, 6, 13, 28, 27, 35, 26, 34, 27, 21, 6, 21, 26, 27, 27, 28, 7, 21, 6, 21, 6, 21, 6, 13, 28, 35, 27, 26, 34, 27, 21, 6, 21, 26, 27, 27, 28, 7, 21, 6, 21, 6, 21, 6, 13, 28, 27, 35, 34, 26, 27, 21, 6, 21, 26, 27, 27, 28, 7, 21, 6, 21, 6, 21, 6, 13, 28, 35, 27, 34, 26, 27, 21, 6, 21, 26, 27, 27, 28, 7, 21, 6, 21, 6, 16, 20, 34, 27, 35, 26, 21, 26, 28, 7, 21, 6, 21, 6, 16, 20, 26, 27, 35, 34, 21, 26, 28, 7, 21, 6, 21, 6, 16, 20, 34, 35, 27, 26, 21, 26, 28, 7, 21, 6, 21, 6, 16, 20, 26, 35, 27, 34, 21, 26, 28]"
"[4, 4, 7, 21, 6, 21, 6, 21, 21, 21, 27, 42, 43, 26, 25, 26, 25, 28, 21, 6, 21, 6, 21, 6, 21, 25, 26, 25, 27, 26, 27, 26, 28, 7, 21, 6, 21, 6, 21, 21, 21, 25, 42, 43, 28, 25, 28, 26, 27, 21, 6, 21, 6, 21, 6, 21, 25, 26, 25, 27, 26, 28, 27, 28, 7, 21, 6, 21, 21, 21, 28, 42, 43, 26, 25, 26, 21, 6, 21, 6, 21, 25, 27, 26, 27, 26, 28]","[4, 4, 5, 5, 5, 5, 4, 4, 4, 4, 5, 5, 5, 5, 4, 4, 4, 4, 5, 5, 5, 5, 4, 7, 21, 6, 21, 6, 21, 6, 21, 6, 21, 6, 21, 27, 26, 34, 27, 35, 26, 25, 26, 25, 28, 26, 27, 6, 21, 6, 21, 6, 21, 6, 21, 25, 26, 25, 27, 26, 27, 26, 28, 4, 21, 26, 27, 21, 28, 25, 7, 21, 6, 21, 6, 21, 6, 21, 6, 21, 6, 21, 27, 26, 34, 27, 35, 26, 25, 26, 25, 28, 28, 25, 6, 21, 6, 21, 6, 21, 6, 21, 25, 26, 25, 27, 26, 27, 26, 28, 4, 21, 26, 27, 21, 28, 25, 7, 21, 6, 21, 6, 21, 6, 21, 6, 21, 6, 21, 27, 34, 26, 27, 35, 26, 25, 26, 25, 28, 26, 27, 6, 21, 6, 21, 6, 21, 6, 21, 25, 26, 25, 27, 26, 27, 26, 28, 4, 21, 26, 27, 21, 28, 25, 7, 21, 6, 21, 6, 21, 6, 21, 6, 21, 6, 21, 27, 34, 26, 27, 35, 26, 25, 26, 25, 28, 28, 25, 6, 21, 6, 21, 6, 21, 6, 21, 25, 26, 25, 27, 26, 27, 26, 28, 4, 21, 26, 27, 21, 28, 25, 7, 21, 6, 21, 6, 21, 6, 21, 6, 21, 6, 21, 27, 26, 34, 35, 27, 26, 25, 26, 25, 28, 26, 27, 6, 21, 6, 21, 6, 21, 6, 21, 25, 26, 25, 27, 26, 27, 26, 28, 4, 21, 26, 27, 21, 28, 25, 7, 21, 6, 21, 6, 21, 6, 21, 6, 21, 6, 21, 27, 26, 34, 35, 27, 26, 25, 26, 25, 28, 28, 25, 6, 21, 6, 21, 6, 21, 6, 21, 25, 26, 25, 27, 26, 27, 26, 28, 4, 21, 26, 27, 21, 28, 25, 7, 21, 6, 21, 6, 21, 6, 21, 6, 21, 6, 21, 27, 34, 26, 35, 27, 26, 25, 26, 25, 28, 26, 27, 6, 21, 6, 21, 6, 21, 6, 21, 25, 26, 25, 27, 26, 27, 26, 28, 4, 21, 26, 27, 21, 28, 25, 7, 21, 6, 21, 6, 21, 6, 21, 6, 21, 6, 21, 27, 34, 26, 35, 27, 26, 25, 26, 25, 28, 28, 25, 6, 21, 6, 21, 6, 21, 6, 21, 25, 26, 25, 27, 26, 27, 26, 28, 4, 21, 26, 27, 21, 28, 25, 7, 21, 6, 21, 6, 21, 6, 21, 6, 21, 6, 21, 25, 26, 34, 27, 35, 28, 25, 28, 26, 27, 26, 27, 6, 21, 6, 21, 6, 21, 6, 21, 25, 26, 25, 27, 26, 28, 27, 28, 4, 21, 26, 27, 21, 28, 25, 7, 21, 6, 21, 6, 21, 6, 21, 6, 21, 6, 21, 25, 26, 34, 27, 35, 28, 25, 28, 26, 27, 28, 25, 6, 21, 6, 21, 6, 21, 6, 21, 25, 26, 25, 27, 26, 28, 27, 28, 4, 21, 26, 27, 21, 28, 25, 7, 21, 6, 21, 6, 21, 6, 21, 6, 21, 6, 21, 25, 34, 26, 27, 35, 28, 25, 28, 26, 27, 26, 27, 6, 21, 6, 21, 6, 21, 6, 21, 25, 26, 25, 27, 26, 28, 27, 28, 4, 21, 26, 27, 21, 28, 25, 7, 21, 6, 21, 6, 21, 6, 21, 6, 21, 6, 21, 25, 34, 26, 27, 35, 28, 25, 28, 26, 27, 28, 25, 6, 21, 6, 21, 6, 21, 6, 21, 25, 26, 25, 27, 26, 28, 27, 28, 4, 21, 26, 27, 21, 28, 25, 7, 21, 6, 21, 6, 21, 6, 21, 6, 21, 6, 21, 25, 26, 34, 35, 27, 28, 25, 28, 26, 27, 26, 27, 6, 21, 6, 21, 6, 21, 6, 21, 25, 26, 25, 27, 26, 28, 27, 28, 4, 21, 26, 27, 21, 28, 25, 7, 21, 6, 21, 6, 21, 6, 21, 6, 21, 6, 21, 25, 26, 34, 35, 27, 28, 25, 28, 26, 27, 28, 25, 6, 21, 6, 21, 6, 21, 6, 21, 25, 26, 25, 27, 26, 28, 27, 28, 4, 21, 26, 27, 21, 28, 25, 7, 21, 6, 21, 6, 21, 6, 21, 6, 21, 6, 21, 25, 34, 26, 35, 27, 28, 25, 28, 26, 27, 26, 27, 6, 21, 6, 21, 6, 21, 6, 21, 25, 26, 25, 27, 26, 28, 27, 28, 4, 21, 26, 27, 21, 28, 25, 7, 21, 6, 21, 6, 21, 6, 21, 6, 21, 6, 21, 25, 34, 26, 35, 27, 28, 25, 28, 26, 27, 28, 25, 6, 21, 6, 21, 6, 21, 6, 21, 25, 26, 25, 27, 26, 28, 27, 28, 4, 21, 26, 27, 21, 28, 25, 7, 21, 6, 21, 6, 21, 6, 21, 6, 21, 28, 26, 34, 27, 35, 26, 25, 26, 26, 27, 6, 21, 6, 21, 6, 21, 25, 27, 26, 27, 26, 28, 4, 21, 26, 27, 21, 28, 25, 7, 21, 6, 21, 6, 21, 6, 21, 6, 21, 28, 26, 34, 27, 35, 26, 25, 26, 28, 25, 6, 21, 6, 21, 6, 21, 25, 27, 26, 27, 26, 28, 4, 21, 26, 27, 21, 28, 25, 7, 21, 6, 21, 6, 21, 6, 21, 6, 21, 28, 34, 26, 27, 35, 26, 25, 26, 26, 27, 6, 21, 6, 21, 6, 21, 25, 27, 26, 27, 26, 28, 4, 21, 26, 27, 21, 28, 25, 7, 21, 6, 21, 6, 21, 6, 21, 6, 21, 28, 34, 26, 27, 35, 26, 25, 26, 28, 25, 6, 21, 6, 21, 6, 21, 25, 27, 26, 27, 26, 28, 4, 21, 26, 27, 21, 28, 25, 7, 21, 6, 21, 6, 21, 6, 21, 6, 21, 28, 26, 34, 35, 27, 26, 26, 25, 26, 27, 6, 21, 6, 21, 6, 21, 25, 27, 26, 27, 26, 28, 4, 21, 26, 27, 21, 28, 25, 7, 21, 6, 21, 6, 21, 6, 21, 6, 21, 28, 26, 34, 35, 27, 26, 26, 25, 28, 25, 6, 21, 6, 21, 6, 21, 25, 27, 26, 27, 26, 28, 4, 21, 26, 27, 21, 28, 25, 7, 21, 6, 21, 6, 21, 6, 21, 6, 21, 28, 34, 26, 35, 27, 26, 25, 26, 26, 27, 6, 21, 6, 21, 6, 21, 25, 27, 26, 27, 26, 28, 4, 21, 26, 27, 21, 28, 25, 7, 21, 6, 21, 6, 21, 6, 21, 6, 21, 28, 34, 26, 35, 27, 26, 25, 26, 28, 25, 6, 21, 6, 21, 6, 21, 25, 27, 26, 27, 26, 28, 4, 21, 26, 27, 21, 28, 25]"
"[5, 4, 5, 7, 6, 16, 21, 6, 22, 21, 42, 43, 27, 28, 21, 6, 21, 26, 27, 26, 28, 7, 6, 18, 12, 21, 21, 21, 28, 43, 42, 28, 21, 6, 21, 25, 26, 26, 27, 7, 6, 17, 20, 21, 6, 21, 6, 22, 21, 42, 43, 25, 28, 26, 28, 21, 6, 21, 6, 21, 25, 26, 25, 27, 26, 27, 7, 6, 19, 21, 6, 21, 6, 21, 21, 21, 28, 43, 42, 25, 25, 28, 27, 28, 21, 6, 21, 6, 21, 6, 21, 25, 26, 25, 27, 26, 28, 27, 28]","[5, 4, 4, 5, 4, 5, 5, 4, 5, 4, 4, 5, 4, 5, 5, 7, 21, 6, 21, 6, 21, 6, 16, 34, 27, 35, 26, 27, 28, 21, 6, 21, 26, 27, 26, 28, 7, 21, 6, 21, 6, 21, 6, 16, 26, 27, 35, 34, 27, 28, 21, 6, 21, 26, 27, 26, 28, 7, 21, 6, 21, 6, 21, 6, 16, 34, 35, 27, 26, 28, 27, 21, 6, 21, 26, 27, 26, 28, 7, 21, 6, 21, 6, 21, 6, 16, 26, 35, 27, 34, 27, 28, 21, 6, 21, 26, 27, 26, 28, 7, 21, 6, 21, 6, 21, 6, 18, 12, 28, 27, 35, 26, 34, 28, 21, 6, 21, 25, 26, 26, 27, 7, 21, 6, 21, 6, 21, 6, 18, 12, 28, 35, 27, 26, 34, 28, 21, 6, 21, 25, 26, 26, 27, 7, 21, 6, 21, 6, 21, 6, 18, 12, 28, 27, 35, 34, 26, 28, 21, 6, 21, 25, 26, 26, 27, 7, 21, 6, 21, 6, 21, 6, 18, 12, 28, 35, 27, 34, 26, 28, 21, 6, 21, 25, 26, 26, 27, 7, 21, 6, 21, 6, 21, 6, 21, 6, 17, 20, 34, 27, 35, 26, 25, 28, 26, 28, 21, 6, 21, 6, 21, 25, 26, 25, 27, 26, 27, 7, 21, 6, 21, 6, 21, 6, 21, 6, 17, 20, 26, 27, 35, 34, 25, 28, 26, 28, 21, 6, 21, 6, 21, 25, 26, 25, 27, 26, 27, 7, 21, 6, 21, 6, 21, 6, 21, 6, 17, 20, 34, 35, 27, 26, 25, 28, 26, 28, 21, 6, 21, 6, 21, 25, 26, 25, 27, 26, 27, 7, 21, 6, 21, 6, 21, 6, 21, 6, 17, 20, 26, 35, 27, 34, 25, 28, 26, 28, 21, 6, 21, 6, 21, 25, 26, 25, 27, 26, 27, 7, 21, 6, 21, 6, 21, 6, 21, 6, 21, 6, 19, 28, 27, 35, 26, 34, 25, 25, 28, 27, 28, 21, 6, 21, 6, 21, 6, 21, 25, 26, 25, 27, 26, 28, 27, 28, 7, 21, 6, 21, 6, 21, 6, 21, 6, 21, 6, 19, 28, 35, 27, 26, 34, 25, 25, 28, 27, 28, 21, 6, 21, 6, 21, 6, 21, 25, 26, 25, 27, 26, 28, 27, 28, 7, 21, 6, 21, 6, 21, 6, 21, 6, 21, 6, 19, 28, 27, 35, 34, 26, 25, 25, 28, 27, 28, 21, 6, 21, 6, 21, 6, 21, 25, 26, 25, 27, 26, 28, 27, 28, 7, 21, 6, 21, 6, 21, 6, 21, 6, 21, 6, 19, 28, 35, 27, 34, 26, 25, 25, 28, 27, 28, 21, 6, 21, 6, 21, 6, 21, 25, 26, 27, 25, 26, 28, 27, 28]"
"[4, 4, 5, 7, 21, 6, 21, 6, 21, 21, 21, 28, 43, 42, 25, 26, 27, 26, 28, 21, 6, 21, 6, 21, 6, 21, 25, 26, 26, 27, 26, 28, 27, 28, 7, 6, 18, 15, 21, 21, 21, 28, 43, 42, 27, 21, 6, 21, 26, 27, 26, 28, 7, 6, 12, 18, 21, 21, 21, 26, 43, 42, 27, 21, 6, 21, 25, 26, 27, 28, 7, 6, 16, 11, 21, 21, 6, 21, 21, 25, 43, 26, 27, 42, 25, 21, 6, 21, 6, 21, 25, 26, 26, 27, 27, 28]","[4, 5, 5, 4, 4, 5, 5, 4, 5, 4, 4, 5, 5, 4, 5, 5, 7, 21, 6, 21, 6, 21, 6, 21, 6, 21, 6, 21, 28, 27, 35, 26, 34, 25, 26, 27, 26, 28, 26, 28, 21, 6, 21, 6, 21, 6, 21, 6, 21, 25, 26, 26, 27, 26, 28, 27, 28, 26, 28, 7, 21, 6, 21, 6, 21, 6, 21, 6, 21, 6, 21, 28, 35, 27, 26, 34, 25, 26, 27, 26, 28, 26, 28, 21, 6, 21, 6, 21, 6, 21, 6, 21, 25, 26, 26, 27, 26, 28, 27, 28, 26, 28, 7, 21, 6, 21, 6, 21, 6, 21, 6, 21, 6, 21, 28, 27, 35, 34, 26, 25, 26, 27, 26, 28, 26, 28, 21, 6, 21, 6, 21, 6, 21, 6, 21, 25, 26, 26, 27, 26, 28, 27, 28, 26, 28, 7, 21, 6, 21, 6, 21, 6, 21, 6, 21, 6, 21, 28, 35, 27, 34, 26, 25, 26, 27, 26, 28, 26, 28, 21, 6, 21, 6, 21, 6, 21, 6, 5, 21, 26, 28, 21, 26, 27, 26, 27, 25, 26, 26, 28, 27, 28, 7, 21, 6, 21, 6, 21, 6, 21, 6, 21, 6, 21, 28, 35, 27, 34, 26, 25, 26, 27, 26, 28, 26, 28, 21, 6, 21, 6, 21, 6, 21, 6, 5, 21, 26, 28, 21, 26, 27, 26, 28, 25, 26, 26, 28, 27, 28, 7, 21, 6, 21, 6, 21, 6, 21, 6, 18, 15, 28, 27, 35, 26, 34, 27, 26, 28, 21, 6, 21, 6, 21, 26, 27, 26, 28, 26, 28, 7, 21, 6, 21, 6, 21, 6, 21, 6, 18, 15, 28, 35, 27, 26, 34, 27, 26, 28, 21, 6, 21, 6, 21, 26, 27, 26, 28, 26, 28, 7, 21, 6, 21, 6, 21, 6, 21, 6, 18, 15, 28, 27, 35, 34, 26, 27, 26, 28, 21, 6, 21, 6, 21, 26, 27, 26, 28, 26, 28, 7, 21, 6, 21, 6, 21, 6, 21, 6, 18, 15, 28, 35, 27, 34, 26, 27, 26, 28, 21, 6, 21, 6, 21, 26, 27, 26, 28, 26, 28, 7, 21, 6, 21, 6, 21, 6, 21, 6, 12, 18, 26, 27, 35, 26, 34, 27, 26, 28, 21, 6, 21, 6, 21, 25, 26, 27, 28, 26, 28, 7, 21, 6, 21, 6, 21, 6, 21, 6, 12, 18, 26, 35, 27, 26, 34, 27, 26, 28, 21, 6, 21, 6, 21, 25, 26, 27, 28, 26, 28, 7, 21, 6, 21, 6, 21, 6, 21, 6, 12, 18, 26, 27, 35, 34, 26, 27, 26, 28, 21, 6, 21, 6, 21, 25, 26, 27, 28, 26, 28, 7, 21, 6, 21, 6, 21, 6, 21, 6, 12, 18, 26, 35, 27, 34, 26, 27, 26, 28, 21, 6, 21, 6, 21, 25, 26, 27, 28, 26, 28, 7, 21, 6, 21, 6, 21, 6, 21, 6, 21, 6, 16, 11, 25, 27, 35, 26, 27, 26, 34, 25, 26, 28, 21, 6, 21, 6, 21, 6, 21, 25, 26, 26, 27, 27, 28, 26, 28, 7, 21, 6, 21, 6, 21, 6, 21, 6, 21, 6, 16, 11, 25, 27, 35, 26, 27, 34, 26, 25, 26, 28, 21, 6, 21, 6, 21, 6, 21, 25, 26, 26, 27, 27, 28, 26, 28, 7, 21, 6, 21, 6, 21, 6, 21, 6, 21, 6, 16, 11, 25, 35, 27, 26, 27, 26, 34, 25, 26, 28, 21, 6, 21, 6, 21, 6, 21, 25, 26, 26, 27, 27, 28, 26, 28, 7, 21, 6, 21, 6, 21, 6, 21, 6, 21, 6, 16, 11, 25, 35, 27, 26, 27, 34, 26, 25, 26, 28, 21, 6, 21, 6, 21, 6, 21, 25, 26, 26, 27, 27, 28, 26, 28]"
"[4, 7, 6, 23, 17, 21, 6, 22, 21, 42, 43, 26, 27, 21, 6, 21, 25, 26, 26, 28, 7, 6, 20, 12, 21, 6, 22, 21, 42, 43, 26, 28, 21, 6, 21, 26, 27, 27, 28]","[4, 5, 5, 4, 5, 4, 4, 7, 23, 21, 6, 21, 6, 21, 6, 17, 34, 27, 35, 26, 26, 27, 21, 6, 21, 25, 26, 26, 28, 7, 21, 6, 21, 6, 21, 6, 17, 26, 27, 35, 34, 26, 27, 21, 6, 21, 25, 26, 26, 28, 7, 21, 6, 21, 6, 21, 6, 17, 34, 35, 27, 26, 26, 27, 21, 6, 21, 25, 26, 26, 28, 7, 21, 6, 21, 6, 21, 6, 17, 26, 35, 27, 34, 26, 27, 21, 6, 21, 25, 26, 26, 28, 7, 21, 6, 21, 6, 21, 6, 20, 12, 34, 27, 35, 26, 26, 28, 21, 6, 21, 26, 27, 27, 28, 7, 21, 6, 21, 6, 21, 6, 20, 12, 26, 27, 35, 34, 26, 28, 21, 6, 21, 26, 27, 27, 28, 7, 21, 6, 21, 6, 21, 6, 20, 12, 34, 35, 27, 26, 26, 28, 21, 6, 21, 26, 27, 27, 28, 7, 21, 6, 21, 6, 21, 6, 20, 12, 26, 35, 27, 34, 26, 28, 21, 6, 21, 26, 27, 27, 28]"
"[5, 7, 6, 23, 19, 21, 21, 21, 25, 43, 42, 28, 21, 6, 21, 26, 28, 27, 28, 7, 6, 18, 14, 21, 6, 21, 21, 21, 25, 43, 42, 28, 25, 28, 21, 6, 21, 6, 21, 25, 26, 25, 27, 26, 28]","[5, 4, 4, 5, 4, 5, 4, 4, 7, 23, 21, 6, 21, 6, 21, 6, 19, 25, 27, 35, 26, 34, 28, 21, 6, 21, 26, 28, 27, 28, 7, 21, 6, 21, 6, 21, 6, 19, 25, 35, 27, 26, 34, 28, 21, 6, 21, 26, 28, 27, 28, 7, 21, 6, 21, 6, 21, 6, 19, 25, 27, 35, 34, 26, 28, 21, 6, 21, 26, 28, 27, 28, 7, 21, 6, 21, 6, 21, 6, 19, 25, 35, 27, 34, 26, 28, 21, 6, 5, 21, 26, 28, 21, 27, 28, 27, 28, 7, 21, 6, 21, 6, 21, 6, 19, 25, 35, 27, 34, 26, 28, 21, 6, 5, 21, 26, 28, 21, 27, 28, 26, 28, 7, 21, 6, 21, 6, 21, 6, 21, 6, 18, 14, 25, 27, 35, 26, 34, 28, 25, 28, 21, 6, 21, 6, 21, 25, 26, 25, 27, 26, 28, 7, 21, 6, 21, 6, 21, 6, 21, 6, 18, 14, 25, 35, 27, 26, 34, 28, 25, 28, 21, 6, 21, 6, 21, 25, 26, 25, 27, 26, 28, 7, 21, 6, 21, 6, 21, 6, 21, 6, 18, 14, 25, 27, 35, 34, 26, 28, 25, 28, 21, 6, 21, 6, 21, 25, 26, 25, 27, 26, 28, 7, 21, 6, 21, 6, 21, 6, 21, 6, 18, 14, 25, 35, 27, 34, 26, 28, 25, 28, 21, 6, 21, 6, 21, 25, 26, 25, 27, 26, 28]"
"[7, 21, 21, 21, 27, 42, 43, 28, 21, 6, 21, 26, 27, 27, 28]","[4, 5, 5, 5, 5, 4, 4, 7, 21, 6, 21, 6, 21, 25, 26, 34, 25, 35, 28, 21, 6, 21, 26, 27, 27, 28, 7, 21, 6, 21, 6, 21, 25, 26, 34, 26, 35, 28, 21, 6, 21, 26, 27, 27, 28, 7, 21, 6, 21, 6, 21, 25, 26, 34, 28, 35, 28, 21, 6, 21, 26, 27, 27, 28, 7, 21, 6, 21, 6, 21, 26, 26, 34, 27, 35, 28, 21, 6, 21, 26, 27, 27, 28, 7, 21, 6, 21, 6, 21, 28, 26, 34, 27, 35, 28, 21, 6, 21, 26, 27, 27, 28, 7, 21, 6, 21, 6, 21, 27, 34, 26, 27, 35, 28, 21, 6, 21, 26, 27, 27, 28, 7, 21, 6, 21, 6, 21, 27, 26, 34, 35, 27, 28, 21, 6, 21, 26, 27, 27, 28, 7, 21, 6, 21, 6, 21, 27, 34, 26, 35, 28, 27, 21, 6, 21, 26, 27, 27, 28]"
"[4, 4, 7, 6, 19, 21, 6, 21, 6, 22, 21, 42, 43, 25, 28, 26, 28, 21, 6, 21, 6, 21, 25, 27, 26, 28, 27, 28, 7, 6, 12, 18, 21, 6, 21, 21, 21, 27, 42, 43, 28, 26, 27, 21, 6, 21, 6, 21, 25, 26, 26, 27, 26, 28, 7, 6, 12, 11, 21, 6, 21, 6, 21, 21, 21, 27, 42, 43, 28, 26, 28, 27, 28, 21, 6, 21, 6, 21, 6, 21, 25, 26, 26, 27, 26, 28, 27, 28]","[4, 4, 5, 5, 5, 5, 4, 4, 4, 4, 5, 5, 5, 5, 4, 4, 4, 4, 5, 5, 5, 5, 4, 7, 21, 6, 21, 6, 21, 6, 21, 6, 21, 6, 19, 34, 27, 35, 26, 25, 28, 28, 26, 25, 26, 6, 21, 6, 21, 6, 21, 25, 27, 26, 28, 27, 28, 4, 21, 25, 26, 21, 28, 27, 7, 21, 6, 21, 6, 21, 6, 21, 6, 21, 6, 19, 34, 27, 35, 26, 25, 28, 28, 26, 28, 27, 6, 21, 6, 21, 6, 21, 25, 27, 26, 28, 27, 28, 4, 21, 25, 26, 21, 28, 27, 7, 21, 6, 21, 6, 21, 6, 21, 6, 21, 6, 19, 26, 27, 35, 34, 25, 28, 26, 28, 25, 26, 6, 21, 6, 21, 6, 21, 25, 27, 26, 28, 27, 28, 4, 21, 25, 26, 21, 28, 27, 7, 21, 6, 21, 6, 21, 6, 21, 6, 21, 6, 19, 26, 27, 35, 34, 25, 28, 26, 28, 28, 27, 6, 21, 6, 21, 6, 21, 25, 27, 26, 28, 27, 28, 4, 21, 25, 26, 21, 28, 27, 7, 21, 6, 21, 6, 21, 6, 21, 6, 21, 6, 19, 34, 35, 27, 26, 25, 28, 26, 28, 25, 26, 6, 21, 6, 21, 6, 21, 25, 27, 26, 28, 27, 28, 4, 21, 25, 26, 21, 28, 27, 7, 21, 6, 21, 6, 21, 6, 21, 6, 21, 6, 19, 34, 35, 27, 26, 25, 28, 26, 28, 28, 27, 6, 21, 6, 21, 6, 21, 25, 27, 26, 28, 27, 28, 4, 21, 25, 26, 21, 28, 27, 7, 21, 6, 21, 6, 21, 6, 21, 6, 21, 6, 19, 26, 35, 27, 34, 25, 28, 26, 28, 25, 26, 6, 21, 6, 21, 6, 21, 25, 27, 26, 28, 27, 28, 4, 21, 25, 26, 21, 28, 27, 7, 21, 6, 21, 6, 21, 6, 21, 6, 21, 6, 19, 26, 35, 27, 34, 25, 28, 26, 28, 28, 27, 6, 21, 6, 21, 6, 21, 25, 27, 26, 28, 27, 28, 4, 21, 25, 26, 21, 28, 27, 7, 21, 6, 21, 6, 21, 6, 21, 6, 21, 6, 12, 18, 27, 26, 34, 27, 35, 28, 26, 27, 25, 26, 6, 21, 6, 21, 6, 21, 25, 26, 26, 27, 26, 28, 4, 21, 25, 26, 21, 28, 27, 7, 21, 6, 21, 6, 21, 6, 21, 6, 21, 6, 12, 18, 27, 26, 34, 27, 35, 28, 26, 27, 28, 27, 6, 21, 6, 21, 6, 21, 25, 26, 26, 27, 26, 28, 4, 21, 25, 26, 21, 28, 27, 7, 21, 6, 21, 6, 21, 6, 21, 6, 21, 6, 12, 18, 27, 34, 26, 27, 35, 28, 26, 27, 25, 26, 6, 21, 6, 21, 6, 21, 25, 26, 26, 27, 26, 28, 4, 21, 25, 26, 21, 28, 27, 7, 21, 6, 21, 6, 21, 6, 21, 6, 21, 6, 12, 18, 27, 34, 26, 27, 35, 28, 26, 27, 28, 27, 6, 21, 6, 21, 6, 21, 25, 26, 26, 27, 26, 28, 4, 21, 25, 26, 21, 28, 27, 7, 21, 6, 21, 6, 21, 6, 21, 6, 21, 6, 12, 18, 27, 26, 34, 35, 27, 28, 26, 27, 25, 26, 6, 21, 6, 21, 6, 21, 25, 26, 26, 27, 26, 28, 4, 21, 25, 26, 21, 28, 27, 7, 21, 6, 21, 6, 21, 6, 21, 6, 21, 6, 12, 18, 27, 26, 34, 35, 27, 28, 26, 27, 28, 27, 6, 21, 6, 21, 6, 21, 25, 26, 26, 27, 26, 28, 4, 21, 25, 26, 21, 28, 27, 7, 21, 6, 21, 6, 21, 6, 21, 6, 21, 6, 12, 18, 27, 34, 26, 35, 27, 28, 27, 26, 25, 26, 6, 21, 6, 21, 6, 21, 25, 26, 26, 27, 26, 28, 4, 21, 25, 26, 21, 28, 27, 7, 21, 6, 21, 6, 21, 6, 21, 6, 21, 6, 12, 18, 27, 34, 26, 35, 27, 28, 27, 26, 28, 27, 6, 21, 6, 21, 6, 21, 25, 26, 26, 27, 26, 28, 4, 21, 25, 26, 21, 28, 27, 7, 21, 6, 21, 6, 21, 6, 21, 6, 21, 6, 21, 6, 12, 11, 27, 26, 34, 27, 35, 28, 26, 28, 27, 28, 25, 26, 6, 21, 6, 21, 6, 21, 6, 21, 25, 26, 26, 27, 26, 28, 27, 28, 4, 21, 25, 26, 21, 28, 27, 7, 21, 6, 21, 6, 21, 6, 21, 6, 21, 6, 21, 6, 12, 11, 27, 26, 34, 27, 35, 28, 26, 28, 27, 28, 28, 27, 6, 21, 6, 21, 6, 21, 6, 21, 25, 26, 26, 27, 26, 28, 27, 28, 4, 21, 25, 26, 21, 28, 27, 7, 21, 6, 21, 6, 21, 6, 21, 6, 21, 6, 21, 6, 12, 11, 27, 34, 26, 27, 35, 28, 26, 28, 27, 28, 25, 26, 6, 21, 6, 21, 6, 21, 6, 21, 25, 26, 26, 27, 26, 28, 27, 28, 4, 21, 25, 26, 21, 28, 27, 7, 21, 6, 21, 6, 21, 6, 21, 6, 21, 6, 21, 6, 12, 11, 27, 34, 26, 27, 35, 28, 26, 28, 27, 28, 28, 27, 6, 21, 6, 21, 6, 21, 6, 21, 25, 26, 26, 27, 26, 28, 27, 28, 4, 21, 25, 26, 21, 28, 27, 7, 21, 6, 21, 6, 21, 6, 21, 6, 21, 6, 21, 6, 12, 11, 27, 26, 34, 35, 27, 28, 26, 28, 27, 28, 25, 26, 6, 21, 6, 21, 6, 21, 6, 21, 25, 26, 26, 27, 26, 28, 27, 28, 4, 21, 25, 26, 21, 28, 27, 7, 21, 6, 21, 6, 21, 6, 21, 6, 21, 6, 21, 6, 12, 11, 27, 26, 34, 35, 27, 28, 26, 28, 27, 28, 28, 27, 6, 21, 6, 21, 6, 21, 6, 21, 25, 26, 26, 27, 26, 28, 27, 28, 4, 21, 25, 26, 21, 28, 27, 7, 21, 6, 21, 6, 21, 6, 21, 6, 21, 6, 21, 6, 12, 11, 27, 34, 26, 35, 27, 28, 26, 28, 27, 28, 25, 26, 6, 21, 6, 21, 6, 21, 6, 21, 25, 26, 26, 27, 26, 28, 27, 28, 4, 21, 25, 26, 21, 28, 27, 7, 21, 6, 21, 6, 21, 6, 21, 6, 21, 6, 21, 6, 12, 11, 27, 34, 26, 35, 27, 28, 26, 28, 27, 28, 28, 27, 6, 21, 6, 21, 6, 21, 6, 21, 25, 26, 26, 27, 26, 28, 27, 28, 4, 21, 25, 26, 21, 28, 27]"
"[5, 4, 5, 4, 7, 6, 18, 21, 6, 21, 21, 6, 21, 21, 26, 43, 25, 28, 42, 25, 25, 28, 21, 6, 21, 6, 21, 6, 21, 25, 27, 26, 27, 26, 28, 27, 28, 7, 6, 15, 11, 21, 6, 21, 21, 6, 21, 21, 25, 43, 25, 28, 42, 25, 25, 27, 21, 6, 21, 6, 21, 6, 21, 25, 26, 25, 27, 26, 28, 27, 28, 7, 6, 13, 17, 21, 21, 21, 25, 42, 43, 28, 21, 6, 21, 25, 26, 25, 27, 7, 6, 13, 20, 21, 21, 21, 25, 43, 42, 27, 21, 6, 21, 26, 28, 27, 28, 7, 6, 17, 11, 21, 6, 21, 6, 21, 21, 6, 21, 21, 27, 42, 28, 28, 43, 26, 25, 27, 26, 27, 21, 6, 21, 6, 21, 6, 21, 6, 21, 25, 26, 25, 27, 26, 27, 26, 28, 27, 28]","[5, 4, 4, 5, 5, 4, 5, 5, 4, 5, 4, 4, 5, 4, 5, 5, 4, 4, 5, 5, 7, 21, 6, 21, 6, 21, 6, 21, 6, 21, 6, 21, 6, 18, 26, 27, 35, 25, 28, 26, 34, 25, 25, 28, 25, 26, 21, 6, 21, 6, 21, 6, 21, 6, 21, 25, 27, 26, 27, 26, 28, 27, 28, 25, 26, 7, 21, 6, 21, 6, 21, 6, 21, 6, 21, 6, 21, 6, 18, 26, 27, 35, 25, 28, 34, 26, 25, 25, 28, 25, 26, 21, 6, 21, 6, 21, 6, 21, 6, 21, 25, 27, 26, 27, 26, 28, 27, 28, 25, 26, 7, 21, 6, 21, 6, 21, 6, 21, 6, 21, 6, 21, 6, 18, 26, 35, 27, 25, 28, 26, 34, 25, 25, 28, 25, 26, 21, 6, 21, 6, 21, 6, 21, 6, 21, 25, 27, 26, 27, 26, 28, 27, 28, 25, 26, 7, 21, 6, 21, 6, 21, 6, 21, 6, 21, 6, 21, 6, 18, 26, 35, 27, 25, 28, 34, 26, 25, 25, 28, 25, 26, 21, 6, 21, 6, 21, 6, 21, 6, 21, 25, 27, 26, 27, 26, 28, 27, 28, 25, 26, 7, 21, 6, 21, 6, 21, 6, 21, 6, 21, 6, 21, 6, 15, 11, 25, 27, 35, 25, 28, 26, 34, 25, 25, 27, 25, 26, 21, 6, 21, 6, 21, 6, 21, 6, 21, 25, 26, 25, 27, 26, 28, 27, 28, 25, 26, 7, 21, 6, 21, 6, 21, 6, 21, 6, 21, 6, 21, 6, 15, 11, 25, 27, 35, 25, 28, 34, 26, 25, 25, 27, 25, 26, 21, 6, 21, 6, 21, 6, 21, 6, 21, 25, 26, 25, 27, 26, 28, 27, 28, 25, 26, 7, 21, 6, 21, 6, 21, 6, 21, 6, 21, 6, 21, 6, 15, 11, 25, 35, 27, 25, 28, 26, 34, 25, 25, 27, 25, 26, 21, 6, 21, 6, 21, 6, 21, 6, 21, 25, 26, 25, 27, 26, 28, 27, 28, 25, 26, 7, 21, 6, 21, 6, 21, 6, 21, 6, 21, 6, 21, 6, 15, 11, 25, 35, 27, 25, 28, 34, 26, 25, 25, 27, 25, 26, 21, 6, 21, 6, 21, 6, 21, 6, 21, 25, 26, 25, 27, 26, 28, 27, 28, 25, 26, 7, 21, 6, 21, 6, 21, 6, 21, 6, 13, 17, 25, 26, 34, 27, 35, 28, 25, 26, 21, 6, 21, 6, 21, 25, 26, 25, 27, 25, 26, 7, 21, 6, 21, 6, 21, 6, 21, 6, 13, 17, 25, 34, 26, 27, 35, 28, 25, 26, 21, 6, 21, 6, 21, 25, 26, 25, 27, 25, 26, 7, 21, 6, 21, 6, 21, 6, 21, 6, 13, 17, 25, 26, 34, 35, 27, 28, 25, 26, 21, 6, 21, 6, 21, 25, 26, 25, 27, 25, 26, 7, 21, 6, 21, 6, 21, 6, 21, 6, 13, 17, 25, 34, 26, 35, 27, 28, 25, 26, 21, 6, 21, 6, 21, 25, 26, 25, 27, 25, 26, 7, 21, 6, 21, 6, 21, 6, 21, 6, 13, 20, 25, 27, 35, 26, 34, 27, 25, 26, 21, 6, 21, 6, 21, 26, 28, 27, 28, 25, 26, 7, 21, 6, 21, 6, 21, 6, 21, 6, 13, 20, 25, 35, 27, 26, 34, 27, 25, 26, 21, 6, 21, 6, 21, 26, 28, 27, 28, 25, 26, 7, 21, 6, 21, 6, 21, 6, 21, 6, 13, 20, 25, 27, 35, 34, 26, 27, 25, 26, 21, 6, 21, 6, 21, 26, 28, 27, 28, 25, 26, 7, 21, 6, 21, 6, 21, 6, 21, 6, 13, 20, 25, 35, 27, 34, 26, 27, 25, 26, 21, 6, 21, 6, 5, 21, 27, 28, 21, 26, 28, 26, 28, 25, 26, 7, 21, 6, 21, 6, 21, 6, 21, 6, 13, 20, 25, 35, 27, 34, 26, 27, 25, 26, 21, 6, 21, 6, 5, 21, 27, 28, 21, 26, 28, 27, 28, 25, 26, 7, 21, 6, 21, 6, 21, 6, 21, 6, 21, 6, 21, 6, 21, 6, 17, 11, 27, 26, 34, 28, 28, 27, 35, 26, 25, 27, 26, 27, 25, 26, 21, 6, 21, 6, 21, 6, 21, 6, 21, 6, 21, 25, 26, 25, 27, 26, 27, 26, 28, 27, 28, 25, 26, 7, 21, 6, 21, 6, 21, 6, 21, 6, 21, 6, 21, 6, 21, 6, 17, 11, 27, 26, 34, 28, 28, 35, 27, 26, 25, 27, 26, 27, 25, 26, 21, 6, 21, 6, 21, 6, 21, 6, 21, 6, 21, 25, 26, 25, 27, 26, 27, 26, 28, 27, 28, 25, 26, 7, 21, 6, 21, 6, 21, 6, 21, 6, 21, 6, 21, 6, 21, 6, 17, 11, 27, 34, 26, 28, 28, 27, 35, 26, 25, 27, 26, 27, 25, 26, 21, 6, 21, 6, 21, 6, 21, 6, 21, 6, 21, 25, 26, 25, 27, 26, 27, 26, 28, 27, 28, 25, 26, 7, 21, 6, 21, 6, 21, 6, 21, 6, 21, 6, 21, 6, 21, 6, 17, 11, 27, 34, 26, 28, 28, 35, 27, 26, 25, 27, 26, 27, 25, 26, 21, 6, 21, 6, 21, 6, 21, 6, 21, 6, 21, 25, 26, 25, 27, 26, 27, 26, 28, 27, 28, 25, 26]"
"[4, 4, 4, 7, 21, 6, 22, 21, 42, 43, 25, 27, 21, 6, 21, 26, 27, 27, 28, 7, 22, 21, 42, 43, 21, 27, 28, 7, 21, 6, 21, 6, 21, 21, 21, 28, 43, 42, 28, 25, 27, 25, 28, 21, 6, 21, 6, 21, 6, 21, 25, 26, 26, 27, 26, 28, 27, 28, 7, 22, 21, 42, 43, 21, 27, 28]","[4, 5, 5, 4, 4, 5, 5, 4, 4, 5, 5, 4, 4, 5, 5, 7, 21, 6, 21, 6, 21, 34, 27, 35, 26, 25, 27, 21, 6, 21, 26, 27, 27, 28, 7, 21, 6, 21, 6, 21, 26, 27, 35, 34, 25, 27, 21, 6, 21, 26, 27, 27, 28, 7, 21, 6, 21, 6, 21, 34, 35, 27, 26, 25, 27, 21, 6, 21, 26, 27, 27, 28, 7, 21, 6, 21, 6, 21, 26, 35, 27, 34, 25, 27, 21, 6, 21, 26, 27, 27, 28, 7, 21, 6, 21, 34, 27, 35, 26, 21, 27, 28, 7, 21, 6, 21, 26, 27, 35, 34, 21, 27, 28, 7, 21, 6, 21, 34, 35, 27, 26, 21, 27, 28, 7, 21, 6, 21, 26, 35, 27, 34, 21, 27, 28, 7, 21, 6, 21, 6, 21, 6, 21, 6, 21, 28, 27, 35, 26, 34, 28, 25, 27, 25, 28, 21, 6, 21, 6, 21, 6, 21, 25, 26, 26, 27, 26, 28, 27, 28, 7, 21, 6, 21, 6, 21, 6, 21, 6, 21, 28, 35, 27, 26, 34, 28, 25, 27, 25, 28, 21, 6, 21, 6, 21, 6, 21, 25, 26, 26, 27, 28, 26, 27, 28, 7, 21, 6, 21, 6, 21, 6, 21, 6, 21, 28, 27, 35, 34, 26, 28, 25, 27, 25, 28, 21, 6, 21, 6, 21, 6, 21, 25, 26, 26, 27, 26, 28, 27, 28, 7, 21, 6, 21, 6, 21, 6, 21, 6, 21, 28, 35, 27, 34, 26, 28, 25, 27, 25, 28, 21, 6, 21, 6, 21, 6, 21, 25, 26, 26, 27, 26, 28, 27, 28, 7, 21, 6, 21, 34, 27, 35, 26, 21, 27, 28, 7, 21, 6, 21, 26, 27, 35, 34, 21, 27, 28, 7, 21, 6, 21, 34, 35, 27, 26, 21, 27, 28, 7, 21, 6, 21, 26, 35, 27, 34, 21, 27, 28]"
"[7, 6, 23, 19, 22, 21, 42, 43, 21, 25, 26]","[5, 4, 4, 7, 23, 21, 6, 21, 6, 21, 6, 19, 34, 27, 35, 26, 25, 26, 21, 6, 21, 25, 26, 25, 26, 7, 21, 6, 21, 6, 21, 6, 19, 26, 27, 34, 35, 25, 26, 21, 6, 21, 25, 26, 25, 26, 7, 21, 6, 21, 6, 21, 6, 19, 34, 35, 27, 26, 25, 26, 21, 6, 23, 4, 4, 21, 26, 26, 21, 27, 26, 21, 28, 26, 25, 26, 7, 21, 6, 21, 6, 21, 6, 19, 26, 35, 27, 34, 25, 26, 21, 6, 21, 25, 26, 25, 26]"
"[4, 5, 4, 7, 6, 23, 20, 21, 6, 21, 6, 22, 21, 42, 43, 25, 27, 26, 27, 21, 6, 21, 6, 21, 25, 27, 26, 28, 27, 28, 7, 6, 15, 20, 21, 6, 21, 21, 21, 25, 42, 43, 26, 25, 26, 21, 6, 21, 6, 21, 25, 26, 25, 27, 26, 28, 7, 6, 19, 20, 21, 21, 21, 28, 42, 43, 28, 21, 6, 21, 26, 27, 26, 28, 7, 6, 18, 16, 21, 21, 21, 28, 43, 42, 27, 21, 6, 21, 26, 27, 26, 28]","[4, 5, 5, 4, 5, 4, 4, 5, 4, 5, 5, 4, 5, 4, 4, 4, 4, 7, 21, 6, 21, 6, 21, 6, 21, 6, 21, 6, 20, 34, 25, 35, 26, 25, 27, 26, 27, 28, 26, 21, 6, 21, 6, 21, 6, 21, 25, 27, 26, 28, 27, 28, 28, 26, 7, 21, 6, 21, 6, 21, 6, 21, 6, 21, 6, 20, 34, 26, 35, 26, 25, 27, 26, 27, 28, 26, 21, 6, 21, 6, 21, 6, 21, 25, 27, 26, 28, 27, 28, 28, 26, 7, 21, 6, 21, 6, 21, 6, 21, 6, 21, 6, 20, 34, 28, 35, 26, 25, 27, 26, 27, 28, 26, 21, 6, 21, 6, 21, 6, 21, 25, 27, 26, 28, 27, 28, 28, 26, 7, 21, 6, 21, 6, 21, 6, 21, 6, 21, 6, 20, 26, 27, 35, 34, 25, 27, 26, 27, 28, 26, 21, 6, 21, 6, 21, 6, 21, 25, 27, 26, 28, 27, 28, 28, 26, 7, 21, 6, 21, 6, 21, 6, 21, 6, 21, 6, 20, 34, 35, 27, 26, 25, 27, 26, 27, 28, 26, 21, 6, 21, 6, 21, 6, 21, 25, 27, 26, 28, 27, 28, 28, 26, 7, 21, 6, 21, 6, 21, 6, 21, 6, 21, 6, 20, 26, 35, 27, 34, 25, 27, 26, 27, 28, 26, 21, 6, 21, 6, 21, 6, 21, 25, 27, 26, 28, 27, 28, 28, 26, 7, 21, 6, 21, 6, 21, 6, 21, 6, 21, 6, 15, 20, 25, 26, 34, 27, 35, 26, 25, 26, 28, 26, 21, 6, 21, 6, 21, 6, 21, 25, 26, 25, 27, 26, 28, 28, 26, 7, 21, 6, 21, 6, 21, 6, 21, 6, 21, 6, 15, 20, 25, 34, 26, 27, 35, 26, 25, 26, 28, 26, 21, 6, 21, 6, 21, 6, 21, 25, 26, 25, 27, 26, 28, 28, 26, 7, 21, 6, 21, 6, 21, 6, 21, 6, 21, 6, 15, 20, 25, 26, 34, 35, 27, 26, 26, 25, 28, 26, 21, 6, 21, 6, 21, 6, 21, 25, 26, 25, 27, 26, 28, 28, 26, 7, 21, 6, 21, 6, 21, 6, 21, 6, 21, 6, 15, 20, 25, 34, 26, 35, 27, 26, 25, 26, 28, 26, 21, 6, 21, 6, 21, 6, 21, 25, 26, 25, 27, 26, 28, 28, 26, 7, 21, 6, 21, 6, 21, 6, 21, 6, 19, 20, 28, 26, 34, 27, 35, 28, 28, 26, 21, 6, 21, 6, 21, 26, 27, 26, 28, 28, 26, 7, 21, 6, 21, 6, 21, 6, 21, 6, 19, 20, 28, 34, 26, 27, 35, 28, 28, 26, 21, 6, 21, 6, 21, 26, 27, 26, 28, 28, 26, 7, 21, 6, 21, 6, 21, 6, 21, 6, 19, 20, 28, 26, 34, 35, 27, 28, 28, 26, 21, 6, 21, 6, 21, 26, 27, 26, 28, 28, 26, 7, 21, 6, 21, 6, 21, 6, 21, 6, 19, 20, 28, 34, 26, 35, 27, 28, 28, 26, 21, 6, 21, 6, 21, 26, 27, 26, 28, 28, 26, 7, 21, 6, 21, 6, 21, 6, 21, 6, 18, 16, 28, 27, 35, 26, 34, 27, 28, 26, 21, 6, 21, 6, 21, 26, 27, 26, 28, 28, 26, 7, 21, 6, 21, 6, 21, 6, 21, 6, 18, 16, 28, 35, 27, 26, 34, 27, 28, 26, 21, 6, 21, 6, 21, 26, 27, 26, 28, 28, 26, 7, 21, 6, 21, 6, 21, 6, 21, 6, 18, 16, 28, 27, 35, 34, 26, 27, 28, 26, 21, 6, 21, 6, 21, 26, 27, 26, 28, 28, 26, 7, 21, 6, 21, 6, 21, 6, 21, 6, 18, 16, 28, 35, 27, 34, 26, 27, 28, 26, 21, 6, 21, 6, 21, 26, 27, 26, 28, 28, 26]"
"[4, 4, 4, 4, 7, 21, 21, 6, 21, 21, 25, 42, 28, 26, 43, 25, 21, 6, 21, 6, 21, 25, 27, 26, 27, 27, 28, 7, 22, 21, 42, 43, 21, 27, 28, 7, 21, 21, 21, 27, 42, 43, 26, 21, 6, 21, 26, 27, 26, 28, 7, 21, 21, 6, 21, 21, 26, 43, 26, 28, 42, 25, 21, 6, 21, 6, 21, 25, 26, 25, 27, 26, 27, 7, 21, 21, 21, 27, 42, 43, 26, 21, 6, 21, 25, 26, 26, 27]","[4, 5, 5, 4, 4, 5, 5, 4, 4, 5, 5, 4, 4, 5, 5, 5, 5, 5, 4, 5, 5, 7, 21, 6, 21, 6, 21, 6, 21, 25, 26, 34, 28, 26, 27, 35, 25, 21, 6, 21, 6, 21, 25, 27, 26, 27, 27, 28, 7, 21, 6, 21, 6, 21, 6, 21, 25, 26, 34, 28, 26, 35, 27, 25, 21, 6, 21, 6, 21, 25, 27, 26, 27, 27, 28, 7, 21, 6, 21, 6, 21, 6, 21, 25, 34, 26, 28, 26, 27, 35, 25, 21, 6, 21, 6, 23, 4, 4, 21, 26, 27, 21, 27, 27, 21, 28, 27, 26, 27, 27, 28, 7, 21, 6, 21, 6, 21, 6, 21, 25, 34, 26, 28, 26, 35, 27, 25, 21, 6, 21, 6, 21, 25, 27, 27, 26, 27, 28, 7, 21, 6, 21, 34, 25, 35, 26, 21, 27, 28, 7, 21, 6, 21, 34, 26, 35, 26, 21, 27, 28, 7, 21, 6, 21, 34, 28, 35, 26, 21, 27, 28, 7, 21, 6, 21, 26, 27, 35, 34, 21, 27, 28, 7, 21, 6, 21, 34, 35, 27, 26, 21, 27, 28, 7, 21, 6, 21, 26, 35, 27, 34, 21, 27, 28, 7, 21, 6, 21, 6, 21, 27, 26, 34, 27, 35, 26, 21, 6, 21, 26, 27, 26, 28, 7, 21, 6, 21, 6, 21, 27, 34, 26, 27, 35, 26, 21, 6, 21, 26, 27, 26, 28, 7, 21, 6, 21, 6, 21, 27, 26, 34, 35, 27, 26, 21, 6, 23, 4, 4, 21, 25, 27, 21, 27, 27, 21, 28, 27, 26, 28, 7, 21, 6, 21, 6, 21, 27, 34, 26, 35, 27, 26, 21, 6, 21, 26, 27, 26, 28, 7, 21, 6, 21, 6, 21, 6, 21, 26, 27, 35, 26, 28, 26, 34, 25, 21, 6, 21, 6, 21, 25, 26, 25, 27, 26, 27, 7, 21, 6, 21, 6, 21, 6, 21, 26, 27, 35, 26, 28, 34, 26, 25, 21, 6, 21, 6, 21, 25, 26, 25, 27, 26, 27, 7, 21, 6, 21, 6, 21, 6, 21, 26, 35, 27, 26, 28, 26, 34, 25, 21, 6, 21, 6, 21, 25, 26, 25, 27, 26, 27, 7, 21, 6, 21, 6, 21, 6, 21, 26, 35, 27, 26, 28, 34, 26, 25, 21, 6, 21, 6, 23, 4, 4, 21, 26, 26, 21, 27, 26, 21, 28, 26, 25, 27, 26, 27, 7, 21, 6, 21, 6, 21, 27, 26, 34, 27, 35, 26, 21, 6, 21, 25, 26, 26, 27, 7, 21, 6, 21, 6, 21, 27, 34, 26, 27, 35, 26, 21, 6, 21, 25, 26, 26, 27, 7, 21, 6, 21, 6, 21, 27, 26, 34, 35, 27, 26, 21, 6, 21, 25, 26, 26, 27, 7, 21, 6, 21, 6, 21, 27, 34, 26, 35, 27, 26, 21, 6, 21, 25, 26, 26, 27]"
"[5, 7, 6, 23, 20, 21, 21, 6, 21, 21, 25, 42, 25, 25, 43, 28, 21, 6, 21, 6, 21, 25, 27, 26, 27, 27, 28, 7, 6, 20, 12, 21, 6, 21, 21, 6, 21, 21, 26, 43, 25, 28, 42, 25, 26, 27, 21, 6, 21, 6, 21, 6, 21, 25, 26, 25, 27, 26, 27, 26, 28]","[5, 5, 4, 4, 4, 4, 5, 5, 5, 5, 4, 4, 4, 4, 5, 7, 23, 21, 6, 21, 6, 21, 6, 21, 6, 21, 6, 21, 6, 20, 25, 26, 34, 25, 25, 27, 35, 28, 27, 25, 25, 27, 6, 21, 6, 21, 6, 21, 6, 21, 25, 27, 26, 27, 27, 28, 27, 25, 4, 21, 25, 27, 21, 28, 26, 7, 21, 6, 21, 6, 21, 6, 21, 6, 21, 6, 21, 6, 20, 25, 26, 34, 25, 25, 27, 35, 28, 27, 25, 28, 26, 6, 21, 6, 21, 6, 21, 6, 21, 25, 27, 26, 27, 27, 28, 27, 25, 4, 21, 25, 27, 21, 28, 26, 7, 21, 6, 21, 6, 21, 6, 21, 6, 21, 6, 21, 6, 20, 25, 26, 34, 25, 25, 35, 27, 28, 27, 25, 25, 27, 6, 21, 6, 21, 6, 21, 6, 21, 25, 27, 26, 27, 27, 28, 27, 25, 4, 21, 25, 27, 21, 28, 26, 7, 21, 6, 21, 6, 21, 6, 21, 6, 21, 6, 21, 6, 20, 25, 26, 34, 25, 25, 35, 27, 28, 27, 25, 28, 26, 6, 21, 6, 21, 6, 21, 6, 21, 25, 27, 26, 27, 27, 28, 27, 25, 4, 21, 25, 27, 21, 28, 26, 7, 21, 6, 21, 6, 21, 6, 21, 6, 21, 6, 21, 6, 20, 25, 34, 26, 25, 25, 27, 35, 28, 27, 25, 25, 27, 6, 21, 6, 21, 6, 21, 6, 21, 25, 27, 26, 27, 27, 28, 27, 25, 4, 21, 25, 27, 21, 28, 26, 7, 21, 6, 21, 6, 21, 6, 21, 6, 21, 6, 21, 6, 20, 25, 34, 26, 25, 25, 27, 35, 28, 27, 25, 28, 26, 6, 21, 6, 21, 6, 21, 6, 21, 25, 27, 26, 27, 27, 28, 27, 25, 4, 21, 25, 27, 21, 28, 26, 7, 21, 6, 21, 6, 21, 6, 21, 6, 21, 6, 21, 6, 20, 25, 34, 26, 25, 25, 35, 27, 28, 27, 25, 25, 27, 6, 21, 6, 21, 6, 21, 6, 21, 25, 27, 26, 27, 27, 28, 27, 25, 4, 21, 25, 27, 21, 28, 26, 7, 21, 6, 21, 6, 21, 6, 21, 6, 21, 6, 21, 6, 20, 25, 34, 26, 25, 25, 35, 27, 28, 27, 25, 28, 26, 6, 21, 6, 21, 6, 21, 6, 21, 25, 27, 26, 27, 27, 28, 27, 25, 4, 21, 25, 27, 21, 28, 26, 7, 21, 6, 21, 6, 21, 6, 21, 6, 21, 6, 21, 6, 21, 6, 20, 12, 26, 27, 35, 25, 28, 26, 34, 25, 26, 27, 27, 25, 25, 27, 6, 21, 6, 21, 6, 21, 6, 21, 6, 21, 25, 26, 25, 27, 26, 27, 26, 28, 27, 25, 4, 21, 25, 27, 21, 28, 26, 7, 21, 6, 21, 6, 21, 6, 21, 6, 21, 6, 21, 6, 21, 6, 20, 12, 26, 27, 35, 25, 28, 26, 34, 25, 26, 27, 27, 25, 28, 26, 6, 21, 6, 21, 6, 21, 6, 21, 6, 21, 25, 26, 25, 27, 26, 27, 26, 28, 27, 25, 4, 21, 25, 27, 21, 28, 26, 7, 21, 6, 21, 6, 21, 6, 21, 6, 21, 6, 21, 6, 21, 6, 20, 12, 26, 27, 35, 25, 28, 34, 26, 25, 26, 27, 27, 25, 25, 27, 6, 21, 6, 21, 6, 21, 6, 21, 6, 21, 25, 26, 25, 27, 26, 27, 26, 28, 27, 25, 4, 21, 25, 27, 21, 28, 26, 7, 21, 6, 21, 6, 21, 6, 21, 6, 21, 6, 21, 6, 21, 6, 20, 12, 26, 27, 35, 25, 28, 34, 26, 25, 26, 27, 27, 25, 28, 26, 6, 21, 6, 21, 6, 21, 6, 21, 6, 21, 25, 26, 25, 27, 26, 27, 26, 28, 27, 25, 4, 21, 25, 27, 21, 28, 26, 7, 21, 6, 21, 6, 21, 6, 21, 6, 21, 6, 21, 6, 21, 6, 20, 12, 26, 35, 27, 25, 28, 26, 34, 25, 26, 27, 27, 25, 25, 27, 6, 21, 6, 21, 6, 21, 6, 21, 6, 21, 25, 26, 25, 27, 26, 27, 26, 28, 27, 25, 4, 21, 25, 27, 21, 28, 26, 7, 21, 6, 21, 6, 21, 6, 21, 6, 21, 6, 21, 6, 21, 6, 20, 12, 26, 35, 27, 25, 28, 26, 34, 25, 26, 27, 27, 25, 28, 26, 6, 21, 6, 21, 6, 21, 6, 21, 6, 21, 25, 26, 25, 27, 26, 27, 26, 28, 27, 25, 4, 21, 25, 27, 21, 28, 26, 7, 21, 6, 21, 6, 21, 6, 21, 6, 21, 6, 21, 6, 21, 6, 20, 12, 26, 35, 27, 25, 28, 34, 26, 25, 26, 27, 27, 25, 25, 27, 6, 21, 6, 21, 6, 21, 6, 21, 6, 21, 25, 26, 25, 27, 26, 27, 26, 28, 27, 25, 4, 21, 25, 27, 21, 28, 26, 7, 21, 6, 21, 6, 21, 6, 21, 6, 21, 6, 21, 6, 21, 6, 20, 12, 26, 35, 27, 25, 28, 34, 26, 25, 26, 27, 27, 25, 28, 26, 6, 21, 6, 21, 6, 21, 6, 21, 6, 21, 25, 26, 25, 27, 26, 27, 26, 28, 27, 25, 4, 21, 25, 27, 21, 28, 26]"
"[7, 6, 18, 21, 6, 21, 21, 21, 25, 43, 42, 28, 25, 28, 21, 6, 21, 6, 21, 26, 27, 26, 28, 27, 28]","[4, 4, 4, 4, 4, 4, 4, 5, 4, 4, 4, 4, 4, 4, 5, 5, 5, 5, 4, 4, 4, 7, 21, 6, 21, 6, 21, 6, 21, 6, 21, 6, 21, 6, 18, 25, 27, 35, 26, 34, 28, 25, 28, 28, 27, 26, 28, 6, 6, 21, 6, 21, 6, 21, 26, 27, 26, 28, 27, 28, 4, 21, 28, 27, 21, 25, 26, 4, 21, 26, 28, 21, 25, 27, 7, 21, 6, 21, 6, 21, 6, 21, 6, 21, 6, 21, 6, 18, 25, 27, 35, 26, 34, 28, 25, 28, 28, 27, 25, 27, 6, 6, 21, 6, 21, 6, 21, 26, 27, 26, 28, 27, 28, 4, 21, 28, 27, 21, 25, 26, 4, 21, 26, 28, 21, 25, 27, 7, 21, 6, 21, 6, 21, 6, 21, 6, 21, 6, 21, 6, 18, 25, 27, 35, 26, 34, 28, 25, 28, 25, 26, 26, 28, 6, 6, 21, 6, 21, 6, 21, 26, 27, 26, 28, 27, 28, 4, 21, 28, 27, 21, 25, 26, 4, 21, 26, 28, 21, 25, 27, 7, 21, 6, 21, 6, 21, 6, 21, 6, 21, 6, 21, 6, 18, 25, 27, 35, 26, 34, 28, 25, 28, 25, 26, 25, 27, 6, 6, 21, 6, 21, 6, 21, 26, 27, 26, 28, 27, 28, 4, 21, 28, 27, 21, 25, 26, 4, 21, 26, 28, 21, 25, 27, 7, 21, 6, 21, 6, 21, 6, 21, 6, 21, 6, 21, 6, 18, 25, 35, 27, 26, 34, 28, 25, 28, 28, 27, 26, 28, 6, 6, 21, 6, 21, 6, 21, 26, 27, 26, 28, 27, 28, 4, 21, 28, 27, 21, 25, 26, 4, 21, 26, 28, 21, 25, 27, 7, 21, 6, 21, 6, 21, 6, 21, 6, 21, 6, 21, 6, 18, 25, 35, 27, 26, 34, 28, 25, 28, 28, 27, 25, 27, 6, 6, 21, 6, 21, 6, 21, 26, 27, 26, 28, 27, 28, 4, 21, 28, 27, 21, 25, 26, 4, 21, 26, 28, 21, 25, 27, 7, 21, 6, 21, 6, 21, 6, 21, 6, 21, 6, 21, 6, 18, 25, 35, 27, 26, 34, 28, 25, 28, 25, 26, 26, 28, 6, 6, 21, 6, 21, 6, 21, 26, 27, 26, 28, 27, 28, 4, 21, 28, 27, 21, 25, 26, 4, 21, 26, 28, 21, 25, 27, 7, 21, 6, 21, 6, 21, 6, 21, 6, 21, 6, 21, 6, 18, 25, 35, 27, 26, 34, 28, 25, 28, 25, 26, 25, 27, 6, 6, 21, 6, 21, 6, 21, 26, 27, 26, 28, 27, 28, 4, 21, 28, 27, 21, 25, 26, 4, 21, 26, 28, 21, 25, 27, 7, 21, 6, 21, 6, 21, 6, 21, 6, 21, 6, 21, 6, 18, 25, 27, 35, 34, 26, 28, 26, 28, 28, 27, 26, 28, 6, 6, 21, 6, 21, 6, 21, 26, 27, 26, 28, 27, 28, 4, 21, 28, 27, 21, 25, 26, 4, 21, 26, 28, 21, 25, 27, 7, 21, 6, 21, 6, 21, 6, 21, 6, 21, 6, 21, 6, 18, 25, 27, 35, 34, 26, 28, 26, 28, 28, 27, 25, 27, 6, 6, 21, 6, 21, 6, 21, 26, 27, 26, 28, 27, 28, 4, 21, 28, 27, 21, 25, 26, 4, 21, 26, 28, 21, 25, 27, 7, 21, 6, 21, 6, 21, 6, 21, 6, 21, 6, 21, 6, 18, 25, 27, 35, 34, 26, 28, 27, 28, 28, 27, 26, 28, 6, 6, 21, 6, 21, 6, 21, 26, 27, 26, 28, 27, 28, 4, 21, 28, 27, 21, 25, 26, 4, 21, 26, 28, 21, 25, 27, 7, 21, 6, 21, 6, 21, 6, 21, 6, 21, 6, 21, 6, 18, 25, 27, 35, 34, 26, 28, 27, 28, 28, 27, 25, 27, 6, 6, 21, 6, 21, 6, 21, 26, 27, 26, 28, 27, 28, 4, 21, 28, 27, 21, 25, 26, 4, 21, 26, 28, 21, 25, 27, 7, 21, 6, 21, 6, 21, 6, 21, 6, 21, 6, 21, 6, 18, 25, 27, 35, 34, 26, 28, 28, 28, 28, 27, 26, 28, 6, 6, 21, 6, 21, 6, 21, 26, 27, 26, 28, 27, 28, 4, 21, 28, 27, 21, 25, 26, 4, 21, 26, 28, 21, 25, 27, 7, 21, 6, 21, 6, 21, 6, 21, 6, 21, 6, 21, 6, 18, 25, 27, 35, 34, 26, 28, 28, 28, 28, 27, 25, 27, 6, 6, 21, 6, 21, 6, 21, 26, 27, 26, 28, 27, 28, 4, 21, 28, 27, 21, 25, 26, 4, 21, 26, 28, 21, 25, 27, 7, 21, 6, 21, 6, 21, 6, 21, 6, 21, 6, 21, 6, 18, 25, 27, 35, 34, 26, 28, 25, 28, 25, 26, 26, 28, 6, 6, 21, 6, 21, 6, 21, 26, 27, 26, 28, 27, 28, 4, 21, 28, 27, 21, 25, 26, 4, 21, 26, 28, 21, 25, 27, 7, 21, 6, 21, 6, 21, 6, 21, 6, 21, 6, 21, 6, 18, 26, 27, 35, 34, 26, 28, 25, 28, 25, 26, 25, 27, 6, 6, 21, 6, 21, 6, 21, 26, 27, 26, 28, 27, 28, 4, 21, 28, 27, 21, 25, 26, 4, 21, 26, 28, 21, 25, 27, 7, 21, 6, 21, 6, 21, 6, 21, 6, 21, 6, 21, 6, 18, 27, 27, 35, 34, 26, 28, 25, 28, 25, 26, 25, 27, 6, 6, 21, 6, 21, 6, 21, 26, 27, 26, 28, 27, 28, 4, 21, 28, 27, 21, 25, 26, 4, 21, 26, 28, 21, 25, 27, 7, 21, 6, 21, 6, 21, 6, 21, 6, 21, 6, 21, 6, 18, 28, 27, 35, 34, 26, 28, 25, 28, 25, 26, 25, 27, 6, 6, 21, 6, 21, 6, 21, 26, 27, 26, 28, 27, 28, 4, 21, 28, 27, 21, 25, 26, 4, 21, 26, 28, 21, 25, 27, 7, 21, 6, 21, 6, 21, 6, 21, 6, 21, 6, 21, 6, 18, 25, 35, 27, 34, 26, 28, 25, 28, 28, 27, 26, 28, 6, 6, 21, 6, 21, 6, 21, 26, 27, 26, 28, 27, 28, 4, 21, 28, 27, 21, 25, 26, 4, 21, 26, 28, 21, 25, 27, 7, 21, 6, 21, 6, 21, 6, 21, 6, 21, 6, 21, 6, 18, 25, 35, 27, 34, 26, 28, 25, 28, 28, 27, 25, 27, 6, 6, 21, 6, 21, 6, 21, 26, 27, 26, 28, 27, 28, 4, 21, 28, 27, 21, 25, 26, 4, 21, 26, 28, 21, 25, 27, 7, 21, 6, 21, 6, 21, 6, 21, 6, 21, 6, 21, 6, 18, 25, 35, 27, 34, 26, 28, 25, 28, 25, 26, 26, 28, 6, 6, 21, 6, 21, 6, 21, 26, 27, 26, 28, 27, 28, 4, 21, 28, 27, 21, 25, 26, 4, 21, 26, 28, 21, 25, 27, 7, 21, 6, 21, 6, 21, 6, 21, 6, 21, 6, 21, 6, 18, 25, 35, 27, 34, 26, 28, 25, 28, 25, 26, 25, 27, 6, 6, 21, 6, 21, 6, 21, 26, 27, 26, 28, 27, 28, 4, 21, 28, 27, 21, 25, 26, 4, 21, 26, 28, 21, 25, 27]"
"[5, 5, 7, 6, 23, 17, 21, 6, 21, 21, 21, 25, 43, 42, 27, 26, 28, 21, 6, 21, 6, 21, 25, 26, 26, 27, 27, 28, 7, 6, 19, 21, 6, 22, 21, 42, 43, 25, 27, 21, 6, 21, 25, 27, 26, 28, 7, 6, 20, 11, 21, 6, 22, 21, 42, 43, 26, 28, 21, 6, 21, 25, 26, 25, 27]","[5, 4, 4, 5, 5, 4, 4, 5, 5, 4, 4, 7, 23, 21, 6, 21, 6, 21, 6, 21, 6, 21, 6, 17, 25, 27, 35, 26, 34, 27, 26, 28, 26, 27, 21, 6, 21, 6, 21, 6, 21, 25, 26, 26, 27, 27, 28, 26, 27, 7, 21, 6, 21, 6, 21, 6, 21, 6, 21, 6, 17, 25, 35, 27, 26, 34, 27, 26, 28, 26, 27, 21, 6, 21, 6, 21, 6, 21, 25, 26, 26, 27, 27, 28, 26, 27, 7, 21, 6, 21, 6, 21, 6, 21, 6, 21, 6, 17, 25, 27, 35, 34, 26, 27, 26, 28, 26, 27, 21, 6, 21, 6, 21, 6, 21, 25, 26, 26, 27, 27, 28, 26, 27, 7, 21, 6, 21, 6, 21, 6, 21, 6, 21, 6, 17, 25, 35, 27, 34, 26, 27, 26, 28, 26, 27, 21, 6, 21, 6, 6, 21, 25, 26, 23, 4, 4, 21, 25, 27, 21, 27, 27, 21, 28, 27, 27, 28, 26, 27, 7, 21, 6, 21, 6, 21, 6, 21, 6, 19, 34, 27, 35, 26, 25, 27, 26, 27, 21, 6, 21, 6, 21, 25, 27, 26, 28, 26, 27, 7, 21, 6, 21, 6, 21, 6, 21, 6, 19, 26, 27, 35, 34, 25, 27, 26, 27, 21, 6, 21, 6, 21, 25, 27, 26, 28, 26, 27, 7, 21, 6, 21, 6, 21, 6, 21, 6, 19, 34, 35, 27, 26, 25, 27, 26, 27, 21, 6, 21, 6, 21, 25, 27, 26, 28, 26, 27, 7, 21, 6, 21, 6, 21, 6, 21, 6, 19, 26, 35, 27, 34, 25, 27, 26, 27, 21, 6, 21, 6, 21, 25, 27, 26, 28, 26, 27, 7, 21, 6, 21, 6, 21, 6, 21, 6, 20, 11, 34, 27, 35, 26, 26, 28, 26, 27, 21, 6, 21, 6, 21, 25, 26, 25, 27, 26, 27, 7, 21, 6, 21, 6, 21, 6, 21, 6, 20, 11, 26, 27, 35, 34, 26, 28, 26, 27, 21, 6, 21, 6, 21, 25, 26, 25, 27, 26, 27, 7, 21, 6, 21, 6, 21, 6, 21, 6, 20, 11, 34, 35, 27, 26, 26, 28, 26, 27, 21, 6, 21, 6, 21, 25, 26, 25, 27, 26, 27, 7, 21, 6, 21, 6, 21, 6, 21, 6, 20, 11, 26, 35, 27, 34, 26, 28, 26, 27, 21, 6, 21, 6, 21, 25, 26, 25, 27, 26, 27]"
"[4, 7, 21, 21, 21, 28, 42, 43, 26, 21, 6, 21, 26, 28, 27, 28, 7, 21, 6, 21, 21, 6, 21, 21, 25, 43, 28, 28, 42, 28, 26, 27, 21, 6, 21, 6, 21, 6, 21, 25, 26, 26, 27, 26, 28, 27, 28]","[4, 4, 4, 4, 4, 4, 4, 4, 5, 5, 4, 4, 4, 4, 5, 5, 5, 5, 4, 7, 21, 6, 21, 6, 21, 6, 21, 6, 21, 28, 26, 34, 27, 35, 26, 26, 28, 26, 27, 6, 21, 6, 21, 6, 21, 26, 28, 27, 28, 26, 28, 4, 21, 27, 26, 21, 28, 25, 7, 21, 6, 21, 6, 21, 6, 21, 6, 21, 28, 26, 34, 27, 35, 26, 26, 28, 28, 25, 6, 21, 6, 21, 6, 21, 26, 28, 27, 28, 26, 28, 4, 21, 27, 26, 21, 28, 25, 7, 21, 6, 21, 6, 21, 6, 21, 6, 21, 28, 34, 26, 27, 35, 26, 26, 28, 27, 26, 6, 21, 6, 21, 6, 21, 26, 28, 27, 28, 26, 28, 4, 21, 27, 26, 21, 28, 25, 7, 21, 6, 21, 6, 21, 6, 21, 6, 21, 28, 34, 26, 27, 35, 26, 26, 28, 28, 25, 6, 21, 6, 21, 6, 21, 26, 28, 27, 28, 26, 28, 4, 21, 27, 26, 21, 28, 25, 7, 21, 6, 21, 6, 21, 6, 21, 6, 21, 28, 26, 34, 35, 27, 26, 26, 28, 27, 26, 6, 21, 6, 21, 6, 21, 26, 28, 27, 28, 26, 28, 4, 21, 27, 26, 21, 28, 25, 7, 21, 6, 21, 6, 21, 6, 21, 6, 21, 28, 26, 34, 35, 27, 26, 26, 28, 28, 25, 6, 21, 6, 21, 6, 21, 26, 28, 27, 28, 26, 28, 4, 21, 27, 26, 21, 28, 25, 7, 21, 6, 21, 6, 21, 6, 21, 6, 21, 28, 34, 26, 35, 27, 26, 26, 28, 27, 26, 6, 21, 6, 21, 6, 21, 26, 28, 27, 28, 26, 28, 4, 21, 27, 26, 21, 28, 25, 7, 21, 6, 21, 6, 21, 6, 21, 6, 21, 28, 34, 26, 35, 27, 26, 26, 28, 28, 25, 6, 21, 6, 21, 6, 21, 26, 28, 27, 28, 26, 28, 4, 21, 27, 26, 21, 28, 25, 7, 21, 6, 21, 6, 21, 6, 21, 6, 21, 6, 21, 6, 21, 25, 27, 35, 28, 28, 26, 34, 28, 27, 26, 26, 28, 27, 26, 6, 21, 6, 21, 6, 21, 6, 21, 6, 21, 25, 26, 26, 27, 26, 28, 27, 28, 26, 28, 4, 21, 27, 26, 21, 28, 25, 7, 21, 6, 21, 6, 21, 6, 21, 6, 21, 6, 21, 6, 21, 25, 27, 35, 28, 28, 26, 34, 28, 27, 26, 26, 28, 28, 25, 6, 21, 6, 21, 6, 21, 6, 21, 6, 21, 25, 26, 26, 27, 26, 28, 27, 28, 26, 28, 4, 21, 27, 26, 21, 28, 25, 7, 21, 6, 21, 6, 21, 6, 21, 6, 21, 6, 21, 6, 21, 25, 27, 35, 28, 28, 34, 26, 28, 26, 27, 26, 28, 27, 26, 6, 21, 6, 21, 6, 21, 6, 21, 6, 21, 25, 26, 26, 27, 26, 28, 27, 28, 26, 28, 4, 21, 27, 26, 21, 28, 25, 7, 21, 6, 21, 6, 21, 6, 21, 6, 21, 6, 21, 6, 21, 25, 27, 35, 28, 28, 34, 26, 28, 26, 27, 26, 28, 28, 25, 6, 21, 6, 21, 6, 21, 6, 21, 6, 21, 25, 26, 26, 27, 26, 28, 27, 28, 26, 28, 4, 21, 27, 26, 21, 28, 25, 7, 21, 6, 21, 6, 21, 6, 21, 6, 21, 6, 21, 6, 21, 25, 35, 25, 28, 28, 26, 34, 28, 26, 27, 26, 28, 27, 26, 6, 21, 6, 21, 6, 21, 6, 21, 6, 21, 25, 26, 26, 27, 26, 28, 27, 28, 26, 28, 4, 21, 27, 26, 21, 28, 25, 7, 21, 6, 21, 6, 21, 6, 21, 6, 21, 6, 21, 6, 21, 25, 35, 25, 28, 28, 26, 34, 28, 26, 27, 26, 28, 28, 25, 6, 21, 6, 21, 6, 21, 6, 21, 6, 21, 25, 26, 26, 27, 26, 28, 27, 28, 26, 28, 4, 21, 27, 26, 21, 28, 25, 7, 21, 6, 21, 6, 21, 6, 21, 6, 21, 6, 21, 6, 21, 25, 35, 26, 28, 28, 26, 34, 28, 26, 27, 26, 28, 27, 26, 6, 21, 6, 21, 6, 21, 6, 21, 6, 21, 25, 26, 26, 27, 26, 28, 27, 28, 26, 28, 4, 21, 27, 26, 21, 28, 25, 7, 21, 6, 21, 6, 21, 6, 21, 6, 21, 6, 21, 6, 21, 25, 35, 26, 28, 28, 26, 34, 28, 26, 27, 26, 28, 28, 25, 6, 21, 6, 21, 6, 21, 6, 21, 6, 21, 25, 26, 26, 27, 26, 28, 27, 28, 26, 28, 4, 21, 27, 26, 21, 28, 25, 7, 21, 6, 21, 6, 21, 6, 21, 6, 21, 6, 21, 6, 21, 25, 35, 28, 28, 28, 26, 34, 28, 26, 27, 26, 28, 27, 26, 6, 21, 6, 21, 6, 21, 6, 21, 6, 21, 25, 26, 26, 27, 26, 28, 27, 28, 26, 28, 4, 21, 27, 26, 21, 28, 25, 7, 21, 6, 21, 6, 21, 6, 21, 6, 21, 6, 21, 6, 21, 25, 35, 28, 28, 28, 26, 34, 28, 26, 27, 26, 28, 28, 25, 6, 21, 6, 21, 6, 21, 6, 21, 6, 21, 25, 26, 26, 27, 26, 28, 27, 28, 26, 28, 4, 21, 27, 26, 21, 28, 25, 7, 21, 6, 21, 6, 21, 6, 21, 6, 21, 6, 21, 6, 21, 25, 35, 27, 28, 28, 34, 26, 28, 26, 27, 26, 28, 27, 26, 6, 21, 6, 21, 6, 21, 6, 21, 6, 21, 25, 26, 26, 27, 26, 28, 27, 28, 26, 28, 4, 21, 27, 26, 21, 28, 25, 7, 21, 6, 21, 6, 21, 6, 21, 6, 21, 6, 21, 6, 21, 25, 35, 27, 28, 28, 34, 26, 28, 26, 27, 26, 28, 28, 25, 6, 21, 6, 21, 6, 21, 6, 21, 6, 21, 25, 26, 26, 27, 26, 28, 27, 28, 26, 28, 4, 21, 27, 26, 21, 28, 25]"
"[5, 7, 22, 21, 42, 43, 21, 25, 26, 7, 6, 12, 17, 21, 6, 22, 21, 42, 43, 25, 28, 21, 6, 21, 25, 27, 26, 27]","[5, 4, 4, 5, 4, 5, 5, 7, 21, 6, 21, 6, 21, 34, 27, 35, 26, 28, 27, 21, 6, 21, 25, 26, 28, 27, 7, 21, 6, 21, 6, 21, 26, 27, 35, 34, 28, 27, 21, 6, 21, 25, 26, 28, 27, 7, 21, 6, 21, 6, 21, 34, 35, 27, 26, 28, 27, 21, 6, 21, 25, 26, 28, 27, 7, 21, 6, 21, 6, 21, 26, 35, 27, 34, 28, 27, 21, 6, 21, 25, 26, 28, 27, 7, 21, 6, 21, 6, 21, 6, 21, 6, 12, 17, 34, 27, 35, 26, 25, 28, 28, 27, 21, 6, 21, 6, 21, 25, 27, 26, 27, 28, 27, 7, 21, 6, 21, 6, 21, 6, 21, 6, 12, 17, 26, 27, 35, 34, 25, 28, 28, 27, 21, 6, 21, 6, 21, 25, 27, 26, 27, 28, 27, 7, 21, 6, 21, 6, 21, 6, 21, 6, 12, 17, 34, 35, 27, 26, 25, 28, 28, 27, 21, 6, 21, 6, 21, 25, 27, 26, 27, 28, 27, 7, 21, 6, 21, 6, 21, 6, 21, 6, 12, 17, 26, 35, 27, 34, 25, 28, 28, 27, 21, 6, 21, 6, 21, 25, 27, 26, 27, 28, 27]"
"[4, 4, 7, 21, 6, 21, 21, 21, 25, 42, 43, 28, 26, 28, 21, 6, 21, 6, 21, 25, 26, 26, 27, 26, 28, 7, 21, 6, 21, 6, 21, 21, 21, 25, 42, 43, 26, 25, 27, 25, 28, 21, 6, 21, 6, 21, 6, 21, 25, 26, 25, 27, 26, 27, 27, 28, 7, 21, 6, 21, 6, 21, 21, 6, 21, 21, 26, 43, 25, 27, 42, 28, 25, 26, 25, 27, 21, 6, 21, 6, 21, 6, 21, 6, 21, 25, 26, 25, 27, 26, 27, 26, 28, 27, 28]","[4, 5, 5, 4, 4, 5, 5, 4, 4, 5, 5, 7, 21, 6, 21, 6, 21, 6, 21, 6, 21, 25, 26, 34, 27, 35, 28, 26, 28, 26, 27, 21, 6, 21, 6, 21, 6, 21, 25, 26, 26, 27, 26, 28, 26, 27, 7, 21, 6, 21, 6, 21, 6, 21, 6, 21, 25, 34, 26, 27, 35, 28, 26, 28, 26, 27, 21, 6, 21, 6, 21, 6, 21, 25, 26, 26, 27, 26, 28, 26, 27, 7, 21, 6, 21, 6, 21, 6, 21, 6, 21, 25, 26, 34, 35, 27, 28, 26, 28, 26, 27, 21, 6, 21, 6, 21, 6, 21, 25, 26, 26, 27, 26, 28, 26, 27, 7, 21, 6, 21, 6, 21, 6, 21, 6, 21, 25, 34, 26, 35, 27, 28, 26, 28, 26, 27, 21, 6, 21, 6, 21, 6, 21, 25, 26, 26, 27, 26, 28, 26, 27, 7, 21, 6, 21, 6, 21, 6, 21, 6, 21, 6, 21, 25, 26, 34, 27, 35, 26, 25, 27, 25, 28, 26, 27, 21, 6, 21, 6, 21, 6, 21, 6, 21, 25, 26, 25, 27, 26, 27, 27, 28, 26, 27, 7, 21, 6, 21, 6, 21, 6, 21, 6, 21, 6, 21, 25, 34, 26, 27, 35, 26, 25, 27, 25, 28, 26, 27, 21, 6, 21, 6, 21, 6, 21, 6, 21, 25, 26, 25, 27, 26, 27, 27, 28, 26, 27, 7, 21, 6, 21, 6, 21, 6, 21, 6, 21, 6, 21, 25, 26, 34, 35, 27, 26, 25, 27, 25, 28, 26, 27, 21, 6, 21, 6, 21, 6, 21, 6, 21, 25, 26, 25, 27, 26, 27, 27, 28, 26, 27, 7, 21, 6, 21, 6, 21, 6, 21, 6, 21, 6, 21, 25, 34, 26, 35, 27, 26, 25, 27, 25, 28, 26, 27, 21, 6, 21, 6, 21, 6, 21, 6, 21, 25, 26, 25, 27, 26, 27, 27, 28, 26, 27, 7, 21, 6, 21, 6, 21, 6, 21, 6, 21, 6, 21, 6, 21, 26, 27, 35, 25, 27, 26, 34, 28, 25, 26, 25, 27, 26, 27, 21, 6, 21, 6, 21, 6, 21, 6, 21, 6, 21, 25, 26, 25, 27, 26, 27, 26, 28, 27, 28, 26, 27, 7, 21, 6, 21, 6, 21, 6, 21, 6, 21, 6, 21, 6, 21, 26, 27, 35, 25, 27, 34, 26, 28, 25, 26, 25, 27, 26, 27, 21, 6, 21, 6, 21, 6, 21, 6, 21, 6, 21, 25, 26, 25, 27, 26, 27, 26, 28, 27, 28, 26, 27, 7, 21, 6, 21, 6, 21, 6, 21, 6, 21, 6, 21, 6, 21, 26, 35, 27, 25, 27, 26, 34, 28, 25, 26, 25, 27, 26, 27, 21, 6, 21, 6, 21, 6, 21, 6, 21, 6, 21, 25, 26, 25, 27, 26, 27, 26, 28, 27, 28, 26, 27, 7, 21, 6, 21, 6, 21, 6, 21, 6, 21, 6, 21, 6, 21, 26, 35, 27, 25, 27, 34, 26, 28, 25, 26, 25, 27, 26, 27, 21, 6, 21, 6, 21, 6, 21, 6, 21, 6, 21, 25, 26, 25, 27, 26, 27, 26, 28, 27, 28, 26, 27]"
"[4, 7, 6, 23, 18, 21, 6, 22, 21, 42, 43, 26, 27, 21, 6, 21, 25, 27, 27, 28, 7, 6, 12, 19, 21, 21, 6, 21, 21, 25, 43, 25, 28, 42, 25, 21, 6, 21, 6, 21, 25, 27, 26, 27, 27, 28]","[4, 5, 5, 4, 4, 5, 4, 4, 7, 23, 21, 6, 21, 6, 21, 6, 18, 34, 27, 35, 26, 26, 27, 21, 6, 21, 25, 27, 27, 28, 7, 21, 6, 21, 6, 21, 6, 18, 26, 27, 35, 34, 26, 27, 21, 6, 21, 25, 27, 27, 28, 7, 21, 6, 21, 6, 21, 6, 18, 34, 35, 27, 26, 26, 27, 21, 6, 21, 25, 27, 27, 28, 7, 21, 6, 21, 6, 21, 6, 18, 26, 35, 27, 34, 26, 27, 21, 6, 5, 21, 27, 28, 21, 25, 27, 25, 27, 7, 21, 6, 21, 6, 21, 6, 18, 26, 35, 27, 34, 26, 27, 21, 6, 5, 21, 27, 28, 21, 25, 27, 27, 28, 7, 21, 6, 21, 6, 21, 6, 21, 6, 12, 19, 25, 27, 35, 25, 28, 26, 34, 25, 21, 6, 21, 6, 21, 25, 27, 26, 27, 27, 28, 7, 21, 6, 21, 6, 21, 6, 21, 6, 12, 19, 25, 27, 35, 25, 28, 34, 26, 25, 21, 6, 21, 6, 21, 25, 27, 26, 27, 27, 28, 7, 21, 6, 21, 6, 21, 6, 21, 6, 12, 19, 25, 35, 27, 25, 28, 26, 34, 25, 21, 6, 21, 6, 21, 25, 27, 26, 27, 27, 28, 7, 21, 6, 21, 6, 21, 6, 21, 6, 12, 19, 25, 35, 27, 25, 28, 34, 26, 25, 21, 6, 21, 6, 21, 25, 27, 26, 27, 27, 28]"
"[7, 6, 14, 21, 21, 21, 26, 43, 42, 25, 21, 6, 21, 26, 27, 27, 28]","[4, 5, 5, 7, 21, 6, 21, 6, 21, 6, 21, 6, 21, 6, 14, 26, 27, 35, 26, 34, 25, 27, 28, 27, 25, 21, 6, 21, 6, 21, 6, 21, 26, 27, 27, 28, 27, 28, 27, 25, 7, 21, 6, 21, 6, 21, 6, 21, 6, 21, 6, 14, 26, 35, 27, 26, 34, 25, 27, 28, 27, 25, 21, 6, 21, 6, 21, 6, 23, 4, 4, 21, 25, 27, 21, 27, 27, 21, 28, 27, 27, 28, 27, 28, 27, 25, 7, 21, 6, 21, 6, 21, 6, 21, 6, 21, 6, 14, 26, 27, 35, 34, 26, 25, 27, 28, 27, 25, 21, 6, 21, 6, 21, 6, 21, 26, 27, 27, 28, 27, 28, 27, 25, 7, 21, 6, 21, 6, 21, 6, 21, 6, 21, 6, 14, 26, 35, 27, 34, 26, 25, 27, 28, 27, 25, 21, 6, 21, 6, 21, 6, 21, 27, 26, 27, 28, 27, 28, 27, 25]"
"[7, 21, 21, 21, 28, 42, 43, 25, 21, 6, 21, 25, 26, 26, 27]","[4, 5, 5, 7, 21, 6, 21, 6, 21, 28, 26, 34, 27, 35, 25, 21, 6, 21, 25, 26, 26, 27, 7, 21, 6, 21, 6, 21, 28, 34, 26, 27, 35, 25, 21, 6, 21, 25, 26, 26, 27, 7, 21, 6, 21, 6, 21, 28, 26, 34, 35, 27, 25, 6, 21, 25, 26, 23, 4, 4, 21, 25, 27, 21, 27, 27, 21, 28, 27, 7, 21, 6, 21, 6, 21, 28, 34, 26, 35, 27, 25, 21, 6, 23, 4, 4, 21, 26, 26, 21, 27, 26, 21, 28, 26, 26, 27]"
"[4, 4, 7, 6, 23, 16, 21, 6, 21, 21, 21, 28, 42, 43, 25, 26, 28, 21, 6, 21, 6, 21, 25, 26, 26, 27, 27, 28, 7, 6, 19, 12, 21, 6, 21, 6, 22, 21, 42, 43, 25, 26, 25, 27, 21, 6, 21, 6, 21, 25, 26, 26, 27, 27, 28, 7, 6, 16, 12, 21, 6, 21, 21, 6, 21, 21, 25, 43, 26, 27, 42, 25, 27, 28, 21, 6, 21, 6, 21, 6, 21, 25, 26, 25, 27, 26, 27, 26, 28]","[4, 5, 5, 4, 4, 5, 5, 4, 5, 4, 4, 7, 23, 21, 6, 21, 6, 21, 6, 21, 6, 16, 28, 26, 34, 27, 35, 25, 26, 28, 21, 6, 21, 6, 21, 25, 26, 26, 27, 27, 28, 7, 21, 6, 21, 6, 21, 6, 21, 6, 16, 28, 34, 26, 27, 35, 25, 26, 28, 21, 6, 21, 6, 21, 25, 26, 26, 27, 27, 28, 7, 21, 6, 21, 6, 21, 6, 21, 6, 16, 28, 26, 34, 35, 27, 25, 26, 28, 21, 6, 21, 6, 21, 25, 26, 26, 27, 27, 28, 7, 21, 6, 21, 6, 21, 6, 21, 6, 16, 28, 34, 26, 35, 27, 25, 26, 28, 21, 6, 21, 6, 21, 25, 26, 26, 27, 27, 28, 7, 21, 6, 21, 6, 21, 6, 21, 6, 19, 12, 34, 27, 35, 26, 25, 26, 25, 27, 21, 6, 21, 6, 21, 25, 26, 26, 27, 27, 28, 7, 21, 6, 21, 6, 21, 6, 21, 6, 19, 12, 26, 27, 35, 34, 25, 26, 25, 27, 21, 6, 21, 6, 21, 25, 26, 26, 27, 27, 28, 7, 21, 6, 21, 6, 21, 6, 21, 6, 19, 12, 34, 35, 27, 26, 25, 26, 25, 27, 21, 6, 21, 6, 21, 25, 26, 26, 27, 27, 28, 7, 21, 6, 21, 6, 21, 6, 21, 6, 19, 12, 26, 35, 27, 34, 25, 26, 25, 27, 21, 6, 21, 6, 21, 25, 26, 26, 27, 27, 28, 7, 21, 6, 21, 6, 21, 6, 21, 6, 21, 6, 16, 12, 25, 27, 35, 26, 27, 26, 34, 25, 27, 28, 21, 6, 21, 6, 21, 6, 21, 25, 26, 25, 27, 26, 27, 26, 28, 7, 21, 6, 21, 6, 21, 6, 21, 6, 21, 6, 16, 12, 25, 27, 35, 26, 27, 34, 26, 25, 27, 28, 21, 6, 21, 6, 21, 6, 21, 25, 26, 25, 27, 26, 27, 26, 28, 7, 21, 6, 21, 6, 21, 6, 21, 6, 21, 6, 16, 12, 25, 35, 27, 26, 27, 26, 34, 25, 27, 28, 21, 6, 21, 6, 21, 6, 21, 25, 26, 25, 27, 26, 27, 26, 28, 7, 21, 6, 21, 6, 21, 6, 21, 6, 21, 6, 16, 12, 25, 35, 27, 26, 27, 34, 26, 25, 27, 28, 21, 6, 21, 6, 21, 6, 21, 25, 26, 25, 27, 26, 27, 26, 28]"
"[5, 5, 4, 7, 6, 18, 21, 6, 21, 6, 22, 21, 42, 43, 25, 28, 27, 28, 21, 6, 21, 6, 21, 25, 27, 26, 28, 27, 28, 7, 6, 12, 20, 21, 6, 21, 21, 21, 27, 42, 43, 28, 25, 28, 21, 6, 21, 6, 21, 25, 27, 26, 27, 26, 28, 7, 6, 14, 11, 21, 21, 21, 25, 43, 42, 25, 21, 6, 21, 25, 26, 26, 27, 7, 6, 14, 11, 21, 6, 21, 6, 21, 21, 21, 27, 42, 43, 28, 25, 27, 25, 28, 21, 6, 21, 6, 21, 6, 21, 25, 26, 26, 27, 26, 28, 27, 28]","[5, 4, 4, 5, 5, 5, 4, 4, 5, 4, 5, 5, 4, 4, 5, 5, 5, 5, 7, 23, 21, 6, 21, 6, 21, 6, 21, 6, 18, 34, 25, 35, 26, 25, 28, 27, 28, 21, 6, 21, 6, 21, 25, 27, 26, 28, 27, 28, 7, 21, 6, 21, 6, 21, 6, 21, 6, 18, 34, 26, 35, 26, 25, 28, 27, 28, 21, 6, 21, 6, 21, 25, 27, 26, 28, 27, 28, 7, 21, 6, 21, 6, 21, 6, 21, 6, 18, 34, 28, 35, 26, 25, 28, 27, 28, 21, 6, 21, 6, 21, 25, 27, 26, 28, 27, 28, 7, 21, 6, 21, 6, 21, 6, 21, 6, 18, 26, 27, 35, 34, 25, 28, 27, 28, 21, 6, 21, 6, 21, 25, 27, 26, 28, 27, 28, 7, 21, 6, 21, 6, 21, 6, 21, 6, 18, 34, 35, 27, 26, 25, 28, 27, 28, 21, 6, 21, 6, 21, 25, 27, 26, 28, 27, 28, 7, 21, 6, 21, 6, 21, 6, 21, 6, 18, 26, 35, 27, 34, 25, 28, 27, 28, 21, 6, 21, 6, 21, 25, 27, 26, 28, 27, 28, 7, 21, 6, 21, 6, 21, 6, 21, 6, 12, 20, 27, 26, 34, 27, 35, 28, 25, 28, 21, 6, 21, 6, 21, 25, 27, 26, 27, 26, 28, 7, 21, 6, 21, 6, 21, 6, 21, 6, 12, 20, 27, 34, 26, 27, 35, 28, 25, 28, 21, 6, 21, 6, 21, 25, 27, 26, 27, 26, 28, 7, 21, 6, 21, 6, 21, 6, 21, 6, 12, 20, 27, 26, 34, 35, 27, 28, 25, 28, 21, 6, 21, 6, 21, 25, 27, 26, 27, 26, 28, 7, 21, 6, 21, 6, 21, 6, 21, 6, 12, 20, 27, 34, 26, 35, 27, 28, 25, 28, 21, 6, 21, 6, 21, 25, 27, 26, 27, 26, 28, 7, 21, 6, 21, 6, 21, 6, 14, 11, 25, 27, 35, 26, 34, 25, 21, 6, 21, 25, 26, 26, 27, 7, 21, 6, 21, 6, 21, 6, 14, 11, 25, 35, 27, 26, 34, 25, 21, 6, 21, 25, 26, 26, 27, 7, 21, 6, 21, 6, 21, 6, 14, 11, 25, 27, 35, 34, 26, 25, 21, 6, 5, 21, 25, 26, 21, 26, 27, 26, 27, 7, 21, 6, 21, 6, 21, 6, 14, 11, 25, 27, 35, 34, 26, 25, 21, 6, 5, 21, 25, 26, 21, 26, 27, 25, 26, 7, 21, 6, 21, 6, 21, 6, 14, 11, 25, 35, 27, 34, 26, 25, 21, 6, 21, 25, 26, 26, 27, 7, 21, 6, 21, 6, 21, 6, 21, 6, 21, 6, 14, 11, 26, 27, 34, 27, 35, 28, 25, 27, 25, 28, 21, 6, 21, 6, 21, 6, 21, 25, 26, 26, 27, 26, 28, 27, 28, 7, 21, 6, 21, 6, 21, 6, 21, 6, 21, 6, 14, 11, 27, 34, 26, 27, 35, 28, 25, 27, 25, 28, 21, 6, 21, 6, 21, 6, 21, 25, 26, 26, 27, 26, 28, 27, 28, 7, 21, 6, 21, 6, 21, 6, 21, 6, 21, 6, 14, 11, 27, 26, 34, 35, 27, 28, 25, 27, 25, 28, 21, 6, 21, 6, 21, 6, 21, 25, 26, 26, 27, 26, 28, 27, 28, 7, 21, 6, 21, 6, 21, 6, 21, 6, 21, 6, 14, 11, 27, 34, 26, 35, 27, 28, 25, 27, 25, 28, 21, 6, 21, 6, 21, 6, 21, 25, 26, 26, 27, 26, 28, 27, 28]"
"[5, 4, 4, 7, 6, 16, 6, 21, 21, 6, 21, 21, 25, 43, 25, 28, 42, 27, 8, 21, 26, 27, 13, 21, 6, 21, 6, 21, 6, 21, 6, 21, 25, 26, 25, 27, 26, 27, 26, 28, 27, 28, 7, 6, 12, 20, 6, 22, 21, 42, 43, 8, 21, 26, 28, 13, 21, 6, 21, 6, 21, 26, 27, 26, 28, 27, 28, 7, 6, 17, 19, 21, 21, 21, 27, 42, 43, 26, 21, 6, 21, 25, 27, 26, 28, 7, 6, 17, 21, 6, 21, 6, 21, 21, 21, 28, 43, 42, 25, 25, 26, 25, 27, 21, 6, 21, 6, 21, 6, 21, 25, 26, 25, 27, 26, 27, 27, 28]","[5, 4, 4, 4, 5, 4, 5, 5, 4, 4, 5, 5, 4, 4, 5, 5, 7, 6, 6, 21, 6, 21, 6, 21, 6, 21, 6, 21, 6, 16, 25, 27, 35, 25, 28, 26, 34, 27, 26, 27, 13, 21, 6, 21, 6, 21, 6, 21, 6, 21, 25, 26, 25, 27, 26, 27, 26, 28, 27, 28, 7, 6, 6, 21, 6, 21, 6, 21, 6, 21, 6, 21, 6, 16, 25, 27, 35, 25, 28, 34, 26, 27, 26, 27, 13, 21, 6, 21, 6, 21, 6, 21, 6, 21, 25, 26, 25, 27, 26, 27, 26, 28, 27, 28, 7, 6, 6, 21, 6, 21, 6, 21, 6, 21, 6, 21, 6, 16, 25, 35, 27, 25, 28, 26, 34, 27, 26, 27, 13, 21, 6, 21, 6, 21, 6, 21, 6, 21, 25, 26, 25, 27, 26, 27, 26, 28, 27, 28, 7, 6, 6, 21, 6, 21, 6, 21, 6, 21, 6, 21, 6, 16, 25, 35, 27, 25, 28, 34, 26, 27, 26, 27, 13, 21, 6, 21, 6, 21, 6, 21, 6, 21, 25, 26, 25, 27, 26, 27, 26, 28, 27, 28, 7, 6, 6, 21, 6, 21, 6, 21, 6, 12, 20, 34, 27, 35, 26, 26, 28, 13, 21, 6, 21, 6, 21, 26, 27, 26, 28, 27, 28, 7, 6, 6, 21, 6, 21, 6, 21, 6, 12, 20, 26, 27, 35, 34, 26, 28, 13, 21, 6, 21, 6, 21, 26, 27, 26, 28, 27, 28, 7, 6, 6, 21, 6, 21, 6, 21, 6, 12, 20, 34, 35, 27, 26, 26, 28, 13, 21, 6, 21, 6, 21, 26, 27, 26, 28, 27, 28, 7, 6, 6, 21, 6, 21, 6, 21, 6, 12, 20, 26, 35, 27, 34, 26, 28, 13, 21, 6, 21, 6, 21, 26, 27, 26, 28, 27, 28, 7, 21, 6, 21, 6, 21, 6, 17, 19, 27, 26, 34, 27, 35, 26, 21, 6, 21, 25, 27, 26, 28, 7, 21, 6, 21, 6, 21, 6, 17, 19, 27, 34, 26, 27, 35, 26, 21, 6, 21, 25, 27, 26, 28, 7, 21, 6, 21, 6, 21, 6, 17, 19, 27, 26, 34, 35, 27, 26, 21, 6, 21, 25, 27, 26, 28, 7, 21, 6, 21, 6, 21, 6, 17, 19, 27, 34, 26, 35, 27, 26, 21, 6, 21, 25, 27, 26, 28, 7, 21, 6, 21, 6, 21, 6, 21, 6, 21, 6, 17, 28, 27, 35, 26, 34, 25, 25, 26, 25, 27, 21, 6, 21, 6, 21, 6, 5, 21, 25, 27, 21, 25, 26, 25, 26, 26, 27, 27, 28, 7, 21, 6, 21, 6, 21, 6, 21, 6, 21, 6, 17, 28, 27, 35, 26, 34, 25, 25, 26, 25, 27, 21, 6, 21, 6, 21, 6, 5, 21, 25, 27, 21, 25, 26, 25, 27, 26, 27, 27, 28, 7, 21, 6, 21, 6, 21, 6, 21, 6, 21, 6, 17, 28, 35, 27, 26, 34, 25, 25, 26, 25, 27, 21, 6, 21, 6, 21, 6, 21, 25, 26, 25, 27, 26, 27, 27, 28, 7, 21, 6, 21, 6, 21, 6, 21, 6, 21, 6, 17, 28, 27, 35, 34, 26, 25, 25, 26, 25, 27, 21, 6, 21, 6, 21, 6, 21, 25, 26, 25, 27, 26, 27, 27, 28, 7, 21, 6, 21, 6, 21, 6, 21, 6, 21, 6, 17, 28, 35, 27, 34, 26, 25, 25, 26, 25, 27, 21, 6, 21, 6, 21, 6, 21, 25, 26, 25, 27, 26, 27, 27, 28]"
"[4, 4, 4, 7, 6, 17, 21, 6, 22, 21, 42, 43, 26, 28, 21, 6, 21, 25, 26, 26, 27, 7, 6, 19, 15, 21, 6, 21, 6, 22, 21, 42, 43, 25, 27, 26, 28, 21, 6, 21, 6, 21, 25, 26, 26, 27, 26, 28, 7, 6, 12, 15, 22, 21, 42, 43, 21, 26, 28, 7, 6, 19, 14, 21, 21, 21, 28, 43, 42, 25, 21, 6, 21, 26, 27, 27, 28]","[4, 5, 4, 4, 4, 4, 4, 5, 5, 4, 5, 4, 5, 5, 4, 4, 5, 5, 7, 21, 6, 21, 6, 21, 6, 17, 34, 27, 35, 26, 26, 28, 21, 6, 21, 25, 26, 26, 27, 7, 21, 6, 21, 6, 21, 6, 17, 26, 27, 35, 34, 26, 28, 21, 6, 21, 25, 26, 26, 27, 7, 21, 6, 21, 6, 21, 6, 17, 34, 35, 27, 26, 26, 28, 21, 6, 21, 25, 26, 26, 27, 7, 21, 6, 21, 6, 21, 6, 17, 26, 35, 27, 34, 26, 28, 21, 6, 21, 25, 26, 26, 27, 7, 21, 6, 21, 6, 21, 6, 21, 6, 19, 15, 34, 27, 35, 26, 25, 27, 26, 28, 21, 6, 21, 6, 21, 25, 26, 26, 27, 26, 28, 7, 21, 6, 21, 6, 21, 6, 21, 6, 19, 15, 26, 27, 35, 34, 25, 27, 26, 28, 21, 6, 21, 6, 21, 25, 26, 26, 27, 26, 28, 7, 21, 6, 21, 6, 21, 6, 21, 6, 19, 15, 34, 35, 27, 26, 25, 27, 26, 28, 21, 6, 21, 6, 21, 25, 26, 26, 27, 26, 28, 7, 21, 6, 21, 6, 21, 6, 21, 6, 19, 15, 26, 35, 27, 34, 25, 27, 26, 28, 21, 6, 21, 6, 5, 21, 26, 28, 21, 26, 27, 26, 27, 25, 26, 7, 21, 6, 21, 6, 21, 6, 21, 6, 19, 15, 26, 35, 27, 34, 25, 27, 26, 28, 21, 6, 21, 6, 5, 21, 26, 28, 21, 26, 27, 26, 28, 25, 26, 7, 21, 6, 21, 6, 12, 15, 34, 27, 35, 26, 21, 26, 28, 7, 21, 6, 21, 6, 12, 15, 26, 27, 35, 34, 21, 26, 28, 7, 21, 6, 21, 6, 12, 15, 34, 35, 27, 26, 21, 26, 28, 7, 21, 6, 21, 6, 12, 15, 26, 35, 27, 34, 21, 26, 28, 7, 21, 6, 21, 6, 21, 6, 19, 14, 28, 27, 35, 26, 34, 25, 21, 6, 21, 26, 27, 27, 28, 7, 21, 6, 21, 6, 21, 6, 19, 14, 28, 35, 25, 26, 34, 25, 21, 6, 21, 26, 27, 27, 28, 7, 21, 6, 21, 6, 21, 6, 19, 14, 28, 35, 26, 26, 34, 25, 21, 6, 21, 26, 27, 27, 28, 7, 21, 6, 21, 6, 21, 6, 19, 14, 28, 35, 28, 26, 34, 25, 21, 6, 21, 26, 27, 27, 28, 7, 21, 6, 21, 6, 21, 6, 19, 14, 28, 27, 35, 34, 26, 25, 21, 6, 21, 26, 27, 27, 28, 7, 21, 6, 21, 6, 21, 6, 19, 14, 28, 35, 27, 34, 26, 25, 21, 6, 21, 26, 27, 27, 28]"
"[5, 7, 6, 19, 21, 6, 22, 21, 42, 43, 25, 26, 21, 6, 21, 25, 27, 26, 27, 7, 6, 19, 15, 21, 6, 21, 6, 21, 21, 21, 28, 42, 43, 25, 26, 27, 27, 28, 21, 6, 21, 6, 21, 6, 21, 25, 26, 25, 27, 26, 27, 27, 28]","[5, 5, 4, 4, 4, 4, 5, 5, 4, 4, 5, 5, 5, 5, 5, 5, 5, 5, 4, 4, 4, 4, 4, 7, 21, 6, 21, 6, 21, 6, 21, 6, 19, 34, 25, 35, 25, 25, 26, 25, 27, 6, 21, 6, 21, 25, 27, 26, 27, 4, 21, 25, 27, 21, 28, 26, 7, 21, 6, 21, 6, 21, 6, 21, 6, 19, 34, 25, 35, 25, 25, 26, 28, 26, 6, 21, 6, 21, 25, 27, 26, 27, 4, 21, 25, 27, 21, 28, 26, 7, 21, 6, 21, 6, 21, 6, 21, 6, 19, 34, 26, 35, 25, 25, 26, 25, 27, 6, 21, 6, 21, 25, 27, 26, 27, 4, 21, 25, 27, 21, 28, 26, 7, 21, 6, 21, 6, 21, 6, 21, 6, 19, 34, 26, 35, 25, 25, 26, 28, 26, 6, 21, 6, 21, 25, 27, 26, 27, 4, 21, 25, 27, 21, 28, 26, 7, 21, 6, 21, 6, 21, 6, 21, 6, 19, 34, 28, 35, 25, 25, 26, 25, 27, 6, 21, 6, 21, 25, 27, 26, 27, 4, 21, 25, 27, 21, 28, 26, 7, 21, 6, 21, 6, 21, 6, 21, 6, 19, 34, 28, 35, 25, 25, 26, 28, 26, 6, 21, 6, 21, 25, 27, 26, 27, 4, 21, 25, 27, 21, 28, 26, 7, 21, 6, 21, 6, 21, 6, 21, 6, 19, 34, 27, 35, 27, 25, 26, 25, 27, 6, 21, 6, 21, 25, 27, 26, 27, 4, 21, 25, 27, 21, 28, 26, 7, 21, 6, 21, 6, 21, 6, 21, 6, 19, 34, 27, 35, 27, 25, 26, 28, 26, 6, 21, 6, 21, 25, 27, 26, 27, 4, 21, 25, 27, 21, 28, 26, 7, 21, 6, 21, 6, 21, 6, 21, 6, 19, 34, 27, 35, 28, 25, 26, 25, 27, 6, 21, 6, 21, 25, 27, 26, 27, 4, 21, 25, 27, 21, 28, 26, 7, 21, 6, 21, 6, 21, 6, 21, 6, 19, 34, 27, 35, 28, 25, 26, 28, 26, 6, 21, 6, 21, 25, 27, 26, 27, 4, 21, 25, 27, 21, 28, 26, 7, 21, 6, 21, 6, 21, 6, 21, 6, 19, 26, 27, 35, 34, 25, 26, 25, 27, 6, 21, 6, 21, 25, 27, 26, 27, 4, 21, 25, 27, 21, 28, 26, 7, 21, 6, 21, 6, 21, 6, 21, 6, 19, 26, 27, 35, 34, 25, 26, 28, 26, 6, 21, 6, 21, 25, 27, 26, 27, 4, 21, 25, 27, 21, 28, 26, 7, 21, 6, 21, 6, 21, 6, 21, 6, 19, 34, 35, 27, 26, 25, 26, 25, 27, 6, 21, 6, 21, 25, 27, 26, 27, 4, 21, 25, 27, 21, 28, 26, 7, 21, 6, 21, 6, 21, 6, 21, 6, 19, 34, 35, 27, 26, 25, 26, 28, 26, 6, 21, 6, 21, 25, 27, 26, 27, 4, 21, 25, 27, 21, 28, 26, 7, 21, 6, 21, 6, 21, 6, 21, 6, 19, 26, 35, 27, 34, 25, 26, 25, 27, 6, 21, 6, 21, 25, 27, 26, 27, 4, 21, 25, 27, 21, 28, 26, 7, 21, 6, 21, 6, 21, 6, 21, 6, 19, 26, 35, 27, 34, 25, 26, 28, 26, 6, 21, 6, 21, 25, 27, 26, 27, 4, 21, 25, 27, 21, 28, 26, 7, 21, 6, 21, 6, 21, 6, 21, 6, 21, 6, 21, 6, 19, 15, 28, 26, 34, 27, 35, 25, 26, 27, 27, 28, 25, 27, 6, 21, 6, 21, 6, 21, 6, 21, 25, 26, 25, 27, 26, 27, 27, 28, 4, 21, 25, 27, 21, 28, 26, 7, 21, 6, 21, 6, 21, 6, 21, 6, 21, 6, 21, 6, 19, 15, 28, 26, 34, 27, 35, 25, 26, 27, 27, 28, 28, 26, 6, 21, 6, 21, 6, 21, 6, 21, 25, 26, 25, 27, 26, 27, 27, 28, 4, 21, 25, 27, 21, 28, 26, 7, 21, 6, 21, 6, 21, 6, 21, 6, 21, 6, 21, 6, 19, 15, 28, 34, 26, 27, 35, 25, 26, 27, 27, 28, 25, 27, 6, 21, 6, 21, 6, 21, 6, 21, 25, 26, 25, 27, 26, 27, 27, 28, 4, 21, 25, 27, 21, 28, 26, 7, 21, 6, 21, 6, 21, 6, 21, 6, 21, 6, 21, 6, 19, 15, 28, 34, 26, 27, 35, 25, 26, 27, 27, 28, 28, 26, 6, 21, 6, 21, 6, 21, 6, 21, 25, 26, 25, 27, 26, 27, 27, 28, 4, 21, 25, 27, 21, 28, 26, 7, 21, 6, 21, 6, 21, 6, 21, 6, 21, 6, 21, 6, 19, 15, 28, 26, 34, 35, 27, 25, 26, 27, 27, 28, 25, 27, 6, 21, 6, 21, 6, 21, 6, 21, 25, 26, 25, 27, 26, 27, 27, 28, 4, 21, 25, 27, 21, 28, 26, 7, 21, 6, 21, 6, 21, 6, 21, 6, 21, 6, 21, 6, 19, 15, 28, 26, 34, 35, 27, 25, 26, 27, 27, 28, 28, 26, 6, 21, 6, 21, 6, 21, 6, 21, 25, 26, 25, 27, 26, 27, 27, 28, 4, 21, 25, 27, 21, 28, 26, 7, 21, 6, 21, 6, 21, 6, 21, 6, 21, 6, 21, 6, 19, 15, 28, 34, 26, 35, 27, 25, 26, 27, 27, 28, 25, 27, 6, 21, 6, 21, 6, 21, 6, 21, 25, 26, 25, 27, 26, 27, 27, 28, 4, 21, 25, 27, 21, 28, 26, 7, 21, 6, 21, 6, 21, 6, 21, 6, 21, 6, 21, 6, 19, 15, 28, 34, 26, 35, 27, 25, 26, 27, 27, 28, 28, 26, 6, 21, 6, 21, 6, 21, 6, 21, 25, 26, 25, 27, 26, 27, 27, 28, 4, 21, 25, 27, 21, 28, 26]"
"[4, 4, 5, 7, 6, 23, 15, 6, 22, 21, 42, 43, 8, 21, 25, 26, 13, 21, 6, 21, 6, 21, 25, 27, 26, 27, 27, 28, 7, 6, 19, 15, 22, 21, 42, 43, 21, 26, 28, 7, 6, 16, 15, 21, 6, 21, 6, 22, 21, 42, 43, 25, 27, 25, 28, 21, 6, 21, 6, 21, 25, 26, 26, 27, 27, 28, 7, 6, 14, 19, 21, 21, 6, 21, 21, 26, 43, 28, 27, 42, 25, 21, 6, 21, 6, 21, 25, 27, 26, 28, 27, 28]","[4, 5, 5, 4, 4, 5, 5, 4, 5, 4, 4, 5, 5, 4, 4, 7, 23, 6, 6, 21, 6, 21, 6, 21, 6, 15, 34, 27, 35, 26, 25, 26, 13, 21, 6, 21, 6, 21, 25, 27, 26, 27, 27, 28, 7, 6, 6, 21, 6, 21, 6, 21, 6, 15, 26, 27, 35, 34, 25, 26, 13, 21, 6, 21, 6, 21, 25, 27, 26, 27, 27, 28, 7, 6, 6, 21, 6, 21, 6, 21, 6, 15, 34, 35, 27, 26, 25, 26, 13, 21, 6, 21, 6, 21, 25, 27, 26, 27, 27, 28, 7, 6, 6, 21, 6, 21, 6, 21, 6, 15, 26, 35, 27, 34, 25, 26, 13, 21, 6, 21, 6, 21, 25, 27, 26, 27, 27, 28, 7, 21, 6, 21, 6, 19, 15, 34, 27, 35, 26, 21, 26, 28, 7, 21, 6, 21, 6, 19, 15, 26, 27, 35, 34, 21, 26, 28, 7, 21, 6, 21, 6, 19, 15, 34, 35, 27, 26, 21, 26, 28, 7, 21, 6, 21, 6, 19, 15, 26, 35, 27, 34, 21, 26, 28, 7, 21, 6, 21, 6, 21, 6, 21, 6, 16, 15, 34, 27, 35, 26, 25, 27, 25, 28, 21, 6, 21, 6, 21, 25, 26, 26, 27, 27, 28, 7, 21, 6, 21, 6, 21, 6, 21, 6, 16, 15, 26, 27, 35, 34, 25, 27, 25, 28, 21, 6, 21, 6, 21, 25, 26, 26, 27, 27, 28, 7, 21, 6, 21, 6, 21, 6, 21, 6, 16, 15, 34, 35, 27, 26, 25, 27, 25, 28, 21, 6, 21, 6, 21, 25, 26, 26, 27, 27, 28, 7, 21, 6, 21, 6, 21, 6, 21, 6, 16, 15, 26, 35, 27, 34, 25, 27, 25, 28, 21, 6, 21, 6, 21, 25, 26, 26, 27, 27, 28, 7, 21, 6, 21, 6, 21, 6, 21, 6, 14, 19, 26, 27, 35, 28, 27, 26, 34, 25, 21, 6, 21, 6, 21, 25, 27, 26, 28, 27, 28, 7, 21, 6, 21, 6, 21, 6, 21, 6, 14, 19, 26, 27, 35, 28, 27, 34, 26, 25, 21, 6, 21, 6, 21, 25, 27, 26, 28, 27, 28, 7, 21, 6, 21, 6, 21, 6, 21, 6, 14, 19, 26, 35, 27, 28, 27, 26, 34, 25, 21, 6, 21, 6, 21, 25, 27, 26, 28, 27, 28, 7, 21, 6, 21, 6, 21, 6, 21, 6, 14, 19, 26, 35, 27, 28, 27, 34, 26, 25, 21, 6, 21, 6, 21, 25, 27, 26, 28, 27, 28]"
"[5, 5, 5, 7, 6, 16, 21, 6, 21, 21, 21, 27, 42, 43, 26, 26, 28, 21, 6, 21, 6, 21, 25, 26, 25, 27, 26, 28, 7, 6, 16, 21, 21, 21, 26, 43, 42, 28, 21, 6, 21, 25, 26, 27, 28, 7, 6, 19, 20, 21, 6, 21, 6, 21, 21, 21, 27, 42, 43, 28, 25, 26, 26, 28, 21, 6, 21, 6, 21, 6, 21, 25, 26, 26, 27, 26, 28, 27, 28, 7, 6, 17, 16, 21, 6, 21, 21, 21, 25, 42, 43, 28, 26, 27, 21, 6, 21, 6, 21, 25, 26, 25, 27, 26, 28]","[5, 4, 4, 5, 5, 5, 4, 4, 5, 5, 4, 4, 5, 4, 5, 5, 7, 21, 6, 21, 6, 21, 6, 21, 6, 16, 27, 26, 34, 27, 35, 26, 26, 28, 21, 6, 21, 6, 21, 25, 26, 25, 27, 26, 28, 7, 21, 6, 21, 6, 21, 6, 21, 6, 16, 27, 34, 26, 27, 35, 26, 26, 28, 21, 6, 21, 6, 21, 25, 26, 25, 27, 26, 28, 7, 21, 6, 21, 6, 21, 6, 21, 6, 16, 27, 26, 34, 35, 27, 26, 26, 28, 21, 6, 21, 6, 21, 25, 26, 25, 27, 26, 28, 7, 21, 6, 21, 6, 21, 6, 21, 6, 16, 27, 34, 26, 35, 27, 26, 26, 28, 21, 6, 21, 6, 21, 25, 26, 25, 27, 26, 28, 7, 21, 6, 21, 6, 21, 6, 16, 26, 27, 35, 26, 34, 28, 21, 6, 21, 25, 26, 27, 28, 7, 21, 6, 21, 6, 21, 6, 16, 26, 35, 27, 26, 34, 28, 21, 6, 21, 25, 26, 27, 28, 7, 21, 6, 21, 6, 21, 6, 16, 26, 27, 35, 34, 26, 28, 21, 6, 21, 25, 26, 27, 28, 7, 21, 6, 21, 6, 21, 6, 16, 26, 35, 27, 34, 26, 28, 21, 6, 21, 25, 26, 27, 28, 7, 21, 6, 21, 6, 21, 6, 21, 6, 21, 6, 19, 20, 27, 26, 34, 27, 35, 28, 25, 26, 26, 28, 21, 6, 21, 6, 21, 6, 21, 25, 26, 26, 27, 26, 28, 27, 28, 7, 21, 6, 21, 6, 21, 6, 21, 6, 21, 6, 19, 20, 27, 34, 26, 27, 35, 28, 25, 26, 26, 28, 21, 6, 21, 6, 21, 6, 21, 25, 26, 26, 27, 26, 28, 27, 28, 7, 21, 6, 21, 6, 21, 6, 21, 6, 21, 6, 19, 20, 27, 26, 34, 35, 27, 28, 25, 26, 26, 28, 21, 6, 21, 6, 21, 6, 5, 21, 26, 28, 21, 26, 27, 26, 27, 25, 26, 27, 28, 7, 21, 6, 21, 6, 21, 6, 21, 6, 21, 6, 19, 20, 27, 26, 34, 35, 27, 28, 25, 26, 26, 28, 21, 6, 21, 6, 21, 6, 5, 21, 26, 28, 21, 26, 27, 26, 28, 25, 26, 27, 28, 7, 21, 6, 21, 6, 21, 6, 21, 6, 21, 6, 19, 20, 27, 34, 26, 35, 27, 28, 25, 26, 26, 28, 21, 6, 21, 6, 21, 6, 21, 25, 26, 26, 27, 26, 28, 27, 28, 7, 21, 6, 21, 6, 21, 6, 21, 6, 17, 16, 25, 26, 34, 27, 35, 28, 26, 27, 21, 6, 21, 6, 21, 25, 26, 25, 27, 26, 28, 7, 21, 6, 21, 6, 21, 6, 21, 6, 17, 16, 25, 34, 26, 27, 35, 28, 26, 27, 21, 6, 21, 6, 21, 25, 26, 25, 27, 26, 28, 7, 21, 6, 21, 6, 21, 6, 21, 6, 17, 16, 25, 26, 34, 35, 27, 28, 26, 27, 21, 6, 21, 6, 21, 25, 26, 25, 27, 26, 28, 7, 21, 6, 21, 6, 21, 6, 21, 6, 17, 16, 25, 34, 26, 35, 27, 28, 26, 27, 21, 6, 21, 6, 21, 25, 26, 25, 27, 26, 28]"
"[5, 4, 5, 5, 7, 6, 23, 14, 21, 6, 21, 21, 6, 21, 21, 25, 42, 28, 26, 43, 28, 25, 28, 21, 6, 21, 6, 21, 6, 21, 25, 26, 25, 27, 26, 28, 27, 28, 7, 6, 12, 18, 22, 21, 42, 43, 21, 26, 27, 7, 6, 12, 20, 21, 6, 21, 21, 6, 21, 21, 25, 42, 25, 26, 43, 26, 25, 28, 21, 6, 21, 6, 21, 6, 21, 25, 26, 26, 27, 26, 28, 27, 28, 7, 6, 12, 13, 21, 6, 21, 6, 22, 21, 42, 43, 26, 27, 27, 28, 21, 6, 21, 6, 21, 25, 27, 26, 28, 27, 28, 7, 6, 19, 20, 21, 21, 21, 28, 43, 42, 27, 21, 6, 21, 26, 27, 27, 28]","[5, 4, 4, 5, 4, 5, 5, 4, 5, 4, 4, 4, 4, 4, 5, 4, 4, 5, 5, 4, 4, 7, 23, 21, 6, 21, 6, 21, 6, 21, 6, 21, 6, 21, 6, 21, 6, 14, 25, 26, 34, 28, 26, 27, 35, 28, 25, 28, 28, 25, 28, 26, 21, 6, 21, 6, 21, 6, 21, 6, 21, 6, 21, 25, 26, 25, 27, 26, 28, 27, 28, 28, 25, 28, 26, 7, 21, 6, 21, 6, 21, 6, 21, 6, 21, 6, 21, 6, 21, 6, 14, 25, 26, 34, 28, 26, 35, 27, 28, 25, 28, 28, 25, 28, 26, 21, 6, 21, 6, 21, 6, 21, 6, 21, 6, 21, 25, 26, 25, 27, 26, 28, 27, 28, 28, 25, 28, 26, 7, 21, 6, 21, 6, 21, 6, 21, 6, 21, 6, 21, 6, 21, 6, 14, 25, 34, 26, 28, 26, 27, 35, 28, 25, 28, 28, 25, 28, 26, 21, 6, 21, 6, 21, 6, 21, 6, 21, 6, 21, 25, 26, 25, 27, 26, 28, 27, 28, 28, 25, 28, 26, 7, 21, 6, 21, 6, 21, 6, 21, 6, 21, 6, 21, 6, 21, 6, 14, 25, 34, 26, 28, 26, 35, 27, 28, 25, 28, 28, 25, 28, 26, 21, 6, 21, 6, 21, 6, 21, 6, 21, 6, 21, 25, 26, 25, 27, 26, 28, 27, 28, 28, 25, 28, 26, 7, 21, 6, 21, 6, 21, 6, 21, 6, 12, 18, 34, 27, 35, 26, 28, 25, 28, 26, 21, 6, 21, 6, 23, 4, 4, 21, 25, 27, 21, 27, 27, 21, 28, 27, 28, 25, 28, 26, 7, 21, 6, 21, 6, 21, 6, 21, 6, 12, 18, 26, 27, 35, 34, 28, 25, 28, 26, 21, 6, 21, 6, 21, 26, 27, 28, 25, 28, 26, 7, 21, 6, 21, 6, 21, 6, 21, 6, 12, 18, 34, 35, 26, 27, 28, 25, 28, 26, 21, 6, 21, 6, 21, 26, 27, 28, 25, 28, 26, 7, 21, 6, 21, 6, 21, 6, 21, 6, 12, 18, 26, 35, 27, 34, 28, 25, 28, 26, 21, 6, 21, 6, 21, 26, 27, 28, 25, 28, 26, 7, 21, 6, 21, 6, 21, 6, 21, 6, 21, 6, 21, 6, 21, 6, 12, 20, 25, 26, 34, 26, 26, 27, 35, 26, 25, 28, 28, 25, 28, 26, 21, 6, 21, 6, 21, 6, 21, 6, 21, 6, 21, 25, 26, 26, 27, 26, 28, 27, 28, 28, 25, 28, 26, 7, 21, 6, 21, 6, 21, 6, 21, 6, 21, 6, 21, 6, 21, 6, 12, 20, 25, 26, 34, 27, 26, 27, 35, 26, 25, 28, 28, 25, 28, 26, 21, 6, 21, 6, 21, 6, 21, 6, 21, 6, 21, 25, 26, 26, 27, 26, 28, 27, 28, 28, 25, 28, 26, 7, 21, 6, 21, 6, 21, 6, 21, 6, 21, 6, 21, 6, 21, 6, 12, 20, 25, 26, 34, 28, 26, 27, 35, 26, 25, 28, 28, 25, 28, 26, 21, 6, 21, 6, 21, 6, 21, 6, 21, 6, 21, 25, 26, 26, 27, 26, 28, 27, 28, 28, 25, 28, 26, 7, 21, 6, 21, 6, 21, 6, 21, 6, 21, 6, 21, 6, 21, 6, 12, 20, 25, 26, 34, 25, 26, 35, 27, 26, 25, 28, 28, 25, 28, 26, 21, 6, 21, 6, 21, 6, 21, 6, 21, 6, 21, 25, 26, 26, 27, 26, 28, 27, 28, 28, 25, 28, 26, 7, 21, 6, 21, 6, 21, 6, 21, 6, 21, 6, 21, 6, 21, 6, 12, 20, 25, 34, 26, 25, 26, 27, 35, 26, 25, 28, 28, 25, 28, 26, 21, 6, 21, 6, 21, 6, 21, 6, 21, 6, 21, 25, 26, 26, 27, 26, 28, 27, 28, 28, 25, 28, 26, 7, 21, 6, 21, 6, 21, 6, 21, 6, 21, 6, 21, 6, 21, 6, 12, 20, 25, 34, 26, 25, 26, 35, 27, 26, 25, 28, 28, 25, 28, 26, 21, 6, 21, 6, 21, 6, 21, 6, 21, 6, 21, 25, 26, 26, 27, 26, 28, 27, 28, 28, 25, 28, 26, 7, 21, 6, 21, 6, 21, 6, 21, 6, 21, 6, 21, 6, 12, 13, 34, 27, 35, 26, 26, 27, 27, 28, 28, 25, 28, 26, 21, 6, 21, 6, 21, 6, 21, 6, 21, 25, 27, 26, 28, 27, 28, 28, 25, 28, 26, 7, 21, 6, 21, 6, 21, 6, 21, 6, 21, 6, 21, 6, 12, 13, 26, 27, 35, 34, 26, 27, 27, 28, 28, 25, 28, 26, 21, 6, 21, 6, 21, 6, 21, 6, 21, 25, 27, 26, 28, 27, 28, 28, 25, 28, 26, 7, 21, 6, 21, 6, 21, 6, 21, 6, 21, 6, 21, 6, 12, 13, 34, 35, 27, 26, 26, 27, 27, 28, 28, 25, 28, 26, 21, 6, 21, 6, 21, 6, 21, 6, 21, 25, 27, 26, 28, 27, 28, 28, 25, 28, 26, 7, 21, 6, 21, 6, 21, 6, 21, 6, 21, 6, 21, 6, 12, 13, 26, 35, 27, 34, 26, 27, 27, 28, 28, 25, 28, 26, 21, 6, 21, 6, 21, 6, 21, 6, 21, 25, 27, 26, 28, 27, 28, 28, 25, 28, 26, 7, 21, 6, 21, 6, 21, 6, 21, 6, 21, 6, 19, 20, 28, 27, 35, 26, 34, 27, 28, 25, 28, 26, 21, 6, 21, 6, 21, 6, 21, 26, 27, 27, 28, 28, 25, 28, 26, 7, 21, 6, 21, 6, 21, 6, 21, 6, 21, 6, 19, 20, 28, 35, 27, 26, 34, 27, 28, 25, 28, 26, 21, 6, 21, 6, 21, 6, 21, 26, 27, 27, 28, 28, 25, 28, 26, 7, 21, 6, 21, 6, 21, 6, 21, 6, 21, 6, 19, 20, 28, 27, 35, 34, 26, 27, 28, 25, 28, 26, 21, 6, 21, 6, 21, 6, 21, 26, 27, 27, 28, 28, 25, 28, 26, 7, 21, 6, 21, 6, 21, 6, 21, 6, 21, 6, 19, 20, 28, 35, 27, 34, 26, 27, 28, 25, 28, 26, 21, 6, 21, 6, 21, 6, 21, 26, 27, 27, 28, 28, 25, 28, 26]"
"[4, 5, 4, 7, 6, 23, 16, 21, 6, 22, 21, 42, 43, 26, 28, 21, 6, 21, 26, 28, 27, 28, 7, 6, 14, 15, 21, 21, 6, 21, 21, 26, 43, 28, 28, 42, 25, 21, 6, 21, 6, 21, 25, 26, 26, 28, 27, 28, 7, 6, 15, 17, 22, 21, 42, 43, 21, 27, 28, 7, 6, 15, 13, 21, 21, 6, 21, 21, 25, 42, 27, 28, 43, 25, 21, 6, 21, 6, 21, 25, 26, 26, 27, 26, 28]","[4, 4, 5, 5, 5, 5, 4, 4, 5, 5, 4, 4, 4, 4, 5, 5, 4, 4, 5, 5, 5, 5, 4, 4, 5, 5, 4, 4, 4, 4, 5, 7, 23, 21, 6, 21, 6, 21, 6, 21, 6, 16, 34, 27, 35, 26, 26, 28, 26, 28, 6, 21, 6, 21, 26, 28, 27, 28, 4, 21, 26, 28, 21, 25, 27, 7, 21, 6, 21, 6, 21, 6, 21, 6, 16, 34, 27, 35, 26, 26, 28, 25, 27, 6, 21, 6, 21, 26, 28, 27, 28, 4, 21, 26, 28, 21, 25, 27, 7, 21, 6, 21, 6, 21, 6, 21, 6, 16, 26, 27, 35, 34, 26, 28, 26, 28, 6, 21, 6, 21, 26, 28, 27, 28, 4, 21, 26, 28, 21, 25, 27, 7, 21, 6, 21, 6, 21, 6, 21, 6, 16, 26, 27, 35, 34, 26, 28, 25, 27, 6, 21, 6, 21, 26, 28, 27, 28, 4, 21, 26, 28, 21, 25, 27, 7, 21, 6, 21, 6, 21, 6, 21, 6, 16, 34, 35, 27, 26, 26, 28, 26, 28, 6, 21, 6, 21, 26, 28, 27, 28, 4, 21, 26, 28, 21, 25, 27, 7, 21, 6, 21, 6, 21, 6, 21, 6, 16, 34, 35, 27, 26, 26, 28, 25, 27, 6, 21, 6, 21, 26, 28, 27, 28, 4, 21, 26, 28, 21, 25, 27, 7, 21, 6, 21, 6, 21, 6, 21, 6, 16, 26, 35, 27, 34, 26, 28, 26, 28, 6, 21, 6, 21, 26, 28, 27, 28, 4, 21, 26, 28, 21, 25, 27, 7, 21, 6, 21, 6, 21, 6, 21, 6, 16, 26, 35, 27, 34, 26, 28, 25, 27, 6, 21, 6, 21, 26, 28, 27, 28, 4, 21, 26, 28, 21, 25, 27, 7, 21, 6, 21, 6, 21, 6, 21, 6, 21, 6, 14, 15, 26, 27, 35, 28, 28, 26, 34, 25, 26, 28, 6, 21, 6, 21, 6, 21, 25, 26, 26, 28, 27, 28, 4, 21, 26, 28, 21, 25, 27, 7, 21, 6, 21, 6, 21, 6, 21, 6, 21, 6, 14, 15, 26, 27, 35, 28, 28, 26, 34, 25, 25, 27, 6, 21, 6, 21, 6, 21, 25, 26, 26, 28, 27, 28, 4, 21, 26, 28, 21, 25, 27, 7, 21, 6, 21, 6, 21, 6, 21, 6, 21, 6, 14, 15, 26, 27, 35, 28, 28, 34, 26, 25, 26, 28, 6, 21, 6, 21, 6, 21, 25, 26, 26, 28, 27, 28, 4, 21, 26, 28, 21, 25, 27, 7, 21, 6, 21, 6, 21, 6, 21, 6, 21, 6, 14, 15, 26, 27, 35, 28, 28, 34, 26, 25, 25, 27, 6, 21, 6, 21, 6, 21, 25, 26, 26, 28, 27, 28, 4, 21, 26, 28, 21, 25, 27, 7, 21, 6, 21, 6, 21, 6, 21, 6, 21, 6, 14, 15, 26, 35, 27, 28, 28, 26, 34, 25, 26, 28, 6, 21, 6, 21, 6, 21, 25, 26, 26, 28, 27, 28, 4, 21, 26, 28, 21, 25, 27, 7, 21, 6, 21, 6, 21, 6, 21, 6, 21, 6, 14, 15, 26, 35, 27, 28, 28, 26, 34, 25, 25, 27, 6, 21, 6, 21, 6, 21, 25, 26, 26, 28, 27, 28, 4, 21, 26, 28, 21, 25, 27, 7, 21, 6, 21, 6, 21, 6, 21, 6, 21, 6, 14, 15, 26, 35, 27, 28, 28, 34, 26, 25, 26, 28, 6, 21, 6, 21, 6, 21, 25, 26, 26, 28, 27, 28, 4, 21, 26, 28, 21, 25, 27, 7, 21, 6, 21, 6, 21, 6, 21, 6, 21, 6, 14, 15, 26, 35, 27, 28, 28, 34, 26, 25, 25, 27, 6, 21, 6, 21, 6, 21, 25, 26, 26, 28, 27, 28, 4, 21, 26, 28, 21, 25, 27, 7, 21, 6, 21, 6, 21, 6, 15, 17, 34, 27, 35, 26, 26, 28, 6, 21, 27, 28, 4, 21, 26, 28, 21, 25, 27, 7, 21, 6, 21, 6, 21, 6, 15, 17, 34, 27, 35, 26, 25, 27, 6, 21, 27, 28, 4, 21, 26, 28, 21, 25, 27, 7, 21, 6, 21, 6, 21, 6, 15, 17, 26, 27, 35, 34, 26, 28, 6, 21, 27, 28, 4, 21, 26, 28, 21, 25, 27, 7, 21, 6, 21, 6, 21, 6, 15, 17, 26, 27, 35, 34, 25, 27, 6, 21, 27, 28, 4, 21, 26, 28, 21, 25, 27, 7, 21, 6, 21, 6, 21, 6, 15, 17, 34, 35, 27, 26, 26, 28, 6, 21, 27, 28, 4, 21, 26, 28, 21, 25, 27, 7, 21, 6, 21, 6, 21, 6, 15, 17, 34, 35, 27, 26, 25, 27, 6, 21, 27, 28, 4, 21, 26, 28, 21, 25, 27, 7, 21, 6, 21, 6, 21, 6, 15, 17, 26, 35, 27, 34, 26, 28, 6, 21, 27, 28, 4, 21, 26, 28, 21, 25, 27, 7, 21, 6, 21, 6, 21, 6, 15, 17, 26, 35, 27, 34, 25, 27, 6, 21, 27, 28, 4, 21, 26, 28, 21, 25, 27, 7, 21, 6, 21, 6, 21, 6, 21, 6, 21, 6, 15, 13, 25, 26, 34, 27, 28, 27, 35, 25, 26, 28, 6, 21, 6, 21, 6, 21, 25, 26, 26, 27, 26, 28, 4, 21, 26, 28, 21, 25, 27, 7, 21, 6, 21, 6, 21, 6, 21, 6, 21, 6, 15, 13, 25, 26, 34, 27, 28, 27, 35, 25, 25, 27, 6, 21, 6, 21, 6, 21, 25, 26, 26, 27, 26, 28, 4, 21, 26, 28, 21, 25, 27, 7, 21, 6, 21, 6, 21, 6, 21, 6, 21, 6, 15, 13, 25, 26, 34, 27, 28, 35, 27, 25, 26, 28, 6, 21, 6, 21, 6, 21, 25, 26, 26, 27, 26, 28, 4, 21, 26, 28, 21, 25, 27, 7, 21, 6, 21, 6, 21, 6, 21, 6, 21, 6, 15, 13, 25, 26, 34, 27, 28, 35, 27, 25, 25, 27, 6, 21, 6, 21, 6, 21, 25, 26, 26, 27, 26, 28, 4, 21, 26, 28, 21, 25, 27, 7, 21, 6, 21, 6, 21, 6, 21, 6, 21, 6, 15, 13, 25, 34, 26, 27, 28, 27, 35, 25, 26, 28, 6, 21, 6, 21, 6, 21, 25, 26, 26, 27, 26, 28, 4, 21, 26, 28, 21, 25, 27, 7, 21, 6, 21, 6, 21, 6, 21, 6, 21, 6, 15, 13, 25, 34, 26, 27, 28, 27, 35, 25, 25, 27, 6, 21, 6, 21, 6, 21, 25, 26, 26, 27, 26, 28, 4, 21, 26, 28, 21, 25, 27, 7, 21, 6, 21, 6, 21, 6, 21, 6, 21, 6, 15, 13, 25, 34, 26, 27, 28, 35, 27, 25, 26, 28, 6, 21, 6, 21, 6, 21, 25, 26, 26, 27, 26, 28, 4, 21, 26, 28, 21, 25, 27, 7, 21, 6, 21, 6, 21, 6, 21, 6, 21, 6, 15, 13, 25, 34, 26, 27, 28, 35, 27, 25, 25, 27, 6, 21, 6, 21, 6, 21, 25, 26, 26, 27, 26, 28, 4, 21, 26, 28, 21, 25, 27]"
"[4, 7, 23, 21, 6, 21, 6, 21, 21, 6, 21, 21, 28, 42, 25, 28, 43, 25, 25, 28, 26, 28, 21, 6, 21, 6, 21, 6, 21, 6, 21, 25, 26, 25, 27, 26, 27, 26, 28, 27, 28, 7, 6, 12, 12, 21, 6, 21, 21, 21, 28, 42, 43, 28, 25, 27, 21, 6, 21, 6, 21, 25, 27, 26, 27, 26, 28]","[4, 4, 5, 5, 5, 5, 5, 5, 4, 4, 5, 5, 4, 4, 4, 4, 5, 7, 23, 21, 6, 21, 6, 21, 6, 21, 6, 21, 6, 21, 6, 21, 6, 21, 6, 21, 28, 26, 34, 25, 28, 27, 35, 25, 25, 28, 26, 28, 25, 26, 27, 26, 25, 28, 21, 6, 6, 21, 6, 21, 6, 21, 6, 21, 6, 21, 6, 21, 25, 26, 25, 27, 26, 27, 26, 28, 27, 28, 25, 26, 4, 21, 27, 26, 21, 28, 25, 25, 28, 7, 21, 6, 21, 6, 21, 6, 21, 6, 21, 6, 21, 6, 21, 6, 21, 6, 21, 28, 26, 34, 25, 28, 27, 35, 25, 25, 28, 26, 28, 25, 26, 28, 25, 25, 28, 21, 6, 6, 21, 6, 21, 6, 21, 6, 21, 6, 21, 6, 21, 25, 26, 25, 27, 26, 27, 26, 28, 27, 28, 25, 26, 4, 21, 27, 26, 21, 28, 25, 25, 28, 7, 21, 6, 21, 6, 21, 6, 21, 6, 21, 6, 21, 6, 21, 6, 21, 6, 21, 28, 26, 34, 25, 28, 35, 27, 25, 25, 28, 26, 28, 25, 26, 27, 26, 25, 28, 21, 6, 6, 21, 6, 21, 6, 21, 6, 21, 6, 21, 6, 21, 25, 26, 25, 27, 26, 27, 26, 28, 27, 28, 25, 26, 4, 21, 27, 26, 21, 28, 25, 25, 28, 7, 21, 6, 21, 6, 21, 6, 21, 6, 21, 6, 21, 6, 21, 6, 21, 6, 21, 28, 26, 34, 25, 28, 35, 27, 25, 25, 28, 26, 28, 25, 26, 28, 25, 25, 28, 21, 6, 6, 21, 6, 21, 6, 21, 6, 21, 6, 21, 6, 21, 25, 26, 25, 27, 26, 27, 26, 28, 27, 28, 25, 26, 4, 21, 27, 26, 21, 28, 25, 25, 28, 7, 21, 6, 21, 6, 21, 6, 21, 6, 21, 6, 21, 6, 21, 6, 21, 6, 21, 28, 34, 26, 25, 28, 27, 35, 25, 25, 28, 26, 28, 25, 26, 27, 26, 25, 28, 21, 6, 6, 21, 6, 21, 6, 21, 6, 21, 6, 21, 6, 21, 25, 26, 25, 27, 26, 27, 26, 28, 27, 28, 25, 26, 4, 21, 27, 26, 21, 28, 25, 25, 28, 7, 21, 6, 21, 6, 21, 6, 21, 6, 21, 6, 21, 6, 21, 6, 21, 6, 21, 28, 34, 26, 25, 28, 27, 35, 25, 25, 28, 26, 28, 25, 26, 28, 25, 25, 28, 21, 6, 6, 21, 6, 21, 6, 21, 6, 21, 6, 21, 6, 21, 25, 26, 25, 27, 26, 27, 26, 28, 27, 28, 25, 26, 4, 21, 27, 26, 21, 28, 25, 25, 28, 7, 21, 6, 21, 6, 21, 6, 21, 6, 21, 6, 21, 6, 21, 6, 21, 6, 21, 28, 34, 26, 25, 28, 35, 27, 25, 25, 28, 26, 28, 25, 26, 27, 26, 25, 28, 21, 6, 6, 21, 6, 21, 6, 21, 6, 21, 6, 21, 6, 21, 25, 26, 25, 27, 26, 27, 26, 28, 27, 28, 25, 26, 4, 21, 27, 26, 21, 28, 25, 25, 28, 7, 21, 6, 21, 6, 21, 6, 21, 6, 21, 6, 21, 6, 21, 6, 21, 6, 21, 28, 34, 26, 25, 28, 35, 27, 25, 25, 28, 26, 28, 25, 26, 28, 25, 25, 28, 21, 6, 6, 21, 6, 21, 6, 21, 6, 21, 6, 21, 6, 21, 25, 26, 25, 27, 26, 27, 26, 28, 27, 28, 25, 26, 4, 21, 27, 26, 21, 28, 25, 25, 28, 7, 21, 6, 21, 6, 21, 6, 21, 6, 21, 6, 21, 6, 21, 6, 12, 12, 28, 26, 34, 27, 35, 28, 25, 27, 25, 26, 27, 26, 25, 28, 21, 6, 6, 21, 6, 21, 6, 21, 6, 5, 21, 26, 28, 21, 25, 26, 25, 26, 25, 27, 26, 27, 4, 21, 27, 26, 21, 28, 25, 25, 28, 7, 21, 6, 21, 6, 21, 6, 21, 6, 21, 6, 21, 6, 21, 6, 12, 12, 28, 26, 34, 27, 35, 28, 25, 27, 25, 26, 28, 25, 25, 28, 21, 6, 6, 21, 6, 21, 6, 21, 6, 5, 21, 26, 28, 21, 25, 26, 25, 26, 25, 27, 26, 27, 4, 21, 27, 26, 21, 28, 25, 25, 28, 7, 21, 6, 21, 6, 21, 6, 21, 6, 21, 6, 21, 6, 21, 6, 12, 12, 28, 26, 34, 27, 35, 28, 25, 27, 25, 26, 27, 26, 25, 28, 21, 6, 6, 21, 6, 21, 6, 21, 6, 5, 21, 26, 28, 21, 25, 26, 26, 28, 25, 27, 26, 27, 4, 21, 27, 26, 21, 28, 25, 25, 28, 7, 21, 6, 21, 6, 21, 6, 21, 6, 21, 6, 21, 6, 21, 6, 12, 12, 28, 26, 34, 27, 35, 28, 25, 27, 25, 26, 28, 25, 25, 28, 21, 6, 6, 21, 6, 21, 6, 21, 6, 5, 21, 26, 28, 21, 25, 26, 26, 28, 25, 27, 26, 27, 4, 21, 27, 26, 21, 28, 25, 25, 28, 7, 21, 6, 21, 6, 21, 6, 21, 6, 21, 6, 21, 6, 21, 6, 12, 12, 28, 34, 26, 27, 35, 28, 25, 27, 25, 26, 27, 26, 25, 28, 21, 6, 6, 21, 6, 21, 6, 21, 6, 21, 25, 27, 26, 27, 26, 28, 25, 26, 4, 21, 27, 26, 21, 28, 25, 25, 28, 7, 21, 6, 21, 6, 21, 6, 21, 6, 21, 6, 21, 6, 21, 6, 12, 12, 28, 34, 26, 27, 35, 28, 25, 27, 25, 26, 28, 25, 25, 28, 21, 6, 6, 21, 6, 21, 6, 21, 6, 21, 25, 27, 26, 27, 26, 28, 25, 26, 4, 21, 27, 26, 21, 28, 25, 25, 28, 7, 21, 6, 21, 6, 21, 6, 21, 6, 21, 6, 21, 6, 21, 6, 12, 12, 28, 26, 34, 35, 27, 28, 25, 27, 25, 26, 27, 26, 25, 28, 21, 6, 6, 21, 6, 21, 6, 21, 6, 21, 25, 27, 26, 27, 26, 28, 25, 26, 4, 21, 27, 26, 21, 28, 25, 25, 28, 7, 21, 6, 21, 6, 21, 6, 21, 6, 21, 6, 21, 6, 21, 6, 12, 12, 28, 26, 34, 35, 27, 28, 25, 27, 25, 26, 28, 25, 25, 28, 21, 6, 6, 21, 6, 21, 6, 21, 6, 21, 25, 27, 26, 27, 26, 28, 25, 26, 4, 21, 27, 26, 21, 28, 25, 25, 28, 7, 21, 6, 21, 6, 21, 6, 21, 6, 21, 6, 21, 6, 21, 6, 12, 12, 28, 34, 26, 35, 27, 28, 25, 27, 25, 26, 27, 26, 25, 28, 21, 6, 6, 21, 6, 21, 6, 21, 6, 21, 25, 27, 26, 27, 26, 28, 25, 26, 4, 21, 27, 26, 21, 28, 25, 25, 28, 7, 21, 6, 21, 6, 21, 6, 21, 6, 21, 6, 21, 6, 21, 6, 12, 12, 28, 34, 26, 35, 27, 28, 25, 27, 25, 26, 28, 25, 25, 28, 21, 6, 6, 21, 6, 21, 6, 21, 6, 21, 25, 27, 26, 27, 26, 28, 25, 26, 4, 21, 27, 26, 21, 28, 25, 25, 28]"
"[5, 4, 4, 7, 6, 23, 17, 22, 21, 42, 43, 21, 25, 26, 7, 6, 17, 14, 21, 6, 21, 21, 21, 28, 42, 43, 26, 27, 28, 21, 6, 21, 6, 21, 25, 26, 26, 28, 27, 28, 7, 6, 14, 11, 21, 6, 21, 21, 21, 28, 43, 42, 27, 26, 27, 21, 6, 21, 6, 21, 25, 27, 26, 28, 27, 28, 7, 6, 18, 15, 22, 21, 42, 43, 21, 25, 26]","[5, 5, 4, 4, 4, 4, 5, 5, 4, 4, 5, 5, 5, 5, 4, 4, 4, 4, 5, 5, 5, 5, 4, 4, 5, 5, 4, 4, 4, 4, 5, 7, 23, 21, 6, 21, 6, 21, 6, 21, 6, 17, 34, 27, 35, 26, 25, 26, 26, 27, 21, 6, 6, 21, 25, 26, 4, 21, 25, 26, 21, 28, 27, 26, 27, 7, 21, 6, 21, 6, 21, 6, 21, 6, 17, 34, 27, 35, 26, 28, 27, 26, 27, 21, 6, 6, 21, 25, 26, 4, 21, 25, 26, 21, 28, 27, 26, 27, 7, 21, 6, 21, 6, 21, 6, 21, 6, 17, 26, 27, 35, 34, 25, 26, 26, 27, 21, 6, 6, 21, 25, 26, 4, 21, 25, 26, 21, 28, 27, 26, 27, 7, 21, 6, 21, 6, 21, 6, 21, 6, 17, 26, 27, 35, 34, 28, 27, 26, 27, 21, 6, 6, 21, 25, 26, 4, 21, 25, 26, 21, 28, 27, 26, 27, 7, 21, 6, 21, 6, 21, 6, 21, 6, 17, 34, 35, 27, 26, 25, 26, 26, 27, 21, 6, 6, 21, 25, 26, 4, 21, 25, 26, 21, 28, 27, 26, 27, 7, 21, 6, 21, 6, 21, 6, 21, 6, 17, 34, 35, 27, 26, 28, 27, 26, 27, 21, 6, 6, 21, 25, 26, 4, 21, 25, 26, 21, 28, 27, 26, 27, 7, 21, 6, 21, 6, 21, 6, 21, 6, 17, 26, 35, 27, 34, 25, 26, 26, 27, 21, 6, 6, 21, 25, 26, 4, 21, 25, 26, 21, 28, 27, 26, 27, 7, 21, 6, 21, 6, 21, 6, 21, 6, 17, 26, 35, 27, 34, 28, 27, 26, 27, 21, 6, 6, 21, 25, 26, 4, 21, 25, 26, 21, 28, 27, 26, 27, 7, 21, 6, 21, 6, 21, 6, 21, 6, 21, 6, 21, 6, 17, 14, 28, 26, 34, 27, 35, 26, 27, 28, 25, 26, 26, 27, 21, 6, 6, 21, 6, 21, 6, 21, 25, 26, 26, 28, 27, 28, 4, 21, 25, 26, 21, 28, 27, 26, 27, 7, 21, 6, 21, 6, 21, 6, 21, 6, 21, 6, 21, 6, 17, 14, 28, 26, 34, 27, 35, 26, 27, 28, 28, 27, 26, 27, 21, 6, 6, 21, 6, 21, 6, 21, 25, 26, 26, 28, 27, 28, 4, 21, 25, 26, 21, 28, 27, 26, 27, 7, 21, 6, 21, 6, 21, 6, 21, 6, 21, 6, 21, 6, 17, 14, 28, 34, 26, 27, 35, 26, 27, 28, 25, 26, 26, 27, 21, 6, 6, 21, 6, 21, 6, 21, 25, 26, 26, 28, 27, 28, 4, 21, 25, 26, 21, 28, 27, 26, 27, 7, 21, 6, 21, 6, 21, 6, 21, 6, 21, 6, 21, 6, 17, 14, 28, 34, 26, 27, 35, 26, 27, 28, 28, 27, 26, 27, 21, 6, 6, 21, 6, 21, 6, 21, 25, 26, 26, 28, 27, 28, 4, 21, 25, 26, 21, 28, 27, 26, 27, 7, 21, 6, 21, 6, 21, 6, 21, 6, 21, 6, 21, 6, 17, 14, 28, 26, 34, 35, 27, 26, 27, 28, 25, 26, 26, 27, 21, 6, 6, 21, 6, 21, 6, 21, 25, 26, 26, 28, 27, 28, 4, 21, 25, 26, 21, 28, 27, 26, 27, 7, 21, 6, 21, 6, 21, 6, 21, 6, 21, 6, 21, 6, 17, 14, 28, 26, 34, 35, 27, 26, 27, 28, 28, 27, 26, 27, 21, 6, 6, 21, 6, 21, 6, 21, 25, 26, 26, 28, 27, 28, 4, 21, 25, 26, 21, 28, 27, 26, 27, 7, 21, 6, 21, 6, 21, 6, 21, 6, 21, 6, 21, 6, 17, 14, 28, 34, 26, 35, 27, 26, 27, 28, 25, 26, 26, 27, 21, 6, 6, 21, 6, 21, 6, 21, 25, 26, 26, 28, 27, 28, 4, 21, 25, 26, 21, 28, 27, 26, 27, 7, 21, 6, 21, 6, 21, 6, 21, 6, 21, 6, 21, 6, 17, 14, 28, 34, 26, 35, 27, 26, 27, 28, 28, 27, 26, 27, 21, 6, 6, 21, 6, 21, 6, 21, 25, 26, 26, 28, 27, 28, 4, 21, 25, 26, 21, 28, 27, 26, 27, 7, 21, 6, 21, 6, 21, 6, 21, 6, 21, 6, 21, 6, 14, 11, 28, 27, 35, 26, 34, 27, 26, 27, 25, 26, 26, 27, 21, 6, 6, 21, 6, 21, 6, 21, 25, 27, 26, 28, 27, 28, 4, 21, 25, 26, 21, 28, 27, 26, 27, 7, 21, 6, 21, 6, 21, 6, 21, 6, 21, 6, 21, 6, 14, 11, 28, 27, 35, 26, 34, 27, 26, 27, 28, 27, 26, 27, 21, 6, 6, 21, 6, 21, 6, 21, 25, 27, 26, 28, 27, 28, 4, 21, 25, 26, 21, 28, 27, 26, 27, 7, 21, 6, 21, 6, 21, 6, 21, 6, 21, 6, 21, 6, 14, 11, 28, 35, 27, 26, 34, 27, 26, 27, 25, 26, 26, 27, 21, 6, 6, 21, 6, 21, 6, 21, 25, 27, 26, 28, 27, 28, 4, 21, 25, 26, 21, 28, 27, 26, 27, 7, 21, 6, 21, 6, 21, 6, 21, 6, 21, 6, 21, 6, 14, 11, 28, 35, 27, 26, 34, 27, 26, 27, 28, 27, 26, 27, 21, 6, 6, 21, 6, 21, 6, 21, 25, 27, 26, 28, 27, 28, 4, 21, 25, 26, 21, 28, 27, 26, 27, 7, 21, 6, 21, 6, 21, 6, 21, 6, 21, 6, 21, 6, 14, 11, 28, 27, 35, 34, 26, 27, 26, 27, 25, 26, 26, 27, 21, 6, 6, 21, 6, 21, 6, 21, 25, 27, 26, 28, 27, 28, 4, 21, 25, 26, 21, 28, 27, 26, 27, 7, 21, 6, 21, 6, 21, 6, 21, 6, 21, 6, 21, 6, 14, 11, 28, 27, 35, 34, 26, 27, 26, 27, 28, 27, 26, 27, 21, 6, 6, 21, 6, 21, 6, 21, 25, 27, 26, 28, 27, 28, 4, 21, 25, 26, 21, 28, 27, 26, 27, 7, 21, 6, 21, 6, 21, 6, 21, 6, 21, 6, 21, 6, 14, 11, 28, 35, 27, 34, 26, 27, 26, 27, 25, 26, 26, 27, 21, 6, 6, 21, 6, 21, 6, 21, 25, 27, 26, 28, 27, 28, 4, 21, 25, 26, 21, 28, 27, 26, 27, 7, 21, 6, 21, 6, 21, 6, 21, 6, 21, 6, 21, 6, 14, 11, 28, 35, 27, 34, 26, 27, 26, 27, 28, 27, 26, 27, 21, 6, 6, 21, 6, 21, 6, 21, 25, 27, 26, 28, 27, 28, 4, 21, 25, 26, 21, 28, 27, 26, 27, 7, 21, 6, 21, 6, 21, 6, 21, 6, 18, 15, 34, 27, 35, 26, 25, 26, 26, 27, 21, 6, 6, 21, 25, 26, 4, 21, 25, 26, 21, 28, 27, 26, 27, 7, 21, 6, 21, 6, 21, 6, 21, 6, 18, 15, 34, 27, 35, 26, 28, 27, 26, 27, 21, 6, 6, 21, 25, 26, 4, 21, 25, 26, 21, 28, 27, 26, 27, 7, 21, 6, 21, 6, 21, 6, 21, 6, 18, 15, 26, 27, 35, 34, 25, 26, 26, 27, 21, 6, 6, 21, 25, 26, 4, 21, 25, 26, 21, 28, 27, 26, 27, 7, 21, 6, 21, 6, 21, 6, 21, 6, 18, 15, 26, 27, 35, 34, 28, 27, 26, 27, 21, 6, 6, 21, 25, 26, 4, 21, 25, 26, 21, 28, 27, 26, 27, 7, 21, 6, 21, 6, 21, 6, 21, 6, 18, 15, 34, 35, 27, 26, 25, 26, 26, 27, 21, 6, 6, 21, 25, 26, 4, 21, 25, 26, 21, 28, 27, 26, 27, 7, 21, 6, 21, 6, 21, 6, 21, 6, 18, 15, 34, 35, 27, 26, 28, 27, 26, 27, 21, 6, 6, 21, 25, 26, 4, 21, 25, 26, 21, 28, 27, 26, 27, 7, 21, 6, 21, 6, 21, 6, 21, 6, 18, 15, 26, 35, 27, 34, 25, 26, 26, 27, 21, 6, 6, 21, 25, 26, 4, 21, 25, 26, 21, 28, 27, 26, 27, 7, 21, 6, 21, 6, 21, 6, 21, 6, 18, 15, 26, 35, 27, 34, 28, 27, 26, 27, 21, 6, 6, 21, 25, 26, 4, 21, 25, 26, 21, 28, 27, 26, 27]"
"[5, 5, 4, 7, 6, 19, 6, 22, 21, 42, 43, 8, 21, 25, 26, 13, 21, 6, 21, 6, 21, 25, 26, 26, 27, 26, 28, 7, 6, 15, 20, 21, 6, 21, 21, 21, 26, 43, 42, 27, 25, 27, 21, 6, 21, 6, 21, 25, 26, 26, 27, 27, 28, 7, 6, 19, 18, 21, 21, 6, 21, 21, 28, 42, 28, 28, 43, 26, 21, 6, 21, 6, 21, 25, 26, 25, 27, 26, 27, 7, 6, 17, 14, 21, 21, 21, 25, 43, 42, 25, 21, 6, 21, 26, 27, 26, 28]","[5, 4, 4, 5, 4, 5, 4, 4, 5, 4, 5, 5, 4, 4, 5, 5, 7, 6, 6, 21, 6, 21, 6, 21, 6, 19, 34, 27, 35, 26, 25, 26, 13, 21, 6, 21, 6, 21, 25, 26, 26, 27, 26, 28, 7, 6, 6, 21, 6, 21, 6, 21, 6, 19, 26, 27, 35, 34, 25, 26, 13, 21, 6, 21, 6, 21, 25, 26, 26, 27, 26, 28, 7, 6, 6, 21, 6, 21, 6, 21, 6, 19, 34, 35, 27, 26, 25, 26, 13, 21, 6, 21, 6, 21, 25, 26, 26, 27, 26, 28, 7, 6, 6, 21, 6, 21, 6, 21, 6, 19, 26, 35, 27, 34, 25, 26, 13, 21, 6, 21, 6, 21, 25, 26, 26, 27, 26, 28, 7, 21, 6, 21, 6, 21, 6, 21, 6, 15, 20, 26, 27, 35, 26, 34, 27, 25, 27, 21, 6, 21, 6, 21, 25, 26, 26, 27, 27, 28, 7, 21, 6, 21, 6, 21, 6, 21, 6, 15, 20, 26, 35, 27, 26, 34, 27, 25, 27, 21, 6, 21, 6, 21, 25, 26, 26, 27, 27, 28, 7, 21, 6, 21, 6, 21, 6, 21, 6, 15, 20, 26, 27, 35, 34, 26, 27, 25, 27, 21, 6, 21, 6, 21, 25, 26, 26, 27, 27, 28, 7, 21, 6, 21, 6, 21, 6, 21, 6, 15, 20, 26, 35, 27, 34, 26, 27, 25, 27, 21, 6, 21, 6, 21, 25, 26, 26, 27, 27, 28, 7, 21, 6, 21, 6, 21, 6, 21, 6, 19, 18, 28, 26, 34, 28, 28, 27, 35, 26, 21, 6, 21, 6, 21, 25, 26, 25, 27, 26, 27, 7, 21, 6, 21, 6, 21, 6, 21, 6, 19, 18, 28, 26, 34, 28, 28, 35, 27, 26, 21, 6, 21, 6, 21, 25, 26, 25, 27, 26, 27, 7, 21, 6, 21, 6, 21, 6, 21, 6, 19, 18, 28, 34, 26, 28, 28, 27, 35, 26, 21, 6, 21, 6, 21, 25, 26, 25, 27, 26, 27, 7, 21, 6, 21, 6, 21, 6, 21, 6, 19, 18, 28, 34, 26, 28, 28, 35, 27, 26, 21, 6, 21, 6, 5, 21, 25, 26, 21, 25, 27, 25, 27, 26, 27, 7, 21, 6, 21, 6, 21, 6, 21, 6, 19, 18, 28, 34, 26, 28, 28, 35, 27, 26, 21, 6, 21, 6, 5, 21, 25, 26, 21, 25, 27, 25, 26, 26, 27, 7, 21, 6, 21, 6, 21, 6, 17, 14, 25, 27, 35, 26, 34, 25, 21, 6, 21, 26, 27, 26, 28, 7, 21, 6, 21, 6, 21, 6, 17, 14, 25, 35, 27, 26, 34, 25, 21, 6, 21, 26, 27, 26, 28, 7, 21, 6, 21, 6, 21, 6, 17, 14, 25, 27, 35, 34, 26, 25, 21, 6, 21, 26, 27, 26, 28, 7, 21, 6, 21, 6, 21, 6, 17, 14, 25, 35, 27, 34, 26, 25, 21, 6, 21, 26, 27, 26, 28]"
"[5, 5, 4, 4, 7, 6, 14, 21, 6, 21, 6, 21, 21, 21, 27, 42, 43, 25, 26, 27, 26, 28, 21, 6, 21, 6, 21, 6, 21, 25, 26, 25, 27, 26, 27, 26, 28, 7, 6, 18, 17, 6, 21, 21, 6, 21, 21, 28, 42, 25, 28, 43, 25, 8, 21, 25, 26, 13, 21, 6, 21, 6, 21, 6, 21, 6, 21, 25, 26, 25, 27, 26, 27, 26, 28, 27, 28, 7, 6, 13, 19, 21, 21, 21, 25, 43, 42, 27, 21, 6, 21, 25, 27, 26, 27, 7, 6, 19, 16, 22, 21, 42, 43, 21, 27, 28, 7, 6, 18, 17, 21, 6, 21, 21, 6, 21, 21, 25, 42, 27, 25, 43, 25, 25, 27, 21, 6, 21, 6, 21, 6, 21, 25, 26, 25, 27, 26, 27, 27, 28]","[5, 4, 4, 5, 5, 4, 4, 5, 4, 5, 5, 4, 4, 5, 4, 5, 4, 4, 5, 5, 7, 21, 6, 21, 6, 21, 6, 21, 6, 21, 6, 14, 27, 26, 34, 27, 35, 25, 26, 27, 26, 28, 21, 6, 21, 6, 21, 6, 21, 25, 26, 25, 27, 26, 27, 26, 28, 7, 21, 6, 21, 6, 21, 6, 21, 6, 21, 6, 14, 27, 34, 26, 27, 35, 25, 26, 27, 26, 28, 21, 6, 21, 6, 21, 6, 21, 25, 26, 25, 27, 26, 27, 26, 28, 7, 21, 6, 21, 6, 21, 6, 21, 6, 21, 6, 14, 27, 26, 34, 35, 27, 25, 26, 27, 26, 28, 21, 6, 21, 6, 21, 6, 21, 25, 26, 25, 27, 26, 27, 26, 28, 7, 21, 6, 21, 6, 21, 6, 21, 6, 21, 6, 14, 27, 34, 26, 35, 27, 25, 26, 27, 26, 28, 21, 6, 21, 6, 21, 6, 21, 25, 26, 25, 27, 26, 27, 26, 28, 7, 6, 6, 21, 6, 21, 6, 21, 6, 21, 6, 21, 6, 18, 17, 28, 26, 34, 25, 28, 27, 35, 25, 25, 26, 13, 21, 6, 21, 6, 21, 6, 21, 6, 21, 25, 26, 25, 27, 26, 27, 26, 28, 27, 28, 7, 6, 6, 21, 6, 21, 6, 21, 6, 21, 6, 21, 6, 18, 17, 28, 26, 34, 25, 28, 35, 27, 25, 25, 26, 13, 21, 6, 21, 6, 21, 6, 21, 6, 5, 21, 27, 28, 21, 25, 27, 25, 27, 25, 26, 26, 27, 26, 28, 7, 6, 6, 21, 6, 21, 6, 21, 6, 21, 6, 21, 6, 18, 17, 28, 26, 34, 25, 28, 35, 27, 25, 25, 26, 13, 21, 6, 21, 6, 21, 6, 21, 6, 5, 21, 27, 28, 21, 25, 27, 27, 28, 25, 26, 26, 27, 26, 28, 7, 6, 6, 21, 6, 21, 6, 21, 6, 21, 6, 21, 6, 18, 17, 28, 34, 26, 25, 28, 27, 35, 25, 25, 26, 13, 21, 6, 21, 6, 21, 6, 21, 6, 21, 25, 26, 25, 27, 26, 27, 26, 28, 27, 28, 7, 6, 6, 21, 6, 21, 6, 21, 6, 21, 6, 21, 6, 18, 17, 28, 34, 26, 25, 28, 35, 27, 25, 25, 26, 13, 21, 6, 21, 6, 21, 6, 21, 6, 21, 25, 26, 25, 27, 26, 27, 26, 28, 27, 28, 7, 21, 6, 21, 6, 21, 6, 13, 19, 25, 27, 35, 26, 34, 27, 21, 6, 21, 25, 27, 26, 27, 7, 21, 6, 21, 6, 21, 6, 13, 19, 25, 35, 27, 26, 34, 27, 21, 6, 21, 25, 27, 26, 27, 7, 21, 6, 21, 6, 21, 6, 13, 19, 25, 27, 35, 34, 26, 27, 21, 6, 21, 25, 27, 26, 27, 7, 21, 6, 21, 6, 21, 6, 13, 19, 25, 35, 27, 34, 26, 27, 21, 6, 21, 25, 27, 26, 27, 7, 21, 6, 21, 6, 19, 16, 34, 27, 35, 26, 21, 27, 28, 7, 21, 6, 21, 6, 19, 16, 26, 27, 35, 34, 21, 27, 28, 7, 21, 6, 21, 6, 19, 16, 34, 35, 27, 26, 21, 27, 28, 7, 21, 6, 21, 6, 19, 16, 26, 35, 27, 34, 21, 27, 28, 7, 21, 6, 21, 6, 21, 6, 21, 6, 21, 6, 18, 17, 25, 26, 34, 27, 25, 27, 35, 25, 25, 27, 21, 6, 21, 6, 21, 6, 21, 25, 26, 25, 27, 26, 27, 27, 28, 7, 21, 6, 21, 6, 21, 6, 21, 6, 21, 6, 18, 17, 25, 26, 34, 27, 25, 35, 27, 25, 25, 27, 21, 6, 21, 6, 21, 6, 21, 25, 26, 25, 27, 26, 27, 27, 28, 7, 21, 6, 21, 6, 21, 6, 21, 6, 21, 6, 18, 17, 25, 34, 26, 27, 25, 27, 35, 25, 25, 27, 21, 6, 21, 6, 21, 6, 21, 25, 26, 25, 27, 26, 27, 27, 28, 7, 21, 6, 21, 6, 21, 6, 21, 6, 21, 6, 18, 17, 25, 34, 26, 27, 25, 35, 27, 25, 25, 27, 21, 6, 21, 6, 21, 6, 21, 25, 26, 25, 27, 26, 27, 27, 28]"
"[7, 6, 23, 15, 22, 21, 42, 43, 21, 27, 28]","[5, 4, 4, 7, 23, 21, 6, 21, 6, 15, 34, 27, 35, 26, 21, 27, 28, 7, 21, 6, 21, 6, 15, 26, 27, 35, 34, 21, 27, 28, 7, 21, 6, 21, 6, 15, 34, 35, 27, 26, 21, 27, 28, 7, 21, 6, 21, 6, 15, 26, 35, 27, 34, 21, 27, 28]"
"[7, 6, 19, 21, 21, 21, 25, 43, 42, 28, 21, 6, 21, 26, 27, 27, 28]","[4, 4, 4, 4, 5, 5, 5, 5, 5, 5, 5, 5, 4, 4, 4, 7, 21, 6, 21, 6, 21, 6, 21, 6, 21, 6, 21, 6, 19, 25, 27, 35, 26, 34, 28, 26, 25, 25, 26, 25, 27, 6, 21, 6, 6, 21, 6, 21, 26, 27, 27, 28, 4, 21, 26, 25, 21, 28, 27, 25, 26, 4, 21, 25, 27, 21, 28, 26, 7, 21, 6, 21, 6, 21, 6, 21, 6, 21, 6, 21, 6, 19, 25, 27, 35, 26, 34, 28, 26, 25, 25, 26, 28, 26, 6, 21, 6, 6, 21, 6, 21, 26, 27, 27, 28, 4, 21, 26, 25, 21, 28, 27, 25, 26, 4, 21, 25, 27, 21, 28, 26, 7, 21, 6, 21, 6, 21, 6, 21, 6, 21, 6, 21, 6, 19, 25, 27, 35, 26, 34, 28, 28, 27, 25, 26, 25, 27, 6, 21, 6, 6, 21, 6, 21, 26, 27, 27, 28, 4, 21, 26, 25, 21, 28, 27, 25, 26, 4, 21, 25, 27, 21, 28, 26, 7, 21, 6, 21, 6, 21, 6, 21, 6, 21, 6, 21, 6, 19, 25, 27, 35, 26, 34, 28, 28, 27, 25, 26, 28, 26, 6, 21, 6, 6, 21, 6, 21, 26, 27, 27, 28, 4, 21, 26, 25, 21, 28, 27, 25, 26, 4, 21, 25, 27, 21, 28, 26, 7, 21, 6, 21, 6, 21, 6, 21, 6, 21, 6, 21, 6, 19, 25, 35, 27, 26, 34, 28, 26, 25, 25, 26, 25, 27, 6, 21, 6, 6, 21, 6, 21, 26, 27, 27, 28, 4, 21, 26, 25, 21, 28, 27, 25, 26, 4, 21, 25, 27, 21, 28, 26, 7, 21, 6, 21, 6, 21, 6, 21, 6, 21, 6, 21, 6, 19, 25, 35, 27, 26, 34, 28, 26, 25, 25, 26, 28, 26, 6, 21, 6, 6, 21, 6, 21, 26, 27, 27, 28, 4, 21, 26, 25, 21, 28, 27, 25, 26, 4, 21, 25, 27, 21, 28, 26, 7, 21, 6, 21, 6, 21, 6, 21, 6, 21, 6, 21, 6, 19, 25, 35, 27, 26, 34, 28, 28, 27, 25, 26, 25, 27, 6, 21, 6, 6, 21, 6, 21, 26, 27, 27, 28, 4, 21, 26, 25, 21, 28, 27, 25, 26, 4, 21, 25, 27, 21, 28, 26, 7, 21, 6, 21, 6, 21, 6, 21, 6, 21, 6, 21, 6, 19, 25, 35, 27, 26, 34, 28, 28, 27, 25, 26, 28, 26, 6, 21, 6, 6, 21, 6, 21, 26, 27, 27, 28, 4, 21, 26, 25, 21, 28, 27, 25, 26, 4, 21, 25, 27, 21, 28, 26, 7, 21, 6, 21, 6, 21, 6, 21, 6, 21, 6, 21, 6, 19, 25, 27, 35, 34, 26, 28, 26, 25, 25, 26, 25, 27, 6, 21, 6, 6, 21, 6, 21, 26, 27, 27, 28, 4, 21, 26, 25, 21, 28, 27, 25, 26, 4, 21, 25, 27, 21, 28, 26, 7, 21, 6, 21, 6, 21, 6, 21, 6, 21, 6, 21, 6, 19, 25, 27, 35, 34, 26, 28, 26, 25, 25, 26, 28, 26, 6, 21, 6, 6, 21, 6, 21, 26, 27, 27, 28, 4, 21, 26, 25, 21, 28, 27, 25, 26, 4, 21, 25, 27, 21, 28, 26, 7, 21, 6, 21, 6, 21, 6, 21, 6, 21, 6, 21, 6, 19, 25, 27, 35, 34, 26, 28, 28, 27, 25, 26, 25, 27, 6, 21, 6, 6, 21, 6, 21, 26, 27, 27, 28, 4, 21, 26, 25, 21, 28, 27, 25, 26, 4, 21, 25, 27, 21, 28, 26, 7, 21, 6, 21, 6, 21, 6, 21, 6, 21, 6, 21, 6, 19, 25, 27, 35, 34, 26, 28, 28, 27, 25, 26, 28, 26, 6, 21, 6, 6, 21, 6, 21, 26, 27, 27, 28, 4, 21, 26, 25, 21, 28, 27, 25, 26, 4, 21, 25, 27, 21, 28, 26, 7, 21, 6, 21, 6, 21, 6, 21, 6, 21, 6, 21, 6, 19, 25, 35, 27, 34, 26, 28, 26, 25, 25, 26, 25, 27, 6, 21, 6, 6, 21, 6, 21, 26, 27, 27, 28, 4, 21, 26, 25, 21, 28, 27, 25, 26, 4, 21, 25, 27, 21, 28, 26, 7, 21, 6, 21, 6, 21, 6, 21, 6, 21, 6, 21, 6, 19, 25, 35, 27, 34, 26, 28, 26, 25, 25, 26, 28, 26, 6, 21, 6, 6, 21, 6, 21, 26, 27, 27, 28, 4, 21, 26, 25, 21, 28, 27, 25, 26, 4, 21, 25, 27, 21, 28, 26, 7, 21, 6, 21, 6, 21, 6, 21, 6, 21, 6, 21, 6, 19, 25, 35, 27, 34, 26, 28, 28, 27, 25, 26, 25, 27, 6, 21, 6, 6, 21, 6, 21, 26, 27, 27, 28, 4, 21, 26, 25, 21, 28, 27, 25, 26, 4, 21, 25, 27, 21, 28, 26, 7, 21, 6, 21, 6, 21, 6, 21, 6, 21, 6, 21, 6, 19, 25, 35, 27, 34, 26, 28, 28, 27, 25, 26, 28, 26, 6, 21, 6, 6, 21, 6, 21, 26, 27, 27, 28, 4, 21, 26, 25, 21, 28, 27, 25, 26, 4, 21, 25, 27, 21, 28, 26]"
"[4, 4, 7, 22, 21, 42, 43, 21, 26, 28, 7, 21, 6, 21, 6, 21, 21, 6, 21, 21, 26, 43, 28, 28, 42, 27, 26, 27, 26, 28, 21, 6, 21, 6, 21, 6, 21, 6, 21, 25, 26, 25, 27, 26, 27, 26, 28, 27, 28, 7, 21, 6, 21, 6, 22, 21, 42, 43, 25, 27, 26, 28, 21, 6, 21, 6, 21, 25, 26, 26, 27, 26, 28]","[4, 5, 4, 5, 4, 4, 5, 5, 4, 4, 5, 5, 7, 21, 6, 21, 34, 27, 35, 26, 21, 26, 28, 7, 21, 6, 21, 26, 27, 35, 34, 21, 26, 28, 7, 21, 6, 21, 34, 35, 27, 26, 21, 26, 28, 7, 21, 6, 21, 26, 35, 27, 34, 21, 26, 28, 7, 21, 6, 21, 6, 21, 6, 21, 6, 21, 6, 21, 26, 27, 35, 28, 28, 26, 34, 27, 26, 27, 26, 28, 21, 6, 21, 6, 21, 6, 21, 6, 21, 25, 26, 25, 27, 26, 27, 26, 28, 27, 28, 7, 21, 6, 21, 6, 21, 6, 21, 6, 21, 6, 21, 26, 27, 35, 28, 28, 34, 26, 27, 26, 27, 26, 28, 21, 6, 21, 6, 21, 6, 21, 6, 21, 25, 26, 25, 27, 26, 27, 26, 28, 27, 28, 7, 21, 6, 21, 6, 21, 6, 21, 6, 21, 6, 21, 26, 35, 27, 28, 28, 26, 34, 27, 26, 27, 26, 28, 21, 6, 21, 6, 21, 6, 21, 6, 21, 25, 26, 25, 27, 26, 27, 26, 28, 27, 28, 7, 21, 6, 21, 6, 21, 6, 21, 6, 21, 6, 21, 26, 35, 27, 28, 28, 34, 26, 27, 26, 27, 26, 28, 21, 6, 21, 6, 21, 6, 21, 6, 21, 25, 26, 25, 27, 27, 26, 26, 28, 27, 28, 7, 21, 6, 21, 6, 21, 6, 21, 34, 27, 35, 26, 25, 27, 26, 28, 21, 6, 21, 6, 21, 25, 26, 26, 27, 26, 28, 7, 21, 6, 21, 6, 21, 6, 21, 26, 27, 35, 34, 25, 27, 26, 28, 21, 6, 21, 6, 5, 21, 25, 26, 21, 26, 27, 26, 27, 26, 28, 7, 21, 6, 21, 6, 21, 6, 21, 26, 27, 35, 34, 25, 27, 26, 28, 21, 6, 21, 6, 5, 21, 25, 26, 21, 26, 27, 25, 26, 26, 28, 7, 21, 6, 21, 6, 21, 6, 21, 34, 35, 27, 26, 25, 27, 26, 28, 21, 6, 21, 6, 21, 25, 26, 26, 27, 26, 28, 7, 21, 6, 21, 6, 21, 6, 21, 26, 35, 27, 34, 25, 27, 26, 28, 21, 6, 21, 6, 21, 25, 26, 26, 27, 26, 28]"
"[4, 4, 5, 7, 6, 18, 21, 21, 21, 28, 43, 42, 25, 21, 6, 21, 25, 26, 25, 27, 7, 6, 13, 13, 21, 21, 6, 21, 21, 25, 42, 25, 28, 43, 25, 21, 6, 21, 6, 21, 25, 26, 25, 27, 26, 28, 7, 6, 16, 12, 21, 6, 22, 21, 42, 43, 25, 28, 21, 6, 21, 25, 26, 26, 27, 7, 6, 18, 13, 21, 6, 21, 6, 21, 21, 21, 25, 42, 43, 26, 25, 26, 26, 27, 21, 6, 21, 6, 21, 6, 21, 25, 26, 25, 27, 26, 28, 27, 28]","[5, 5, 5, 5, 5, 4, 4, 4, 5, 5, 4, 5, 4, 4, 5, 4, 5, 5, 7, 21, 6, 21, 6, 21, 6, 18, 28, 27, 35, 26, 34, 25, 21, 6, 21, 25, 26, 25, 27, 7, 21, 6, 21, 6, 21, 6, 18, 28, 35, 27, 26, 34, 25, 21, 6, 21, 25, 26, 25, 27, 7, 21, 6, 21, 6, 21, 6, 18, 28, 27, 35, 34, 26, 25, 21, 6, 21, 25, 26, 25, 27, 7, 21, 6, 21, 6, 21, 6, 18, 28, 35, 27, 34, 26, 25, 21, 6, 21, 25, 26, 25, 27, 7, 21, 6, 21, 6, 21, 6, 21, 6, 13, 13, 25, 26, 34, 25, 28, 27, 35, 25, 21, 6, 21, 6, 21, 25, 26, 25, 27, 26, 28, 7, 21, 6, 21, 6, 21, 6, 21, 6, 13, 13, 25, 26, 34, 25, 28, 35, 27, 25, 21, 6, 21, 6, 21, 25, 26, 25, 27, 26, 28, 7, 21, 6, 21, 6, 21, 6, 21, 6, 13, 13, 25, 34, 26, 25, 28, 27, 35, 25, 21, 6, 21, 6, 21, 25, 26, 25, 27, 26, 28, 7, 21, 6, 21, 6, 21, 6, 21, 6, 13, 13, 25, 34, 26, 25, 28, 35, 27, 25, 21, 6, 21, 6, 21, 25, 26, 25, 27, 26, 28, 7, 21, 6, 21, 6, 21, 6, 16, 12, 34, 27, 35, 26, 25, 28, 21, 6, 21, 25, 26, 26, 27, 7, 21, 6, 21, 6, 21, 6, 16, 12, 26, 27, 35, 34, 25, 28, 21, 6, 21, 25, 26, 26, 27, 7, 21, 6, 21, 6, 21, 6, 16, 12, 34, 35, 27, 26, 25, 28, 21, 6, 5, 21, 26, 27, 21, 25, 26, 25, 26, 7, 21, 6, 21, 6, 21, 6, 16, 12, 34, 35, 27, 26, 25, 28, 21, 6, 5, 21, 26, 27, 21, 25, 26, 26, 27, 7, 21, 6, 21, 6, 21, 6, 16, 12, 26, 35, 27, 34, 25, 28, 21, 6, 21, 25, 26, 26, 27, 7, 21, 6, 21, 6, 21, 6, 21, 6, 21, 6, 18, 13, 25, 26, 34, 27, 35, 26, 25, 26, 26, 27, 21, 6, 21, 6, 21, 6, 21, 25, 26, 25, 27, 26, 28, 27, 28, 7, 21, 6, 21, 6, 21, 6, 21, 6, 21, 6, 18, 13, 25, 34, 26, 27, 35, 26, 25, 26, 26, 27, 21, 6, 21, 6, 21, 6, 21, 25, 26, 25, 27, 26, 28, 27, 28, 7, 21, 6, 21, 6, 21, 6, 21, 6, 21, 6, 18, 13, 25, 26, 34, 35, 27, 26, 25, 26, 26, 27, 21, 6, 21, 6, 21, 6, 21, 25, 26, 25, 27, 26, 28, 27, 28, 7, 21, 6, 21, 6, 21, 6, 21, 6, 21, 6, 18, 13, 25, 34, 26, 35, 27, 26, 25, 26, 25, 27, 21, 6, 21, 6, 21, 6, 21, 25, 26, 25, 27, 26, 28, 27, 28, 7, 21, 6, 21, 6, 21, 6, 21, 6, 21, 6, 18, 13, 25, 34, 26, 35, 27, 26, 25, 26, 27, 27, 21, 6, 21, 6, 21, 6, 21, 25, 26, 25, 27, 26, 28, 27, 28, 7, 21, 6, 21, 6, 21, 6, 21, 6, 21, 6, 18, 13, 25, 34, 26, 35, 27, 26, 25, 26, 28, 27, 21, 6, 21, 6, 21, 6, 21, 25, 26, 25, 27, 26, 28, 27, 28]"
"[7, 21, 6, 21, 6, 21, 21, 6, 21, 21, 25, 43, 25, 27, 42, 28, 25, 26, 27, 28, 21, 6, 21, 6, 21, 6, 21, 6, 21, 25, 26, 25, 27, 26, 27, 26, 28, 27, 28]","[4, 4, 5, 5, 5, 5, 5, 5, 5, 7, 21, 6, 21, 6, 21, 6, 21, 6, 21, 6, 21, 6, 21, 6, 21, 25, 27, 35, 25, 27, 26, 34, 28, 25, 26, 27, 28, 28, 25, 25, 28, 6, 21, 6, 21, 6, 21, 6, 21, 6, 21, 6, 21, 25, 26, 25, 27, 26, 27, 26, 28, 27, 28, 28, 25, 4, 21, 25, 28, 21, 27, 26, 7, 21, 6, 21, 6, 21, 6, 21, 6, 21, 6, 21, 6, 21, 6, 21, 25, 27, 35, 25, 27, 26, 34, 28, 25, 26, 27, 28, 25, 25, 27, 26, 6, 21, 6, 21, 6, 21, 6, 21, 6, 21, 6, 21, 25, 26, 25, 27, 26, 27, 26, 28, 27, 28, 28, 25, 4, 21, 25, 28, 21, 27, 26, 7, 21, 6, 21, 6, 21, 6, 21, 6, 21, 6, 21, 6, 21, 6, 21, 25, 27, 35, 25, 27, 26, 34, 28, 25, 26, 27, 28, 26, 25, 27, 26, 6, 21, 6, 21, 6, 21, 6, 21, 6, 21, 6, 21, 25, 26, 25, 27, 26, 27, 26, 28, 27, 28, 28, 25, 4, 21, 25, 28, 21, 27, 26, 7, 21, 6, 21, 6, 21, 6, 21, 6, 21, 6, 21, 6, 21, 6, 21, 25, 27, 35, 25, 27, 26, 34, 28, 25, 26, 27, 28, 27, 25, 27, 26, 6, 21, 6, 21, 6, 21, 6, 21, 6, 21, 6, 21, 25, 26, 25, 27, 26, 27, 26, 28, 27, 28, 28, 25, 4, 21, 25, 28, 21, 27, 26, 7, 21, 6, 21, 6, 21, 6, 21, 6, 21, 6, 21, 6, 21, 6, 21, 25, 27, 35, 25, 27, 34, 26, 28, 25, 26, 27, 28, 28, 25, 25, 28, 6, 21, 6, 21, 6, 21, 6, 21, 6, 21, 6, 21, 25, 26, 25, 27, 26, 27, 26, 28, 27, 28, 28, 25, 4, 21, 25, 28, 21, 27, 26, 7, 21, 6, 21, 6, 21, 6, 21, 6, 21, 6, 21, 6, 21, 6, 21, 25, 27, 35, 25, 27, 34, 26, 28, 25, 26, 27, 28, 28, 25, 27, 26, 6, 21, 6, 21, 6, 21, 6, 21, 6, 21, 6, 21, 25, 26, 25, 27, 26, 27, 26, 28, 27, 28, 28, 25, 4, 21, 25, 28, 21, 27, 26, 7, 21, 6, 21, 6, 21, 6, 21, 6, 21, 6, 21, 6, 21, 6, 21, 25, 35, 27, 25, 27, 26, 34, 28, 25, 26, 27, 28, 28, 25, 25, 28, 6, 21, 6, 21, 6, 21, 6, 21, 6, 21, 6, 21, 25, 26, 25, 27, 26, 27, 26, 28, 27, 28, 28, 25, 4, 21, 25, 28, 21, 27, 26, 7, 21, 6, 21, 6, 21, 6, 21, 6, 21, 6, 21, 6, 21, 6, 21, 25, 35, 27, 25, 27, 26, 34, 28, 25, 26, 27, 28, 28, 25, 27, 26, 6, 21, 6, 21, 6, 21, 6, 21, 6, 21, 6, 21, 25, 26, 25, 27, 26, 27, 26, 28, 27, 28, 28, 25, 4, 21, 25, 28, 21, 27, 26, 7, 21, 6, 21, 6, 21, 6, 21, 6, 21, 6, 21, 6, 21, 6, 21, 25, 35, 27, 25, 27, 34, 26, 28, 25, 26, 27, 28, 28, 25, 25, 28, 6, 21, 6, 21, 6, 21, 6, 21, 6, 21, 6, 21, 25, 26, 25, 27, 26, 27, 26, 28, 27, 28, 28, 25, 4, 21, 25, 28, 21, 27, 26, 7, 21, 6, 21, 6, 21, 6, 21, 6, 21, 6, 21, 6, 21, 6, 21, 25, 35, 27, 25, 27, 34, 26, 28, 25, 26, 27, 28, 28, 25, 27, 26, 6, 21, 6, 21, 6, 21, 6, 21, 6, 21, 6, 21, 25, 26, 25, 27, 26, 27, 26, 28, 27, 28, 28, 25, 4, 21, 25, 28, 21, 27, 26]"
"[4, 7, 21, 6, 21, 21, 21, 26, 43, 42, 27, 26, 27, 21, 6, 21, 6, 21, 25, 27, 26, 28, 27, 28, 7, 21, 6, 21, 6, 21, 21, 21, 25, 42, 43, 28, 25, 26, 25, 28, 21, 6, 21, 6, 21, 6, 21, 25, 26, 25, 27, 26, 27, 26, 28]","[5, 4, 5, 5, 4, 4, 5, 5, 7, 21, 6, 21, 6, 21, 6, 21, 26, 27, 35, 26, 34, 27, 26, 27, 21, 6, 21, 6, 21, 25, 27, 26, 28, 27, 28, 7, 21, 6, 21, 6, 21, 6, 21, 26, 35, 27, 26, 34, 27, 26, 27, 21, 6, 21, 6, 21, 25, 27, 26, 28, 27, 28, 7, 21, 6, 21, 6, 21, 6, 21, 26, 27, 35, 34, 26, 27, 26, 27, 21, 6, 21, 6, 21, 25, 27, 26, 28, 27, 28, 7, 21, 6, 21, 6, 21, 6, 21, 26, 35, 27, 34, 26, 27, 26, 27, 21, 6, 21, 6, 21, 25, 27, 26, 28, 27, 28, 7, 21, 6, 21, 6, 21, 6, 21, 6, 21, 25, 26, 34, 27, 35, 28, 25, 26, 25, 28, 21, 6, 21, 6, 21, 6, 21, 25, 26, 25, 27, 26, 27, 26, 28, 7, 21, 6, 21, 6, 21, 6, 21, 6, 21, 25, 34, 26, 27, 35, 28, 25, 26, 25, 28, 21, 6, 21, 6, 21, 6, 21, 25, 26, 25, 27, 26, 27, 28, 26, 7, 21, 6, 21, 6, 21, 6, 21, 6, 21, 25, 26, 34, 35, 27, 28, 25, 26, 25, 28, 21, 6, 21, 6, 21, 6, 21, 25, 26, 25, 27, 26, 27, 26, 28, 7, 21, 6, 21, 6, 21, 6, 21, 6, 21, 25, 34, 26, 35, 27, 28, 25, 26, 25, 28, 21, 6, 21, 6, 6, 5, 21, 26, 27, 21, 25, 27, 23, 4, 4, 21, 26, 27, 21, 27, 27, 21, 28, 27, 25, 26, 26, 28, 7, 21, 6, 21, 6, 21, 6, 21, 6, 21, 25, 34, 26, 35, 27, 28, 25, 26, 25, 28, 21, 6, 21, 6, 21, 6, 5, 21, 26, 27, 21, 25, 27, 26, 27, 25, 26, 26, 28]"
"[5, 4, 7, 6, 23, 13, 21, 6, 21, 21, 21, 28, 43, 42, 27, 27, 28, 21, 6, 21, 6, 21, 26, 27, 26, 28, 27, 28, 7, 6, 19, 18, 21, 21, 21, 27, 42, 43, 28, 21, 6, 21, 26, 28, 27, 28, 7, 6, 17, 14, 21, 21, 6, 21, 21, 25, 42, 27, 26, 43, 26, 21, 6, 21, 6, 21, 26, 27, 26, 28, 27, 28]","[5, 4, 4, 5, 4, 4, 5, 5, 4, 5, 4, 5, 5, 5, 7, 23, 21, 6, 21, 6, 21, 6, 21, 6, 13, 28, 27, 35, 26, 34, 27, 27, 28, 21, 6, 21, 6, 21, 26, 27, 26, 28, 27, 28, 7, 21, 6, 21, 6, 21, 6, 21, 6, 13, 28, 35, 27, 26, 34, 27, 25, 28, 21, 6, 21, 6, 21, 26, 27, 26, 28, 27, 28, 7, 21, 6, 21, 6, 21, 6, 21, 6, 13, 28, 35, 27, 26, 34, 27, 26, 28, 21, 6, 21, 6, 21, 26, 27, 26, 28, 27, 28, 7, 21, 6, 21, 6, 21, 6, 21, 6, 13, 28, 35, 27, 26, 34, 27, 28, 28, 21, 6, 21, 6, 21, 26, 27, 26, 28, 27, 28, 7, 21, 6, 21, 6, 21, 6, 21, 6, 13, 28, 27, 35, 34, 26, 27, 27, 28, 6, 21, 6, 21, 26, 27, 26, 28, 23, 4, 4, 21, 25, 28, 21, 26, 28, 21, 28, 28, 7, 21, 6, 21, 6, 21, 6, 21, 6, 13, 28, 35, 27, 34, 26, 27, 27, 28, 21, 6, 21, 6, 21, 26, 27, 26, 28, 27, 28, 7, 21, 6, 21, 6, 21, 6, 19, 18, 27, 26, 34, 27, 35, 28, 21, 6, 21, 26, 28, 27, 28, 7, 21, 6, 21, 6, 21, 6, 19, 18, 27, 34, 26, 27, 35, 28, 21, 6, 21, 26, 28, 27, 28, 7, 21, 6, 21, 6, 21, 6, 19, 18, 27, 26, 34, 35, 27, 28, 21, 6, 5, 21, 26, 28, 21, 27, 28, 27, 28, 7, 21, 6, 21, 6, 21, 6, 19, 18, 27, 26, 34, 35, 27, 28, 21, 6, 5, 21, 26, 28, 21, 27, 28, 26, 28, 7, 21, 6, 21, 6, 21, 6, 19, 18, 27, 34, 26, 35, 27, 28, 21, 6, 21, 26, 28, 27, 28, 7, 21, 6, 21, 6, 21, 6, 21, 6, 17, 14, 25, 26, 34, 27, 26, 27, 35, 26, 21, 6, 21, 6, 21, 26, 27, 26, 28, 27, 28, 7, 21, 6, 21, 6, 21, 6, 21, 6, 17, 14, 25, 26, 34, 27, 26, 35, 27, 26, 21, 6, 6, 21, 26, 27, 23, 4, 4, 21, 25, 28, 21, 27, 28, 21, 28, 28, 27, 28, 7, 21, 6, 21, 6, 21, 6, 21, 6, 17, 14, 25, 34, 26, 27, 26, 27, 35, 26, 21, 6, 21, 6, 21, 26, 27, 26, 28, 27, 28, 7, 21, 6, 21, 6, 21, 6, 21, 6, 17, 14, 25, 34, 26, 27, 26, 35, 27, 26, 21, 6, 21, 6, 21, 26, 27, 26, 28, 27, 28]"
"[4, 4, 4, 4, 7, 6, 16, 22, 21, 42, 43, 21, 27, 28, 7, 6, 19, 14, 21, 6, 21, 6, 21, 21, 21, 28, 42, 43, 25, 25, 27, 26, 27, 21, 6, 21, 6, 21, 6, 21, 25, 26, 25, 27, 26, 27, 27, 28, 7, 6, 12, 16, 21, 6, 21, 21, 6, 21, 21, 25, 43, 26, 27, 42, 27, 25, 26, 21, 6, 21, 6, 21, 6, 21, 25, 26, 26, 27, 26, 28, 27, 28, 7, 6, 18, 13, 21, 6, 21, 6, 21, 21, 6, 21, 21, 25, 43, 28, 27, 42, 25, 25, 28, 26, 28, 21, 6, 21, 6, 21, 6, 21, 6, 21, 25, 26, 25, 27, 26, 27, 26, 28, 27, 28, 7, 6, 15, 20, 21, 6, 21, 6, 21, 21, 6, 21, 21, 25, 42, 28, 28, 43, 26, 25, 28, 27, 28, 21, 6, 21, 6, 21, 6, 21, 6, 21, 25, 26, 25, 27, 26, 27, 26, 28, 27, 28]","[4, 5, 5, 4, 4, 5, 5, 4, 4, 5, 5, 4, 4, 5, 5, 4, 4, 5, 5, 7, 21, 6, 21, 6, 16, 34, 27, 35, 26, 21, 27, 28, 7, 21, 6, 21, 6, 16, 26, 27, 35, 34, 21, 27, 28, 7, 21, 6, 21, 6, 16, 34, 35, 27, 26, 21, 27, 28, 7, 21, 6, 21, 6, 16, 26, 35, 27, 34, 21, 27, 28, 7, 21, 6, 21, 6, 21, 6, 21, 6, 21, 6, 19, 14, 28, 26, 34, 27, 35, 25, 25, 27, 26, 27, 21, 6, 21, 6, 21, 6, 21, 25, 26, 25, 27, 26, 27, 27, 28, 7, 21, 6, 21, 6, 21, 6, 21, 6, 21, 6, 19, 14, 28, 34, 26, 27, 35, 25, 25, 27, 26, 27, 21, 6, 21, 6, 21, 6, 21, 25, 26, 25, 27, 26, 27, 27, 28, 7, 21, 6, 21, 6, 21, 6, 21, 6, 21, 6, 19, 14, 28, 26, 34, 35, 27, 25, 25, 27, 26, 27, 21, 6, 21, 6, 21, 6, 21, 25, 26, 25, 27, 26, 27, 27, 28, 7, 21, 6, 21, 6, 21, 6, 21, 6, 21, 6, 19, 14, 28, 34, 26, 35, 27, 25, 25, 27, 26, 27, 21, 6, 21, 6, 21, 6, 21, 25, 26, 25, 27, 26, 27, 27, 28, 7, 21, 6, 21, 6, 21, 6, 21, 6, 21, 6, 12, 16, 25, 27, 35, 26, 27, 26, 34, 27, 25, 26, 21, 6, 21, 6, 21, 6, 21, 25, 26, 26, 27, 26, 28, 27, 28, 7, 21, 6, 21, 6, 21, 6, 21, 6, 21, 6, 12, 16, 25, 27, 35, 26, 27, 34, 26, 27, 25, 26, 21, 6, 21, 6, 21, 6, 21, 25, 26, 26, 27, 26, 28, 27, 28, 7, 21, 6, 21, 6, 21, 6, 21, 6, 21, 6, 12, 16, 25, 35, 27, 26, 27, 26, 34, 27, 25, 26, 21, 6, 21, 6, 21, 6, 21, 25, 26, 26, 27, 26, 28, 27, 28, 7, 21, 6, 21, 6, 21, 6, 21, 6, 21, 6, 12, 16, 25, 35, 27, 26, 27, 34, 26, 27, 25, 26, 21, 6, 21, 6, 21, 6, 21, 25, 26, 26, 27, 26, 28, 27, 28, 7, 21, 6, 21, 6, 21, 6, 21, 6, 21, 6, 21, 6, 18, 13, 25, 27, 35, 28, 27, 26, 34, 25, 25, 28, 26, 28, 21, 6, 21, 6, 21, 6, 21, 6, 21, 25, 26, 25, 27, 26, 27, 26, 28, 27, 28, 7, 21, 6, 21, 6, 21, 6, 21, 6, 21, 6, 21, 6, 18, 13, 25, 27, 35, 28, 27, 34, 26, 25, 25, 28, 26, 28, 21, 6, 21, 6, 21, 6, 21, 6, 21, 25, 26, 25, 27, 26, 27, 26, 28, 27, 28, 7, 21, 6, 21, 6, 21, 6, 21, 6, 21, 6, 21, 6, 18, 13, 25, 35, 27, 28, 27, 26, 34, 25, 25, 28, 26, 28, 21, 6, 21, 6, 21, 6, 21, 6, 21, 25, 26, 25, 27, 26, 27, 26, 28, 27, 28, 7, 21, 6, 21, 6, 21, 6, 21, 6, 21, 6, 21, 6, 18, 13, 25, 35, 27, 28, 27, 34, 26, 25, 25, 28, 26, 28, 21, 6, 21, 6, 21, 6, 21, 6, 21, 25, 26, 25, 27, 26, 27, 26, 28, 27, 28, 7, 21, 6, 21, 6, 21, 6, 21, 6, 21, 6, 21, 6, 15, 20, 25, 26, 34, 28, 28, 27, 35, 26, 25, 28, 27, 28, 21, 6, 21, 6, 21, 6, 21, 6, 21, 25, 26, 25, 27, 26, 27, 26, 28, 27, 28, 7, 21, 6, 21, 6, 21, 6, 21, 6, 21, 6, 21, 6, 15, 20, 25, 26, 34, 28, 28, 35, 27, 26, 25, 28, 27, 28, 21, 6, 21, 6, 21, 6, 21, 6, 21, 25, 26, 25, 27, 26, 27, 26, 28, 27, 28, 7, 21, 6, 21, 6, 21, 6, 21, 6, 21, 6, 21, 6, 15, 20, 25, 34, 26, 28, 28, 27, 35, 26, 25, 28, 27, 28, 21, 6, 21, 6, 21, 6, 21, 6, 21, 25, 26, 25, 27, 26, 27, 26, 28, 27, 28, 7, 21, 6, 21, 6, 21, 6, 21, 6, 21, 6, 21, 6, 15, 20, 25, 34, 26, 28, 28, 35, 27, 26, 25, 28, 27, 28, 21, 6, 21, 6, 21, 6, 21, 6, 21, 25, 26, 25, 27, 26, 27, 26, 28, 27, 28]"
"[7, 6, 23, 14, 21, 6, 21, 6, 22, 21, 42, 43, 25, 26, 25, 28, 21, 6, 21, 6, 21, 26, 27, 26, 28, 27, 28]","[5, 4, 4, 4, 7, 23, 21, 6, 21, 6, 21, 6, 21, 6, 21, 6, 14, 34, 27, 35, 26, 25, 26, 25, 28, 27, 25, 21, 6, 21, 6, 21, 6, 5, 21, 27, 25, 21, 27, 28, 27, 28, 26, 27, 26, 28, 7, 21, 6, 21, 6, 21, 6, 21, 6, 21, 6, 14, 34, 27, 35, 26, 25, 26, 25, 28, 27, 25, 21, 6, 21, 6, 21, 6, 5, 21, 27, 25, 21, 27, 28, 27, 25, 26, 27, 26, 28, 7, 21, 6, 21, 6, 21, 6, 21, 6, 21, 6, 14, 26, 27, 35, 34, 25, 26, 25, 28, 27, 25, 21, 6, 21, 6, 21, 6, 21, 26, 27, 26, 28, 27, 28, 27, 25, 7, 21, 6, 21, 6, 21, 6, 21, 6, 21, 6, 14, 34, 35, 27, 26, 25, 26, 25, 28, 27, 25, 21, 6, 21, 6, 21, 6, 21, 26, 27, 26, 28, 27, 28, 27, 25, 7, 21, 6, 21, 6, 21, 6, 21, 6, 21, 6, 14, 26, 35, 27, 34, 25, 26, 25, 28, 27, 25, 21, 6, 21, 6, 21, 6, 21, 26, 27, 26, 28, 27, 28, 27, 25]"
"[4, 5, 4, 7, 6, 15, 21, 6, 21, 21, 21, 28, 42, 43, 26, 27, 28, 21, 6, 21, 6, 21, 25, 26, 25, 27, 27, 28, 7, 6, 12, 17, 21, 6, 21, 21, 21, 25, 43, 42, 28, 26, 28, 21, 6, 21, 6, 21, 25, 26, 25, 27, 26, 27, 7, 6, 14, 16, 21, 6, 21, 6, 21, 21, 6, 21, 21, 27, 42, 28, 28, 43, 26, 25, 26, 26, 27, 21, 6, 21, 6, 21, 6, 21, 6, 21, 25, 26, 25, 27, 26, 27, 26, 28, 27, 28, 7, 6, 18, 18, 22, 21, 42, 43, 21, 26, 27]","[4, 5, 5, 4, 5, 4, 4, 5, 4, 5, 5, 4, 4, 5, 5, 5, 5, 7, 23, 21, 6, 21, 6, 21, 6, 21, 6, 15, 28, 26, 34, 27, 35, 25, 27, 28, 21, 6, 21, 6, 21, 25, 26, 25, 27, 27, 28, 7, 21, 6, 21, 6, 21, 6, 21, 6, 15, 28, 26, 34, 27, 35, 27, 27, 28, 21, 6, 21, 6, 21, 25, 26, 25, 27, 27, 28, 7, 21, 6, 21, 6, 21, 6, 21, 6, 15, 28, 26, 34, 27, 35, 28, 27, 28, 21, 6, 21, 6, 21, 25, 26, 25, 27, 27, 28, 7, 21, 6, 21, 6, 21, 6, 21, 6, 15, 28, 34, 26, 27, 35, 26, 27, 28, 21, 6, 21, 6, 21, 25, 26, 25, 27, 27, 28, 7, 21, 6, 21, 6, 21, 6, 21, 6, 15, 28, 26, 34, 35, 27, 26, 27, 28, 21, 6, 21, 6, 21, 25, 26, 25, 27, 27, 28, 7, 21, 6, 21, 6, 21, 6, 21, 6, 15, 28, 34, 26, 35, 27, 26, 27, 28, 21, 6, 21, 6, 21, 25, 26, 25, 27, 27, 28, 7, 21, 6, 21, 6, 21, 6, 21, 6, 12, 17, 25, 27, 35, 26, 34, 28, 26, 28, 21, 6, 21, 6, 21, 25, 26, 25, 27, 26, 27, 7, 21, 6, 21, 6, 21, 6, 21, 6, 12, 17, 25, 35, 27, 26, 34, 28, 26, 28, 21, 6, 21, 6, 21, 25, 26, 25, 27, 26, 27, 7, 21, 6, 21, 6, 21, 6, 21, 6, 12, 17, 25, 27, 35, 34, 26, 28, 26, 28, 21, 6, 21, 6, 21, 25, 26, 25, 27, 26, 27, 7, 21, 6, 21, 6, 21, 6, 21, 6, 12, 17, 25, 35, 27, 34, 26, 28, 26, 28, 21, 6, 21, 6, 21, 25, 26, 25, 27, 26, 27, 7, 21, 6, 21, 6, 21, 6, 21, 6, 21, 6, 21, 6, 14, 16, 27, 26, 34, 28, 28, 27, 35, 26, 25, 26, 26, 27, 21, 6, 21, 6, 21, 6, 21, 6, 21, 25, 26, 25, 27, 26, 27, 26, 28, 27, 28, 7, 21, 6, 21, 6, 21, 6, 21, 6, 21, 6, 21, 6, 14, 16, 27, 26, 34, 28, 28, 35, 27, 26, 25, 26, 26, 27, 21, 6, 21, 6, 21, 6, 21, 6, 21, 25, 26, 25, 27, 26, 27, 26, 28, 27, 28, 7, 21, 6, 21, 6, 21, 6, 21, 6, 21, 6, 21, 6, 14, 16, 27, 34, 26, 28, 28, 27, 35, 26, 25, 26, 26, 27, 21, 6, 21, 6, 21, 6, 21, 6, 21, 25, 26, 25, 27, 26, 27, 26, 28, 27, 28, 7, 21, 6, 21, 6, 21, 6, 21, 6, 21, 6, 21, 6, 14, 16, 27, 34, 26, 28, 28, 35, 27, 26, 25, 26, 26, 27, 21, 6, 21, 6, 21, 6, 21, 6, 21, 25, 26, 25, 27, 26, 27, 26, 28, 27, 28, 7, 21, 6, 21, 6, 18, 18, 34, 27, 35, 26, 21, 26, 27, 7, 21, 6, 21, 6, 18, 18, 26, 27, 35, 34, 21, 26, 27, 7, 21, 6, 21, 6, 18, 18, 34, 35, 27, 26, 21, 26, 27, 7, 21, 6, 21, 6, 18, 18, 26, 35, 27, 34, 21, 26, 27]"
"[7, 6, 23, 19, 21, 6, 21, 6, 21, 21, 6, 21, 21, 26, 43, 26, 27, 42, 27, 25, 28, 26, 27, 21, 6, 21, 6, 21, 6, 21, 6, 21, 25, 26, 25, 27, 26, 27, 26, 28, 27, 28]","[5, 4, 4, 7, 23, 21, 6, 21, 6, 21, 6, 21, 6, 21, 6, 21, 6, 21, 6, 19, 26, 27, 35, 26, 27, 26, 34, 27, 25, 28, 26, 27, 27, 28, 21, 6, 21, 6, 21, 6, 21, 6, 21, 6, 21, 25, 26, 25, 27, 26, 27, 26, 28, 27, 28, 27, 28, 7, 21, 6, 21, 6, 21, 6, 21, 6, 21, 6, 21, 6, 21, 6, 19, 26, 27, 35, 26, 27, 34, 26, 27, 25, 28, 26, 27, 27, 28, 21, 6, 21, 6, 21, 6, 21, 6, 21, 6, 21, 25, 26, 25, 27, 26, 27, 26, 28, 27, 28, 27, 28, 7, 21, 6, 21, 6, 21, 6, 21, 6, 21, 6, 21, 6, 21, 6, 19, 26, 35, 27, 26, 27, 26, 34, 27, 25, 28, 26, 27, 27, 28, 21, 6, 21, 6, 21, 6, 21, 6, 21, 6, 23, 4, 4, 21, 26, 26, 21, 27, 26, 21, 28, 26, 25, 27, 26, 27, 26, 28, 27, 28, 27, 28, 7, 21, 6, 21, 6, 21, 6, 21, 6, 21, 6, 21, 6, 21, 6, 19, 26, 35, 27, 26, 27, 34, 26, 27, 25, 28, 26, 27, 27, 28, 21, 6, 21, 6, 21, 6, 21, 6, 21, 6, 21, 26, 25, 25, 27, 26, 27, 28, 26, 27, 28, 27, 28]"
"[4, 5, 5, 4, 7, 6, 13, 21, 6, 21, 21, 21, 26, 43, 42, 25, 25, 26, 21, 6, 21, 6, 21, 25, 26, 25, 27, 27, 28, 7, 6, 18, 20, 6, 21, 21, 21, 26, 43, 42, 28, 8, 21, 25, 28, 13, 21, 6, 21, 6, 21, 6, 21, 25, 27, 26, 27, 26, 28, 27, 28, 7, 6, 19, 12, 21, 6, 21, 21, 6, 21, 21, 26, 43, 28, 28, 42, 28, 26, 28, 21, 6, 21, 6, 21, 6, 21, 25, 26, 25, 27, 26, 27, 26, 28, 7, 6, 18, 12, 21, 6, 21, 6, 21, 21, 21, 25, 42, 43, 26, 25, 26, 26, 28, 21, 6, 21, 6, 21, 6, 21, 25, 26, 26, 27, 26, 28, 27, 28, 7, 6, 20, 21, 6, 21, 6, 22, 21, 42, 43, 25, 26, 26, 28, 21, 6, 21, 6, 21, 26, 27, 26, 28, 27, 28]","[4, 5, 5, 4, 5, 4, 4, 5, 5, 4, 4, 5, 4, 5, 5, 4, 4, 5, 5, 7, 21, 6, 21, 6, 21, 6, 21, 6, 21, 6, 13, 26, 27, 35, 26, 34, 25, 25, 26, 25, 26, 21, 6, 21, 6, 21, 6, 21, 25, 26, 25, 27, 27, 28, 25, 26, 7, 21, 6, 21, 6, 21, 6, 21, 6, 21, 6, 13, 26, 35, 27, 26, 34, 25, 25, 26, 25, 26, 21, 6, 21, 6, 21, 6, 21, 25, 26, 25, 27, 27, 28, 25, 26, 7, 21, 6, 21, 6, 21, 6, 21, 6, 21, 6, 13, 26, 27, 35, 34, 26, 25, 25, 26, 25, 26, 21, 6, 21, 6, 21, 6, 21, 25, 26, 25, 27, 27, 28, 25, 26, 7, 21, 6, 21, 6, 21, 6, 21, 6, 21, 6, 13, 26, 35, 27, 34, 26, 25, 25, 26, 25, 26, 21, 6, 21, 6, 21, 6, 21, 25, 26, 25, 27, 27, 28, 25, 26, 7, 21, 6, 6, 6, 21, 6, 21, 6, 21, 6, 21, 6, 18, 20, 26, 27, 35, 26, 34, 28, 25, 28, 13, 25, 26, 21, 6, 21, 6, 21, 6, 21, 6, 21, 25, 27, 26, 27, 26, 28, 27, 28, 25, 26, 7, 21, 6, 6, 6, 21, 6, 21, 6, 21, 6, 21, 6, 18, 20, 26, 35, 27, 26, 34, 28, 25, 28, 13, 25, 26, 21, 6, 21, 6, 21, 6, 21, 6, 21, 25, 27, 26, 27, 26, 28, 27, 28, 25, 26, 7, 21, 6, 6, 6, 21, 6, 21, 6, 21, 6, 21, 6, 18, 20, 26, 27, 35, 34, 26, 28, 25, 28, 13, 25, 26, 21, 6, 21, 6, 21, 6, 21, 6, 21, 25, 27, 26, 27, 26, 28, 27, 28, 25, 26, 7, 21, 6, 6, 6, 21, 6, 21, 6, 21, 6, 21, 6, 18, 20, 26, 35, 27, 34, 26, 28, 25, 28, 13, 25, 26, 21, 6, 21, 6, 21, 6, 21, 6, 21, 25, 27, 26, 27, 26, 28, 27, 28, 25, 26, 7, 21, 6, 21, 6, 21, 6, 21, 6, 21, 6, 21, 6, 19, 12, 26, 27, 35, 28, 28, 26, 34, 28, 26, 28, 25, 26, 21, 6, 21, 6, 21, 6, 21, 6, 21, 25, 26, 25, 27, 26, 27, 26, 28, 25, 26, 7, 21, 6, 21, 6, 21, 6, 21, 6, 21, 6, 21, 6, 19, 12, 26, 27, 35, 28, 28, 34, 26, 28, 26, 28, 25, 26, 21, 6, 21, 6, 21, 6, 21, 6, 21, 25, 26, 25, 27, 26, 27, 26, 28, 25, 26, 7, 21, 6, 21, 6, 21, 6, 21, 6, 21, 6, 21, 6, 19, 12, 26, 35, 27, 28, 28, 26, 34, 28, 26, 28, 25, 26, 21, 6, 21, 6, 21, 6, 21, 6, 21, 25, 26, 25, 27, 26, 27, 26, 28, 25, 26, 7, 21, 6, 21, 6, 21, 6, 21, 6, 21, 6, 21, 6, 19, 12, 26, 35, 27, 28, 28, 34, 26, 28, 26, 28, 25, 26, 21, 6, 21, 6, 21, 6, 21, 6, 21, 25, 26, 25, 27, 26, 27, 26, 28, 25, 26, 7, 21, 6, 21, 6, 21, 6, 21, 6, 21, 6, 21, 6, 18, 12, 25, 26, 34, 27, 35, 26, 25, 26, 26, 28, 25, 26, 21, 6, 21, 6, 21, 6, 21, 6, 21, 25, 26, 26, 27, 26, 28, 27, 28, 25, 26, 7, 21, 6, 21, 6, 21, 6, 21, 6, 21, 6, 21, 6, 18, 12, 25, 34, 26, 27, 35, 26, 25, 26, 26, 28, 25, 26, 21, 6, 21, 6, 21, 6, 21, 6, 21, 25, 26, 26, 27, 26, 28, 27, 28, 25, 26, 7, 21, 6, 21, 6, 21, 6, 21, 6, 21, 6, 21, 6, 18, 12, 25, 26, 34, 35, 27, 26, 25, 26, 26, 28, 25, 26, 21, 6, 21, 6, 21, 6, 21, 6, 21, 25, 26, 26, 27, 26, 28, 27, 28, 25, 26, 7, 21, 6, 21, 6, 21, 6, 21, 6, 21, 6, 21, 6, 18, 12, 25, 34, 26, 35, 27, 26, 25, 26, 26, 28, 25, 26, 21, 6, 21, 6, 21, 6, 21, 6, 21, 25, 26, 26, 27, 26, 28, 27, 28, 25, 26, 7, 21, 6, 21, 6, 21, 6, 21, 6, 21, 6, 20, 34, 27, 35, 26, 25, 26, 26, 28, 25, 26, 21, 6, 21, 6, 21, 6, 21, 26, 27, 26, 28, 27, 28, 25, 26, 7, 21, 6, 21, 6, 21, 6, 21, 6, 21, 6, 20, 26, 27, 35, 34, 25, 26, 26, 28, 25, 26, 21, 6, 21, 6, 21, 6, 21, 26, 27, 26, 28, 27, 28, 25, 26, 7, 21, 6, 21, 6, 21, 6, 21, 6, 21, 6, 20, 34, 35, 27, 26, 25, 26, 26, 28, 25, 26, 21, 6, 21, 6, 21, 6, 21, 26, 27, 26, 28, 27, 28, 25, 26, 7, 21, 6, 21, 6, 21, 6, 21, 6, 21, 6, 20, 26, 35, 27, 34, 25, 26, 26, 28, 25, 26, 21, 6, 21, 6, 21, 6, 21, 26, 27, 26, 28, 27, 28, 25, 26]"
"[5, 5, 7, 6, 23, 15, 22, 21, 42, 43, 21, 27, 28, 7, 6, 20, 19, 21, 6, 21, 21, 6, 21, 21, 25, 42, 25, 28, 43, 25, 26, 27, 21, 6, 21, 6, 21, 6, 21, 25, 27, 26, 27, 26, 28, 27, 28, 7, 6, 17, 14, 21, 6, 22, 21, 42, 43, 25, 26, 21, 6, 21, 25, 27, 26, 28]","[5, 4, 4, 5, 5, 4, 4, 5, 5, 4, 4, 7, 23, 21, 6, 21, 6, 15, 34, 27, 35, 26, 21, 27, 28, 7, 21, 6, 21, 6, 15, 26, 27, 35, 34, 21, 27, 28, 7, 21, 6, 21, 6, 15, 34, 35, 27, 26, 21, 27, 28, 7, 21, 6, 21, 6, 15, 26, 35, 27, 34, 21, 27, 28, 7, 21, 6, 21, 6, 21, 6, 21, 6, 21, 6, 20, 19, 25, 26, 34, 25, 28, 27, 35, 25, 26, 27, 21, 6, 21, 6, 21, 6, 21, 25, 27, 26, 27, 26, 28, 27, 28, 7, 21, 6, 21, 6, 21, 6, 21, 6, 21, 6, 20, 19, 25, 26, 34, 25, 28, 35, 27, 25, 26, 27, 21, 6, 21, 6, 21, 6, 21, 25, 27, 26, 27, 26, 28, 27, 28, 7, 21, 6, 21, 6, 21, 6, 21, 6, 21, 6, 20, 19, 25, 34, 26, 25, 28, 27, 35, 25, 26, 27, 21, 6, 21, 6, 21, 6, 21, 25, 27, 26, 27, 26, 28, 27, 28, 7, 21, 6, 21, 6, 21, 6, 21, 6, 21, 6, 20, 19, 25, 34, 26, 25, 28, 35, 27, 25, 26, 27, 21, 6, 21, 6, 21, 6, 21, 25, 27, 26, 27, 26, 28, 27, 28, 7, 21, 6, 21, 6, 21, 6, 17, 14, 34, 27, 35, 26, 25, 26, 21, 6, 21, 25, 27, 26, 28, 7, 21, 6, 21, 6, 21, 6, 17, 14, 26, 27, 35, 34, 25, 26, 21, 6, 21, 25, 27, 26, 28, 7, 21, 6, 21, 6, 21, 6, 17, 14, 34, 35, 27, 26, 25, 26, 21, 6, 21, 25, 27, 26, 28, 7, 21, 6, 21, 6, 21, 6, 17, 14, 26, 35, 27, 34, 26, 25, 21, 6, 21, 25, 27, 26, 28]"
"[7, 6, 14, 21, 21, 21, 27, 42, 43, 26, 21, 6, 21, 25, 26, 26, 27]","[4, 4, 4, 4, 5, 5, 5, 5, 5, 5, 5, 5, 4, 4, 4, 7, 21, 6, 21, 6, 21, 6, 21, 6, 21, 6, 14, 27, 26, 34, 27, 35, 26, 28, 27, 27, 26, 6, 6, 21, 6, 21, 25, 26, 26, 27, 4, 21, 28, 27, 21, 25, 26, 4, 21, 27, 26, 21, 25, 28, 7, 21, 6, 21, 6, 21, 6, 21, 6, 21, 6, 14, 27, 26, 34, 27, 35, 26, 28, 27, 25, 28, 6, 6, 21, 6, 21, 25, 26, 26, 27, 4, 21, 28, 27, 21, 25, 26, 4, 21, 27, 26, 21, 25, 28, 7, 21, 6, 21, 6, 21, 6, 21, 6, 21, 6, 14, 27, 26, 34, 27, 35, 26, 25, 26, 27, 26, 6, 6, 21, 6, 21, 25, 26, 26, 27, 4, 21, 28, 27, 21, 25, 26, 4, 21, 27, 26, 21, 25, 28, 7, 21, 6, 21, 6, 21, 6, 21, 6, 21, 6, 14, 27, 26, 34, 27, 35, 26, 25, 26, 25, 28, 6, 6, 21, 6, 21, 25, 26, 26, 27, 4, 21, 28, 27, 21, 25, 26, 4, 21, 27, 26, 21, 25, 28, 7, 21, 6, 21, 6, 21, 6, 21, 6, 21, 6, 14, 27, 34, 26, 27, 35, 26, 28, 27, 27, 26, 6, 6, 21, 6, 21, 25, 26, 26, 27, 4, 21, 28, 27, 21, 25, 26, 4, 21, 27, 26, 21, 25, 28, 7, 21, 6, 21, 6, 21, 6, 21, 6, 21, 6, 14, 27, 34, 26, 27, 35, 26, 28, 27, 25, 28, 6, 6, 21, 6, 21, 25, 26, 26, 27, 4, 21, 28, 27, 21, 25, 26, 4, 21, 27, 26, 21, 25, 28, 7, 21, 6, 21, 6, 21, 6, 21, 6, 21, 6, 14, 27, 34, 26, 27, 35, 26, 25, 26, 27, 26, 6, 6, 21, 6, 21, 25, 26, 26, 27, 4, 21, 28, 27, 21, 25, 26, 4, 21, 27, 26, 21, 25, 28, 7, 21, 6, 21, 6, 21, 6, 21, 6, 21, 6, 14, 27, 34, 26, 27, 35, 26, 25, 26, 25, 28, 6, 6, 21, 6, 21, 25, 26, 26, 27, 4, 21, 28, 27, 21, 25, 26, 4, 21, 27, 26, 21, 25, 28, 7, 21, 6, 21, 6, 21, 6, 21, 6, 21, 6, 14, 27, 26, 34, 35, 27, 26, 28, 27, 27, 26, 6, 6, 21, 6, 21, 25, 26, 26, 27, 4, 21, 28, 27, 21, 25, 26, 4, 21, 27, 26, 21, 25, 28, 7, 21, 6, 21, 6, 21, 6, 21, 6, 21, 6, 14, 27, 26, 34, 35, 27, 26, 28, 27, 25, 28, 6, 6, 21, 6, 21, 25, 26, 26, 27, 4, 21, 28, 27, 21, 25, 26, 4, 21, 27, 26, 21, 25, 28, 7, 21, 6, 21, 6, 21, 6, 21, 6, 21, 6, 14, 27, 26, 34, 35, 27, 26, 25, 26, 27, 26, 6, 6, 21, 6, 21, 25, 26, 26, 27, 4, 21, 28, 27, 21, 25, 26, 4, 21, 27, 26, 21, 25, 28, 7, 21, 6, 21, 6, 21, 6, 21, 6, 21, 6, 14, 27, 26, 34, 35, 27, 26, 25, 26, 25, 28, 6, 6, 21, 6, 21, 25, 26, 26, 27, 4, 21, 28, 27, 21, 25, 26, 4, 21, 27, 26, 21, 25, 28, 7, 21, 6, 21, 6, 21, 6, 21, 6, 21, 6, 14, 27, 34, 26, 35, 27, 26, 28, 27, 27, 26, 6, 6, 21, 6, 21, 25, 26, 27, 26, 4, 21, 28, 27, 21, 25, 26, 4, 21, 27, 26, 21, 25, 28, 7, 21, 6, 21, 6, 21, 6, 21, 6, 21, 6, 14, 27, 34, 26, 35, 27, 26, 28, 27, 25, 28, 6, 6, 21, 6, 21, 25, 26, 27, 26, 4, 21, 28, 27, 21, 25, 26, 4, 21, 27, 26, 21, 25, 28, 7, 21, 6, 21, 6, 21, 6, 21, 6, 21, 6, 14, 27, 34, 26, 35, 27, 26, 25, 26, 27, 26, 6, 6, 21, 6, 21, 25, 26, 27, 26, 4, 21, 28, 27, 21, 25, 26, 4, 21, 27, 26, 21, 25, 28, 7, 21, 6, 21, 6, 21, 6, 21, 6, 21, 6, 14, 27, 34, 26, 35, 27, 26, 25, 26, 25, 28, 6, 6, 21, 6, 21, 25, 26, 27, 26, 4, 21, 28, 27, 21, 25, 26, 4, 21, 27, 26, 21, 25, 28]"
"[4, 4, 4, 4, 7, 21, 6, 21, 21, 6, 21, 21, 26, 43, 26, 28, 42, 25, 26, 27, 21, 6, 21, 6, 21, 6, 21, 25, 26, 25, 27, 26, 28, 27, 28, 7, 22, 21, 42, 43, 21, 25, 27, 7, 22, 21, 42, 43, 21, 25, 27, 7, 21, 21, 21, 28, 43, 42, 28, 21, 6, 21, 26, 27, 26, 28, 7, 22, 21, 42, 43, 21, 27, 28]","[4, 5, 5, 4, 4, 5, 5, 4, 4, 5, 5, 4, 4, 5, 5, 4, 4, 5, 4, 4, 4, 5, 7, 21, 6, 21, 6, 21, 6, 21, 6, 21, 26, 27, 35, 26, 28, 26, 34, 25, 26, 27, 21, 6, 21, 6, 21, 6, 21, 25, 26, 25, 27, 26, 28, 27, 28, 7, 21, 6, 21, 6, 21, 6, 21, 6, 21, 26, 27, 35, 26, 28, 34, 26, 25, 26, 27, 21, 6, 21, 6, 21, 6, 21, 25, 26, 25, 27, 26, 28, 27, 28, 7, 21, 6, 21, 6, 21, 6, 21, 6, 21, 26, 35, 27, 26, 25, 26, 34, 25, 26, 27, 21, 6, 21, 6, 6, 21, 25, 26, 23, 4, 4, 21, 26, 27, 21, 27, 27, 21, 28, 27, 26, 28, 27, 28, 7, 21, 6, 21, 6, 21, 6, 21, 6, 21, 26, 35, 27, 26, 26, 26, 34, 25, 26, 27, 21, 6, 21, 6, 21, 6, 21, 25, 26, 25, 27, 26, 28, 27, 28, 7, 21, 6, 21, 6, 21, 6, 21, 6, 21, 26, 35, 27, 26, 27, 26, 34, 25, 26, 27, 21, 6, 21, 6, 21, 6, 5, 21, 27, 28, 21, 26, 28, 26, 28, 25, 26, 25, 27, 7, 21, 6, 21, 6, 21, 6, 21, 6, 21, 26, 35, 27, 26, 27, 26, 34, 25, 26, 27, 21, 6, 21, 6, 21, 6, 5, 21, 27, 28, 21, 26, 28, 27, 28, 25, 26, 25, 27, 7, 21, 6, 21, 6, 21, 6, 21, 6, 21, 26, 35, 27, 26, 28, 34, 26, 25, 26, 27, 21, 6, 21, 6, 21, 6, 21, 25, 26, 25, 27, 26, 28, 27, 28, 7, 21, 6, 21, 34, 27, 35, 26, 21, 25, 27, 7, 21, 6, 21, 26, 27, 35, 34, 21, 25, 27, 7, 21, 6, 21, 34, 35, 26, 27, 21, 25, 27, 7, 21, 6, 21, 26, 35, 27, 34, 21, 25, 27, 7, 21, 6, 21, 34, 27, 35, 26, 21, 25, 27, 7, 21, 6, 21, 26, 27, 35, 34, 21, 25, 27, 7, 21, 6, 21, 34, 35, 27, 26, 21, 25, 27, 7, 21, 6, 21, 26, 35, 27, 34, 21, 25, 27, 7, 21, 6, 21, 6, 21, 28, 27, 35, 26, 34, 28, 21, 6, 21, 26, 27, 26, 28, 7, 21, 6, 21, 6, 21, 28, 35, 27, 26, 34, 28, 21, 6, 21, 26, 27, 26, 28, 7, 21, 6, 21, 6, 21, 28, 27, 35, 34, 26, 28, 21, 6, 21, 26, 27, 26, 28, 7, 21, 6, 21, 6, 21, 28, 35, 27, 34, 26, 28, 21, 6, 21, 26, 27, 26, 28, 7, 21, 6, 21, 34, 27, 35, 26, 21, 27, 28, 7, 21, 6, 21, 26, 27, 35, 34, 21, 27, 28, 7, 21, 6, 21, 34, 35, 27, 26, 21, 27, 28, 7, 21, 6, 21, 26, 35, 27, 34, 21, 27, 28]"
"[4, 7, 6, 14, 22, 21, 42, 43, 21, 27, 28, 7, 6, 16, 19, 22, 21, 42, 43, 21, 26, 27]","[4, 5, 5, 4, 4, 5, 5, 7, 21, 6, 21, 6, 21, 6, 14, 34, 27, 35, 26, 26, 28, 21, 6, 21, 27, 28, 26, 28, 7, 21, 6, 21, 6, 21, 6, 14, 27, 26, 35, 34, 26, 28, 21, 6, 21, 27, 28, 26, 28, 7, 21, 6, 21, 6, 21, 6, 14, 34, 35, 27, 26, 26, 28, 21, 6, 21, 27, 28, 26, 28, 7, 21, 6, 21, 6, 21, 6, 14, 26, 35, 27, 34, 26, 28, 21, 6, 21, 27, 28, 26, 28, 7, 21, 6, 21, 6, 21, 6, 16, 19, 34, 27, 35, 26, 26, 28, 21, 6, 21, 26, 27, 26, 28, 7, 21, 6, 21, 6, 21, 6, 16, 19, 26, 27, 35, 34, 26, 28, 21, 6, 21, 26, 27, 26, 28, 7, 21, 6, 21, 6, 21, 6, 16, 19, 34, 35, 27, 26, 26, 28, 21, 6, 21, 26, 27, 26, 28, 7, 21, 6, 21, 6, 21, 6, 16, 19, 26, 35, 27, 34, 26, 28, 21, 6, 21, 26, 27, 26, 28]"
"[4, 7, 21, 6, 21, 21, 21, 27, 42, 43, 26, 25, 27, 21, 6, 21, 6, 21, 25, 26, 26, 27, 27, 28, 7, 21, 21, 21, 25, 42, 43, 25, 21, 6, 21, 26, 28, 27, 28]","[4, 5, 5, 4, 4, 5, 5, 7, 21, 6, 21, 6, 21, 6, 21, 27, 26, 34, 27, 35, 26, 27, 25, 21, 6, 21, 6, 21, 25, 26, 26, 27, 27, 28, 7, 21, 6, 21, 6, 21, 6, 21, 27, 34, 27, 26, 35, 26, 25, 27, 21, 6, 21, 6, 21, 25, 26, 26, 27, 27, 28, 7, 21, 6, 21, 6, 21, 6, 21, 27, 26, 34, 35, 27, 26, 25, 27, 21, 6, 21, 6, 21, 25, 26, 26, 27, 27, 28, 7, 21, 6, 21, 6, 21, 6, 21, 27, 34, 26, 35, 27, 26, 25, 27, 21, 6, 21, 6, 21, 25, 26, 26, 27, 27, 28, 7, 21, 6, 21, 6, 21, 25, 26, 34, 27, 35, 25, 21, 6, 21, 26, 28, 27, 28, 7, 21, 6, 21, 6, 21, 25, 34, 26, 27, 35, 25, 21, 6, 21, 26, 28, 27, 28, 7, 21, 6, 21, 6, 21, 25, 26, 34, 35, 27, 25, 21, 6, 21, 26, 28, 27, 28, 7, 21, 6, 21, 6, 21, 25, 34, 26, 35, 27, 25, 21, 6, 21, 26, 28, 27, 28]"
"[4, 4, 7, 6, 23, 13, 6, 21, 21, 6, 21, 21, 25, 43, 26, 27, 42, 25, 8, 21, 26, 28, 13, 21, 6, 21, 6, 21, 6, 21, 6, 21, 25, 26, 25, 27, 26, 27, 26, 28, 27, 28, 7, 6, 15, 12, 22, 21, 42, 43, 21, 25, 26, 7, 6, 19, 17, 21, 21, 21, 28, 42, 43, 25, 21, 6, 21, 25, 27, 26, 28]","[4, 5, 5, 4, 4, 5, 5, 4, 5, 4, 4, 7, 23, 21, 6, 21, 6, 6, 6, 21, 6, 21, 6, 21, 6, 21, 6, 21, 6, 13, 25, 27, 35, 26, 27, 26, 34, 25, 26, 28, 13, 27, 26, 26, 27, 21, 6, 21, 6, 21, 6, 21, 6, 21, 6, 21, 6, 21, 25, 26, 25, 27, 26, 27, 26, 28, 27, 28, 27, 26, 26, 27, 7, 21, 6, 21, 6, 6, 6, 21, 6, 21, 6, 21, 6, 21, 6, 21, 6, 13, 25, 27, 35, 26, 27, 34, 26, 25, 26, 28, 13, 27, 26, 26, 27, 21, 6, 21, 6, 21, 6, 21, 6, 21, 6, 21, 6, 21, 25, 26, 25, 27, 26, 27, 26, 28, 27, 28, 27, 26, 26, 27, 7, 21, 6, 21, 6, 6, 6, 21, 6, 21, 6, 21, 6, 21, 6, 21, 6, 13, 25, 35, 27, 26, 27, 26, 34, 25, 26, 28, 13, 27, 26, 26, 27, 21, 6, 21, 6, 21, 6, 21, 6, 21, 6, 21, 6, 21, 25, 26, 25, 27, 26, 27, 26, 28, 27, 28, 27, 26, 26, 27, 7, 21, 6, 21, 6, 6, 6, 21, 6, 21, 6, 21, 6, 21, 6, 21, 6, 13, 25, 35, 27, 26, 27, 34, 26, 25, 26, 28, 13, 27, 26, 26, 27, 21, 6, 21, 6, 21, 6, 21, 6, 21, 6, 21, 6, 21, 25, 26, 25, 27, 26, 27, 26, 28, 27, 28, 27, 26, 26, 27, 7, 21, 6, 21, 6, 21, 6, 21, 6, 15, 12, 34, 27, 35, 26, 27, 26, 26, 27, 21, 6, 21, 6, 21, 25, 26, 27, 26, 26, 27, 7, 21, 6, 21, 6, 21, 6, 21, 6, 15, 12, 26, 27, 35, 34, 27, 26, 26, 27, 21, 6, 21, 6, 21, 25, 26, 27, 26, 26, 27, 7, 21, 6, 21, 6, 21, 6, 21, 6, 15, 12, 34, 35, 27, 26, 27, 26, 26, 27, 21, 6, 21, 6, 21, 25, 26, 27, 26, 26, 27, 7, 21, 6, 21, 6, 21, 6, 21, 6, 15, 12, 26, 35, 27, 34, 27, 26, 26, 27, 21, 6, 21, 6, 21, 25, 26, 27, 26, 26, 27, 7, 21, 6, 21, 6, 21, 6, 21, 6, 21, 6, 19, 17, 28, 26, 34, 27, 35, 25, 27, 26, 26, 27, 21, 6, 21, 6, 21, 6, 21, 25, 27, 26, 28, 27, 26, 26, 27, 7, 21, 6, 21, 6, 21, 6, 21, 6, 21, 6, 19, 17, 28, 34, 26, 27, 35, 25, 27, 26, 26, 27, 21, 6, 21, 6, 21, 6, 21, 25, 27, 26, 28, 27, 26, 26, 27, 7, 21, 6, 21, 6, 21, 6, 21, 6, 21, 6, 19, 17, 28, 26, 34, 35, 27, 25, 27, 26, 26, 27, 21, 6, 21, 6, 21, 6, 21, 25, 27, 26, 28, 27, 26, 26, 27, 7, 21, 6, 21, 6, 21, 6, 21, 6, 21, 6, 19, 17, 28, 34, 26, 35, 27, 25, 27, 26, 27, 26, 21, 6, 21, 6, 21, 6, 21, 25, 27, 26, 28, 27, 26, 26, 27]"
"[5, 7, 6, 16, 21, 6, 21, 21, 21, 28, 43, 42, 27, 25, 28, 21, 6, 21, 6, 21, 25, 27, 26, 27, 26, 28, 7, 6, 15, 11, 21, 21, 21, 27, 42, 43, 26, 21, 6, 21, 25, 26, 26, 27]","[5, 4, 4, 5, 4, 5, 5, 5, 5, 7, 23, 21, 6, 21, 6, 21, 6, 21, 6, 21, 6, 16, 28, 27, 35, 26, 34, 25, 25, 28, 25, 28, 21, 6, 21, 6, 21, 6, 21, 25, 27, 26, 27, 26, 28, 25, 28, 7, 21, 6, 21, 6, 21, 6, 21, 6, 21, 6, 16, 28, 27, 35, 26, 34, 26, 25, 28, 25, 28, 21, 6, 21, 6, 21, 6, 21, 25, 27, 26, 27, 26, 28, 25, 28, 7, 21, 6, 21, 6, 21, 6, 21, 6, 21, 6, 16, 28, 27, 35, 26, 34, 28, 25, 28, 25, 28, 21, 6, 21, 6, 21, 6, 21, 25, 27, 26, 27, 26, 28, 25, 28, 7, 21, 6, 21, 6, 21, 6, 21, 6, 21, 6, 16, 28, 35, 27, 26, 34, 27, 25, 28, 25, 28, 21, 6, 21, 6, 21, 6, 21, 25, 27, 26, 27, 26, 28, 25, 28, 7, 21, 6, 21, 6, 21, 6, 21, 6, 21, 6, 16, 28, 27, 35, 34, 26, 27, 25, 28, 25, 28, 21, 6, 21, 6, 21, 6, 21, 25, 27, 26, 27, 26, 28, 25, 28, 7, 21, 6, 21, 6, 21, 6, 21, 6, 21, 6, 16, 28, 35, 27, 34, 26, 27, 25, 28, 25, 28, 21, 6, 21, 6, 21, 6, 21, 25, 27, 26, 27, 26, 28, 25, 28, 7, 21, 6, 21, 6, 21, 6, 21, 6, 15, 11, 27, 26, 34, 27, 35, 26, 25, 28, 21, 6, 21, 6, 21, 25, 26, 26, 27, 25, 28, 7, 21, 6, 21, 6, 21, 6, 21, 6, 15, 11, 27, 34, 26, 27, 35, 26, 25, 28, 21, 6, 21, 6, 21, 25, 26, 26, 27, 25, 28, 7, 21, 6, 21, 6, 21, 6, 21, 6, 15, 11, 27, 26, 34, 35, 27, 26, 25, 28, 21, 6, 21, 6, 21, 25, 26, 26, 27, 25, 28, 7, 21, 6, 21, 6, 21, 6, 21, 6, 15, 11, 27, 34, 26, 35, 27, 26, 25, 28, 21, 6, 21, 6, 21, 25, 26, 26, 27, 25, 28]"
