simple,scrambled
2*(p_1 · F_3 · p_2*p_4 · F_2 · p_3)/(p_1 · p_3*(p_2 · p_4)^2*p_3 · p_4),(2*p_1 · p_3*e_3 · p_2*p_4 · p_2*e_2 · p_3)/(p_1 · p_3*p_2 · p_4**2*p_3 · p_4) - (2*p_1 · p_3*p_2 · e_3*p_4 · e_2*p_2 · p_3)/(p_1 · p_3*p_2 · p_4**2*p_3 · p_4) - (2*p_1 · e_3*p_3 · p_2*p_4 · p_2*e_2 · p_3)/(p_1 · p_3*p_2 · p_4**2*p_3 · p_4) + (2*p_1 · e_3*p_3 · p_2*p_4 · e_2*p_2 · p_3)/(p_1 · p_3*p_2 · p_4**2*p_3 · p_4)
-6*(p_1 · F_2 · F_3 · p_4*p_1 · p_4)/((p_1 · p_2)^2*p_1 · p_3*p_2 · p_3) - 69*(p_4 · F_3 · F_2 · p_1*p_1 · p_2*p_1 · p_3)/(p_1 · p_2*p_2 · p_3*p_2 · p_4*p_3 · p_4),-(6*p_1 · p_2*e_2 · p_3*e_3 · p_4*p_1 · p_4*p_3 · p_4*p_1 · p_4)/((p_1 · p_2**2*p_1 · p_3*p_2 · p_3*((p_3 · p_4 + p_2 · p_1))*p_1 · p_4)) - (6*p_1 · p_2*e_2 · p_3*e_3 · p_4*p_1 · p_4*p_2 · p_1*p_1 · p_4)/((p_1 · p_2**2*p_1 · p_3*p_2 · p_3*((p_3 · p_4 + p_2 · p_1))*p_1 · p_4)) + (6*p_1 · e_2*p_2 · p_3*e_3 · p_4*p_1 · p_4*p_3 · p_4*p_1 · p_4)/((p_1 · p_2**2*p_1 · p_3*p_2 · p_3*((p_3 · p_4 + p_2 · p_1))*p_1 · p_4)) + (6*p_1 · e_2*p_2 · p_3*e_3 · p_4*p_1 · p_4*p_2 · p_1*p_1 · p_4)/((p_1 · p_2**2*p_1 · p_3*p_2 · p_3*((p_3 · p_4 + p_2 · p_1))*p_1 · p_4)) + (6*p_1 · p_2*e_2 · e_3*p_3 · p_4*p_1 · p_4*p_3 · p_4*p_1 · p_4)/((p_1 · p_2**2*p_1 · p_3*p_2 · p_3*((p_3 · p_4 + p_2 · p_1))*p_1 · p_4)) + (6*p_1 · p_2*e_2 · e_3*p_3 · p_4*p_1 · p_4*p_2 · p_1*p_1 · p_4)/((p_1 · p_2**2*p_1 · p_3*p_2 · p_3*((p_3 · p_4 + p_2 · p_1))*p_1 · p_4)) - (6*p_1 · e_2*p_2 · e_3*p_3 · p_4*p_1 · p_4*p_3 · p_4*p_1 · p_4)/((p_1 · p_2**2*p_1 · p_3*p_2 · p_3*((p_3 · p_4 + p_2 · p_1))*p_1 · p_4)) - (6*p_1 · e_2*p_2 · e_3*p_3 · p_4*p_1 · p_4*p_2 · p_1*p_1 · p_4)/((p_1 · p_2**2*p_1 · p_3*p_2 · p_3*((p_3 · p_4 + p_2 · p_1))*p_1 · p_4)) + (69*p_4 · p_3*e_3 · p_2*e_2 · p_1*p_1 · p_2*p_2 · p_3*p_3 · p_4*p_1 · p_4)/((p_1 · p_2*p_2 · p_3*p_2 · p_4*p_3 · p_4*((p_3 · p_4 + p_2 · p_1))*p_1 · p_4)) + (69*p_4 · p_3*e_3 · p_2*e_2 · p_1*p_1 · p_2*p_3 · p_3*p_3 · p_4*p_1 · p_4)/((p_1 · p_2*p_2 · p_3*p_2 · p_4*p_3 · p_4*((p_3 · p_4 + p_2 · p_1))*p_1 · p_4)) + (69*p_4 · p_3*e_3 · p_2*e_2 · p_1*p_1 · p_2*p_4 · p_3*p_3 · p_4*p_1 · p_4)/((p_1 · p_2*p_2 · p_3*p_2 · p_4*p_3 · p_4*((p_3 · p_4 + p_2 · p_1))*p_1 · p_4)) - (69*p_4 · p_3*e_3 · p_2*e_2 · p_1*p_1 · p_2*p_1 · p_3*p_2 · p_1*p_1 · p_4)/((p_1 · p_2*p_2 · p_3*p_2 · p_4*p_3 · p_4*((p_3 · p_4 + p_2 · p_1))*p_1 · p_4)) + (69*p_4 · e_3*p_3 · p_2*e_2 · p_1*p_1 · p_2*p_1 · p_3*p_3 · p_4*p_1 · p_4)/((p_1 · p_2*p_2 · p_3*p_2 · p_4*p_3 · p_4*((p_3 · p_4 + p_2 · p_1))*p_1 · p_4)) + (69*p_4 · e_3*p_3 · p_2*e_2 · p_1*p_1 · p_2*p_1 · p_3*p_2 · p_1*p_1 · p_4)/((p_1 · p_2*p_2 · p_3*p_2 · p_4*p_3 · p_4*((p_3 · p_4 + p_2 · p_1))*p_1 · p_4)) + (69*p_4 · p_3*e_3 · e_2*p_2 · p_1*p_1 · p_2*p_1 · p_3*p_3 · p_4*p_1 · p_4)/((p_1 · p_2*p_2 · p_3*p_2 · p_4*p_3 · p_4*((p_3 · p_4 + p_2 · p_1))*p_1 · p_4)) + (69*p_4 · p_3*e_3 · e_2*p_2 · p_1*p_1 · p_2*p_1 · p_3*p_2 · p_1*p_1 · p_4)/((p_1 · p_2*p_2 · p_3*p_2 · p_4*p_3 · p_4*((p_3 · p_4 + p_2 · p_1))*p_1 · p_4)) - (69*p_4 · e_3*p_3 · e_2*p_2 · p_1*p_1 · p_2*p_1 · p_3*p_3 · p_4*p_1 · p_4)/((((p_3 · p_4 - p_2 · p_4))*p_2 · p_4*p_1 · p_2*p_2 · p_3*((p_3 · p_4 + p_2 · p_1))*p_1 · p_4)) - (69*p_4 · e_3*p_3 · e_2*p_2 · p_1*p_1 · p_2*p_1 · p_3*p_2 · p_1*p_1 · p_4)/((((p_3 · p_4 - p_2 · p_4))*p_2 · p_4*p_1 · p_2*p_2 · p_3*((p_3 · p_4 + p_2 · p_1))*p_1 · p_4)) + (69*p_4 · e_3*p_3 · e_2*p_2 · p_1*p_1 · p_2*p_1 · p_3*p_3 · p_4*p_1 · p_4)/((((p_3 · p_4 - p_2 · p_4))*p_3 · p_4*p_1 · p_2*p_2 · p_3*((p_3 · p_4 + p_2 · p_1))*p_1 · p_4)) + (69*p_4 · e_3*p_3 · e_2*p_2 · p_1*p_1 · p_2*p_1 · p_3*p_2 · p_1*p_1 · p_4)/((((p_3 · p_4 - p_2 · p_4))*p_3 · p_4*p_1 · p_2*p_2 · p_3*((p_3 · p_4 + p_2 · p_1))*p_1 · p_4))
3*(p_1 · F_3 · F_2 · p_4*p_2 · p_4*p_3 · p_4)/(p_1 · p_2*p_2 · p_3*p_2 · p_4*p_3 · p_4) - 14*(p_4 · F_2 · p_3*p_4 · F_3 · p_2*p_1 · p_3)/(p_1 · p_2*p_1 · p_3*p_2 · p_3*p_3 · p_4),(3*p_1 · p_3*e_3 · p_2*e_2 · p_4*p_2 · p_4*p_3 · p_4*p_2 · p_3*p_2 · p_3)/((p_1 · p_2*p_2 · p_3*p_2 · p_4*p_3 · p_4*((p_2 · p_3 + p_1 · p_4))*p_2 · p_3)) + (3*p_1 · p_3*e_3 · p_2*e_2 · p_4*p_2 · p_4*p_3 · p_4*p_1 · p_4*p_2 · p_3)/((p_1 · p_2*p_2 · p_3*p_2 · p_4*p_3 · p_4*((p_2 · p_3 + p_1 · p_4))*p_2 · p_3)) - (3*p_1 · e_3*p_3 · p_2*e_2 · p_4*p_2 · p_4*p_3 · p_4*p_2 · p_3*p_2 · p_3)/((p_1 · p_2*p_2 · p_3*p_2 · p_4*p_3 · p_4*((p_2 · p_3 + p_1 · p_4))*p_2 · p_3)) - (3*p_1 · e_3*p_3 · p_2*e_2 · p_4*p_2 · p_4*p_3 · p_4*p_1 · p_4*p_2 · p_3)/((p_1 · p_2*p_2 · p_3*p_2 · p_4*p_3 · p_4*((p_2 · p_3 + p_1 · p_4))*p_2 · p_3)) - (3*p_1 · p_3*e_3 · e_2*p_2 · p_4*p_2 · p_4*p_3 · p_4*p_2 · p_3*p_2 · p_3)/((p_1 · p_2*p_2 · p_3*p_2 · p_4*p_3 · p_4*((p_2 · p_3 + p_1 · p_4))*p_2 · p_3)) - (3*p_1 · p_3*e_3 · e_2*p_2 · p_4*p_2 · p_4*p_3 · p_4*p_1 · p_4*p_2 · p_3)/((p_1 · p_2*p_2 · p_3*p_2 · p_4*p_3 · p_4*((p_2 · p_3 + p_1 · p_4))*p_2 · p_3)) + (3*p_1 · e_3*p_3 · e_2*p_2 · p_4*p_2 · p_4*p_3 · p_4*p_2 · p_3*p_2 · p_3)/((p_1 · p_2*p_2 · p_3*p_2 · p_4*p_3 · p_4*((p_2 · p_3 + p_1 · p_4))*p_2 · p_3)) + (3*p_1 · e_3*p_3 · e_2*p_2 · p_4*p_2 · p_4*p_3 · p_4*p_1 · p_4*p_2 · p_3)/((p_1 · p_2*p_2 · p_3*p_2 · p_4*p_3 · p_4*((p_2 · p_3 + p_1 · p_4))*p_2 · p_3)) - (14*p_4 · p_2*e_2 · p_3*p_4 · p_3*e_3 · p_2*p_1 · p_3*p_2 · p_3*p_2 · p_3)/((p_1 · p_2*p_1 · p_3*p_2 · p_3*p_3 · p_4*((p_2 · p_3 + p_1 · p_4))*p_2 · p_3)) - (14*p_4 · p_2*e_2 · p_3*p_4 · p_3*e_3 · p_2*p_1 · p_3*p_1 · p_4*p_2 · p_3)/((p_1 · p_2*p_1 · p_3*p_2 · p_3*p_3 · p_4*((p_2 · p_3 + p_1 · p_4))*p_2 · p_3)) + (14*p_4 · p_2*e_2 · p_3*p_4 · e_3*p_3 · p_2*p_1 · p_3*p_2 · p_3*p_2 · p_3)/((p_1 · p_2*p_1 · p_3*p_2 · p_3*p_3 · p_4*((p_2 · p_3 + p_1 · p_4))*p_2 · p_3)) + (14*p_4 · p_2*e_2 · p_3*p_4 · e_3*p_3 · p_2*p_1 · p_3*p_1 · p_4*p_2 · p_3)/((p_1 · p_2*p_1 · p_3*p_2 · p_3*p_3 · p_4*((p_2 · p_3 + p_1 · p_4))*p_2 · p_3)) + (14*p_4 · e_2*p_2 · p_3*p_4 · p_3*e_3 · p_2*p_1 · p_3*p_2 · p_3*p_2 · p_3)/((p_1 · p_2*p_1 · p_3*p_2 · p_3*p_3 · p_4*((p_2 · p_3 + p_1 · p_4))*p_2 · p_3)) + (14*p_4 · e_2*p_2 · p_3*p_4 · p_3*e_3 · p_2*p_1 · p_3*p_1 · p_4*p_2 · p_3)/((p_1 · p_2*p_1 · p_3*p_2 · p_3*p_3 · p_4*((p_2 · p_3 + p_1 · p_4))*p_2 · p_3)) - (14*p_4 · e_2*p_2 · p_3*p_4 · e_3*p_3 · p_2*p_1 · p_3*p_2 · p_3*p_2 · p_3)/((p_1 · p_2*p_1 · p_3*p_2 · p_3*p_3 · p_4*((p_2 · p_3 + p_1 · p_4))*p_2 · p_3)) - (14*p_4 · e_2*p_2 · p_3*p_4 · e_3*p_3 · p_2*p_1 · p_3*p_1 · p_4*p_2 · p_3)/((p_1 · p_2*p_1 · p_3*p_2 · p_3*p_3 · p_4*((p_2 · p_3 + p_1 · p_4))*p_2 · p_3))
4*(p_1 · F_3 · F_2 · p_4)/(p_1 · p_2*p_2 · p_3) - 46*(Tr(F_2 · F_3)*p_2 · p_4)/(p_2 · p_3*p_2 · p_4),(4*p_1 · p_3*e_3 · p_2*e_2 · p_4*p_1 · p_2)/(p_1 · p_2*p_2 · p_3*p_1 · p_2) - (4*p_1 · e_3*p_3 · p_2*e_2 · p_4*p_1 · p_2)/(p_1 · p_2*p_2 · p_3*p_1 · p_2) - (4*p_1 · p_3*e_3 · e_2*p_2 · p_4*p_1 · p_2)/(p_1 · p_2*p_2 · p_3*p_1 · p_2) + (4*p_1 · e_3*p_3 · e_2*p_2 · p_4*p_1 · p_2)/(p_1 · p_2*p_2 · p_3*p_1 · p_2) - (46*e_2 · p_3*e_3 · p_2*p_2 · p_4*p_1 · p_2)/(p_2 · p_3*p_2 · p_4*p_1 · p_2) + (46*p_2 · p_3*e_3 · e_2*p_2 · p_4*p_1 · p_2)/(p_2 · p_3*p_2 · p_4*p_1 · p_2) + (46*e_2 · e_3*p_3 · p_2*p_2 · p_4*p_1 · p_2)/(p_2 · p_3*p_2 · p_4*p_1 · p_2) - (46*p_2 · e_3*p_3 · e_2*p_2 · p_4*p_1 · p_2)/(p_2 · p_3*p_2 · p_4*p_1 · p_2)
9*(Tr(F_2 · F_3))/(p_2 · p_3) - 97*(p_1 · F_3 · p_4*p_3 · F_2 · p_1*p_1 · p_2*p_2 · p_3)/(p_1 · p_2*(p_1 · p_3)^2*p_2 · p_3*p_2 · p_4*p_3 · p_4),-(9*e_2 · p_1*e_3 · p_2*p_1 · p_4)/(p_2 · p_3*p_1 · p_4) - (9*e_2 · p_2*e_3 · p_2*p_1 · p_4)/(p_2 · p_3*p_1 · p_4) - (9*e_2 · p_4*e_3 · p_2*p_1 · p_4)/(p_2 · p_3*p_1 · p_4) - (9*p_2 · p_3*e_3 · e_2*p_1 · p_4)/(p_2 · p_3*p_1 · p_4) - (9*e_2 · e_3*p_3 · p_2*p_1 · p_4)/(p_2 · p_3*p_1 · p_4) + (9*p_2 · e_3*p_3 · e_2*p_1 · p_4)/(p_2 · p_3*p_1 · p_4) - (97*p_1 · p_3*e_3 · p_4*p_3 · p_2*e_2 · p_1*p_1 · p_2*p_2 · p_3*p_1 · p_4)/(p_1 · p_2*p_1 · p_3**2*p_2 · p_3*p_2 · p_4*p_3 · p_4*p_1 · p_4) + (97*p_1 · p_3*e_3 · p_4*p_3 · e_2*p_2 · p_1*p_1 · p_2*p_2 · p_3*p_1 · p_4)/(p_1 · p_2*p_1 · p_3**2*p_2 · p_3*p_2 · p_4*p_3 · p_4*p_1 · p_4) - (97*p_1 · e_3*p_3 · p_4*p_3 · p_2*e_2 · p_1*p_2 · p_2*p_2 · p_3*p_1 · p_4)/(p_1 · p_2*p_1 · p_3**2*p_2 · p_3*p_2 · p_4*p_3 · p_4*p_1 · p_4) - (97*p_1 · e_3*p_3 · p_4*p_3 · p_2*e_2 · p_1*p_3 · p_2*p_2 · p_3*p_1 · p_4)/(p_1 · p_2*p_1 · p_3**2*p_2 · p_3*p_2 · p_4*p_3 · p_4*p_1 · p_4) - (97*p_1 · e_3*p_3 · p_4*p_3 · p_2*e_2 · p_1*p_4 · p_2*p_2 · p_3*p_1 · p_4)/(p_1 · p_2*p_1 · p_3**2*p_2 · p_3*p_2 · p_4*p_3 · p_4*p_1 · p_4) - (97*p_1 · e_3*p_3 · p_4*p_3 · e_2*p_2 · p_1*p_1 · p_2*p_2 · p_3*p_1 · p_4)/(p_1 · p_2*p_1 · p_3**2*p_2 · p_3*p_2 · p_4*p_3 · p_4*p_1 · p_4)
-8*(p_1 · F_2 · F_3 · p_4*p_2 · p_3)/(p_2 · p_3*p_2 · p_4*(p_3 · p_4)^2),(8*p_1 · p_2*e_2 · p_3*e_3 · p_4*p_1 · p_3*p_3 · p_1)/((p_2 · p_3*p_2 · p_4*p_3 · p_4**2*((p_3 · p_1 + p_4 · p_2)))) + (8*p_1 · p_2*e_2 · p_3*e_3 · p_4*p_1 · p_3*p_4 · p_2)/((p_2 · p_3*p_2 · p_4*p_3 · p_4**2*((p_3 · p_1 + p_4 · p_2)))) + (8*p_1 · p_2*e_2 · p_3*e_3 · p_4*p_3 · p_3*p_3 · p_1)/((p_2 · p_3*p_2 · p_4*p_3 · p_4**2*((p_3 · p_1 + p_4 · p_2)))) + (8*p_1 · p_2*e_2 · p_3*e_3 · p_4*p_3 · p_3*p_4 · p_2)/((p_2 · p_3*p_2 · p_4*p_3 · p_4**2*((p_3 · p_1 + p_4 · p_2)))) + (8*p_1 · p_2*e_2 · p_3*e_3 · p_4*p_4 · p_3*p_3 · p_1)/((p_2 · p_3*p_2 · p_4*p_3 · p_4**2*((p_3 · p_1 + p_4 · p_2)))) + (8*p_1 · p_2*e_2 · p_3*e_3 · p_4*p_4 · p_3*p_4 · p_2)/((p_2 · p_3*p_2 · p_4*p_3 · p_4**2*((p_3 · p_1 + p_4 · p_2)))) + (8*p_1 · e_2*p_2 · p_3*e_3 · p_4*p_2 · p_3*p_3 · p_1)/((((p_2 · p_4 - p_2 · p_3))*p_2 · p_3*p_3 · p_4**2*((p_3 · p_1 + p_4 · p_2)))) + (8*p_1 · e_2*p_2 · p_3*e_3 · p_4*p_2 · p_3*p_4 · p_2)/((((p_2 · p_4 - p_2 · p_3))*p_2 · p_3*p_3 · p_4**2*((p_3 · p_1 + p_4 · p_2)))) - (8*p_1 · e_2*p_2 · p_3*e_3 · p_4*p_2 · p_3*p_3 · p_1)/((((p_2 · p_4 - p_2 · p_3))*p_2 · p_4*p_3 · p_4**2*((p_3 · p_1 + p_4 · p_2)))) - (8*p_1 · e_2*p_2 · p_3*e_3 · p_4*p_2 · p_3*p_4 · p_2)/((((p_2 · p_4 - p_2 · p_3))*p_2 · p_4*p_3 · p_4**2*((p_3 · p_1 + p_4 · p_2)))) + (8*p_1 · p_2*e_2 · e_3*p_3 · p_4*p_2 · p_3*p_3 · p_1)/((p_2 · p_3*p_2 · p_4*p_3 · p_4**2*((p_3 · p_1 + p_4 · p_2)))) + (8*p_1 · p_2*e_2 · e_3*p_3 · p_4*p_2 · p_3*p_4 · p_2)/((p_2 · p_3*p_2 · p_4*p_3 · p_4**2*((p_3 · p_1 + p_4 · p_2)))) - (8*p_1 · e_2*p_2 · e_3*p_3 · p_4*p_2 · p_3*p_3 · p_1)/((((p_2 · p_3 - -((p_1 · p_4 + p_3 · p_4 + p_4 · p_4))))*p_2 · p_4*p_3 · p_4**2*((p_3 · p_1 + p_4 · p_2)))) - (8*p_1 · e_2*p_2 · e_3*p_3 · p_4*p_2 · p_3*p_4 · p_2)/((((p_2 · p_3 - -((p_1 · p_4 + p_3 · p_4 + p_4 · p_4))))*p_2 · p_4*p_3 · p_4**2*((p_3 · p_1 + p_4 · p_2)))) + (8*p_1 · e_2*p_2 · e_3*p_3 · p_4*p_2 · p_3*p_3 · p_1)/((((p_2 · p_3 - p_2 · p_4))*p_2 · p_3*p_3 · p_4**2*((p_3 · p_1 + p_4 · p_2)))) + (8*p_1 · e_2*p_2 · e_3*p_3 · p_4*p_2 · p_3*p_4 · p_2)/((((p_2 · p_3 - p_2 · p_4))*p_2 · p_3*p_3 · p_4**2*((p_3 · p_1 + p_4 · p_2))))
-2*(p_1 · F_2 · p_4*p_4 · F_3 · p_2)/((p_1 · p_2)^2*p_2 · p_3*p_3 · p_4),(2*p_1 · p_2*e_2 · p_1*p_4 · p_3*e_3 · p_2)/(p_1 · p_2**2*p_2 · p_3*p_3 · p_4) + (2*p_1 · p_2*e_2 · p_2*p_4 · p_3*e_3 · p_2)/(p_1 · p_2**2*p_2 · p_3*p_3 · p_4) + (2*p_1 · p_2*e_2 · p_3*p_4 · p_3*e_3 · p_2)/(p_1 · p_2**2*p_2 · p_3*p_3 · p_4) + (2*p_1 · p_2*e_2 · p_4*p_4 · e_3*p_3 · p_2)/(p_1 · p_2**2*p_2 · p_3*p_3 · p_4) + (2*p_1 · e_2*p_2 · p_4*p_4 · p_3*e_3 · p_2)/(p_1 · p_2**2*p_2 · p_3*p_3 · p_4) - (2*p_1 · e_2*p_2 · p_4*p_4 · e_3*p_3 · p_2)/(p_1 · p_2**2*p_2 · p_3*p_3 · p_4)
8*(Tr(F_2 · F_3)*p_2 · p_4)/(p_2 · p_3*p_3 · p_4) - 5*(p_1 · F_3 · F_2 · p_4*p_1 · p_4)/(p_1 · p_2*(p_2 · p_3)^2*p_2 · p_4),(8*e_2 · p_3*e_3 · p_2*p_2 · p_4)/(p_2 · p_3*p_3 · p_4) - (8*p_2 · p_3*e_3 · e_2*p_2 · p_4)/(p_2 · p_3*p_3 · p_4) - (8*e_2 · e_3*p_3 · p_2*p_2 · p_4)/(p_2 · p_3*p_3 · p_4) + (8*p_2 · e_3*p_3 · e_2*p_2 · p_4)/(p_2 · p_3*p_3 · p_4) - (5*p_1 · p_3*e_3 · p_2*e_2 · p_4*p_1 · p_4)/(p_1 · p_2*p_2 · p_3**2*p_2 · p_4) + (5*p_1 · e_3*p_3 · p_2*e_2 · p_4*p_1 · p_4)/(p_1 · p_2*p_2 · p_3**2*p_2 · p_4) + (5*p_1 · p_3*e_2 · e_3*p_2 · p_4*p_1 · p_4)/(p_1 · p_2*p_2 · p_3**2*p_4 · p_2) - (5*p_1 · e_3*p_3 · e_2*p_2 · p_4*p_1 · p_4)/(p_1 · p_2*p_2 · p_3**2*p_2 · p_4)
9*(Tr(F_2 · F_3))/((p_2 · p_3)^2) - 59*(Tr(F_2 · F_3)*p_2 · p_3*p_3 · p_4)/(p_1 · p_2*(p_2 · p_3)^2*p_3 · p_4),(9*e_2 · p_3*e_3 · p_2)/(p_2 · p_3**2) - (9*p_2 · p_3*e_3 · e_2)/(p_2 · p_3**2) - (9*e_2 · e_3*p_3 · p_2)/(p_2 · p_3**2) + (9*p_2 · e_3*p_3 · e_2)/(p_2 · p_3**2) - (59*e_2 · p_3*e_3 · p_2*p_2 · p_3*p_3 · p_4)/(p_1 · p_2*p_2 · p_3**2*p_3 · p_4) + (59*p_2 · p_3*e_3 · e_2*p_2 · p_3*p_3 · p_4)/(p_1 · p_2*p_2 · p_3**2*p_3 · p_4) - (59*e_2 · e_3*p_1 · p_2*p_2 · p_3*p_3 · p_4)/((p_1 · p_2*p_2 · p_3**2*-((p_1 · p_4 + p_2 · p_4 + p_4 · p_4)))) - (59*e_2 · e_3*p_2 · p_2*p_2 · p_3*p_3 · p_4)/(p_1 · p_2*p_2 · p_3**2*p_3 · p_4) - (59*e_2 · e_3*p_4 · p_2*p_2 · p_3*p_3 · p_4)/(p_1 · p_2*p_2 · p_3**2*p_3 · p_4) - (59*p_2 · e_3*p_3 · e_2*p_2 · p_3*p_3 · p_4)/(p_1 · p_2*p_2 · p_3**2*p_3 · p_4)
-7*(p_4 · F_3 · F_2 · p_1*p_1 · p_3)/(p_1 · p_3*p_2 · p_3*p_2 · p_4),-(7*p_4 · p_3*e_3 · p_2*e_2 · p_1*p_1 · p_3)/((((p_1 · p_3 - p_2 · p_3))*p_2 · p_3*p_2 · p_4)) + (7*p_4 · p_3*e_3 · p_2*e_2 · p_1*p_1 · p_3)/((((p_1 · p_3 - p_2 · p_3))*p_1 · p_3*p_2 · p_4)) + (7*p_4 · e_3*p_3 · p_2*e_2 · p_1*p_1 · p_3)/((p_1 · p_3*-((p_1 · p_3 + p_3 · p_3 + p_4 · p_3))*p_2 · p_4)) + (7*p_4 · p_3*e_3 · e_2*p_2 · p_1*p_1 · p_3)/(p_1 · p_3*p_2 · p_3*p_2 · p_4) - (7*e_3 · p_4*p_3 · e_2*p_2 · p_1*p_1 · p_3)/(p_1 · p_3*p_2 · p_3*p_2 · p_4)
-5*(p_1 · F_3 · F_2 · p_4*p_2 · p_3)/(p_2 · p_3*p_2 · p_4*p_3 · p_4) + 63*(p_4 · F_3 · F_2 · p_1*p_1 · p_3)/(p_1 · p_2*p_1 · p_3*p_3 · p_4),-(5*p_1 · p_3*p_2 · e_3*e_2 · p_4*p_2 · p_3*p_3 · p_4*p_4 · p_3)/((p_2 · p_3*p_2 · p_4*p_3 · p_4*((p_3 · p_4 + p_2 · p_1))*p_4 · p_3)) - (5*p_1 · p_3*p_2 · e_3*e_2 · p_4*p_2 · p_3*p_2 · p_1*p_4 · p_3)/((p_2 · p_3*p_2 · p_4*p_3 · p_4*((p_3 · p_4 + p_2 · p_1))*p_4 · p_3)) + (5*p_1 · e_3*p_3 · p_2*e_2 · p_4*p_2 · p_3*p_3 · p_4*p_4 · p_3)/((p_2 · p_3*p_2 · p_4*p_3 · p_4*((p_3 · p_4 + p_2 · p_1))*p_4 · p_3)) + (5*p_1 · e_3*p_3 · p_2*e_2 · p_4*p_2 · p_3*p_2 · p_1*p_4 · p_3)/((p_2 · p_3*p_2 · p_4*p_3 · p_4*((p_3 · p_4 + p_2 · p_1))*p_4 · p_3)) + (5*p_1 · p_3*e_3 · e_2*p_2 · p_4*p_2 · p_3*p_3 · p_4*p_4 · p_3)/((p_2 · p_3*p_2 · p_4*p_3 · p_4*((p_3 · p_4 + p_2 · p_1))*p_4 · p_3)) + (5*p_1 · p_3*e_3 · e_2*p_2 · p_4*p_2 · p_3*p_2 · p_1*p_4 · p_3)/((p_2 · p_3*p_2 · p_4*p_3 · p_4*((p_3 · p_4 + p_2 · p_1))*p_4 · p_3)) - (5*p_1 · e_3*p_3 · e_2*p_2 · p_4*p_2 · p_3*p_3 · p_4*p_4 · p_3)/((p_2 · p_3*p_2 · p_4*p_3 · p_4*((p_3 · p_4 + p_2 · p_1))*p_4 · p_3)) - (5*p_1 · e_3*p_3 · e_2*p_2 · p_4*p_2 · p_3*p_2 · p_1*p_4 · p_3)/((p_2 · p_3*p_2 · p_4*p_3 · p_4*((p_3 · p_4 + p_2 · p_1))*p_4 · p_3)) + (63*p_4 · p_3*e_3 · p_2*e_2 · p_1*p_1 · p_3*p_3 · p_4*p_4 · p_3)/((p_1 · p_2*p_1 · p_3*p_3 · p_4*((p_3 · p_4 + p_2 · p_1))*p_4 · p_3)) + (63*p_4 · p_3*e_3 · p_2*e_2 · p_1*p_1 · p_3*p_2 · p_1*p_4 · p_3)/((p_1 · p_2*p_1 · p_3*p_3 · p_4*((p_3 · p_4 + p_2 · p_1))*p_4 · p_3)) - (63*p_4 · e_3*p_3 · p_2*e_2 · p_1*p_1 · p_3*p_3 · p_4*p_4 · p_3)/((p_1 · p_2*p_1 · p_3*p_3 · p_4*((p_3 · p_4 + p_2 · p_1))*p_4 · p_3)) - (63*p_4 · e_3*p_3 · p_2*e_2 · p_1*p_1 · p_3*p_2 · p_1*p_4 · p_3)/((p_1 · p_2*p_1 · p_3*p_3 · p_4*((p_3 · p_4 + p_2 · p_1))*p_4 · p_3)) - (63*p_4 · p_3*e_3 · e_2*p_2 · p_1*p_1 · p_3*p_3 · p_4*p_4 · p_3)/((p_1 · p_2*p_1 · p_3*p_3 · p_4*((p_3 · p_4 + p_2 · p_1))*p_4 · p_3)) - (63*p_4 · p_3*e_3 · e_2*p_2 · p_1*p_1 · p_3*p_2 · p_1*p_4 · p_3)/((p_1 · p_2*p_1 · p_3*p_3 · p_4*((p_3 · p_4 + p_2 · p_1))*p_4 · p_3)) + (63*p_4 · e_3*p_3 · e_2*p_2 · p_1*p_1 · p_3*p_3 · p_4*p_4 · p_3)/((p_1 · p_2*p_1 · p_3*p_3 · p_4*((p_3 · p_4 + p_2 · p_1))*p_4 · p_3)) + (63*p_4 · e_3*p_3 · e_2*p_2 · p_1*p_1 · p_3*p_2 · p_1*p_4 · p_3)/((p_1 · p_2*p_1 · p_3*p_3 · p_4*((p_3 · p_4 + p_2 · p_1))*p_4 · p_3))
7*(p_4 · F_3 · F_2 · p_1)/(p_1 · p_3*p_2 · p_3),-(7*p_1 · p_3*e_3 · p_2*e_2 · p_1*p_2 · p_3*p_3 · p_2)/(p_1 · p_3*p_2 · p_3*p_2 · p_3*p_3 · p_2) - (7*p_2 · p_3*e_3 · p_2*e_2 · p_1*p_2 · p_3*p_3 · p_2)/(p_1 · p_3*p_2 · p_3*p_2 · p_3*p_3 · p_2) - (7*p_3 · p_3*e_3 · p_2*e_2 · p_1*p_2 · p_3*p_3 · p_2)/(p_1 · p_3*p_2 · p_3*p_2 · p_3*p_3 · p_2) - (7*p_4 · e_3*p_3 · p_2*e_2 · p_1*p_2 · p_3*p_3 · p_2)/(p_1 · p_3*p_2 · p_3*p_2 · p_3*p_3 · p_2) - (7*p_4 · p_3*e_3 · e_2*p_2 · p_1*p_2 · p_3*p_3 · p_2)/(p_1 · p_3*p_2 · p_3*p_2 · p_3*p_3 · p_2) + (7*p_4 · e_3*p_3 · e_2*p_2 · p_1*p_2 · p_3*p_3 · p_2)/(p_1 · p_3*p_2 · p_3*p_2 · p_3*p_3 · p_2)
9*(p_1 · F_2 · F_3 · p_4*p_1 · p_4*p_2 · p_4)/(p_1 · p_2*p_1 · p_3*p_2 · p_3*p_3 · p_4),(9*p_1 · p_2*e_2 · p_3*e_3 · p_4*p_1 · p_4*p_2 · p_4*p_1 · p_2)/(p_1 · p_2*p_1 · p_3*p_2 · p_3*p_3 · p_4*p_1 · p_2) - (9*p_1 · e_2*p_2 · p_3*e_3 · p_4*p_1 · p_4*p_2 · p_4*p_1 · p_2)/(p_1 · p_2*p_1 · p_3*p_2 · p_3*p_3 · p_4*p_1 · p_2) - (9*p_1 · p_2*e_2 · e_3*p_3 · p_4*p_1 · p_4*p_2 · p_4*p_1 · p_2)/(p_1 · p_2*p_1 · p_3*p_2 · p_3*p_3 · p_4*p_1 · p_2) + (9*p_1 · e_2*p_2 · e_3*p_3 · p_4*p_1 · p_4*p_2 · p_4*p_1 · p_2)/(p_1 · p_2*p_1 · p_3*p_2 · p_3*p_3 · p_4*p_1 · p_2)
-(Tr(F_2 · F_3)*(p_2 · p_3)^2)/(p_1 · p_2*p_2 · p_3*p_3 · p_4) + 34*(Tr(F_2 · F_3)*p_2 · p_3*p_2 · p_4)/(p_1 · p_2*p_1 · p_3*p_2 · p_4),-(e_2 · p_3*e_3 · p_2*p_2 · p_3**2)/(p_1 · p_2*p_2 · p_3*p_3 · p_4) + (p_2 · p_3*e_3 · e_2*p_2 · p_3**2)/(p_1 · p_2*p_2 · p_3*p_3 · p_4) + (e_2 · e_3*p_3 · p_2*p_2 · p_3**2)/(p_1 · p_2*p_2 · p_3*p_3 · p_4) - (p_2 · e_3*p_3 · e_2*p_2 · p_3**2)/(p_1 · p_2*p_2 · p_3*p_3 · p_4) + (34*e_2 · p_3*e_3 · p_2*p_2 · p_3*p_2 · p_4)/(p_1 · p_2*p_1 · p_3*p_2 · p_4) - (34*p_2 · p_3*e_3 · e_2*p_2 · p_3*p_2 · p_4)/(p_1 · p_2*p_1 · p_3*p_2 · p_4) + (34*e_2 · e_3*p_3 · p_2*p_2 · p_3*p_1 · p_4)/(p_1 · p_2*p_1 · p_3*p_2 · p_4) + (34*e_2 · e_3*p_3 · p_2*p_2 · p_3*p_3 · p_4)/(p_1 · p_2*p_1 · p_3*p_2 · p_4) - (34*e_2 · e_3*p_3 · p_2*p_1 · p_3*p_4 · p_4)/((p_1 · p_2*p_1 · p_3*-((p_1 · p_4 + p_3 · p_4 + p_4 · p_4)))) - (34*e_2 · e_3*p_3 · p_2*p_3 · p_3*p_4 · p_4)/(p_1 · p_2*p_1 · p_3*p_2 · p_4) - (34*e_2 · e_3*p_3 · p_2*p_4 · p_3*p_4 · p_4)/(p_1 · p_2*p_1 · p_3*p_2 · p_4) + (34*p_2 · e_3*p_3 · e_2*p_2 · p_3*p_2 · p_4)/(p_1 · p_2*p_1 · p_3*p_2 · p_4)
3*(p_3 · F_2 · p_1*p_4 · F_3 · p_1)/((p_1 · p_2)^2*p_2 · p_3*p_2 · p_4) - 53*(Tr(F_2 · F_3)*p_1 · p_2*p_1 · p_3)/(p_1 · p_2*p_1 · p_3*(p_2 · p_3)^2),(3*p_3 · p_2*e_2 · p_1*p_4 · p_3*e_3 · p_1*p_2 · p_3*p_1 · p_2)/((p_1 · p_2**2*p_2 · p_3*p_2 · p_4*p_2 · p_3*((p_1 · p_2 + p_4 · p_3)))) + (3*p_3 · p_2*e_2 · p_1*p_4 · p_3*e_3 · p_1*p_2 · p_3*p_4 · p_3)/((p_1 · p_2**2*p_2 · p_3*p_2 · p_4*p_2 · p_3*((p_1 · p_2 + p_4 · p_3)))) - (3*p_3 · p_2*e_2 · p_1*p_4 · e_3*p_3 · p_1*p_2 · p_3*p_1 · p_2)/((p_1 · p_2**2*p_2 · p_3*p_2 · p_4*p_2 · p_3*((p_1 · p_2 + p_4 · p_3)))) - (3*p_3 · p_2*e_2 · p_1*p_4 · e_3*p_3 · p_1*p_2 · p_3*p_4 · p_3)/((p_1 · p_2**2*p_2 · p_3*p_2 · p_4*-((p_1 · p_3 + p_3 · p_3 + p_4 · p_3))*((p_1 · p_2 + p_4 · p_3)))) - (3*p_3 · e_2*p_2 · p_1*p_4 · p_3*e_3 · p_1*p_2 · p_3*p_1 · p_2)/((p_1 · p_2**2*p_2 · p_3*p_2 · p_4*p_2 · p_3*((p_1 · p_2 + p_4 · p_3)))) - (3*p_3 · e_2*p_2 · p_1*p_4 · p_3*e_3 · p_1*p_2 · p_3*p_4 · p_3)/((p_1 · p_2**2*p_2 · p_3*p_2 · p_4*p_2 · p_3*((p_1 · p_2 + p_4 · p_3)))) + (3*p_3 · e_2*p_2 · p_1*p_4 · e_3*p_3 · p_1*p_2 · p_3*p_1 · p_2)/((p_1 · p_2**2*p_2 · p_3*p_2 · p_4*p_2 · p_3*((p_1 · p_2 + p_4 · p_3)))) + (3*p_3 · e_2*p_2 · p_1*p_4 · e_3*p_3 · p_1*p_2 · p_3*p_4 · p_3)/((p_1 · p_2**2*p_2 · p_3*p_2 · p_4*p_2 · p_3*((p_1 · p_2 + p_4 · p_3)))) - (53*e_2 · p_3*e_3 · p_2*p_1 · p_2*p_1 · p_3*p_2 · p_3*p_1 · p_2)/((p_1 · p_2*p_1 · p_3*p_2 · p_3**2*p_2 · p_3*((p_1 · p_2 + p_4 · p_3)))) - (53*e_2 · p_3*e_3 · p_2*p_1 · p_2*p_1 · p_3*p_2 · p_3*p_4 · p_3)/((p_1 · p_2*p_1 · p_3*p_2 · p_3**2*p_2 · p_3*((p_1 · p_2 + p_4 · p_3)))) + (53*p_2 · p_3*e_3 · e_2*p_1 · p_2*p_1 · p_3*p_2 · p_3*p_1 · p_2)/((p_1 · p_2*p_1 · p_3*p_2 · p_3**2*p_2 · p_3*((p_1 · p_2 + p_4 · p_3)))) + (53*p_2 · p_3*e_3 · e_2*p_1 · p_2*p_1 · p_3*p_2 · p_3*p_4 · p_3)/((p_1 · p_2*p_1 · p_3*p_2 · p_3**2*p_2 · p_3*((p_1 · p_2 + p_4 · p_3)))) + (53*e_2 · e_3*p_3 · p_2*p_1 · p_2*p_1 · p_3*p_2 · p_3*p_1 · p_2)/((p_1 · p_2*p_1 · p_3*p_2 · p_3**2*p_2 · p_3*((p_1 · p_2 + p_4 · p_3)))) + (53*e_2 · e_3*p_3 · p_2*p_1 · p_2*p_1 · p_3*p_2 · p_3*p_4 · p_3)/((p_1 · p_2*p_1 · p_3*p_2 · p_3**2*p_2 · p_3*((p_1 · p_2 + p_4 · p_3)))) - (53*p_2 · e_3*p_3 · e_2*p_1 · p_2*p_1 · p_3*p_2 · p_3*p_1 · p_2)/((p_1 · p_2*p_1 · p_3*p_2 · p_3**2*p_2 · p_3*((p_1 · p_2 + p_4 · p_3)))) - (53*p_2 · e_3*p_3 · e_2*p_1 · p_2*p_1 · p_3*p_2 · p_3*p_4 · p_3)/((p_1 · p_2*p_1 · p_3*p_2 · p_3**2*p_2 · p_3*((p_1 · p_2 + p_4 · p_3))))
-3*(p_1 · F_3 · p_4*p_4 · F_2 · p_3*p_1 · p_4)/(p_1 · p_2*p_1 · p_3*(p_2 · p_3)^2*p_3 · p_4),(3*p_1 · p_3*e_3 · p_1*p_4 · p_2*e_2 · p_3*p_1 · p_4)/(p_1 · p_2*p_1 · p_3*p_2 · p_3**2*p_3 · p_4) + (3*p_1 · p_3*e_3 · p_2*p_4 · p_2*e_2 · p_3*p_1 · p_4)/(p_1 · p_2*p_1 · p_3*p_2 · p_3**2*p_3 · p_4) + (3*p_1 · p_3*e_3 · p_3*p_4 · p_2*e_2 · p_3*p_1 · p_4)/(p_2 · p_1*p_1 · p_3*p_2 · p_3**2*p_3 · p_4) + (3*p_1 · p_3*e_3 · p_4*p_4 · e_2*p_2 · p_3*p_1 · p_4)/(p_1 · p_2*p_1 · p_3*p_2 · p_3**2*p_3 · p_4) + (3*p_1 · e_3*p_3 · p_4*p_4 · p_2*e_2 · p_3*p_1 · p_4)/(p_1 · p_2*p_1 · p_3*p_2 · p_3**2*p_3 · p_4) - (3*p_1 · e_3*p_3 · p_4*p_4 · e_2*p_2 · p_3*p_1 · p_4)/(p_1 · p_2*p_1 · p_3*p_2 · p_3**2*p_3 · p_4)
-3*(p_1 · F_3 · F_2 · p_4)/(p_1 · p_3*(p_2 · p_4)^2),-(3*p_3 · p_1*e_3 · p_2*e_2 · p_4*p_2 · p_3)/(p_1 · p_3*p_2 · p_4**2*p_2 · p_3) + (3*p_1 · e_3*p_3 · p_2*e_2 · p_4*p_2 · p_3)/(p_1 · p_3*p_2 · p_4**2*p_2 · p_3) + (3*p_1 · p_3*e_3 · e_2*p_2 · p_4*p_2 · p_3)/((((p_2 · p_4 - p_2 · p_3))*p_2 · p_3*p_1 · p_3**2)) - (3*p_1 · p_3*e_3 · e_2*p_2 · p_4*p_2 · p_3)/((((p_2 · p_4 - p_2 · p_3))*p_2 · p_4*p_1 · p_3**2)) - (3*p_1 · e_3*p_3 · e_2*p_2 · p_4*p_2 · p_3)/(p_1 · p_3*p_2 · p_4**2*p_2 · p_3)
9*(p_1 · F_3 · F_2 · p_4)/(p_1 · p_2*p_2 · p_3) + 39*(p_4 · F_2 · F_3 · p_1*p_1 · p_2*p_1 · p_3)/(p_1 · p_2*p_2 · p_3*p_2 · p_4*p_3 · p_4),(9*p_1 · p_3*e_3 · p_2*e_2 · p_4)/(p_1 · p_2*p_2 · p_3) - (9*p_1 · e_3*p_3 · p_2*e_2 · p_4)/(p_1 · p_2*p_2 · p_3) - (9*p_1 · p_3*e_3 · e_2*p_2 · p_4)/(p_1 · p_2*p_2 · p_3) + (9*p_1 · e_3*p_3 · e_2*p_2 · p_4)/(p_1 · p_2*p_2 · p_3) + (39*p_4 · p_2*e_2 · p_3*e_3 · p_1*p_1 · p_2*p_1 · p_3)/(p_1 · p_2*p_2 · p_3*p_2 · p_4*p_3 · p_4) - (39*p_4 · e_2*p_2 · p_3*e_3 · p_1*p_1 · p_2*p_1 · p_3)/(p_1 · p_2*p_2 · p_3*p_2 · p_4*p_3 · p_4) - (39*p_4 · p_2*e_2 · e_3*p_3 · p_1*p_1 · p_2*p_1 · p_3)/(p_1 · p_2*p_2 · p_3*p_2 · p_4*p_3 · p_4) + (39*p_4 · e_2*p_2 · e_3*p_3 · p_1*p_1 · p_2*p_1 · p_3)/(p_1 · p_2*p_2 · p_3*p_2 · p_4*p_3 · p_4)
(Tr(F_2 · F_3)*p_1 · p_4)/(p_1 · p_3*p_2 · p_3),(e_2 · p_3*e_3 · p_2*p_1 · p_4*p_3 · p_2)/((p_1 · p_3*p_2 · p_3*((p_3 · p_2 + p_1 · p_4)))) + (e_2 · p_3*e_3 · p_2*p_1 · p_4*p_1 · p_4)/((p_1 · p_3*p_2 · p_3*((p_3 · p_2 + p_1 · p_4)))) - (p_2 · p_3*e_3 · e_2*p_1 · p_4*p_3 · p_2)/((((p_2 · p_3 - p_1 · p_3))*p_1 · p_3*((p_3 · p_2 + p_1 · p_4)))) - (p_2 · p_3*e_3 · e_2*p_1 · p_4*p_1 · p_4)/((((p_2 · p_3 - p_1 · p_3))*p_1 · p_3*((p_3 · p_2 + p_1 · p_4)))) + (p_2 · p_3*e_3 · e_2*p_1 · p_4*p_3 · p_2)/((((p_2 · p_3 - p_1 · p_3))*p_2 · p_3*((p_3 · p_2 + p_1 · p_4)))) + (p_2 · p_3*e_3 · e_2*p_1 · p_4*p_1 · p_4)/((((p_2 · p_3 - p_1 · p_3))*p_2 · p_3*((p_3 · p_2 + p_1 · p_4)))) - (e_2 · e_3*p_3 · p_2*p_1 · p_4*p_3 · p_2)/((p_1 · p_3*p_2 · p_3*((p_3 · p_2 + p_1 · p_4)))) - (e_2 · e_3*p_3 · p_2*p_1 · p_4*p_1 · p_4)/((p_1 · p_3*p_2 · p_3*((p_3 · p_2 + p_1 · p_4)))) + (p_2 · e_3*p_3 · e_2*p_1 · p_4*p_3 · p_2)/((p_1 · p_3*p_2 · p_3*((p_3 · p_2 + p_1 · p_4)))) + (p_2 · e_3*p_3 · e_2*p_1 · p_4*p_1 · p_4)/((p_1 · p_3*p_2 · p_3*((p_3 · p_2 + p_1 · p_4))))
-3*(p_1 · F_3 · p_4*p_3 · F_2 · p_4)/(p_1 · p_3*(p_2 · p_3)^2*p_2 · p_4) - 29*(p_4 · F_3 · F_2 · p_1)/((p_2 · p_3)^2*p_3 · p_4),-(3*p_1 · p_3*e_3 · p_4*p_3 · p_2*e_2 · p_4*p_3 · p_4)/(p_1 · p_3*p_2 · p_3**2*p_2 · p_4*p_3 · p_4) + (3*p_1 · p_3*e_3 · p_4*p_3 · e_2*p_2 · p_4*p_3 · p_4)/(p_1 · p_3*p_2 · p_3**2*p_2 · p_4*p_3 · p_4) + (3*p_1 · e_3*p_3 · p_4*p_3 · p_2*e_2 · p_4*p_3 · p_4)/(p_1 · p_3*p_2 · p_3**2*p_2 · p_4*p_3 · p_4) - (3*p_1 · e_3*p_3 · p_4*p_3 · e_2*p_2 · p_4*p_3 · p_4)/(p_1 · p_3*p_2 · p_3**2*p_2 · p_4*p_3 · p_4) - (29*p_4 · p_3*e_3 · p_2*e_2 · p_1*p_3 · p_4)/(p_2 · p_3**2*p_3 · p_4*p_3 · p_4) + (29*p_4 · e_3*p_3 · p_2*e_2 · p_1*p_3 · p_4)/(p_2 · p_3**2*p_3 · p_4*p_3 · p_4) + (29*p_4 · p_3*e_3 · e_2*p_2 · p_1*p_3 · p_4)/(p_2 · p_3**2*p_3 · p_4*p_3 · p_4) - (29*p_4 · e_3*p_3 · e_2*p_2 · p_1*p_3 · p_4)/(p_2 · p_3**2*p_3 · p_4*p_3 · p_4)
5*(p_1 · F_2 · F_3 · p_4)/((p_2 · p_3)^2*p_3 · p_4),(5*p_1 · p_2*e_2 · p_3*e_3 · p_4*p_1 · p_2*p_3 · p_2)/((p_2 · p_3**2*p_3 · p_4*((p_1 · p_2 + p_4 · p_3))*((p_3 · p_2 + p_4 · p_1)))) + (5*p_1 · p_2*e_2 · p_3*e_3 · p_4*p_1 · p_2*p_4 · p_1)/((p_2 · p_3**2*p_3 · p_4*((p_1 · p_2 + p_4 · p_3))*((p_3 · p_2 + p_4 · p_1)))) + (5*p_1 · p_2*e_2 · p_3*e_3 · p_4*p_4 · p_3*p_3 · p_2)/((p_2 · p_3**2*p_3 · p_4*((p_1 · p_2 + p_4 · p_3))*((p_3 · p_2 + p_4 · p_1)))) + (5*p_1 · p_2*e_2 · p_3*e_3 · p_4*p_4 · p_3*p_4 · p_1)/((p_2 · p_3**2*p_3 · p_4*((p_1 · p_2 + p_4 · p_3))*((p_3 · p_2 + p_4 · p_1)))) - (5*p_1 · e_2*p_2 · p_3*e_3 · p_4*p_1 · p_2*p_3 · p_2)/((p_2 · p_3**2*p_3 · p_4*((p_1 · p_2 + p_4 · p_3))*((p_3 · p_2 + p_4 · p_1)))) - (5*p_1 · e_2*p_2 · p_3*e_3 · p_4*p_1 · p_2*p_4 · p_1)/((p_2 · p_3**2*p_3 · p_4*((p_1 · p_2 + p_4 · p_3))*((p_3 · p_2 + p_4 · p_1)))) - (5*p_1 · e_2*p_2 · p_3*e_3 · p_4*p_4 · p_3*p_3 · p_2)/((p_2 · p_3**2*p_3 · p_4*((p_1 · p_2 + p_4 · p_3))*((p_3 · p_2 + p_4 · p_1)))) - (5*p_1 · e_2*p_2 · p_3*e_3 · p_4*p_4 · p_3*p_4 · p_1)/((p_2 · p_3**2*p_3 · p_4*((p_1 · p_2 + p_4 · p_3))*((p_3 · p_2 + p_4 · p_1)))) - (5*p_1 · p_2*e_2 · e_3*p_3 · p_4*p_1 · p_2*p_3 · p_2)/((p_2 · p_3**2*p_3 · p_4*((p_1 · p_2 + p_4 · p_3))*((p_3 · p_2 + p_4 · p_1)))) - (5*p_1 · p_2*e_2 · e_3*p_3 · p_4*p_1 · p_2*p_4 · p_1)/((p_2 · p_3**2*p_3 · p_4*((p_1 · p_2 + p_4 · p_3))*((p_3 · p_2 + p_4 · p_1)))) - (5*p_1 · p_2*e_2 · e_3*p_3 · p_4*p_4 · p_3*p_3 · p_2)/((p_2 · p_3**2*p_3 · p_4*((p_1 · p_2 + p_4 · p_3))*((p_3 · p_2 + p_4 · p_1)))) - (5*p_1 · p_2*e_2 · e_3*p_3 · p_4*p_4 · p_3*p_4 · p_1)/((p_2 · p_3**2*p_3 · p_4*((p_1 · p_2 + p_4 · p_3))*((p_3 · p_2 + p_4 · p_1)))) + (5*p_1 · e_2*p_2 · e_3*p_3 · p_4*p_1 · p_2*p_3 · p_2)/((p_2 · p_3**2*p_3 · p_4*((p_1 · p_2 + p_4 · p_3))*((p_3 · p_2 + p_4 · p_1)))) + (5*p_1 · e_2*p_2 · e_3*p_3 · p_4*p_1 · p_2*p_4 · p_1)/((p_2 · p_3**2*p_3 · p_4*((p_1 · p_2 + p_4 · p_3))*((p_3 · p_2 + p_4 · p_1)))) + (5*p_1 · e_2*p_2 · e_3*p_3 · p_4*p_4 · p_3*p_3 · p_2)/((p_2 · p_3**2*p_3 · p_4*((p_1 · p_2 + p_4 · p_3))*((p_3 · p_2 + p_4 · p_1)))) + (5*p_1 · e_2*p_2 · e_3*p_3 · p_4*p_4 · p_3*p_4 · p_1)/((p_2 · p_3**2*p_3 · p_4*((p_1 · p_2 + p_4 · p_3))*((p_3 · p_2 + p_4 · p_1))))
5*(p_3 · F_2 · p_1*p_4 · F_3 · p_1*p_2 · p_3)/(p_1 · p_2*p_1 · p_3*p_2 · p_3*(p_3 · p_4)^2) - 13*(p_4 · F_2 · F_3 · p_1)/(p_1 · p_2*p_3 · p_4),(5*p_3 · p_2*e_2 · p_1*p_4 · p_3*e_3 · p_1*p_2 · p_3*p_4 · p_1*p_3 · p_1)/((p_1 · p_2*p_1 · p_3*p_2 · p_3*p_3 · p_4**2*((p_4 · p_1 + p_3 · p_2))*p_3 · p_1)) + (5*p_3 · p_2*e_2 · p_1*p_4 · p_3*e_3 · p_1*p_2 · p_3*p_3 · p_2*p_3 · p_1)/((p_1 · p_2*p_1 · p_3*p_2 · p_3*p_3 · p_4**2*((p_4 · p_1 + p_3 · p_2))*p_3 · p_1)) + (5*p_3 · p_2*e_2 · p_1*p_4 · p_3*e_3 · p_3*p_2 · p_3*p_4 · p_1*p_3 · p_1)/((p_1 · p_2*p_1 · p_3*p_2 · p_3*p_3 · p_4**2*((p_4 · p_1 + p_3 · p_2))*p_3 · p_1)) + (5*p_3 · p_2*e_2 · p_1*p_4 · p_3*e_3 · p_3*p_2 · p_3*p_3 · p_2*p_3 · p_1)/((p_1 · p_2*p_1 · p_3*p_2 · p_3*p_3 · p_4**2*((p_4 · p_1 + p_3 · p_2))*p_3 · p_1)) + (5*p_3 · p_2*e_2 · p_1*p_4 · p_3*e_3 · p_4*p_2 · p_3*p_4 · p_1*p_3 · p_1)/((p_1 · p_2*p_1 · p_3*p_2 · p_3*p_3 · p_4**2*((p_4 · p_1 + p_3 · p_2))*p_3 · p_1)) + (5*p_3 · p_2*e_2 · p_1*p_4 · p_3*e_3 · p_4*p_2 · p_3*p_3 · p_2*p_3 · p_1)/((p_1 · p_2*p_1 · p_3*p_2 · p_3*p_3 · p_4**2*((p_4 · p_1 + p_3 · p_2))*p_3 · p_1)) - (5*p_3 · p_2*e_2 · p_1*p_4 · p_3*e_3 · p_3*p_2 · p_3*p_4 · p_1*p_3 · p_1)/((p_1 · p_2*p_1 · p_3*p_2 · p_3*p_3 · p_4**2*((p_4 · p_1 + p_3 · p_2))*p_3 · p_1)) - (5*p_3 · p_2*e_2 · p_1*p_4 · p_3*e_3 · p_3*p_2 · p_3*p_3 · p_2*p_3 · p_1)/((p_1 · p_2*p_1 · p_3*p_2 · p_3*p_3 · p_4**2*((p_4 · p_1 + p_3 · p_2))*p_3 · p_1)) - (5*p_3 · p_2*e_2 · p_1*p_4 · p_3*e_3 · p_4*p_2 · p_3*p_4 · p_1*p_3 · p_1)/((p_1 · p_2*p_1 · p_3*p_2 · p_3*p_3 · p_4**2*((p_4 · p_1 + p_3 · p_2))*p_3 · p_1)) - (5*p_3 · p_2*e_2 · p_1*p_4 · p_3*p_4 · e_3*p_2 · p_3*p_3 · p_2*p_3 · p_1)/((p_1 · p_2*p_1 · p_3*p_2 · p_3*p_3 · p_4**2*((p_4 · p_1 + p_3 · p_2))*p_3 · p_1)) - (5*p_3 · p_2*e_2 · p_1*p_4 · e_3*p_3 · p_1*p_2 · p_3*p_4 · p_1*p_3 · p_1)/((p_1 · p_2*p_1 · p_3*p_2 · p_3*p_3 · p_4**2*((p_4 · p_1 + p_3 · p_2))*p_3 · p_1)) - (5*p_3 · p_2*e_2 · p_1*p_4 · e_3*p_3 · p_1*p_2 · p_3*p_3 · p_2*p_3 · p_1)/((p_1 · p_2*p_1 · p_3*p_2 · p_3*p_3 · p_4**2*((p_4 · p_1 + p_3 · p_2))*p_3 · p_1)) - (5*p_3 · e_2*p_2 · p_1*p_4 · p_3*e_3 · p_1*p_2 · p_3*p_4 · p_1*p_3 · p_1)/((p_1 · p_2*p_1 · p_3*p_2 · p_3*p_3 · p_4**2*((p_4 · p_1 + p_3 · p_2))*p_3 · p_1)) - (5*p_3 · e_2*p_2 · p_1*p_4 · p_3*e_3 · p_1*p_2 · p_3*p_3 · p_2*p_3 · p_1)/((p_1 · p_2*p_1 · p_3*p_2 · p_3*p_3 · p_4**2*((p_4 · p_1 + p_3 · p_2))*p_3 · p_1)) + (5*p_3 · e_2*p_2 · p_1*p_4 · e_3*p_3 · p_1*p_2 · p_3*p_4 · p_1*p_3 · p_1)/((p_1 · p_2*p_1 · p_3*p_2 · p_3*p_3 · p_4**2*((p_4 · p_1 + p_3 · p_2))*p_3 · p_1)) + (5*p_3 · e_2*p_2 · p_1*p_4 · e_3*p_3 · p_1*p_2 · p_3*p_3 · p_2*p_3 · p_1)/((p_1 · p_2*p_1 · p_3*p_2 · p_3*p_3 · p_4**2*((p_4 · p_1 + p_3 · p_2))*p_3 · p_1)) - (13*p_4 · p_2*e_2 · p_3*e_3 · p_1*p_4 · p_1*p_3 · p_1)/((p_1 · p_2*p_3 · p_4*((p_4 · p_1 + p_3 · p_2))*p_3 · p_1)) - (13*p_4 · p_2*e_2 · p_3*e_3 · p_1*p_3 · p_2*p_3 · p_1)/((p_1 · p_2*p_3 · p_4*((p_4 · p_1 + p_3 · p_2))*p_3 · p_1)) + (13*p_4 · e_2*p_2 · p_3*e_3 · p_1*p_4 · p_1*p_3 · p_1)/((p_1 · p_2*p_3 · p_4*((p_4 · p_1 + p_3 · p_2))*p_3 · p_1)) + (13*p_4 · e_2*p_2 · p_3*e_3 · p_1*p_3 · p_2*p_3 · p_1)/((p_1 · p_2*p_3 · p_4*((p_4 · p_1 + p_3 · p_2))*p_3 · p_1)) + (13*p_4 · p_2*e_2 · e_3*p_3 · p_1*p_4 · p_1*p_3 · p_1)/((p_1 · p_2*p_3 · p_4*((p_4 · p_1 + p_3 · p_2))*p_3 · p_1)) + (13*p_4 · p_2*e_2 · e_3*p_3 · p_1*p_3 · p_2*p_3 · p_1)/((p_1 · p_2*p_3 · p_4*((p_4 · p_1 + p_3 · p_2))*p_3 · p_1)) - (13*p_4 · e_2*p_2 · e_3*p_3 · p_1*p_4 · p_1*p_3 · p_1)/((p_1 · p_2*p_3 · p_4*((p_4 · p_1 + p_3 · p_2))*p_3 · p_1)) - (13*p_4 · e_2*p_2 · e_3*p_3 · p_1*p_3 · p_2*p_3 · p_1)/((p_1 · p_2*p_3 · p_4*((p_4 · p_1 + p_3 · p_2))*p_3 · p_1))
7*(p_1 · F_2 · F_3 · p_4*p_1 · p_4*p_2 · p_4)/(p_1 · p_2*p_2 · p_3*p_2 · p_4*(p_3 · p_4)^2),(7*p_1 · p_2*e_2 · p_3*e_3 · p_4*p_1 · p_4*p_2 · p_4)/(p_1 · p_2*p_2 · p_3*p_2 · p_4*p_3 · p_4**2) - (7*p_1 · e_2*p_2 · p_3*e_3 · p_4*p_1 · p_4*p_2 · p_4)/(p_1 · p_2*p_2 · p_3*p_2 · p_4*p_3 · p_4**2) - (7*p_1 · p_2*e_2 · e_3*p_3 · p_4*p_1 · p_4*p_2 · p_4)/(p_1 · p_2*p_2 · p_3*p_2 · p_4*p_3 · p_4**2) + (7*p_1 · e_2*p_2 · e_3*p_3 · p_4*p_1 · p_4*p_2 · p_4)/((p_1 · p_2*-((p_1 · p_3 + p_3 · p_3 + p_4 · p_3))*p_2 · p_4*p_3 · p_4**2))
9*(p_4 · F_2 · F_3 · p_1)/(p_1 · p_3*(p_2 · p_4)^2),-(9*p_4 · p_2*e_2 · p_1*e_3 · p_1*p_2 · p_4)/(p_1 · p_3*p_2 · p_4**2*p_2 · p_4) - (9*p_4 · p_2*e_2 · p_2*e_3 · p_1*p_2 · p_4)/(p_1 · p_3*p_2 · p_4**2*p_2 · p_4) - (9*p_4 · p_2*e_2 · p_4*e_3 · p_1*p_2 · p_4)/(p_1 · p_3*p_2 · p_4**2*p_2 · p_4) - (9*p_4 · e_2*p_2 · p_3*e_3 · p_1*p_2 · p_4)/(p_3 · p_1*p_2 · p_4**2*p_2 · p_4) + (9*p_4 · p_2*e_2 · e_3*p_1 · p_1*p_2 · p_4)/(p_1 · p_3*p_2 · p_4**2*p_2 · p_4) + (9*p_4 · p_2*e_2 · e_3*p_2 · p_1*p_2 · p_4)/(p_1 · p_3*p_2 · p_4**2*p_2 · p_4) + (9*p_4 · p_2*e_2 · e_3*p_4 · p_1*p_2 · p_4)/(p_1 · p_3*p_2 · p_4**2*p_2 · p_4) + (9*p_4 · e_2*p_2 · e_3*p_3 · p_1*p_2 · p_4)/(p_1 · p_3*p_2 · p_4**2*p_2 · p_4)
3*(p_1 · F_2 · p_3*p_1 · F_3 · p_4*(p_2 · p_4)^2)/((p_1 · p_2)^2*p_1 · p_3*p_2 · p_3*p_2 · p_4*p_3 · p_4) - 52*(p_4 · F_3 · F_2 · p_1)/((p_1 · p_2)^2*p_3 · p_4),(3*p_1 · p_2*e_2 · p_3*p_1 · p_3*e_3 · p_4*p_2 · p_4**2*p_2 · p_1)/((p_1 · p_2**2*p_1 · p_3*p_2 · p_3*p_2 · p_4*p_3 · p_4*((p_2 · p_1 + p_3 · p_4)))) + (3*p_1 · p_2*e_2 · p_3*p_1 · p_3*e_3 · p_4*p_2 · p_4**2*p_3 · p_4)/((p_1 · p_2**2*p_1 · p_3*p_2 · p_3*p_2 · p_4*p_3 · p_4*((p_2 · p_1 + p_4 · p_3)))) - (3*p_1 · p_2*e_2 · p_3*p_1 · e_3*p_3 · p_4*p_2 · p_4**2*p_2 · p_1)/((p_1 · p_2**2*p_1 · p_3*p_2 · p_3*p_2 · p_4*p_3 · p_4*((p_2 · p_1 + p_3 · p_4)))) - (3*p_1 · p_2*e_2 · p_3*p_1 · e_3*p_3 · p_4*p_2 · p_4**2*p_3 · p_4)/((p_1 · p_2**2*p_1 · p_3*p_2 · p_3*p_2 · p_4*p_3 · p_4*((p_2 · p_1 + p_3 · p_4)))) - (3*p_1 · e_2*p_3 · p_2*p_1 · p_3*e_3 · p_4*p_2 · p_4**2*p_2 · p_1)/((p_1 · p_2**2*p_1 · p_3*p_2 · p_3*p_2 · p_4*p_3 · p_4*((p_2 · p_1 + p_3 · p_4)))) - (3*p_1 · e_2*p_3 · p_2*p_1 · p_3*e_3 · p_4*p_2 · p_4**2*p_3 · p_4)/((p_1 · p_2**2*p_1 · p_3*p_2 · p_3*p_2 · p_4*p_3 · p_4*((p_2 · p_1 + p_3 · p_4)))) + (3*p_1 · e_2*p_2 · p_3*p_1 · e_3*p_3 · p_4*p_2 · p_4**2*p_2 · p_1)/((p_1 · p_2**2*p_1 · p_3*p_2 · p_3*p_2 · p_4*p_3 · p_4*((p_2 · p_1 + p_3 · p_4)))) + (3*p_1 · e_2*p_2 · p_3*p_1 · e_3*p_3 · p_4*p_2 · p_4**2*p_3 · p_4)/((p_1 · p_2**2*p_1 · p_3*p_2 · p_3*p_2 · p_4*p_3 · p_4*((p_2 · p_1 + p_3 · p_4)))) - (52*p_4 · p_3*e_3 · p_2*e_2 · p_1*p_2 · p_1)/((p_1 · p_2**2*p_3 · p_4*((p_2 · p_1 + p_3 · p_4)))) - (52*p_4 · p_3*e_3 · p_2*e_2 · p_1*p_3 · p_4)/((p_1 · p_2**2*p_3 · p_4*((p_2 · p_1 + p_3 · p_4)))) + (52*p_4 · e_3*p_3 · p_2*e_2 · p_1*p_2 · p_1)/((p_1 · p_2**2*p_3 · p_4*((p_2 · p_1 + p_3 · p_4)))) + (52*p_4 · e_3*p_3 · p_2*e_2 · p_1*p_3 · p_4)/((p_1 · p_2**2*p_3 · p_4*((p_2 · p_1 + p_3 · p_4)))) + (52*p_4 · p_3*e_3 · e_2*p_2 · p_1*p_2 · p_1)/((p_1 · p_2**2*p_3 · p_4*((p_2 · p_1 + p_3 · p_4)))) + (52*p_4 · p_3*e_3 · e_2*p_2 · p_1*p_3 · p_4)/((p_1 · p_2**2*p_3 · p_4*((p_2 · p_1 + p_3 · p_4)))) - (52*p_4 · e_3*p_3 · e_2*p_2 · p_1*p_2 · p_1)/((p_1 · p_2**2*p_3 · p_4*((p_2 · p_1 + p_3 · p_4)))) - (52*p_4 · e_3*p_3 · e_2*p_2 · p_1*p_3 · p_4)/((p_1 · p_2**2*p_3 · p_4*((p_2 · p_1 + p_3 · p_4))))
-(p_1 · F_2 · p_3*p_1 · F_3 · p_2*p_1 · p_2)/(p_1 · p_3*p_2 · p_3*p_2 · p_4*p_3 · p_4) - 7*(p_1 · F_3 · F_2 · p_4)/(p_1 · p_3*p_2 · p_3),-(p_1 · p_2*e_2 · p_3*p_1 · p_3*e_3 · p_2*p_1 · p_2)/(p_1 · p_3*p_2 · p_3*p_2 · p_4*p_3 · p_4) + (p_1 · p_2*e_2 · p_3*p_1 · e_3*p_3 · p_2*p_1 · p_2)/(p_1 · p_3*p_2 · p_3*p_2 · p_4*p_3 · p_4) + (p_1 · e_2*p_2 · p_3*p_1 · p_3*e_3 · p_2*p_1 · p_2)/(p_1 · p_3*p_2 · p_3*p_2 · p_4*p_3 · p_4) - (p_1 · e_2*p_2 · p_3*p_1 · e_3*p_3 · p_2*p_1 · p_2)/(p_1 · p_3*p_2 · p_3*p_2 · p_4*p_3 · p_4) - (7*p_1 · p_3*e_3 · p_2*e_2 · p_4)/(p_1 · p_3*p_2 · p_3) + (7*p_1 · e_3*p_3 · p_2*e_2 · p_4)/(p_1 · p_3*p_2 · p_3) + (7*p_1 · p_3*e_3 · e_2*p_2 · p_4)/(p_1 · p_3*p_2 · p_3) - (7*p_1 · e_3*p_3 · e_2*p_2 · p_4)/(p_1 · p_3*p_2 · p_3)
6*(p_4 · F_2 · F_3 · p_1*p_2 · p_3*p_2 · p_4)/(p_1 · p_2*p_1 · p_3*p_2 · p_3*(p_2 · p_4)^2) + 56*(p_4 · F_2 · F_3 · p_1*p_1 · p_2*p_2 · p_3)/(p_1 · p_3*p_2 · p_3*p_2 · p_4*p_3 · p_4),(6*p_4 · p_2*e_2 · p_3*e_3 · p_1*p_2 · p_3*p_2 · p_4)/(p_1 · p_2*p_1 · p_3*p_2 · p_3*p_2 · p_4**2) - (6*p_4 · e_2*p_2 · p_3*e_3 · p_1*p_2 · p_3*p_2 · p_4)/((((p_2 · p_3 - p_1 · p_3))*p_1 · p_3*p_1 · p_2*p_2 · p_4**2)) + (6*p_4 · e_2*p_2 · p_3*e_3 · p_1*p_2 · p_3*p_2 · p_4)/((((p_2 · p_3 - p_1 · p_3))*p_2 · p_3*p_1 · p_2*p_2 · p_4**2)) - (6*p_4 · p_2*e_2 · e_3*p_3 · p_1*p_2 · p_3*p_2 · p_4)/(p_1 · p_2*p_1 · p_3*p_2 · p_3*p_2 · p_4**2) + (6*p_4 · e_2*p_2 · e_3*p_3 · p_1*p_2 · p_3*p_2 · p_4)/(p_1 · p_2*p_1 · p_3*p_3 · p_2*p_2 · p_4**2) + (56*p_4 · p_2*e_2 · p_3*e_3 · p_1*p_1 · p_2*p_2 · p_3)/((((p_2 · p_4 - p_3 · p_4))*p_3 · p_4*p_1 · p_3*p_2 · p_3)) - (56*p_4 · p_2*e_2 · p_3*e_3 · p_1*p_1 · p_2*p_2 · p_3)/((((p_2 · p_4 - p_3 · p_4))*p_2 · p_4*p_1 · p_3*p_2 · p_3)) - (56*p_4 · e_2*p_2 · p_3*e_3 · p_1*p_1 · p_2*p_2 · p_3)/(p_1 · p_3*p_2 · p_3*p_2 · p_4*p_3 · p_4) - (56*p_4 · p_2*e_2 · e_3*p_3 · p_1*p_1 · p_2*p_2 · p_3)/(p_1 · p_3*p_2 · p_3*p_2 · p_4*p_3 · p_4) + (56*p_4 · e_2*p_2 · e_3*p_3 · p_1*p_1 · p_2*p_2 · p_3)/(p_1 · p_3*p_2 · p_3*p_2 · p_4*p_3 · p_4)
4*(p_4 · F_3 · F_2 · p_1*p_2 · p_4)/(p_2 · p_3*p_2 · p_4*p_3 · p_4),-(4*p_4 · p_3*e_3 · p_2*e_2 · p_2*p_2 · p_4)/(p_2 · p_3*p_2 · p_4*p_3 · p_4) - (4*p_4 · p_3*e_3 · p_2*e_2 · p_3*p_2 · p_4)/(p_2 · p_3*p_2 · p_4*p_3 · p_4) - (4*p_4 · p_3*e_3 · p_2*e_2 · p_4*p_2 · p_4)/(p_2 · p_3*p_2 · p_4*p_3 · p_4) - (4*p_4 · e_3*p_3 · p_2*e_2 · p_1*p_2 · p_4)/(p_2 · p_3*p_2 · p_4*p_3 · p_4) - (4*p_4 · p_3*e_3 · e_2*p_2 · p_1*p_2 · p_4)/((((p_2 · p_3 - p_3 · p_4))*p_3 · p_4*p_2 · p_4)) + (4*p_4 · p_3*e_3 · e_2*p_2 · p_1*p_2 · p_4)/((((p_2 · p_3 - p_3 · p_4))*p_2 · p_3*p_2 · p_4)) + (4*p_4 · e_3*p_3 · e_2*p_2 · p_1*p_2 · p_4)/(p_2 · p_3*p_2 · p_4*p_3 · p_4)
9*(p_1 · F_3 · p_4*p_4 · F_2 · p_3*p_1 · p_2)/(p_1 · p_3*p_2 · p_3*p_2 · p_4*(p_3 · p_4)^2),(9*p_1 · p_3*e_3 · p_4*p_4 · p_2*e_2 · p_3*p_1 · p_2*p_3 · p_2)/(p_1 · p_3*p_2 · p_3*p_2 · p_4*p_3 · p_4**2*p_3 · p_2) - (9*p_1 · p_3*e_3 · p_4*p_4 · e_2*p_2 · p_3*p_1 · p_2*p_3 · p_2)/((((p_2 · p_3 - p_1 · p_3))*p_3 · p_1*p_2 · p_4*p_3 · p_4**2*p_3 · p_2)) + (9*p_1 · p_3*e_3 · p_4*p_4 · e_2*p_2 · p_3*p_1 · p_2*p_3 · p_2)/((((p_2 · p_3 - p_1 · p_3))*p_2 · p_3*p_2 · p_4*p_3 · p_4**2*p_3 · p_2)) - (9*p_1 · e_3*p_3 · p_4*p_4 · p_2*e_2 · p_3*p_1 · p_2*p_3 · p_2)/(p_1 · p_3*p_2 · p_3*p_2 · p_4*p_3 · p_4**2*p_3 · p_2) + (9*p_1 · e_3*p_3 · p_4*p_4 · e_2*p_2 · p_3*p_1 · p_2*p_3 · p_2)/((p_1 · p_3*p_2 · p_3*p_2 · p_4*p_3 · p_4**2*-((p_1 · p_2 + p_2 · p_2 + p_4 · p_2))))
-5*(p_2 · F_3 · p_1*p_3 · F_2 · p_4)/(p_1 · p_2*p_2 · p_3*p_3 · p_4) - 98*(p_1 · F_3 · F_2 · p_4)/(p_2 · p_4*p_3 · p_4),-(5*p_2 · p_3*e_3 · p_1*p_3 · p_2*e_2 · p_4*p_1 · p_2)/((p_1 · p_2*p_2 · p_3*p_3 · p_4*((p_1 · p_2 + p_4 · p_3)))) - (5*p_2 · p_3*e_3 · p_1*p_3 · p_2*e_2 · p_4*p_4 · p_3)/((p_1 · p_2*p_2 · p_3*p_3 · p_4*((p_1 · p_2 + p_4 · p_3)))) + (5*p_2 · p_3*e_3 · p_1*p_3 · e_2*p_2 · p_4*p_1 · p_2)/((p_1 · p_2*p_2 · p_3*p_3 · p_4*((p_1 · p_2 + p_4 · p_3)))) + (5*p_2 · p_3*e_3 · p_1*p_3 · e_2*p_2 · p_4*p_4 · p_3)/((p_1 · p_2*p_2 · p_3*p_3 · p_4*((p_1 · p_2 + p_4 · p_3)))) - (5*p_2 · e_3*p_1 · p_1*p_3 · p_2*e_2 · p_4*p_1 · p_2)/((p_1 · p_2*p_2 · p_3*p_3 · p_4*((p_1 · p_2 + p_4 · p_3)))) - (5*p_2 · e_3*p_2 · p_1*p_3 · p_2*e_2 · p_4*p_1 · p_2)/((p_1 · p_2*p_2 · p_3*p_3 · p_4*((p_1 · p_2 + p_4 · p_3)))) - (5*p_2 · e_3*p_4 · p_1*p_3 · p_2*e_2 · p_4*p_1 · p_2)/((p_1 · p_2*p_2 · p_3*p_3 · p_4*((p_1 · p_2 + p_4 · p_3)))) + (5*p_2 · e_3*p_3 · p_1*p_3 · p_2*e_2 · p_4*p_4 · p_3)/((p_1 · p_2*p_2 · p_3*p_3 · p_4*((p_1 · p_2 + p_4 · p_3)))) - (5*p_2 · e_3*p_3 · p_1*p_3 · e_2*p_2 · p_4*p_1 · p_2)/((p_1 · p_2*p_2 · p_3*p_3 · p_4*((p_1 · p_2 + p_4 · p_3)))) - (5*p_2 · e_3*p_3 · p_1*p_3 · e_2*p_2 · p_4*p_4 · p_3)/((p_1 · p_2*p_2 · p_3*p_3 · p_4*((p_1 · p_2 + p_4 · p_3)))) - (98*p_1 · p_3*e_3 · p_2*e_2 · p_4*p_1 · p_2)/((p_2 · p_4*p_3 · p_4*((p_1 · p_2 + p_4 · p_3)))) - (98*p_1 · p_3*e_3 · p_2*e_2 · p_4*p_4 · p_3)/((p_2 · p_4*p_3 · p_4*((p_1 · p_2 + p_4 · p_3)))) + (98*p_1 · e_3*p_3 · p_2*e_2 · p_4*p_1 · p_2)/((p_2 · p_4*p_3 · p_4*((p_1 · p_2 + p_4 · p_3)))) + (98*p_1 · e_3*p_3 · p_2*e_2 · p_4*p_4 · p_3)/((p_2 · p_4*p_3 · p_4*((p_1 · p_2 + p_4 · p_3)))) + (98*p_1 · p_3*e_3 · e_2*p_2 · p_4*p_1 · p_2)/((p_2 · p_4*p_3 · p_4*((p_1 · p_2 + p_4 · p_3)))) + (98*p_1 · p_3*e_3 · e_2*p_2 · p_4*p_4 · p_3)/((p_2 · p_4*p_3 · p_4*((p_1 · p_2 + p_4 · p_3)))) - (98*p_1 · e_3*p_3 · e_2*p_2 · p_4*p_1 · p_2)/((p_2 · p_4*p_3 · p_4*((p_1 · p_2 + p_4 · p_3)))) - (98*p_1 · e_3*p_3 · e_2*p_2 · p_4*p_4 · p_3)/((p_2 · p_4*p_3 · p_4*((p_1 · p_2 + p_4 · p_3))))
7*(p_3 · F_2 · p_4*p_4 · F_3 · p_1)/(p_2 · p_3*p_2 · p_4*(p_3 · p_4)^2),(7*p_3 · p_2*e_2 · p_4*p_4 · p_3*e_3 · p_1)/(p_2 · p_3*p_2 · p_4*p_3 · p_4**2) - (7*p_3 · p_2*e_2 · p_4*p_4 · e_3*p_3 · p_1)/(p_2 · p_3*p_2 · p_4*p_3 · p_4**2) - (7*p_3 · e_2*p_2 · p_4*p_4 · p_3*e_3 · p_1)/(p_2 · p_3*p_2 · p_4*p_3 · p_4**2) - (7*p_3 · e_2*p_1 · p_4*p_4 · e_3*p_3 · p_1)/(p_2 · p_3*p_2 · p_4*p_3 · p_4**2) - (7*p_3 · e_2*p_3 · p_4*p_4 · e_3*p_3 · p_1)/(p_2 · p_3*p_2 · p_4*p_3 · p_4**2) - (7*p_3 · e_2*p_4 · p_4*p_4 · e_3*p_3 · p_1)/(p_2 · p_3*p_2 · p_4*p_3 · p_4**2)
7*(Tr(F_2 · F_3))/(p_1 · p_3) + 38*(p_4 · F_2 · F_3 · p_1*p_1 · p_4*p_3 · p_4)/(p_1 · p_2*p_1 · p_3*p_2 · p_4*p_3 · p_4),(7*e_2 · p_3*e_3 · p_2)/(p_1 · p_3) - (7*p_2 · p_3*e_3 · e_2)/(p_1 · p_3) - (7*e_2 · e_3*p_3 · p_2)/(p_1 · p_3) + (7*p_2 · e_3*p_3 · e_2)/(p_1 · p_3) + (38*p_4 · p_2*e_2 · p_3*e_3 · p_1*p_1 · p_4*p_3 · p_4)/(p_1 · p_2*p_1 · p_3*p_2 · p_4*p_3 · p_4) - (38*p_4 · e_2*p_2 · p_3*e_3 · p_1*p_1 · p_4*p_3 · p_4)/(p_1 · p_2*p_1 · p_3*p_2 · p_4*p_3 · p_4) - (38*p_4 · p_2*e_2 · e_3*p_3 · p_1*p_1 · p_4*p_3 · p_4)/(p_1 · p_2*p_1 · p_3*p_2 · p_4*p_3 · p_4) + (38*p_4 · e_2*p_2 · e_3*p_3 · p_1*p_1 · p_4*p_3 · p_4)/(p_1 · p_2*p_1 · p_3*p_2 · p_4*p_3 · p_4)
-(p_4 · F_2 · F_3 · p_1*p_1 · p_3*p_2 · p_4)/(p_1 · p_3*p_2 · p_3*p_2 · p_4*p_3 · p_4),-(p_2 · p_4*e_2 · p_3*e_3 · p_1*p_1 · p_3*p_2 · p_4)/(p_1 · p_3*p_2 · p_3*p_2 · p_4*p_3 · p_4) + (p_4 · e_2*p_2 · p_3*e_3 · p_1*p_1 · p_3*p_2 · p_4)/(p_1 · p_3*p_2 · p_3*p_2 · p_4*p_3 · p_4) + (p_4 · p_2*e_2 · e_3*p_3 · p_1*p_1 · p_3*p_2 · p_4)/(p_1 · p_3*p_2 · p_3*p_2 · p_4*p_3 · p_4) - (p_4 · e_2*p_2 · e_3*p_3 · p_1*p_1 · p_3*p_2 · p_4)/(p_1 · p_3*p_2 · p_3*p_2 · p_4*p_3 · p_4)
9*(p_4 · F_2 · F_3 · p_1)/(p_1 · p_2*(p_2 · p_3)^2),(9*p_4 · p_2*e_2 · p_3*e_3 · p_1)/(p_1 · p_2*p_2 · p_3**2) - (9*p_4 · e_2*p_2 · p_3*e_3 · p_1)/(p_1 · p_2*p_2 · p_3**2) - (9*p_4 · p_2*e_3 · e_2*p_3 · p_1)/(p_1 · p_2*p_2 · p_3**2) + (9*p_4 · e_2*p_2 · e_3*p_3 · p_1)/(p_1 · p_2*p_2 · p_3**2)
6*(p_4 · F_3 · F_2 · p_1)/(p_1 · p_3*p_2 · p_4) - 70*(p_1 · F_2 · F_3 · p_4*p_3 · p_4)/(p_1 · p_2*p_2 · p_3*p_2 · p_4),(6*p_4 · p_3*e_3 · p_2*e_2 · p_1*p_2 · p_1*p_3 · p_1)/((p_1 · p_3*p_2 · p_4*((p_2 · p_1 + p_4 · p_3))*p_3 · p_1)) + (6*p_4 · p_3*e_3 · p_2*e_2 · p_1*p_4 · p_3*p_3 · p_1)/((p_1 · p_3*p_2 · p_4*((p_2 · p_1 + p_4 · p_3))*p_3 · p_1)) - (6*p_4 · e_3*p_3 · p_2*e_2 · p_1*p_2 · p_1*p_3 · p_1)/((p_1 · p_3*p_2 · p_4*((p_2 · p_1 + p_4 · p_3))*p_3 · p_1)) - (6*p_4 · e_3*p_3 · p_2*e_2 · p_1*p_4 · p_3*p_3 · p_1)/((p_1 · p_3*p_2 · p_4*((p_2 · p_1 + p_4 · p_3))*p_3 · p_1)) - (6*p_4 · p_3*e_3 · e_2*p_2 · p_1*p_2 · p_1*p_3 · p_1)/((p_1 · p_3*p_2 · p_4*((p_2 · p_1 + p_4 · p_3))*p_3 · p_1)) - (6*p_4 · p_3*e_3 · e_2*p_2 · p_1*p_4 · p_3*p_3 · p_1)/((p_1 · p_3*p_2 · p_4*((p_2 · p_1 + p_4 · p_3))*p_3 · p_1)) + (6*p_4 · e_3*p_3 · e_2*p_2 · p_1*p_2 · p_1*p_3 · p_1)/((p_1 · p_3*p_2 · p_4*((p_2 · p_1 + p_4 · p_3))*p_3 · p_1)) + (6*p_4 · e_3*p_3 · e_2*p_2 · p_1*p_4 · p_3*p_3 · p_1)/((p_1 · p_3*p_2 · p_4*((p_2 · p_1 + p_4 · p_3))*p_3 · p_1)) - (70*p_1 · p_2*e_2 · p_3*e_3 · p_4*p_3 · p_4*p_2 · p_1*p_3 · p_1)/((((p_1 · p_2 - p_2 · p_4))*p_2 · p_4*p_2 · p_3*((p_2 · p_1 + p_4 · p_3))*p_3 · p_1)) - (70*p_1 · p_2*e_2 · p_3*e_3 · p_4*p_3 · p_4*p_4 · p_3*p_3 · p_1)/((((p_1 · p_2 - p_2 · p_4))*p_2 · p_4*p_2 · p_3*((p_2 · p_1 + p_4 · p_3))*p_3 · p_1)) + (70*p_1 · p_2*e_2 · p_3*e_3 · p_4*p_3 · p_4*p_2 · p_1*p_3 · p_1)/((((p_1 · p_2 - p_2 · p_4))*p_1 · p_2*p_2 · p_3*((p_2 · p_1 + p_4 · p_3))*p_3 · p_1)) + (70*p_1 · p_2*e_2 · p_3*e_3 · p_4*p_3 · p_4*p_4 · p_3*p_3 · p_1)/((((p_1 · p_2 - p_2 · p_4))*p_1 · p_2*p_2 · p_3*((p_2 · p_1 + p_4 · p_3))*p_3 · p_1)) + (70*p_1 · e_2*p_2 · p_3*e_3 · p_4*p_3 · p_4*p_2 · p_1*p_3 · p_1)/((p_1 · p_2*p_2 · p_3*p_2 · p_4*((p_2 · p_1 + p_4 · p_3))*p_3 · p_1)) + (70*p_1 · e_2*p_2 · p_3*e_3 · p_4*p_3 · p_4*p_4 · p_3*p_3 · p_1)/((p_1 · p_2*p_2 · p_3*p_2 · p_4*((p_2 · p_1 + p_4 · p_3))*p_3 · p_1)) + (70*p_1 · p_2*e_2 · e_3*p_3 · p_4*p_3 · p_4*p_2 · p_1*p_3 · p_1)/((p_1 · p_2*p_2 · p_3*p_2 · p_4*((p_2 · p_1 + p_4 · p_3))*p_3 · p_1)) + (70*p_1 · p_2*e_2 · e_3*p_3 · p_4*p_3 · p_4*p_4 · p_3*p_3 · p_1)/((p_1 · p_2*p_2 · p_3*p_2 · p_4*((p_2 · p_1 + p_4 · p_3))*p_3 · p_1)) - (70*p_1 · e_2*p_2 · e_3*p_3 · p_4*p_3 · p_4*p_2 · p_1*p_3 · p_1)/((p_1 · p_2*p_2 · p_3*p_2 · p_4*((p_2 · p_1 + p_4 · p_3))*p_3 · p_1)) - (70*p_1 · e_2*p_2 · e_3*p_3 · p_4*p_3 · p_4*p_4 · p_3*p_3 · p_1)/((p_1 · p_2*p_2 · p_3*p_2 · p_4*((p_2 · p_1 + p_4 · p_3))*p_3 · p_1))
-8*(p_1 · F_2 · F_3 · p_4*p_1 · p_3)/(p_1 · p_3*p_2 · p_3*p_2 · p_4),-(8*p_1 · p_2*p_3 · e_2*e_3 · p_4*p_1 · p_3*p_1 · p_2*p_2 · p_3)/(p_1 · p_3*p_2 · p_3*p_2 · p_4*p_1 · p_2*p_2 · p_3) + (8*p_1 · e_2*p_2 · p_3*e_3 · p_4*p_1 · p_3*p_1 · p_2*p_2 · p_3)/(p_1 · p_3*p_2 · p_3*p_2 · p_4*p_1 · p_2*p_2 · p_3) + (8*p_1 · p_2*e_2 · e_3*p_3 · p_4*p_1 · p_3*p_1 · p_2*p_2 · p_3)/(p_1 · p_3*p_2 · p_3*p_2 · p_4*p_1 · p_2*p_2 · p_3) - (8*p_1 · e_2*p_2 · e_3*p_3 · p_4*p_1 · p_3*p_1 · p_2*p_2 · p_3)/((p_1 · p_3*p_2 · p_3*-((p_1 · p_4 + p_3 · p_4 + p_4 · p_4))*p_1 · p_2*p_2 · p_3))
-6*(Tr(F_2 · F_3)*p_1 · p_4)/(p_1 · p_3*p_2 · p_3),-(6*e_2 · p_3*e_3 · p_2*p_1 · p_4)/((-((p_2 · p_3 + p_3 · p_3 + p_4 · p_3))*p_2 · p_3)) + (6*p_2 · p_3*e_3 · e_2*p_4 · p_1)/(p_1 · p_3*p_2 · p_3) + (6*e_2 · e_3*p_3 · p_2*p_1 · p_4)/(p_1 · p_3*p_2 · p_3) - (6*p_2 · e_3*p_3 · e_2*p_1 · p_4)/(p_1 · p_3*p_2 · p_3)
7*(Tr(F_2 · F_3)*(p_1 · p_2)^2)/(p_1 · p_2*p_2 · p_3*p_3 · p_4),(7*e_2 · p_3*e_3 · p_2*p_1 · p_2**2)/(p_1 · p_2*p_2 · p_3*p_3 · p_4) - (7*p_2 · p_3*e_3 · e_2*p_1 · p_2**2)/(p_1 · p_2*p_2 · p_3*p_3 · p_4) - (7*e_2 · e_3*p_3 · p_2*p_1 · p_2**2)/(p_1 · p_2*p_2 · p_3*p_3 · p_4) + (7*p_2 · e_3*p_3 · e_2*p_1 · p_2**2)/(p_1 · p_2*p_2 · p_3*p_3 · p_4)
-7*(Tr(F_2 · F_3))/(p_2 · p_3) + 76*(p_4 · F_2 · F_3 · p_1*p_1 · p_2*p_2 · p_3)/(p_1 · p_2*p_1 · p_3*p_2 · p_3*p_3 · p_4),-(7*e_2 · p_3*e_3 · p_2)/(p_2 · p_3) + (7*p_2 · p_3*e_3 · e_2)/(p_2 · p_3) + (7*e_2 · e_3*p_3 · p_2)/(p_2 · p_3) - (7*p_2 · e_3*p_3 · e_2)/(p_2 · p_3) + (76*p_4 · p_2*e_2 · p_3*e_3 · p_1*p_1 · p_2*p_2 · p_3)/(p_1 · p_2*p_1 · p_3*p_2 · p_3*p_3 · p_4) - (76*p_4 · e_2*p_2 · p_3*e_3 · p_1*p_1 · p_2*p_2 · p_3)/(p_1 · p_2*p_1 · p_3*p_2 · p_3*p_3 · p_4) - (76*p_4 · p_2*e_2 · e_3*p_3 · p_1*p_1 · p_2*p_2 · p_3)/(p_1 · p_2*p_1 · p_3*p_2 · p_3*p_3 · p_4) + (76*p_4 · e_2*p_2 · e_3*p_3 · p_1*p_1 · p_2*p_2 · p_3)/(p_1 · p_2*p_1 · p_3*p_2 · p_3*p_3 · p_4)
-2*(p_1 · F_3 · F_2 · p_4*p_1 · p_3)/(p_1 · p_2*(p_2 · p_4)^2*p_3 · p_4) + 92*(p_2 · F_3 · p_4*p_4 · F_2 · p_1*p_1 · p_4)/((p_1 · p_2)^2*p_2 · p_3*p_2 · p_4*p_3 · p_4),-(2*p_1 · p_3*e_3 · p_2*e_2 · p_4*p_1 · p_3*p_2 · p_3*p_2 · p_3)/((p_1 · p_2*p_2 · p_4**2*p_3 · p_4*((p_2 · p_3 + p_1 · p_4))*p_2 · p_3)) - (2*p_1 · p_3*e_3 · p_2*e_2 · p_4*p_1 · p_3*p_1 · p_4*p_2 · p_3)/((p_1 · p_2*p_2 · p_4**2*p_3 · p_4*((p_2 · p_3 + p_1 · p_4))*p_2 · p_3)) + (2*p_1 · e_3*p_3 · p_2*e_2 · p_4*p_1 · p_3*p_2 · p_3*p_2 · p_3)/((p_1 · p_2*p_2 · p_4**2*p_3 · p_4*((p_2 · p_3 + p_1 · p_4))*p_2 · p_3)) + (2*p_1 · e_3*p_3 · p_2*e_2 · p_4*p_1 · p_3*p_1 · p_4*p_2 · p_3)/((p_1 · p_2*p_2 · p_4**2*p_3 · p_4*((p_2 · p_3 + p_1 · p_4))*p_2 · p_3)) + (2*p_1 · p_3*e_3 · e_2*p_2 · p_4*p_1 · p_3*p_2 · p_3*p_2 · p_3)/((p_1 · p_2*p_4 · p_2**2*p_3 · p_4*((p_2 · p_3 + p_1 · p_4))*p_2 · p_3)) + (2*p_1 · p_3*e_3 · e_2*p_2 · p_4*p_1 · p_3*p_1 · p_4*p_2 · p_3)/((p_1 · p_2*p_4 · p_2**2*p_3 · p_4*((p_2 · p_3 + p_1 · p_4))*p_2 · p_3)) - (2*p_1 · e_3*p_3 · e_2*p_2 · p_4*p_1 · p_3*p_2 · p_3*p_2 · p_3)/((p_1 · p_2*p_2 · p_4**2*p_3 · p_4*((p_2 · p_3 + p_1 · p_4))*p_2 · p_3)) - (2*p_1 · e_3*p_3 · e_2*p_2 · p_4*p_1 · p_3*p_1 · p_4*p_2 · p_3)/((p_1 · p_2*p_2 · p_4**2*p_3 · p_4*((p_2 · p_3 + p_1 · p_4))*p_2 · p_3)) + (92*p_2 · p_3*e_3 · p_4*p_4 · p_2*e_2 · p_1*p_1 · p_4*p_2 · p_3*p_2 · p_3)/((p_1 · p_2**2*p_2 · p_3*p_2 · p_4*p_3 · p_4*((p_2 · p_3 + p_1 · p_4))*p_2 · p_3)) + (92*p_2 · p_3*e_3 · p_4*p_4 · p_2*e_2 · p_1*p_1 · p_4*p_1 · p_4*p_2 · p_3)/((p_1 · p_2**2*p_2 · p_3*p_2 · p_4*p_3 · p_4*((p_2 · p_3 + p_1 · p_4))*p_2 · p_3)) - (92*p_2 · p_3*e_3 · p_4*p_4 · e_2*p_2 · p_1*p_1 · p_4*p_2 · p_3*p_2 · p_3)/((p_1 · p_2**2*p_2 · p_3*p_2 · p_4*p_3 · p_4*((p_2 · p_3 + p_1 · p_4))*p_2 · p_3)) - (92*p_2 · p_3*e_3 · p_4*p_4 · e_2*p_2 · p_1*p_1 · p_4*p_1 · p_4*p_2 · p_3)/((p_1 · p_2**2*p_2 · p_3*p_2 · p_4*p_3 · p_4*((p_2 · p_3 + p_1 · p_4))*p_2 · p_3)) - (92*p_2 · e_3*p_3 · p_4*p_4 · p_2*e_2 · p_1*p_1 · p_4*p_2 · p_3*p_2 · p_3)/((p_1 · p_2**2*p_2 · p_3*p_2 · p_4*p_3 · p_4*((p_2 · p_3 + p_1 · p_4))*p_2 · p_3)) - (92*p_2 · e_3*p_3 · p_4*p_4 · p_2*e_2 · p_1*p_1 · p_4*p_1 · p_4*p_2 · p_3)/((p_1 · p_2**2*p_2 · p_3*p_2 · p_4*p_3 · p_4*((p_2 · p_3 + p_1 · p_4))*p_2 · p_3)) + (92*p_2 · e_3*p_3 · p_4*p_4 · e_2*p_2 · p_1*p_1 · p_4*p_2 · p_3*p_2 · p_3)/((p_1 · p_2**2*p_2 · p_3*p_2 · p_4*p_3 · p_4*((p_2 · p_3 + p_1 · p_4))*p_2 · p_3)) + (92*p_2 · e_3*p_3 · p_4*p_4 · e_2*p_2 · p_1*p_1 · p_4*p_1 · p_4*p_2 · p_3)/((p_1 · p_2**2*p_2 · p_3*p_2 · p_4*p_3 · p_4*((p_2 · p_3 + p_1 · p_4))*p_2 · p_3))
9*(Tr(F_2 · F_3))/((p_2 · p_3)^2) + 21*(p_1 · F_2 · p_3*p_2 · F_3 · p_1*p_1 · p_2*p_1 · p_4)/(p_1 · p_2*p_1 · p_3*p_2 · p_3*p_2 · p_4*p_3 · p_4),(9*e_2 · p_3*e_3 · p_2*p_4 · p_3*p_2 · p_1)/(p_2 · p_3**2*p_4 · p_3*p_2 · p_1) - (9*p_2 · p_3*e_3 · e_2*p_4 · p_3*p_2 · p_1)/(p_2 · p_3**2*p_4 · p_3*p_2 · p_1) - (9*e_2 · e_3*p_3 · p_2*p_4 · p_3*p_2 · p_1)/(p_2 · p_3**2*p_4 · p_3*p_2 · p_1) + (9*p_2 · e_3*p_3 · e_2*p_4 · p_3*p_2 · p_1)/(p_2 · p_3**2*p_4 · p_3*p_2 · p_1) + (21*p_1 · p_2*e_2 · p_3*p_2 · p_3*e_3 · p_1*p_1 · p_2*p_1 · p_4*p_4 · p_3*p_2 · p_1)/((((p_3 · p_4 - p_1 · p_3))*p_1 · p_3*p_1 · p_2*p_2 · p_3*p_2 · p_4*p_4 · p_3*p_2 · p_1)) - (21*p_1 · p_2*e_2 · p_3*p_2 · p_3*e_3 · p_1*p_1 · p_2*p_1 · p_4*p_4 · p_3*p_2 · p_1)/((((p_3 · p_4 - p_1 · p_3))*p_3 · p_4*p_1 · p_2*p_2 · p_3*p_2 · p_4*p_4 · p_3*p_2 · p_1)) - (21*p_1 · p_2*e_2 · p_3*p_2 · e_3*p_3 · p_1*p_1 · p_2*p_1 · p_4*p_4 · p_3*p_2 · p_1)/(p_1 · p_2*p_1 · p_3*p_2 · p_3*p_2 · p_4*p_3 · p_4*p_4 · p_3*p_2 · p_1) - (21*p_1 · e_2*p_2 · p_3*p_2 · p_3*e_3 · p_1*p_1 · p_2*p_1 · p_4*p_4 · p_3*p_2 · p_1)/(p_1 · p_2*p_1 · p_3*p_2 · p_3*p_2 · p_4*p_3 · p_4*p_4 · p_3*p_2 · p_1) + (21*p_1 · e_2*p_2 · p_3*p_2 · e_3*p_3 · p_1*p_1 · p_2*p_1 · p_4*p_4 · p_3*p_2 · p_1)/(p_1 · p_2*p_1 · p_3*p_2 · p_3*p_2 · p_4*p_3 · p_4*p_4 · p_3*p_2 · p_1)
2*(p_1 · F_2 · F_3 · p_4)/(p_1 · p_2*p_1 · p_3),(2*p_1 · p_2*e_2 · p_3*e_3 · p_4)/(p_1 · p_2*p_1 · p_3) + (2*p_1 · e_2*p_1 · p_3*e_3 · p_4)/(p_1 · p_2*p_1 · p_3) + (2*p_1 · e_2*p_3 · p_3*e_3 · p_4)/(p_1 · p_2*p_1 · p_3) + (2*p_1 · e_2*p_4 · p_3*e_3 · p_4)/(p_1 · p_2*p_1 · p_3) - (2*p_1 · p_2*e_2 · e_3*p_3 · p_4)/(p_1 · p_2*p_1 · p_3) + (2*p_1 · e_2*p_2 · e_3*p_3 · p_4)/(p_1 · p_2*p_1 · p_3)
7*(p_4 · F_3 · F_2 · p_1)/(p_2 · p_3*p_3 · p_4),(7*p_4 · p_3*e_3 · p_2*e_2 · p_1)/(p_2 · p_3*p_3 · p_4) - (7*p_4 · e_3*p_3 · p_2*e_2 · p_1)/(p_2 · p_3*p_3 · p_4) - (7*p_4 · p_3*e_3 · e_2*p_2 · p_1)/(p_2 · p_3*p_3 · p_4) + (7*p_4 · e_3*p_3 · e_2*p_2 · p_1)/(p_2 · p_3*p_3 · p_4)
-9*(p_1 · F_2 · p_3*p_1 · F_3 · p_2)/(p_1 · p_3*p_2 · p_3*p_3 · p_4) - 10*(p_1 · F_2 · F_3 · p_4)/((p_1 · p_2)^2*p_1 · p_3),-(9*p_1 · p_2*e_2 · p_3*p_1 · p_3*e_3 · p_2*p_3 · p_4)/(p_1 · p_3*p_2 · p_3*p_3 · p_4*p_3 · p_4) + (9*p_1 · p_2*e_2 · p_3*p_1 · e_3*p_3 · p_2*p_3 · p_4)/(p_1 · p_3*p_2 · p_3*p_3 · p_4*p_3 · p_4) + (9*p_1 · e_2*p_2 · p_3*p_1 · p_3*e_3 · p_2*p_3 · p_4)/(p_1 · p_3*p_2 · p_3*p_3 · p_4*p_3 · p_4) - (9*p_1 · e_2*p_2 · p_3*p_1 · e_3*p_3 · p_2*p_3 · p_4)/(p_1 · p_3*p_2 · p_3*p_3 · p_4*p_3 · p_4) - (10*p_1 · p_2*e_2 · p_3*e_3 · p_4*p_3 · p_4)/(p_1 · p_2**2*p_1 · p_3*p_3 · p_4) + (10*p_1 · e_2*p_2 · p_3*e_3 · p_4*p_3 · p_4)/(p_1 · p_2**2*p_1 · p_3*p_3 · p_4) + (10*p_1 · p_2*e_2 · e_3*p_3 · p_4*p_3 · p_4)/(p_1 · p_2**2*p_1 · p_3*p_3 · p_4) - (10*p_1 · e_2*p_2 · e_3*p_3 · p_4*p_3 · p_4)/(p_1 · p_2**2*p_1 · p_3*p_3 · p_4)
-5*(Tr(F_2 · F_3)*p_2 · p_4)/(p_1 · p_2*p_3 · p_4),-(5*e_2 · p_3*e_3 · p_2*p_2 · p_4)/(p_1 · p_2*p_3 · p_4) + (5*p_2 · p_3*e_3 · e_2*p_2 · p_4)/(p_1 · p_2*p_3 · p_4) + (5*e_2 · e_3*p_3 · p_2*p_2 · p_4)/(p_1 · p_2*p_3 · p_4) - (5*p_2 · e_3*p_3 · e_2*p_2 · p_4)/((p_1 · p_2*-((p_1 · p_4 + p_2 · p_4 + p_4 · p_4))))
2*(p_4 · F_2 · F_3 · p_1*p_1 · p_2)/(p_2 · p_3*p_2 · p_4*p_3 · p_4),(2*p_4 · p_2*e_2 · p_3*e_3 · p_1*p_1 · p_2)/(p_2 · p_3*p_2 · p_4*p_3 · p_4) - (2*p_4 · e_2*p_2 · p_3*e_3 · p_1*p_1 · p_2)/(p_2 · p_3*p_2 · p_4*p_3 · p_4) - (2*p_4 · p_2*e_2 · e_3*p_3 · p_1*p_1 · p_2)/(p_2 · p_3*p_2 · p_4*p_3 · p_4) + (2*p_4 · e_2*p_2 · e_3*p_3 · p_1*p_1 · p_2)/(p_2 · p_3*p_2 · p_4*p_3 · p_4)
6*(p_4 · F_3 · F_2 · p_1*p_2 · p_4)/(p_1 · p_2*(p_2 · p_4)^2*p_3 · p_4) - 68*(p_2 · F_3 · p_4*p_4 · F_2 · p_3*p_1 · p_3)/(p_1 · p_2*p_2 · p_3*p_2 · p_4*p_3 · p_4),(6*p_3 · p_4*e_3 · p_2*e_2 · p_1*p_2 · p_4)/(p_1 · p_2*p_2 · p_4**2*p_3 · p_4) - (6*p_4 · e_3*p_3 · p_2*e_2 · p_1*p_2 · p_4)/(p_1 · p_2*p_2 · p_4**2*p_3 · p_4) - (6*p_4 · p_3*e_3 · e_2*p_2 · p_1*p_2 · p_4)/(p_1 · p_2*p_2 · p_4**2*p_3 · p_4) + (6*p_4 · e_3*p_3 · e_2*p_2 · p_1*p_2 · p_4)/(p_1 · p_2*p_2 · p_4**2*p_3 · p_4) - (68*p_2 · p_3*e_3 · p_4*p_4 · p_2*e_2 · p_3*p_1 · p_3)/(p_1 · p_2*p_2 · p_3*p_2 · p_4*p_3 · p_4) + (68*p_2 · p_3*e_3 · p_4*p_4 · e_2*p_2 · p_3*p_1 · p_3)/(p_1 · p_2*p_3 · p_2*p_2 · p_4*p_3 · p_4) + (68*p_2 · e_3*p_3 · p_4*p_2 · p_4*e_2 · p_3*p_1 · p_3)/(p_1 · p_2*p_2 · p_3*p_2 · p_4*p_3 · p_4) - (68*p_2 · e_3*p_3 · p_4*p_4 · e_2*p_2 · p_3*p_1 · p_3)/(p_1 · p_2*p_2 · p_3*p_2 · p_4*p_3 · p_4)
5*(p_4 · F_2 · F_3 · p_1)/((p_2 · p_3)^2*p_3 · p_4) + 27*(Tr(F_2 · F_3))/((p_2 · p_3)^2),(5*p_4 · p_2*e_2 · p_3*e_3 · p_1)/(p_2 · p_3**2*p_3 · p_4) - (5*p_4 · e_2*p_2 · p_3*e_3 · p_1)/(p_2 · p_3**2*p_3 · p_4) - (5*p_4 · p_2*e_2 · e_3*p_3 · p_1)/(p_2 · p_3**2*p_3 · p_4) + (5*p_4 · e_2*p_2 · e_3*p_3 · p_1)/(p_2 · p_3**2*p_3 · p_4) + (27*e_2 · p_3*e_3 · p_2)/(p_2 · p_3**2) - (27*p_2 · p_3*e_3 · e_2)/(p_2 · p_3**2) - (27*e_2 · e_3*p_3 · p_2)/(p_2 · p_3**2) + (27*p_2 · e_3*p_3 · e_2)/(p_2 · p_3**2)
-5*(Tr(F_2 · F_3))/(p_2 · p_3),-(5*e_2 · p_3*e_3 · p_2*p_4 · p_2)/(p_2 · p_3*p_4 · p_2) - (5*p_1 · p_3*e_3 · e_2*p_4 · p_2)/(p_2 · p_3*p_4 · p_2) - (5*p_3 · p_3*e_3 · e_2*p_4 · p_2)/(p_2 · p_3*p_4 · p_2) - (5*p_4 · p_3*e_3 · e_2*p_4 · p_2)/(p_2 · p_3*p_4 · p_2) + (5*e_2 · e_3*p_3 · p_2*p_4 · p_2)/(p_2 · p_3*p_4 · p_2) - (5*p_2 · e_3*p_3 · e_2*p_4 · p_2)/(p_2 · p_3*p_4 · p_2)
3*(p_1 · F_3 · F_2 · p_4)/((p_2 · p_3)^2*p_3 · p_4) - 45*(p_4 · F_2 · F_3 · p_1)/(p_1 · p_3*p_2 · p_3),(3*p_1 · p_3*e_3 · p_2*e_2 · p_4*p_2 · p_3)/(p_2 · p_3**2*p_3 · p_4*p_2 · p_3) - (3*p_1 · e_3*p_3 · p_2*e_2 · p_4*p_2 · p_3)/(p_2 · p_3**2*p_3 · p_4*p_2 · p_3) - (3*p_1 · p_3*e_3 · e_2*p_2 · p_4*p_2 · p_3)/(p_2 · p_3**2*p_3 · p_4*p_2 · p_3) + (3*p_1 · e_3*p_3 · e_2*p_2 · p_4*p_2 · p_3)/(p_2 · p_3**2*p_3 · p_4*p_2 · p_3) - (45*p_4 · p_2*e_2 · p_3*e_3 · p_1*p_2 · p_3)/(p_1 · p_3*p_2 · p_3*p_2 · p_3) + (45*p_4 · e_2*p_2 · p_3*e_3 · p_1*p_2 · p_3)/(p_1 · p_3*p_2 · p_3*p_2 · p_3) + (45*p_4 · p_2*e_2 · e_3*p_3 · p_1*p_2 · p_3)/(p_1 · p_3*p_2 · p_3*p_2 · p_3) - (45*p_4 · e_2*p_2 · e_3*p_3 · p_1*p_2 · p_3)/(p_1 · p_3*p_2 · p_3*p_2 · p_3)
7*(p_4 · F_2 · F_3 · p_1)/(p_2 · p_3*p_3 · p_4) + 4*(p_4 · F_3 · F_2 · p_1*p_1 · p_2*p_2 · p_4)/(p_1 · p_2*p_1 · p_3*p_2 · p_3*p_3 · p_4),(7*p_4 · p_2*e_2 · p_3*e_3 · p_1)/(p_2 · p_3*p_3 · p_4) - (7*p_4 · e_2*p_2 · p_3*e_3 · p_1)/(p_2 · p_3*p_3 · p_4) - (7*p_4 · p_2*e_2 · e_3*p_3 · p_1)/(p_2 · p_3*p_3 · p_4) + (7*p_4 · e_2*p_2 · e_3*p_3 · p_1)/(p_2 · p_3*p_3 · p_4) + (4*p_4 · p_3*e_3 · p_2*e_2 · p_1*p_1 · p_2*p_2 · p_4)/(p_1 · p_2*p_1 · p_3*p_2 · p_3*p_3 · p_4) + (4*p_4 · e_3*p_1 · p_2*e_2 · p_1*p_1 · p_2*p_2 · p_4)/(p_1 · p_2*p_1 · p_3*p_2 · p_3*p_3 · p_4) + (4*p_4 · e_3*p_2 · p_2*e_2 · p_1*p_1 · p_2*p_2 · p_4)/(p_1 · p_2*p_1 · p_3*p_2 · p_3*p_3 · p_4) + (4*p_4 · e_3*p_4 · p_2*e_2 · p_1*p_1 · p_2*p_2 · p_4)/(p_1 · p_2*p_1 · p_3*p_2 · p_3*p_3 · p_4) - (4*p_4 · p_3*e_3 · e_2*p_2 · p_1*p_1 · p_2*p_2 · p_4)/(p_1 · p_2*p_1 · p_3*p_2 · p_3*p_3 · p_4) + (4*p_4 · e_3*p_3 · e_2*p_2 · p_1*p_1 · p_2*p_2 · p_4)/(p_1 · p_2*p_1 · p_3*p_2 · p_3*p_3 · p_4)
5*(p_3 · F_2 · p_1*p_4 · F_3 · p_2)/(p_1 · p_2*p_1 · p_3*p_2 · p_3),(5*p_3 · p_2*e_2 · p_1*p_4 · p_3*e_3 · p_2*p_4 · p_3)/(p_1 · p_2*p_1 · p_3*p_2 · p_3*p_4 · p_3) - (5*p_3 · p_2*e_2 · p_1*p_4 · e_3*p_3 · p_2*p_4 · p_3)/(p_1 · p_2*p_1 · p_3*p_2 · p_3*p_4 · p_3) - (5*p_3 · e_2*p_2 · p_1*p_4 · p_3*e_3 · p_2*p_4 · p_3)/((((p_1 · p_3 - p_1 · p_2))*p_1 · p_2*p_2 · p_3*p_4 · p_3)) + (5*p_3 · e_2*p_2 · p_1*p_4 · p_3*e_3 · p_2*p_4 · p_3)/((((p_1 · p_3 - p_1 · p_2))*p_1 · p_3*p_2 · p_3*p_4 · p_3)) + (5*p_3 · e_2*p_2 · p_1*p_4 · e_3*p_3 · p_2*p_4 · p_3)/(p_1 · p_2*p_1 · p_3*p_2 · p_3*p_4 · p_3)
-3*(p_1 · F_2 · p_4*p_2 · F_3 · p_1)/(p_1 · p_3*p_2 · p_4*p_3 · p_4) - 74*(p_1 · F_2 · p_4*p_4 · F_3 · p_2)/((p_1 · p_2)^2*p_2 · p_3*p_3 · p_4),-(3*p_1 · p_2*e_2 · p_4*p_2 · p_3*e_3 · p_1)/(p_1 · p_3*p_2 · p_4*p_3 · p_4) + (3*p_1 · p_2*e_2 · p_4*p_2 · e_3*p_3 · p_1)/(p_1 · p_3*p_2 · p_4*p_3 · p_4) + (3*p_1 · e_2*p_2 · p_4*p_2 · p_3*e_3 · p_1)/(p_1 · p_3*p_2 · p_4*p_3 · p_4) - (3*p_1 · e_2*p_4 · p_2*p_2 · e_3*p_3 · p_1)/((((p_3 · p_4 - p_1 · p_3))*p_1 · p_3*p_2 · p_4)) + (3*p_1 · e_2*p_4 · p_2*p_2 · e_3*p_3 · p_1)/((((p_3 · p_4 - p_1 · p_3))*p_3 · p_4*p_2 · p_4)) - (74*p_1 · p_2*e_2 · p_4*p_4 · p_3*e_3 · p_2)/(p_1 · p_2**2*p_2 · p_3*p_3 · p_4) + (74*p_1 · p_2*e_2 · p_4*p_4 · e_3*p_3 · p_2)/(p_1 · p_2**2*p_2 · p_3*p_3 · p_4) + (74*p_1 · e_2*p_2 · p_4*p_4 · p_3*e_3 · p_2)/(p_1 · p_2**2*p_2 · p_3*p_3 · p_4) - (74*p_1 · e_2*p_2 · p_4*p_4 · e_3*p_3 · p_2)/(p_1 · p_2**2*p_2 · p_3*p_3 · p_4)
-3*(Tr(F_2 · F_3)*p_1 · p_3*p_2 · p_3)/(p_1 · p_2*p_1 · p_3*p_3 · p_4),-(3*e_2 · p_3*e_3 · p_2*p_1 · p_3*p_2 · p_3*p_4 · p_3)/((p_1 · p_2*p_1 · p_3*p_3 · p_4*((p_4 · p_3 + p_2 · p_1)))) - (3*e_2 · p_3*e_3 · p_2*p_1 · p_3*p_2 · p_3*p_2 · p_1)/((p_1 · p_2*p_1 · p_3*p_3 · p_4*((p_4 · p_3 + p_2 · p_1)))) + (3*p_2 · p_3*e_3 · e_2*p_1 · p_3*p_2 · p_3*p_4 · p_3)/((p_1 · p_2*p_1 · p_3*p_3 · p_4*((p_4 · p_3 + p_2 · p_1)))) + (3*p_2 · p_3*e_3 · e_2*p_1 · p_3*p_2 · p_3*p_2 · p_1)/((p_1 · p_2*p_1 · p_3*p_3 · p_4*((p_4 · p_3 + p_2 · p_1)))) - (3*e_2 · e_3*p_3 · p_2*p_1 · p_3*p_1 · p_3*p_4 · p_3)/((p_1 · p_2*p_1 · p_3*p_4 · p_3*((p_4 · p_3 + p_2 · p_1)))) - (3*e_2 · e_3*p_3 · p_2*p_1 · p_3*p_3 · p_3*p_4 · p_3)/((p_1 · p_2*p_1 · p_3*p_4 · p_3*((p_4 · p_3 + p_2 · p_1)))) - (3*e_2 · e_3*p_3 · p_2*p_1 · p_3*p_4 · p_3*p_4 · p_3)/((p_1 · p_2*p_1 · p_3*p_4 · p_3*((p_4 · p_3 + p_2 · p_1)))) + (3*e_2 · e_3*p_3 · p_2*p_1 · p_3*p_2 · p_3*p_2 · p_1)/((p_1 · p_2*p_1 · p_3*p_4 · p_3*((p_4 · p_3 + p_2 · p_1)))) - (3*p_2 · e_3*p_3 · e_2*p_1 · p_3*p_2 · p_3*p_4 · p_3)/((p_1 · p_2*p_1 · p_3*p_4 · p_3*((p_4 · p_3 + p_2 · p_1)))) - (3*p_2 · e_3*p_3 · e_2*p_1 · p_3*p_2 · p_3*p_2 · p_1)/((p_1 · p_2*p_1 · p_3*p_3 · p_4*((p_4 · p_3 + p_2 · p_1))))
-7*(p_2 · F_3 · p_4*p_4 · F_2 · p_3*p_3 · p_4)/(p_1 · p_2*p_1 · p_3*p_2 · p_4*(p_3 · p_4)^2) + 66*(Tr(F_2 · F_3)*p_1 · p_4*p_2 · p_3)/((p_2 · p_3)^2*p_2 · p_4*p_3 · p_4),-(7*p_2 · p_3*e_3 · p_4*p_4 · p_2*e_2 · p_3*p_3 · p_4*p_1 · p_3)/((p_1 · p_2*p_1 · p_3*p_2 · p_4*p_3 · p_4**2*((p_1 · p_3 + p_2 · p_4)))) - (7*p_2 · p_3*e_3 · p_4*p_4 · p_2*e_2 · p_3*p_3 · p_4*p_2 · p_4)/((p_1 · p_2*p_1 · p_3*p_2 · p_4*p_3 · p_4**2*((p_1 · p_3 + p_2 · p_4)))) + (7*p_2 · p_3*e_3 · p_4*p_4 · e_2*p_2 · p_3*p_3 · p_4*p_1 · p_3)/((p_1 · p_2*p_1 · p_3*p_2 · p_4*p_3 · p_4**2*((p_1 · p_3 + p_2 · p_4)))) + (7*p_2 · p_3*e_3 · p_4*p_4 · e_2*p_2 · p_3*p_3 · p_4*p_2 · p_4)/((p_1 · p_2*p_1 · p_3*p_2 · p_4*p_3 · p_4**2*((p_1 · p_3 + p_2 · p_4)))) + (7*p_2 · e_3*p_3 · p_4*p_4 · p_2*e_2 · p_3*p_3 · p_4*p_1 · p_3)/((p_1 · p_2*p_1 · p_3*p_2 · p_4*p_3 · p_4**2*((p_1 · p_3 + p_2 · p_4)))) + (7*p_2 · e_3*p_3 · p_4*p_4 · p_2*e_2 · p_3*p_3 · p_4*p_2 · p_4)/((p_1 · p_2*p_1 · p_3*p_2 · p_4*p_3 · p_4**2*((p_3 · p_1 + p_2 · p_4)))) - (7*p_2 · e_3*p_3 · p_4*p_4 · e_2*p_2 · p_3*p_3 · p_4*p_1 · p_3)/((p_1 · p_2*p_1 · p_3*p_2 · p_4*p_3 · p_4**2*((p_1 · p_3 + p_2 · p_4)))) - (7*p_2 · e_3*p_3 · p_4*p_4 · e_2*p_2 · p_3*p_3 · p_4*p_2 · p_4)/((p_1 · p_2*p_1 · p_3*p_2 · p_4*p_3 · p_4**2*((p_1 · p_3 + p_2 · p_4)))) + (66*e_2 · p_3*e_3 · p_2*p_1 · p_4*p_2 · p_3*p_1 · p_3)/((p_2 · p_3**2*p_2 · p_4*p_3 · p_4*((p_1 · p_3 + p_2 · p_4)))) + (66*e_2 · p_3*e_3 · p_2*p_1 · p_4*p_2 · p_3*p_2 · p_4)/((p_2 · p_3**2*p_2 · p_4*p_3 · p_4*((p_1 · p_3 + p_2 · p_4)))) - (66*p_2 · p_3*e_3 · e_2*p_1 · p_4*p_2 · p_3*p_1 · p_3)/((p_2 · p_3**2*p_2 · p_4*p_3 · p_4*((p_1 · p_3 + p_2 · p_4)))) - (66*p_2 · p_3*e_3 · e_2*p_1 · p_4*p_2 · p_3*p_2 · p_4)/((p_2 · p_3**2*p_2 · p_4*p_3 · p_4*((p_1 · p_3 + p_2 · p_4)))) - (66*e_2 · e_3*p_3 · p_2*p_1 · p_4*p_2 · p_3*p_1 · p_3)/((p_2 · p_3**2*p_2 · p_4*p_3 · p_4*((p_1 · p_3 + p_2 · p_4)))) - (66*e_2 · e_3*p_3 · p_2*p_1 · p_4*p_2 · p_3*p_2 · p_4)/((p_2 · p_3**2*p_2 · p_4*p_3 · p_4*((p_1 · p_3 + p_2 · p_4)))) + (66*p_2 · e_3*p_3 · e_2*p_1 · p_4*p_2 · p_3*p_1 · p_3)/((p_2 · p_3**2*p_2 · p_4*p_3 · p_4*((p_1 · p_3 + p_2 · p_4)))) + (66*p_2 · e_3*p_3 · e_2*p_1 · p_4*p_2 · p_3*p_2 · p_4)/((p_2 · p_3**2*p_2 · p_4*p_3 · p_4*((p_1 · p_3 + p_2 · p_4))))
-2*(p_4 · F_3 · F_2 · p_1*p_1 · p_2*p_1 · p_3)/(p_1 · p_2*p_1 · p_3*p_2 · p_4*p_3 · p_4) + 27*(p_4 · F_3 · F_2 · p_1)/(p_2 · p_3*p_2 · p_4),-(2*p_4 · p_3*e_3 · p_2*e_2 · p_1*p_1 · p_2*p_1 · p_3)/(p_1 · p_2*p_1 · p_3*p_2 · p_4*p_3 · p_4) + (2*p_4 · e_3*p_3 · p_2*e_2 · p_1*p_1 · p_2*p_1 · p_3)/(p_1 · p_2*p_1 · p_3*p_2 · p_4*p_3 · p_4) + (2*p_4 · p_3*e_3 · e_2*p_2 · p_1*p_1 · p_2*p_1 · p_3)/(p_1 · p_2*p_1 · p_3*p_2 · p_4*p_3 · p_4) - (2*p_4 · e_3*p_3 · e_2*p_2 · p_1*p_1 · p_2*p_1 · p_3)/(p_1 · p_2*p_1 · p_3*p_2 · p_4*p_3 · p_4) + (27*p_4 · p_3*e_3 · p_2*e_2 · p_1)/((((p_2 · p_4 - p_2 · p_3))*p_2 · p_3)) - (27*p_4 · p_3*e_3 · p_2*e_2 · p_1)/((((p_2 · p_4 - p_2 · p_3))*p_2 · p_4)) - (27*p_4 · e_3*p_3 · p_2*e_2 · p_1)/(p_2 · p_3*p_2 · p_4) - (27*p_4 · p_3*e_3 · e_2*p_2 · p_1)/(p_2 · p_3*p_2 · p_4) + (27*p_4 · e_3*p_3 · e_2*p_2 · p_1)/(p_2 · p_3*p_2 · p_4)
6*(Tr(F_2 · F_3))/(p_1 · p_2) - 8*(p_2 · F_3 · p_4*p_4 · F_2 · p_3*p_1 · p_2*p_3 · p_4)/(p_1 · p_2*p_1 · p_3*p_2 · p_3*p_2 · p_4*p_3 · p_4),(6*e_2 · p_3*e_3 · p_2*p_4 · p_3)/(p_1 · p_2*p_4 · p_3) - (6*p_2 · p_3*e_3 · e_2*p_4 · p_3)/(p_1 · p_2*p_4 · p_3) - (6*e_2 · e_3*p_3 · p_2*p_4 · p_3)/(p_1 · p_2*p_4 · p_3) + (6*p_2 · e_3*p_3 · e_2*p_4 · p_3)/(p_1 · p_2*p_4 · p_3) - (8*p_2 · p_3*e_3 · p_4*p_4 · p_2*e_2 · p_3*p_1 · p_2*p_3 · p_4*p_4 · p_3)/(p_1 · p_2*p_1 · p_3*p_2 · p_3*p_2 · p_4*p_3 · p_4*p_4 · p_3) + (8*p_2 · p_3*e_3 · p_4*p_4 · e_2*p_2 · p_3*p_1 · p_2*p_3 · p_4*p_4 · p_3)/((((p_2 · p_4 - p_3 · p_4))*p_3 · p_4*p_1 · p_2*p_1 · p_3*p_2 · p_3*p_4 · p_3)) - (8*p_2 · p_3*e_3 · p_4*p_4 · e_2*p_2 · p_3*p_1 · p_2*p_3 · p_4*p_4 · p_3)/((((p_2 · p_4 - p_3 · p_4))*p_2 · p_4*p_1 · p_2*p_1 · p_3*p_2 · p_3*p_4 · p_3)) + (8*p_2 · e_3*p_3 · p_4*p_4 · p_2*e_2 · p_3*p_1 · p_2*p_3 · p_4*p_4 · p_3)/(p_1 · p_2*p_1 · p_3*p_2 · p_3*p_2 · p_4*p_3 · p_4*p_4 · p_3) - (8*p_2 · e_3*p_3 · p_4*p_4 · e_2*p_2 · p_3*p_1 · p_2*p_3 · p_4*p_4 · p_3)/(p_1 · p_2*p_1 · p_3*p_2 · p_3*p_2 · p_4*p_3 · p_4*p_4 · p_3)
-5*(p_2 · F_3 · p_4*p_3 · F_2 · p_1)/(p_1 · p_2*(p_2 · p_3)^2*p_3 · p_4) - 10*(p_1 · F_3 · p_4*p_4 · F_2 · p_1*p_1 · p_4*p_2 · p_3)/(p_1 · p_2*p_1 · p_3*p_2 · p_3*p_2 · p_4*p_3 · p_4),-(5*p_2 · p_3*e_3 · p_4*p_3 · p_2*e_2 · p_1*p_1 · p_4)/((p_1 · p_2*p_2 · p_3**2*p_3 · p_4*((p_1 · p_4 + p_3 · p_2)))) - (5*p_2 · p_3*e_3 · p_4*p_3 · p_2*e_2 · p_1*p_3 · p_2)/((p_1 · p_2*p_2 · p_3**2*p_3 · p_4*((p_1 · p_4 + p_3 · p_2)))) + (5*p_2 · p_3*e_3 · p_4*p_3 · e_2*p_2 · p_1*p_1 · p_4)/((p_1 · p_2*p_2 · p_3**2*p_3 · p_4*((p_1 · p_4 + p_3 · p_2)))) + (5*p_2 · p_3*e_3 · p_4*p_3 · e_2*p_2 · p_1*p_3 · p_2)/((p_1 · p_2*p_2 · p_3**2*p_3 · p_4*((p_1 · p_4 + p_3 · p_2)))) + (5*p_2 · e_3*p_3 · p_4*p_3 · p_2*e_2 · p_1*p_1 · p_4)/((p_1 · p_2*p_2 · p_3**2*p_3 · p_4*((p_1 · p_4 + p_3 · p_2)))) + (5*p_2 · e_3*p_3 · p_4*p_3 · p_2*e_2 · p_1*p_3 · p_2)/((p_1 · p_2*p_2 · p_3**2*p_3 · p_4*((p_1 · p_4 + p_3 · p_2)))) - (5*p_2 · e_3*p_3 · p_4*p_3 · e_2*p_2 · p_1*p_1 · p_4)/((p_1 · p_2*p_2 · p_3**2*p_3 · p_4*((p_1 · p_4 + p_3 · p_2)))) - (5*p_2 · e_3*p_3 · p_4*p_3 · e_2*p_2 · p_1*p_3 · p_2)/((p_1 · p_2*p_2 · p_3**2*p_3 · p_4*((p_1 · p_4 + p_3 · p_2)))) - (10*p_1 · p_3*e_3 · p_4*p_4 · p_2*e_2 · p_1*p_1 · p_4*p_2 · p_3*p_1 · p_4)/((p_1 · p_2*p_1 · p_3*p_2 · p_3*p_2 · p_4*p_3 · p_4*((p_1 · p_4 + p_3 · p_2)))) - (10*p_1 · p_3*e_3 · p_4*p_4 · p_2*e_2 · p_1*p_1 · p_4*p_2 · p_3*p_3 · p_2)/((p_1 · p_2*p_1 · p_3*p_2 · p_3*p_2 · p_4*p_3 · p_4*((p_1 · p_4 + p_3 · p_2)))) + (10*p_1 · p_3*e_3 · p_4*p_4 · e_2*p_2 · p_1*p_1 · p_4*p_2 · p_3*p_1 · p_4)/((p_1 · p_2*p_1 · p_3*p_2 · p_3*p_2 · p_4*p_3 · p_4*((p_1 · p_4 + p_3 · p_2)))) + (10*p_1 · p_3*e_3 · p_4*p_4 · e_2*p_2 · p_1*p_1 · p_4*p_2 · p_3*p_3 · p_2)/((p_1 · p_2*p_1 · p_3*p_2 · p_3*p_2 · p_4*p_3 · p_4*((p_1 · p_4 + p_3 · p_2)))) + (10*p_1 · e_3*p_3 · p_4*p_4 · p_2*e_2 · p_1*p_1 · p_4*p_2 · p_3*p_1 · p_4)/((p_1 · p_2*p_1 · p_3*p_2 · p_3*p_2 · p_4*p_3 · p_4*((p_1 · p_4 + p_3 · p_2)))) + (10*p_1 · e_3*p_3 · p_4*p_4 · p_2*e_2 · p_1*p_1 · p_4*p_2 · p_3*p_3 · p_2)/((p_1 · p_2*p_1 · p_3*p_2 · p_3*p_2 · p_4*p_3 · p_4*((p_1 · p_4 + p_3 · p_2)))) - (10*p_1 · e_3*p_3 · p_4*p_4 · e_2*p_2 · p_1*p_1 · p_4*p_2 · p_3*p_1 · p_4)/((p_1 · p_2*p_1 · p_3*p_2 · p_3*p_2 · p_4*p_3 · p_4*((p_1 · p_4 + p_3 · p_2)))) - (10*p_1 · e_3*p_3 · p_4*p_4 · e_2*p_2 · p_1*p_1 · p_4*p_2 · p_3*p_3 · p_2)/((p_1 · p_2*p_1 · p_3*p_2 · p_3*p_2 · p_4*p_3 · p_4*((p_1 · p_4 + p_3 · p_2))))
8*(p_4 · F_2 · F_3 · p_1)/(p_1 · p_2*p_3 · p_4),(8*p_4 · p_2*e_2 · p_3*e_3 · p_1*p_1 · p_3)/((p_1 · p_2*p_3 · p_4*((p_1 · p_3 + p_2 · p_4)))) + (8*p_4 · p_2*e_2 · p_3*e_3 · p_1*p_2 · p_4)/((p_1 · p_2*p_3 · p_4*((p_1 · p_3 + p_2 · p_4)))) - (8*p_4 · e_2*p_2 · p_3*e_3 · p_1*p_1 · p_3)/((p_1 · p_2*p_3 · p_4*((p_1 · p_3 + p_2 · p_4)))) - (8*p_4 · e_2*p_2 · p_3*e_3 · p_1*p_2 · p_4)/((p_1 · p_2*p_3 · p_4*((p_1 · p_3 + p_2 · p_4)))) - (8*p_4 · p_2*e_2 · e_3*p_3 · p_1*p_1 · p_3)/((p_1 · p_2*p_3 · p_4*((p_1 · p_3 + p_2 · p_4)))) - (8*p_4 · p_2*e_2 · e_3*p_3 · p_1*p_2 · p_4)/((p_1 · p_2*p_3 · p_4*((p_1 · p_3 + p_2 · p_4)))) + (8*p_4 · e_2*p_2 · e_3*p_3 · p_1*p_1 · p_3)/((p_1 · p_2*p_3 · p_4*((p_1 · p_3 + p_2 · p_4)))) + (8*p_4 · e_2*p_2 · e_3*p_3 · p_1*p_2 · p_4)/((p_1 · p_2*p_3 · p_4*((p_1 · p_3 + p_2 · p_4))))
-5*(p_4 · F_2 · F_3 · p_1)/((p_1 · p_3)^2*p_2 · p_3) - 88*(p_4 · F_2 · F_3 · p_1*p_3 · p_4)/(p_1 · p_2*p_2 · p_3*p_2 · p_4),-(5*p_4 · p_2*e_2 · p_3*e_3 · p_1*p_4 · p_2*p_3 · p_2*p_2 · p_1*p_1 · p_2)/((p_1 · p_3**2*p_2 · p_3*((p_4 · p_2 + p_3 · p_1))*p_3 · p_2*p_2 · p_1*p_1 · p_2)) - (5*p_4 · p_2*e_2 · p_3*e_3 · p_1*p_3 · p_1*p_3 · p_2*p_2 · p_1*p_1 · p_2)/((p_1 · p_3**2*p_2 · p_3*((p_4 · p_2 + p_3 · p_1))*p_3 · p_2*p_2 · p_1*p_1 · p_2)) + (5*p_4 · e_2*p_2 · p_3*e_3 · p_1*p_4 · p_2*p_3 · p_2*p_2 · p_1*p_1 · p_2)/((p_1 · p_3**2*p_2 · p_3*((p_4 · p_2 + p_3 · p_1))*p_3 · p_2*p_2 · p_1*p_1 · p_2)) + (5*p_4 · e_2*p_2 · p_3*e_3 · p_1*p_3 · p_1*p_3 · p_2*p_2 · p_1*p_1 · p_2)/((p_1 · p_3**2*p_2 · p_3*((p_4 · p_2 + p_3 · p_1))*p_3 · p_2*p_2 · p_1*p_1 · p_2)) + (5*p_4 · p_2*e_2 · e_3*p_3 · p_1*p_4 · p_2*p_3 · p_2*p_2 · p_1*p_1 · p_2)/((p_1 · p_3**2*-((p_1 · p_3 + p_3 · p_3 + p_4 · p_3))*((p_4 · p_2 + p_3 · p_1))*p_3 · p_2*p_2 · p_1*p_1 · p_2)) + (5*p_4 · p_2*e_2 · e_3*p_3 · p_1*p_3 · p_1*p_3 · p_2*p_2 · p_1*p_1 · p_2)/((p_1 · p_3**2*-((p_1 · p_3 + p_3 · p_3 + p_4 · p_3))*((p_4 · p_2 + p_3 · p_1))*p_3 · p_2*p_2 · p_1*p_1 · p_2)) - (5*p_4 · e_2*p_2 · e_3*p_3 · p_1*p_4 · p_2*p_3 · p_2*p_2 · p_1*p_1 · p_2)/((p_1 · p_3**2*p_2 · p_3*((p_4 · p_2 + p_3 · p_1))*p_3 · p_2*p_2 · p_1*p_1 · p_2)) - (5*p_4 · e_2*p_2 · e_3*p_3 · p_1*p_3 · p_1*p_3 · p_2*p_2 · p_1*p_1 · p_2)/((p_1 · p_3**2*p_2 · p_3*((p_4 · p_2 + p_3 · p_1))*p_3 · p_2*p_2 · p_1*p_1 · p_2)) - (88*p_4 · p_2*e_2 · p_3*e_3 · p_1*p_3 · p_4*p_4 · p_2*p_3 · p_2*p_2 · p_1*p_1 · p_2)/((p_1 · p_2*p_2 · p_3*p_2 · p_4*((p_4 · p_2 + p_3 · p_1))*p_3 · p_2*p_2 · p_1*p_1 · p_2)) - (88*p_4 · p_2*e_2 · p_3*e_3 · p_1*p_3 · p_4*p_3 · p_1*p_3 · p_2*p_2 · p_1*p_1 · p_2)/((p_1 · p_2*p_2 · p_3*p_2 · p_4*((p_4 · p_2 + p_3 · p_1))*p_3 · p_2*p_2 · p_1*p_1 · p_2)) + (88*p_4 · e_2*p_2 · p_3*e_3 · p_1*p_3 · p_4*p_4 · p_2*p_3 · p_2*p_2 · p_1*p_1 · p_2)/((p_1 · p_2*p_2 · p_3*p_2 · p_4*((p_4 · p_2 + p_3 · p_1))*p_3 · p_2*p_2 · p_1*p_1 · p_2)) + (88*p_4 · e_2*p_2 · p_3*e_3 · p_1*p_3 · p_4*p_3 · p_1*p_3 · p_2*p_2 · p_1*p_1 · p_2)/((p_1 · p_2*p_2 · p_3*p_2 · p_4*((p_4 · p_2 + p_3 · p_1))*p_3 · p_2*p_2 · p_1*p_1 · p_2)) + (88*p_4 · p_2*e_2 · e_3*p_3 · p_1*p_3 · p_4*p_4 · p_2*p_3 · p_2*p_2 · p_1*p_1 · p_2)/((p_1 · p_2*p_2 · p_3*p_2 · p_4*((p_4 · p_2 + p_3 · p_1))*p_3 · p_2*p_2 · p_1*p_1 · p_2)) + (88*p_4 · p_2*e_2 · e_3*p_3 · p_1*p_3 · p_4*p_3 · p_1*p_3 · p_2*p_2 · p_1*p_1 · p_2)/((p_1 · p_2*p_2 · p_3*p_2 · p_4*((p_4 · p_2 + p_3 · p_1))*p_3 · p_2*p_2 · p_1*p_1 · p_2)) - (88*p_4 · e_2*p_2 · e_3*p_3 · p_1*p_3 · p_4*p_4 · p_2*p_3 · p_2*p_2 · p_1*p_1 · p_2)/((p_1 · p_2*p_2 · p_3*p_2 · p_4*((p_4 · p_2 + p_3 · p_1))*p_3 · p_2*p_2 · p_1*p_1 · p_2)) - (88*p_4 · e_2*p_2 · e_3*p_3 · p_1*p_3 · p_4*p_3 · p_1*p_3 · p_2*p_2 · p_1*p_1 · p_2)/((p_1 · p_2*p_2 · p_3*p_2 · p_4*((p_4 · p_2 + p_3 · p_1))*p_3 · p_2*p_2 · p_1*p_1 · p_2))
-5*(p_4 · F_2 · F_3 · p_1*p_3 · p_4)/(p_1 · p_3*p_2 · p_4*p_3 · p_4),(5*p_4 · p_2*e_2 · p_1*e_3 · p_1*p_3 · p_4)/(p_1 · p_3*p_2 · p_4*p_3 · p_4) + (5*p_4 · p_2*e_2 · p_2*e_3 · p_1*p_3 · p_4)/(p_1 · p_3*p_2 · p_4*p_3 · p_4) + (5*p_4 · p_2*e_2 · p_4*e_3 · p_1*p_3 · p_4)/(p_1 · p_3*p_2 · p_4*p_4 · p_3) + (5*p_4 · e_2*p_2 · p_3*e_3 · p_1*p_3 · p_4)/(p_1 · p_3*p_2 · p_4*p_3 · p_4) + (5*p_4 · p_2*e_2 · e_3*p_3 · p_1*p_3 · p_4)/(p_1 · p_3*p_2 · p_4*p_3 · p_4) - (5*p_4 · e_2*p_2 · e_3*p_3 · p_1*p_3 · p_4)/(p_1 · p_3*p_2 · p_4*p_3 · p_4)
-2*(p_1 · F_2 · p_4*p_4 · F_3 · p_2*p_1 · p_3*p_1 · p_4)/(p_1 · p_2*p_1 · p_3*p_2 · p_3*p_2 · p_4*p_3 · p_4),-(2*p_1 · p_2*e_2 · p_4*p_4 · p_3*e_3 · p_2*p_1 · p_3*p_1 · p_4*p_1 · p_2)/((((p_2 · p_3 - p_1 · p_3))*p_1 · p_3*p_1 · p_2*p_2 · p_4*p_3 · p_4*p_1 · p_2)) + (2*p_1 · p_2*e_2 · p_4*p_4 · p_3*e_3 · p_2*p_1 · p_3*p_1 · p_4*p_1 · p_2)/((((p_2 · p_3 - p_1 · p_3))*p_2 · p_3*p_1 · p_2*p_2 · p_4*p_3 · p_4*p_1 · p_2)) + (2*p_1 · p_2*e_2 · p_4*p_4 · e_3*p_3 · p_2*p_1 · p_3*p_1 · p_4*p_1 · p_2)/(p_1 · p_2*p_1 · p_3*p_2 · p_3*p_2 · p_4*p_3 · p_4*p_1 · p_2) + (2*p_1 · e_2*p_2 · p_4*p_4 · p_3*e_3 · p_2*p_1 · p_3*p_1 · p_4*p_1 · p_2)/(p_1 · p_2*p_1 · p_3*p_2 · p_3*p_2 · p_4*p_3 · p_4*p_1 · p_2) - (2*p_1 · e_2*p_2 · p_4*p_4 · e_3*p_3 · p_2*p_1 · p_3*p_1 · p_4*p_1 · p_2)/((((p_1 · p_2 - p_2 · p_4))*p_2 · p_4*p_1 · p_3*p_2 · p_3*p_3 · p_4*p_1 · p_2)) + (2*p_1 · e_2*p_2 · p_4*p_4 · e_3*p_3 · p_2*p_1 · p_3*p_1 · p_4*p_1 · p_2)/((((p_1 · p_2 - p_2 · p_4))*p_1 · p_2*p_1 · p_3*p_2 · p_3*p_3 · p_4*p_1 · p_2))
-9*(p_2 · F_3 · p_1*p_3 · F_2 · p_1*p_1 · p_2)/(p_1 · p_2*p_1 · p_3*p_2 · p_4*p_3 · p_4),-(9*p_2 · p_3*e_3 · p_1*p_3 · p_2*e_2 · p_1*p_1 · p_2*p_1 · p_3*p_2 · p_1)/((p_1 · p_2*p_1 · p_3*p_2 · p_4*p_3 · p_4*((p_1 · p_3 + p_2 · p_4))*((p_2 · p_1 + p_3 · p_4)))) - (9*p_2 · p_3*e_3 · p_1*p_3 · p_2*e_2 · p_1*p_1 · p_2*p_1 · p_3*p_3 · p_4)/((p_1 · p_2*p_1 · p_3*p_2 · p_4*p_3 · p_4*((p_1 · p_3 + p_2 · p_4))*((p_2 · p_1 + p_3 · p_4)))) - (9*p_2 · p_3*e_3 · p_1*p_3 · p_2*e_2 · p_1*p_1 · p_2*p_2 · p_4*p_2 · p_1)/((p_1 · p_2*p_1 · p_3*p_2 · p_4*p_3 · p_4*((p_1 · p_3 + p_2 · p_4))*((p_2 · p_1 + p_3 · p_4)))) - (9*p_2 · p_3*e_3 · p_1*p_3 · p_2*e_2 · p_1*p_1 · p_2*p_2 · p_4*p_3 · p_4)/((p_1 · p_2*p_1 · p_3*p_2 · p_4*p_3 · p_4*((p_1 · p_3 + p_2 · p_4))*((p_2 · p_1 + p_3 · p_4)))) + (9*p_2 · p_3*e_3 · p_1*p_3 · e_2*p_2 · p_1*p_1 · p_2*p_1 · p_3*p_2 · p_1)/((p_1 · p_2*p_1 · p_3*p_2 · p_4*p_3 · p_4*((p_1 · p_3 + p_2 · p_4))*((p_2 · p_1 + p_3 · p_4)))) + (9*p_2 · p_3*e_3 · p_1*p_3 · e_2*p_2 · p_1*p_1 · p_2*p_1 · p_3*p_3 · p_4)/((p_1 · p_2*p_1 · p_3*p_2 · p_4*p_3 · p_4*((p_1 · p_3 + p_2 · p_4))*((p_2 · p_1 + p_3 · p_4)))) + (9*p_2 · p_3*e_3 · p_1*p_3 · e_2*p_2 · p_1*p_1 · p_2*p_2 · p_4*p_2 · p_1)/((p_1 · p_2*p_1 · p_3*p_2 · p_4*p_3 · p_4*((p_1 · p_3 + p_2 · p_4))*((p_2 · p_1 + p_3 · p_4)))) + (9*p_2 · p_3*e_3 · p_1*p_3 · e_2*p_2 · p_1*p_1 · p_2*p_2 · p_4*p_3 · p_4)/((p_1 · p_2*p_1 · p_3*p_2 · p_4*p_3 · p_4*((p_1 · p_3 + p_2 · p_4))*((p_2 · p_1 + p_3 · p_4)))) + (9*p_2 · e_3*p_3 · p_1*p_3 · p_2*e_2 · p_1*p_1 · p_2*p_1 · p_3*p_2 · p_1)/((p_1 · p_2*p_1 · p_3*p_2 · p_4*p_3 · p_4*((p_1 · p_3 + p_2 · p_4))*((p_2 · p_1 + p_3 · p_4)))) + (9*p_2 · e_3*p_3 · p_1*p_3 · p_2*e_2 · p_1*p_1 · p_2*p_1 · p_3*p_3 · p_4)/((p_1 · p_2*p_1 · p_3*p_2 · p_4*p_3 · p_4*((p_1 · p_3 + p_2 · p_4))*((p_2 · p_1 + p_3 · p_4)))) + (9*p_2 · e_3*p_3 · p_1*p_3 · p_2*e_2 · p_1*p_1 · p_2*p_2 · p_4*p_2 · p_1)/((p_1 · p_2*p_1 · p_3*p_2 · p_4*p_3 · p_4*((p_1 · p_3 + p_2 · p_4))*((p_2 · p_1 + p_3 · p_4)))) + (9*p_2 · e_3*p_3 · p_1*p_3 · p_2*e_2 · p_1*p_1 · p_2*p_2 · p_4*p_3 · p_4)/((p_1 · p_2*p_1 · p_3*p_2 · p_4*p_3 · p_4*((p_1 · p_3 + p_2 · p_4))*((p_2 · p_1 + p_3 · p_4)))) - (9*p_2 · e_3*p_3 · p_1*p_3 · e_2*p_2 · p_1*p_1 · p_2*p_1 · p_3*p_2 · p_1)/((p_1 · p_2*p_1 · p_3*p_2 · p_4*p_3 · p_4*((p_1 · p_3 + p_2 · p_4))*((p_2 · p_1 + p_3 · p_4)))) - (9*p_2 · e_3*p_3 · p_1*p_3 · e_2*p_2 · p_1*p_1 · p_2*p_1 · p_3*p_3 · p_4)/((p_1 · p_2*p_1 · p_3*p_2 · p_4*p_3 · p_4*((p_1 · p_3 + p_2 · p_4))*((p_2 · p_1 + p_3 · p_4)))) - (9*p_2 · e_3*p_3 · p_1*p_3 · e_2*p_2 · p_1*p_1 · p_2*p_2 · p_4*p_2 · p_1)/((p_1 · p_2*p_1 · p_3*p_2 · p_4*p_3 · p_4*((p_1 · p_3 + p_2 · p_4))*((p_2 · p_1 + p_3 · p_4)))) - (9*p_2 · e_3*p_3 · p_1*p_3 · e_2*p_2 · p_1*p_1 · p_2*p_2 · p_4*p_3 · p_4)/((p_1 · p_2*p_1 · p_3*p_2 · p_4*p_3 · p_4*((p_1 · p_3 + p_2 · p_4))*((p_2 · p_1 + p_3 · p_4))))
6*(p_1 · F_2 · p_4*p_2 · F_3 · p_4)/((p_1 · p_2)^2*p_2 · p_3*p_2 · p_4) - 4*(Tr(F_2 · F_3)*p_1 · p_2*p_3 · p_4)/(p_1 · p_2*p_1 · p_3*p_2 · p_4),(6*p_1 · p_2*e_2 · p_4*p_2 · p_3*e_3 · p_4)/(p_1 · p_2**2*p_2 · p_3*p_2 · p_4) - (6*p_1 · p_2*e_2 · p_4*p_2 · e_3*p_3 · p_4)/(p_1 · p_2**2*p_2 · p_3*p_2 · p_4) - (6*p_1 · e_2*p_2 · p_4*p_2 · p_3*e_3 · p_4)/(p_1 · p_2**2*p_2 · p_3*p_2 · p_4) + (6*p_1 · e_2*p_2 · p_4*p_2 · e_3*p_3 · p_4)/(p_1 · p_2**2*p_2 · p_3*p_2 · p_4) - (4*e_2 · p_3*e_3 · p_2*p_1 · p_2*p_3 · p_4)/(p_1 · p_2*p_1 · p_3*p_2 · p_4) + (4*p_2 · p_3*e_3 · e_2*p_1 · p_2*p_3 · p_4)/(p_1 · p_2*p_1 · p_3*p_2 · p_4) + (4*e_2 · e_3*p_3 · p_2*p_1 · p_2*p_3 · p_4)/(p_1 · p_2*p_1 · p_3*p_2 · p_4) - (4*p_2 · e_3*p_3 · e_2*p_1 · p_2*p_3 · p_4)/(p_1 · p_2*p_1 · p_3*p_2 · p_4)
7*(Tr(F_2 · F_3)*p_1 · p_2)/(p_2 · p_3*p_3 · p_4),(7*e_2 · p_3*e_3 · p_2*p_1 · p_2)/(p_2 · p_3*p_3 · p_4) - (7*p_2 · p_3*e_3 · e_2*p_1 · p_2)/(p_2 · p_3*p_3 · p_4) - (7*e_2 · e_3*p_3 · p_2*p_1 · p_2)/(p_2 · p_3*p_3 · p_4) + (7*p_2 · e_3*p_3 · e_2*p_1 · p_2)/(p_2 · p_3*p_3 · p_4)
5*(p_4 · F_2 · F_3 · p_1*p_2 · p_4)/(p_1 · p_2*p_1 · p_3*p_2 · p_4) + 14*(p_1 · F_2 · p_3*p_2 · F_3 · p_4)/(p_1 · p_2*p_2 · p_3*p_3 · p_4),(5*p_4 · p_2*e_2 · p_3*e_3 · p_1*p_2 · p_4*p_4 · p_1)/((p_1 · p_2*p_1 · p_3*p_2 · p_4*((p_4 · p_1 + p_2 · p_3)))) + (5*p_4 · p_2*e_2 · p_3*e_3 · p_1*p_2 · p_4*p_2 · p_3)/((p_1 · p_2*p_1 · p_3*p_2 · p_4*((p_4 · p_1 + p_2 · p_3)))) - (5*p_4 · e_2*p_2 · p_3*e_3 · p_1*p_2 · p_4*p_4 · p_1)/((p_1 · p_2*p_1 · p_3*p_4 · p_2*((p_4 · p_1 + p_2 · p_3)))) - (5*p_4 · e_2*p_2 · p_3*e_3 · p_1*p_2 · p_4*p_2 · p_3)/((p_1 · p_2*p_1 · p_3*p_4 · p_2*((p_4 · p_1 + p_2 · p_3)))) - (5*p_4 · p_2*e_2 · e_3*p_3 · p_1*p_2 · p_4*p_4 · p_1)/((p_1 · p_2*p_1 · p_3*p_2 · p_4*((p_4 · p_1 + p_2 · p_3)))) - (5*p_4 · p_2*e_2 · e_3*p_3 · p_1*p_2 · p_4*p_2 · p_3)/((p_1 · p_2*p_1 · p_3*p_2 · p_4*((p_4 · p_1 + p_2 · p_3)))) + (5*p_4 · e_2*p_2 · e_3*p_3 · p_1*p_2 · p_4*p_4 · p_1)/((p_1 · p_2*p_1 · p_3*p_2 · p_4*((p_4 · p_1 + p_2 · p_3)))) + (5*p_4 · e_2*p_2 · e_3*p_3 · p_1*p_2 · p_4*p_2 · p_3)/((p_1 · p_2*p_1 · p_3*p_2 · p_4*((p_4 · p_1 + p_2 · p_3)))) + (14*p_2 · p_1*e_2 · p_3*p_2 · p_3*e_3 · p_4*p_4 · p_1)/((p_1 · p_2*p_2 · p_3*p_3 · p_4*((p_4 · p_1 + p_2 · p_3)))) + (14*p_2 · p_1*e_2 · p_3*p_2 · p_3*e_3 · p_4*p_2 · p_3)/((p_1 · p_2*p_2 · p_3*p_3 · p_4*((p_4 · p_1 + p_2 · p_3)))) - (14*p_1 · p_2*e_2 · p_3*p_2 · e_3*p_3 · p_4*p_4 · p_1)/((p_1 · p_2*p_2 · p_3*p_3 · p_4*((p_4 · p_1 + p_2 · p_3)))) - (14*p_1 · p_2*e_2 · p_3*p_2 · e_3*p_3 · p_4*p_2 · p_3)/((p_1 · p_2*p_2 · p_3*p_3 · p_4*((p_4 · p_1 + p_2 · p_3)))) - (14*p_1 · e_2*p_2 · p_3*p_2 · p_3*e_3 · p_4*p_4 · p_1)/((((p_2 · p_3 - p_3 · p_4))*p_3 · p_4*p_1 · p_2*((p_4 · p_1 + p_2 · p_3)))) - (14*p_1 · e_2*p_2 · p_3*p_2 · p_3*e_3 · p_4*p_2 · p_3)/((((p_2 · p_3 - p_3 · p_4))*p_3 · p_4*p_1 · p_2*((p_4 · p_1 + p_2 · p_3)))) + (14*p_1 · e_2*p_2 · p_3*p_2 · p_3*e_3 · p_4*p_4 · p_1)/((((p_2 · p_3 - p_3 · p_4))*p_2 · p_3*p_1 · p_2*((p_4 · p_1 + p_2 · p_3)))) + (14*p_1 · e_2*p_2 · p_3*p_2 · p_3*e_3 · p_4*p_2 · p_3)/((((p_2 · p_3 - p_3 · p_4))*p_2 · p_3*p_1 · p_2*((p_4 · p_1 + p_2 · p_3)))) + (14*p_1 · e_2*p_2 · p_3*p_2 · e_3*p_3 · p_4*p_4 · p_1)/((p_1 · p_2*p_2 · p_3*p_3 · p_4*((p_4 · p_1 + p_2 · p_3)))) + (14*p_1 · e_2*p_2 · p_3*p_2 · e_3*p_3 · p_4*p_2 · p_3)/((p_1 · p_2*p_2 · p_3*p_3 · p_4*((p_4 · p_1 + p_2 · p_3))))
-9*(p_4 · F_2 · F_3 · p_1*p_2 · p_3*p_3 · p_4)/(p_1 · p_2*p_2 · p_3*p_2 · p_4*(p_3 · p_4)^2),-(9*p_4 · p_2*e_2 · p_3*e_3 · p_1*p_2 · p_3*p_3 · p_4)/(p_1 · p_2*p_2 · p_3*p_2 · p_4*p_3 · p_4**2) + (9*p_4 · e_2*p_2 · p_3*e_3 · p_1*p_2 · p_3*p_3 · p_4)/(p_1 · p_2*p_2 · p_3*p_2 · p_4*p_3 · p_4**2) + (9*p_4 · p_2*e_2 · e_3*p_3 · p_1*p_2 · p_3*p_3 · p_4)/(p_1 · p_2*p_2 · p_3*p_2 · p_4*p_3 · p_4**2) - (9*p_4 · e_2*p_2 · e_3*p_3 · p_1*p_2 · p_3*p_3 · p_4)/(p_1 · p_2*p_2 · p_3*p_2 · p_4*p_3 · p_4**2)
3*(p_3 · F_2 · p_1*p_4 · F_3 · p_2*p_2 · p_3)/(p_1 · p_2*p_2 · p_3*p_2 · p_4*p_3 · p_4) + 36*(p_2 · F_3 · p_4*p_4 · F_2 · p_3)/(p_1 · p_3*(p_2 · p_3)^2*p_2 · p_4),(3*p_3 · p_2*e_2 · p_1*p_4 · p_3*e_3 · p_2*p_2 · p_3*p_3 · p_4)/(p_1 · p_2*p_2 · p_3*p_2 · p_4*p_3 · p_4*p_3 · p_4) - (3*p_3 · p_2*e_2 · p_1*e_3 · p_4*p_3 · p_2*p_2 · p_3*p_3 · p_4)/(p_1 · p_2*p_2 · p_3*p_2 · p_4*p_3 · p_4*p_3 · p_4) - (3*p_3 · e_2*p_2 · p_1*p_4 · p_3*e_3 · p_2*p_2 · p_3*p_3 · p_4)/(p_1 · p_2*p_2 · p_3*p_2 · p_4*p_3 · p_4*p_3 · p_4) + (3*p_3 · e_2*p_2 · p_1*p_4 · e_3*p_3 · p_2*p_2 · p_3*p_3 · p_4)/((((p_3 · p_4 - p_2 · p_3))*p_2 · p_3*p_1 · p_2*p_2 · p_4*p_3 · p_4)) - (3*p_3 · e_2*p_2 · p_1*p_4 · e_3*p_3 · p_2*p_2 · p_3*p_3 · p_4)/((((p_3 · p_4 - p_2 · p_3))*p_3 · p_4*p_1 · p_2*p_2 · p_4*p_3 · p_4)) + (36*p_2 · p_3*e_3 · p_4*p_4 · p_2*e_2 · p_3*p_3 · p_4)/(p_1 · p_3*p_2 · p_3**2*p_2 · p_4*p_3 · p_4) - (36*p_2 · p_3*e_3 · p_4*p_4 · e_2*p_2 · p_3*p_3 · p_4)/(p_1 · p_3*p_2 · p_3**2*p_2 · p_4*p_3 · p_4) - (36*p_2 · e_3*p_3 · p_4*p_4 · p_2*e_2 · p_3*p_3 · p_4)/(p_1 · p_3*p_2 · p_3**2*p_2 · p_4*p_3 · p_4) + (36*p_2 · e_3*p_3 · p_4*p_4 · e_2*p_2 · p_3*p_3 · p_4)/(p_1 · p_3*p_2 · p_3**2*p_2 · p_4*p_3 · p_4)
-5*(p_4 · F_3 · F_2 · p_1*p_1 · p_2)/(p_1 · p_2*p_2 · p_3*p_2 · p_4) - 89*(p_1 · F_2 · F_3 · p_4)/(p_2 · p_3*p_3 · p_4),(5*p_4 · p_3*e_3 · p_1*e_2 · p_1*p_1 · p_2*p_1 · p_2)/((p_1 · p_2*p_2 · p_3*p_2 · p_4*((p_1 · p_2 + p_4 · p_3)))) + (5*p_4 · p_3*e_3 · p_1*e_2 · p_1*p_1 · p_2*p_4 · p_3)/((p_1 · p_2*p_2 · p_3*p_2 · p_4*((p_1 · p_2 + p_4 · p_3)))) + (5*p_4 · p_3*e_3 · p_3*e_2 · p_1*p_1 · p_2*p_1 · p_2)/((p_1 · p_2*p_2 · p_3*p_2 · p_4*((p_1 · p_2 + p_4 · p_3)))) + (5*p_4 · p_3*e_3 · p_3*e_2 · p_1*p_1 · p_2*p_4 · p_3)/((p_1 · p_2*p_2 · p_3*p_2 · p_4*((p_1 · p_2 + p_4 · p_3)))) + (5*p_4 · p_3*e_3 · p_4*e_2 · p_1*p_1 · p_2*p_1 · p_2)/((p_1 · p_2*p_2 · p_3*p_2 · p_4*((p_1 · p_2 + p_4 · p_3)))) + (5*p_4 · p_3*e_3 · p_4*e_2 · p_1*p_1 · p_2*p_4 · p_3)/((p_1 · p_2*p_2 · p_3*p_2 · p_4*((p_1 · p_2 + p_4 · p_3)))) + (5*p_4 · e_3*p_3 · p_2*e_2 · p_1*p_1 · p_2*p_1 · p_2)/((p_1 · p_2*p_2 · p_3*p_2 · p_4*((p_1 · p_2 + p_4 · p_3)))) + (5*p_4 · e_3*p_3 · p_2*e_2 · p_1*p_1 · p_2*p_4 · p_3)/((p_1 · p_2*p_2 · p_3*p_2 · p_4*((p_1 · p_2 + p_4 · p_3)))) + (5*p_4 · p_3*e_3 · e_2*p_2 · p_1*p_1 · p_2*p_1 · p_2)/((p_1 · p_2*p_2 · p_3*p_2 · p_4*((p_1 · p_2 + p_4 · p_3)))) + (5*p_4 · p_3*e_3 · e_2*p_2 · p_1*p_1 · p_2*p_4 · p_3)/((p_1 · p_2*p_2 · p_3*p_2 · p_4*((p_1 · p_2 + p_4 · p_3)))) - (5*p_4 · e_3*p_3 · e_2*p_2 · p_1*p_1 · p_2*p_1 · p_2)/((p_1 · p_2*p_2 · p_3*p_2 · p_4*((p_1 · p_2 + p_4 · p_3)))) - (5*p_4 · e_3*p_3 · e_2*p_2 · p_1*p_1 · p_2*p_4 · p_3)/((p_1 · p_2*p_2 · p_3*p_2 · p_4*((p_1 · p_2 + p_4 · p_3)))) - (89*p_1 · p_2*e_2 · p_3*e_3 · p_4*p_1 · p_2)/((p_2 · p_3*p_3 · p_4*((p_1 · p_2 + p_4 · p_3)))) - (89*p_1 · p_2*e_2 · p_3*e_3 · p_4*p_4 · p_3)/((p_2 · p_3*p_3 · p_4*((p_1 · p_2 + p_4 · p_3)))) + (89*p_1 · e_2*p_2 · p_3*e_3 · p_4*p_1 · p_2)/((p_2 · p_3*p_3 · p_4*((p_1 · p_2 + p_4 · p_3)))) + (89*p_1 · e_2*p_2 · p_3*e_3 · p_4*p_4 · p_3)/((p_2 · p_3*p_3 · p_4*((p_1 · p_2 + p_4 · p_3)))) + (89*p_1 · p_2*e_2 · e_3*p_3 · p_4*p_1 · p_2)/((p_2 · p_3*p_3 · p_4*((p_1 · p_2 + p_4 · p_3)))) + (89*p_1 · p_2*e_2 · e_3*p_3 · p_4*p_4 · p_3)/((p_2 · p_3*p_3 · p_4*((p_1 · p_2 + p_4 · p_3)))) - (89*p_1 · e_2*p_2 · e_3*p_3 · p_4*p_1 · p_2)/((p_2 · p_3*p_3 · p_4*((p_1 · p_2 + p_4 · p_3)))) - (89*p_1 · e_2*p_2 · e_3*p_3 · p_4*p_4 · p_3)/((p_2 · p_3*p_3 · p_4*((p_1 · p_2 + p_4 · p_3))))
5*(Tr(F_2 · F_3)*p_1 · p_2*p_2 · p_4)/(p_2 · p_3*p_2 · p_4*p_3 · p_4),(5*e_2 · p_3*e_3 · p_2*p_1 · p_2*p_2 · p_4*p_4 · p_3)/((p_2 · p_3*p_2 · p_4*p_3 · p_4*((p_4 · p_3 + p_1 · p_2)))) + (5*e_2 · p_3*e_3 · p_2*p_1 · p_2*p_2 · p_4*p_1 · p_2)/((p_2 · p_3*p_2 · p_4*p_3 · p_4*((p_4 · p_3 + p_1 · p_2)))) - (5*p_2 · p_3*e_3 · e_2*p_1 · p_2*p_2 · p_4*p_4 · p_3)/((p_2 · p_3*p_2 · p_4*p_3 · p_4*((p_4 · p_3 + p_1 · p_2)))) - (5*p_2 · p_3*e_3 · e_2*p_1 · p_2*p_2 · p_4*p_1 · p_2)/((p_2 · p_3*p_2 · p_4*p_3 · p_4*((p_4 · p_3 + p_1 · p_2)))) - (5*e_2 · e_3*p_3 · p_2*p_1 · p_2*p_2 · p_4*p_4 · p_3)/((p_2 · p_3*p_2 · p_4*p_3 · p_4*((p_4 · p_3 + p_1 · p_2)))) - (5*e_2 · e_3*p_3 · p_2*p_1 · p_2*p_2 · p_4*p_1 · p_2)/((p_2 · p_3*p_2 · p_4*p_3 · p_4*((p_4 · p_3 + p_1 · p_2)))) + (5*p_2 · e_3*p_3 · e_2*p_1 · p_2*p_2 · p_4*p_4 · p_3)/((p_2 · p_3*p_2 · p_4*p_3 · p_4*((p_4 · p_3 + p_1 · p_2)))) + (5*p_2 · e_3*p_3 · e_2*p_1 · p_2*p_2 · p_4*p_1 · p_2)/((p_2 · p_3*p_2 · p_4*p_3 · p_4*((p_4 · p_3 + p_1 · p_2))))
-4*(Tr(F_2 · F_3)*p_1 · p_3)/(p_1 · p_2*p_2 · p_4) + 41*(Tr(F_2 · F_3)*p_1 · p_4)/(p_1 · p_2*p_2 · p_4),-(4*e_2 · p_3*e_3 · p_2*p_1 · p_3)/(p_1 · p_2*p_2 · p_4) + (4*p_2 · p_3*e_3 · e_2*p_1 · p_3)/(p_1 · p_2*p_2 · p_4) + (4*e_2 · e_3*p_3 · p_2*p_1 · p_3)/(p_1 · p_2*p_2 · p_4) - (4*p_2 · e_3*p_3 · e_2*p_1 · p_3)/(p_1 · p_2*p_2 · p_4) + (41*e_2 · p_3*e_3 · p_2*p_1 · p_4)/(p_1 · p_2*p_2 · p_4) - (41*p_2 · p_3*e_3 · e_2*p_1 · p_4)/(p_1 · p_2*p_2 · p_4) - (41*e_2 · e_3*p_3 · p_2*p_1 · p_4)/(p_1 · p_2*p_2 · p_4) + (41*p_2 · e_3*p_3 · e_2*p_1 · p_4)/((-((p_2 · p_2 + p_3 · p_2 + p_4 · p_2))*p_2 · p_4))
4*(p_1 · F_3 · p_2*p_3 · F_2 · p_4*p_1 · p_4)/(p_1 · p_3*p_2 · p_3*(p_2 · p_4)^2*p_3 · p_4),-(4*p_1 · p_3*e_3 · p_1*p_3 · p_2*e_2 · p_4*p_1 · p_4)/(p_1 · p_3*p_2 · p_3*p_2 · p_4**2*p_3 · p_4) - (4*p_1 · p_3*e_3 · p_3*p_3 · p_2*e_2 · p_4*p_1 · p_4)/((((p_3 · p_4 - p_1 · p_3))*p_1 · p_3*p_2 · p_3*p_2 · p_4**2)) + (4*p_1 · p_3*e_3 · p_3*p_3 · p_2*e_2 · p_4*p_1 · p_4)/((((p_4 · p_3 - p_1 · p_3))*p_3 · p_4*p_2 · p_3*p_2 · p_4**2)) - (4*p_1 · p_3*e_3 · p_4*p_3 · p_2*e_2 · p_4*p_1 · p_4)/(p_1 · p_3*p_2 · p_3*p_2 · p_4**2*p_3 · p_4) - (4*p_1 · p_3*e_3 · p_2*p_3 · e_2*p_2 · p_4*p_1 · p_4)/(p_1 · p_3*p_2 · p_3*p_2 · p_4**2*p_3 · p_4) - (4*p_1 · e_3*p_3 · p_2*p_3 · p_2*e_2 · p_4*p_1 · p_4)/(p_1 · p_3*p_2 · p_3*p_2 · p_4**2*p_3 · p_4) + (4*p_1 · e_3*p_3 · p_2*p_3 · e_2*p_2 · p_4*p_1 · p_4)/(p_1 · p_3*p_2 · p_3*p_2 · p_4**2*p_3 · p_4)
-5*(p_1 · F_2 · p_3*p_2 · F_3 · p_4)/(p_1 · p_3*p_2 · p_3*p_3 · p_4),-(5*p_1 · p_2*e_2 · p_3*p_2 · p_3*e_3 · p_4)/(p_1 · p_3*p_2 · p_3*p_3 · p_4) + (5*p_1 · p_2*e_2 · p_3*p_2 · e_3*p_3 · p_4)/(p_1 · p_3*p_2 · p_3*p_3 · p_4) + (5*p_1 · e_2*p_2 · p_3*p_2 · p_3*e_3 · p_4)/(p_1 · p_3*p_2 · p_3*p_3 · p_4) - (5*p_1 · e_2*p_2 · p_3*p_2 · e_3*p_3 · p_4)/(p_1 · p_3*p_2 · p_3*p_3 · p_4)
-6*(p_1 · F_2 · F_3 · p_4)/(p_1 · p_2*p_2 · p_3),-(6*p_1 · p_2*e_2 · p_3*e_3 · p_4)/(p_1 · p_2*p_2 · p_3) + (6*p_1 · e_2*p_2 · p_3*e_3 · p_4)/(p_1 · p_2*p_2 · p_3) + (6*p_1 · p_2*e_2 · e_3*p_3 · p_4)/(p_1 · p_2*p_2 · p_3) - (6*p_1 · e_2*p_2 · e_3*p_3 · p_4)/(p_1 · p_2*p_2 · p_3)
-6*(p_4 · F_2 · F_3 · p_1)/(p_1 · p_3*p_2 · p_3),-(6*p_4 · p_2*e_2 · p_3*e_3 · p_1)/(p_1 · p_3*p_2 · p_3) + (6*p_4 · e_2*p_2 · p_3*e_3 · p_1)/(p_1 · p_3*p_2 · p_3) + (6*p_4 · p_2*e_2 · e_3*p_3 · p_1)/(p_1 · p_3*p_2 · p_3) - (6*p_4 · e_2*p_2 · e_3*p_3 · p_1)/(p_1 · p_3*p_2 · p_3)
2*(p_4 · F_3 · F_2 · p_1*p_1 · p_2*p_3 · p_4)/(p_1 · p_2*p_1 · p_3*(p_2 · p_3)^2*p_2 · p_4),-(2*p_4 · p_3*e_3 · p_2*e_2 · p_2*p_1 · p_2*p_3 · p_4*p_1 · p_3*p_4 · p_2*p_3 · p_1)/((p_1 · p_2*p_1 · p_3*p_2 · p_3**2*p_2 · p_4*p_1 · p_3*p_4 · p_2*((p_3 · p_1 + p_4 · p_2)))) - (2*p_4 · p_3*e_3 · p_2*e_2 · p_2*p_1 · p_2*p_3 · p_4*p_1 · p_3*p_4 · p_2*p_4 · p_2)/((p_1 · p_2*p_1 · p_3*p_2 · p_3**2*p_2 · p_4*p_1 · p_3*p_4 · p_2*((p_3 · p_1 + p_4 · p_2)))) - (2*p_4 · p_3*e_3 · p_2*e_2 · p_3*p_1 · p_2*p_3 · p_4*p_1 · p_3*p_4 · p_2*p_3 · p_1)/((p_1 · p_2*p_1 · p_3*p_2 · p_3**2*p_2 · p_4*p_1 · p_3*p_4 · p_2*((p_3 · p_1 + p_4 · p_2)))) - (2*p_4 · p_3*e_3 · p_2*e_2 · p_3*p_1 · p_2*p_3 · p_4*p_1 · p_3*p_4 · p_2*p_4 · p_2)/((p_1 · p_2*p_1 · p_3*p_2 · p_3**2*p_2 · p_4*p_1 · p_3*p_4 · p_2*((p_3 · p_1 + p_4 · p_2)))) - (2*p_4 · p_3*e_3 · p_2*e_2 · p_4*p_1 · p_2*p_3 · p_4*p_1 · p_3*p_4 · p_2*p_3 · p_1)/((p_1 · p_2*p_1 · p_3*p_2 · p_3**2*p_2 · p_4*p_1 · p_3*p_4 · p_2*((p_3 · p_1 + p_4 · p_2)))) - (2*p_4 · p_3*e_3 · p_2*e_2 · p_4*p_1 · p_2*p_3 · p_4*p_1 · p_3*p_4 · p_2*p_4 · p_2)/((p_1 · p_2*p_1 · p_3*p_2 · p_3**2*p_2 · p_4*p_1 · p_3*p_4 · p_2*((p_3 · p_1 + p_4 · p_2)))) - (2*p_4 · e_3*p_3 · p_2*e_2 · p_1*p_1 · p_2*p_3 · p_4*p_1 · p_3*p_4 · p_2*p_3 · p_1)/((p_1 · p_2*p_1 · p_3*p_2 · p_3**2*p_2 · p_4*p_1 · p_3*p_4 · p_2*((p_3 · p_1 + p_4 · p_2)))) - (2*p_4 · e_3*p_3 · p_2*e_2 · p_1*p_1 · p_2*p_3 · p_4*p_1 · p_3*p_4 · p_2*p_4 · p_2)/((p_1 · p_2*p_1 · p_3*p_2 · p_3**2*p_2 · p_4*p_1 · p_3*p_4 · p_2*((p_3 · p_1 + p_4 · p_2)))) - (2*p_4 · p_3*e_3 · e_2*p_2 · p_1*p_1 · p_2*p_3 · p_4*p_1 · p_3*p_4 · p_2*p_3 · p_1)/((p_1 · p_2*p_1 · p_3*p_2 · p_3**2*p_2 · p_4*p_1 · p_3*p_4 · p_2*((p_3 · p_1 + p_4 · p_2)))) - (2*p_4 · p_3*e_3 · e_2*p_2 · p_1*p_1 · p_2*p_3 · p_4*p_1 · p_3*p_4 · p_2*p_4 · p_2)/((p_1 · p_2*p_1 · p_3*p_2 · p_3**2*p_2 · p_4*p_1 · p_3*p_4 · p_2*((p_3 · p_1 + p_4 · p_2)))) + (2*p_4 · e_3*p_3 · e_2*p_2 · p_1*p_1 · p_2*p_3 · p_4*p_1 · p_3*p_4 · p_2*p_3 · p_1)/((p_1 · p_2*p_1 · p_3*p_2 · p_3**2*p_2 · p_4*p_1 · p_3*p_4 · p_2*((p_3 · p_1 + p_4 · p_2)))) + (2*p_4 · e_3*p_3 · e_2*p_2 · p_1*p_1 · p_2*p_3 · p_4*p_1 · p_3*p_4 · p_2*p_4 · p_2)/((p_1 · p_2*p_1 · p_3*p_2 · p_3**2*p_2 · p_4*p_1 · p_3*p_4 · p_2*((p_3 · p_1 + p_4 · p_2))))
-2*(Tr(F_2 · F_3)*(p_3 · p_4)^2)/(p_1 · p_3*p_2 · p_4*p_3 · p_4),-(2*e_2 · p_3*e_3 · p_2*p_3 · p_4**2*p_1 · p_2)/(p_1 · p_3*p_2 · p_4*p_3 · p_4*p_1 · p_2) + (2*p_2 · p_3*e_3 · e_2*p_3 · p_4**2*p_1 · p_2)/(p_1 · p_3*p_2 · p_4*p_3 · p_4*p_1 · p_2) + (2*e_2 · e_3*p_3 · p_2*p_3 · p_4**2*p_1 · p_2)/(p_1 · p_3*p_2 · p_4*p_3 · p_4*p_1 · p_2) - (2*p_2 · e_3*p_3 · e_2*p_3 · p_4**2*p_1 · p_2)/(p_1 · p_3*p_2 · p_4*p_3 · p_4*p_1 · p_2)
6*(p_4 · F_2 · F_3 · p_1*p_1 · p_2*p_1 · p_4)/(p_1 · p_2*p_1 · p_3*p_2 · p_3*p_2 · p_4) - 91*(p_1 · F_2 · p_3*p_2 · F_3 · p_4*p_1 · p_2)/(p_1 · p_2*p_1 · p_3*(p_2 · p_3)^2*p_2 · p_4),(6*p_4 · p_2*e_2 · p_3*e_3 · p_1*p_1 · p_2*p_1 · p_4)/(p_1 · p_2*p_1 · p_3*p_2 · p_3*p_2 · p_4) - (6*p_4 · e_2*p_2 · p_3*e_3 · p_1*p_1 · p_2*p_1 · p_4)/(p_1 · p_2*p_1 · p_3*p_2 · p_3*p_2 · p_4) - (6*p_4 · p_2*e_2 · e_3*p_3 · p_1*p_1 · p_2*p_1 · p_4)/(p_1 · p_2*p_1 · p_3*p_2 · p_3*p_2 · p_4) + (6*p_4 · e_2*p_2 · e_3*p_3 · p_1*p_1 · p_2*p_1 · p_4)/(p_1 · p_2*p_1 · p_3*p_2 · p_3*p_2 · p_4) - (91*p_1 · p_2*e_2 · p_3*p_2 · p_3*e_3 · p_4*p_1 · p_2)/((((p_1 · p_2 - p_1 · p_3))*p_1 · p_3*p_2 · p_3**2*p_2 · p_4)) + (91*p_1 · p_2*e_2 · p_3*p_2 · p_3*e_3 · p_4*p_1 · p_2)/((((p_1 · p_2 - p_1 · p_3))*p_1 · p_2*p_2 · p_3**2*p_2 · p_4)) + (91*p_1 · p_2*e_2 · p_3*p_2 · e_3*p_3 · p_4*p_1 · p_2)/(p_1 · p_2*p_1 · p_3*p_2 · p_3**2*p_2 · p_4) + (91*p_1 · e_2*p_2 · p_3*p_2 · p_3*e_3 · p_4*p_1 · p_2)/(p_1 · p_2*p_1 · p_3*p_2 · p_3**2*p_2 · p_4) - (91*p_1 · e_2*p_2 · p_3*p_2 · e_3*p_3 · p_4*p_1 · p_2)/(p_1 · p_2*p_1 · p_3*p_2 · p_3**2*p_2 · p_4)
6*(Tr(F_2 · F_3)*p_1 · p_4*p_2 · p_3)/(p_1 · p_2*p_2 · p_4*p_3 · p_4) + 67*(p_1 · F_2 · p_4*p_1 · F_3 · p_2*p_1 · p_2*p_2 · p_4)/((p_1 · p_2)^2*p_1 · p_3*p_2 · p_3*p_2 · p_4*p_3 · p_4),(6*e_2 · p_3*e_3 · p_2*p_1 · p_4*p_2 · p_3*p_4 · p_2)/((p_1 · p_2*p_2 · p_4*p_3 · p_4*((p_4 · p_2 + p_1 · p_3)))) + (6*e_2 · p_3*e_3 · p_2*p_1 · p_4*p_2 · p_3*p_1 · p_3)/((p_1 · p_2*p_2 · p_4*p_3 · p_4*((p_4 · p_2 + p_1 · p_3)))) - (6*p_2 · p_3*e_3 · e_2*p_1 · p_4*p_2 · p_3*p_4 · p_2)/((p_1 · p_2*p_2 · p_4*p_3 · p_4*((p_4 · p_2 + p_1 · p_3)))) - (6*p_2 · p_3*e_3 · e_2*p_1 · p_4*p_2 · p_3*p_1 · p_3)/((p_1 · p_2*p_2 · p_4*p_3 · p_4*((p_4 · p_2 + p_1 · p_3)))) + (6*e_2 · e_3*p_3 · p_2*p_2 · p_4*p_2 · p_3*p_4 · p_2)/((p_1 · p_2*p_2 · p_4*p_3 · p_4*((p_4 · p_2 + p_1 · p_3)))) + (6*e_2 · e_3*p_3 · p_2*p_2 · p_4*p_2 · p_3*p_1 · p_3)/((p_1 · p_2*p_2 · p_4*p_3 · p_4*((p_4 · p_2 + p_1 · p_3)))) + (6*e_2 · e_3*p_3 · p_2*p_3 · p_4*p_2 · p_3*p_4 · p_2)/((p_1 · p_2*p_2 · p_4*p_3 · p_4*((p_4 · p_2 + p_1 · p_3)))) + (6*e_2 · e_3*p_3 · p_2*p_3 · p_4*p_2 · p_3*p_1 · p_3)/((p_1 · p_2*p_2 · p_4*p_3 · p_4*((p_4 · p_2 + p_1 · p_3)))) + (6*e_2 · e_3*p_3 · p_2*p_4 · p_4*p_2 · p_3*p_4 · p_2)/((p_1 · p_2*p_2 · p_4*p_3 · p_4*((p_4 · p_2 + p_1 · p_3)))) + (6*e_2 · e_3*p_3 · p_2*p_4 · p_4*p_2 · p_3*p_1 · p_3)/((p_1 · p_2*p_2 · p_4*p_3 · p_4*((p_4 · p_2 + p_1 · p_3)))) + (6*p_2 · e_3*p_3 · e_2*p_1 · p_4*p_2 · p_3*p_4 · p_2)/((p_1 · p_2*p_2 · p_4*p_3 · p_4*((p_2 · p_4 + p_1 · p_3)))) + (6*p_2 · e_3*p_3 · e_2*p_1 · p_4*p_2 · p_3*p_1 · p_3)/((p_1 · p_2*p_2 · p_4*p_3 · p_4*((p_4 · p_2 + p_1 · p_3)))) + (67*p_1 · p_2*e_2 · p_4*p_1 · p_3*e_3 · p_2*p_1 · p_2*p_2 · p_4*p_4 · p_2)/((p_1 · p_2**2*p_1 · p_3*p_2 · p_3*p_2 · p_4*p_3 · p_4*((p_4 · p_2 + p_1 · p_3)))) + (67*p_1 · p_2*e_2 · p_4*p_1 · p_3*e_3 · p_2*p_1 · p_2*p_2 · p_4*p_1 · p_3)/((p_1 · p_2**2*p_1 · p_3*p_2 · p_3*p_2 · p_4*p_3 · p_4*((p_4 · p_2 + p_1 · p_3)))) - (67*p_1 · p_2*e_2 · p_4*p_1 · e_3*p_3 · p_2*p_1 · p_2*p_2 · p_4*p_4 · p_2)/((p_1 · p_2**2*p_1 · p_3*p_2 · p_3*p_2 · p_4*p_3 · p_4*((p_4 · p_2 + p_1 · p_3)))) - (67*p_1 · p_2*e_2 · p_4*p_1 · e_3*p_3 · p_2*p_1 · p_2*p_2 · p_4*p_1 · p_3)/((p_1 · p_2**2*p_1 · p_3*p_2 · p_3*p_2 · p_4*p_3 · p_4*((p_4 · p_2 + p_1 · p_3)))) - (67*e_2 · p_1*p_2 · p_4*p_1 · p_3*e_3 · p_2*p_1 · p_2*p_2 · p_4*p_4 · p_2)/((p_1 · p_2**2*p_1 · p_3*p_2 · p_3*p_2 · p_4*p_3 · p_4*((p_4 · p_2 + p_1 · p_3)))) - (67*e_2 · p_1*p_2 · p_4*p_1 · p_3*e_3 · p_2*p_1 · p_2*p_2 · p_4*p_1 · p_3)/((p_1 · p_2**2*p_1 · p_3*p_2 · p_3*p_2 · p_4*p_3 · p_4*((p_4 · p_2 + p_1 · p_3)))) + (67*p_1 · e_2*p_2 · p_4*p_1 · e_3*p_3 · p_2*p_1 · p_2*p_2 · p_4*p_4 · p_2)/((p_1 · p_2**2*p_1 · p_3*p_2 · p_3*p_2 · p_4*p_3 · p_4*((p_4 · p_2 + p_1 · p_3)))) + (67*p_1 · e_2*p_2 · p_4*p_1 · e_3*p_3 · p_2*p_1 · p_2*p_2 · p_4*p_1 · p_3)/((p_1 · p_2**2*p_1 · p_3*p_2 · p_3*p_2 · p_4*p_3 · p_4*((p_4 · p_2 + p_1 · p_3))))
-7*(p_1 · F_3 · F_2 · p_4*p_3 · p_4)/(p_1 · p_2*p_1 · p_3*p_3 · p_4),-(7*p_1 · p_3*e_3 · p_2*e_2 · p_4*p_3 · p_4*p_4 · p_3)/(p_1 · p_2*p_1 · p_3*p_3 · p_4*p_4 · p_3) + (7*p_1 · e_3*p_3 · p_2*e_2 · p_4*p_3 · p_4*p_4 · p_3)/(p_1 · p_2*p_1 · p_3*p_3 · p_4*p_4 · p_3) + (7*p_1 · p_3*e_3 · e_2*p_2 · p_4*p_3 · p_4*p_4 · p_3)/(p_1 · p_2*p_1 · p_3*p_3 · p_4*p_4 · p_3) - (7*p_1 · e_3*p_3 · e_2*p_2 · p_4*p_3 · p_4*p_4 · p_3)/(p_1 · p_2*p_1 · p_3*p_3 · p_4*p_4 · p_3)
-4*(p_1 · F_3 · p_2*p_3 · F_2 · p_1*(p_2 · p_3)^2)/(p_1 · p_2*p_1 · p_3*p_2 · p_3*p_2 · p_4*p_3 · p_4) - 11*(p_1 · F_3 · F_2 · p_4)/(p_1 · p_2*p_2 · p_3),-(4*p_1 · p_3*e_3 · p_2*p_3 · p_2*e_2 · p_1*p_2 · p_3**2*p_4 · p_1)/(p_1 · p_2*p_1 · p_3*p_2 · p_3*p_2 · p_4*p_3 · p_4*p_4 · p_1) + (4*p_1 · p_3*e_3 · p_2*p_3 · e_2*p_2 · p_1*p_2 · p_3**2*p_4 · p_1)/(p_1 · p_2*p_1 · p_3*p_2 · p_3*p_2 · p_4*p_3 · p_4*p_4 · p_1) + (4*p_1 · e_3*p_3 · p_2*p_3 · p_2*e_2 · p_1*p_2 · p_3**2*p_4 · p_1)/(p_1 · p_2*p_1 · p_3*p_2 · p_3*p_2 · p_4*p_3 · p_4*p_4 · p_1) - (4*p_1 · e_3*p_3 · p_2*p_3 · e_2*p_2 · p_1*p_2 · p_3**2*p_4 · p_1)/(p_1 · p_2*p_1 · p_3*p_2 · p_3*p_2 · p_4*p_3 · p_4*p_4 · p_1) - (11*p_1 · p_3*e_3 · p_2*e_2 · p_4*p_4 · p_1)/(p_1 · p_2*p_2 · p_3*p_4 · p_1) + (11*p_1 · e_3*p_3 · p_2*e_2 · p_4*p_4 · p_1)/(p_1 · p_2*p_2 · p_3*p_4 · p_1) + (11*p_1 · p_3*e_3 · e_2*p_2 · p_4*p_4 · p_1)/(p_1 · p_2*p_2 · p_3*p_4 · p_1) - (11*p_1 · e_3*p_3 · e_2*p_2 · p_4*p_4 · p_1)/(p_1 · p_2*p_2 · p_3*p_4 · p_1)
5*(p_1 · F_3 · F_2 · p_4)/(p_1 · p_2*(p_2 · p_3)^2),(5*p_1 · p_3*e_3 · p_2*e_2 · p_4*p_3 · p_2)/(p_1 · p_2*p_2 · p_3**2*p_3 · p_2) - (5*p_1 · e_3*p_3 · p_2*e_2 · p_4*p_3 · p_2)/(p_1 · p_2*p_2 · p_3**2*p_3 · p_2) - (5*p_1 · p_3*e_3 · e_2*p_2 · p_4*p_3 · p_2)/(p_1 · p_2*p_2 · p_3**2*p_3 · p_2) + (5*p_1 · e_3*p_3 · e_2*p_2 · p_4*p_3 · p_2)/(p_1 · p_2*p_2 · p_3**2*p_3 · p_2)
6*(p_1 · F_3 · F_2 · p_4*p_1 · p_4*p_3 · p_4)/(p_1 · p_2*p_2 · p_3*p_2 · p_4*p_3 · p_4) + 45*(Tr(F_2 · F_3)*p_2 · p_4*p_3 · p_4)/(p_1 · p_2*p_2 · p_4*(p_3 · p_4)^2),(6*p_1 · p_3*e_3 · p_2*e_2 · p_4*p_1 · p_4*p_3 · p_4)/(p_1 · p_2*p_2 · p_3*p_2 · p_4*p_3 · p_4) + (6*p_1 · e_3*p_3 · p_2*e_2 · p_4*p_1 · p_4*p_1 · p_4)/(p_1 · p_2*p_2 · p_3*p_2 · p_4*p_3 · p_4) + (6*p_1 · e_3*p_3 · p_2*e_2 · p_4*p_1 · p_4*p_2 · p_4)/(p_1 · p_2*p_2 · p_3*p_2 · p_4*p_3 · p_4) + (6*p_1 · e_3*p_3 · p_2*e_2 · p_4*p_1 · p_4*p_4 · p_4)/(p_1 · p_2*p_2 · p_3*p_2 · p_4*p_3 · p_4) - (6*p_1 · p_3*e_3 · e_2*p_2 · p_4*p_1 · p_4*p_3 · p_4)/(p_1 · p_2*p_2 · p_3*p_2 · p_4*p_3 · p_4) + (6*p_1 · e_3*p_3 · e_2*p_2 · p_4*p_1 · p_4*p_3 · p_4)/(p_1 · p_2*p_2 · p_3*p_2 · p_4*p_3 · p_4) + (45*e_2 · p_3*e_3 · p_2*p_2 · p_4*p_3 · p_4)/((p_1 · p_2*-((p_1 · p_4 + p_3 · p_4 + p_4 · p_4))*p_3 · p_4**2)) - (45*p_2 · p_3*e_3 · e_2*p_2 · p_4*p_3 · p_4)/(p_2 · p_1*p_2 · p_4*p_3 · p_4**2) - (45*e_2 · e_3*p_3 · p_2*p_2 · p_4*p_3 · p_4)/(p_1 · p_2*p_2 · p_4*p_3 · p_4**2) + (45*p_2 · e_3*p_3 · e_2*p_2 · p_4*p_3 · p_4)/(p_1 · p_2*p_2 · p_4*p_3 · p_4**2)
-(Tr(F_2 · F_3)*p_1 · p_3*p_1 · p_4)/(p_1 · p_3*p_2 · p_3*p_2 · p_4),-(e_2 · p_3*e_3 · p_2*p_1 · p_3*p_1 · p_4*p_1 · p_2*p_3 · p_2)/(p_1 · p_3*p_2 · p_3*p_2 · p_4*p_1 · p_2*p_3 · p_2) + (p_2 · p_3*e_3 · e_2*p_1 · p_3*p_1 · p_4*p_1 · p_2*p_3 · p_2)/((((p_2 · p_3 - p_1 · p_3))*p_1 · p_3*p_2 · p_4*-((p_2 · p_2 + p_3 · p_2 + p_4 · p_2))*p_3 · p_2)) - (p_2 · p_3*e_3 · e_2*p_1 · p_3*p_1 · p_4*p_1 · p_2*p_3 · p_2)/((((p_2 · p_3 - p_1 · p_3))*p_2 · p_3*p_2 · p_4*p_1 · p_2*p_3 · p_2)) + (e_2 · e_3*p_3 · p_2*p_1 · p_3*p_1 · p_4*p_1 · p_2*p_3 · p_2)/(p_1 · p_3*p_2 · p_3*p_2 · p_4*p_1 · p_2*p_3 · p_2) - (p_2 · e_3*p_3 · e_2*p_1 · p_3*p_1 · p_4*p_1 · p_2*p_3 · p_2)/(p_1 · p_3*p_2 · p_3*p_2 · p_4*p_1 · p_2*p_3 · p_2)
-5*(p_2 · F_3 · p_1*p_3 · F_2 · p_4*p_1 · p_2)/(p_1 · p_3*p_2 · p_3*p_2 · p_4*p_3 · p_4) - 98*(p_1 · F_3 · F_2 · p_4)/((p_2 · p_3)^2*p_3 · p_4),-(5*p_2 · p_3*e_3 · p_1*p_3 · p_2*e_2 · p_4*p_1 · p_2)/(p_1 · p_3*p_2 · p_3*p_2 · p_4*p_3 · p_4) + (5*p_2 · p_3*e_3 · p_1*p_3 · e_2*p_2 · p_4*p_1 · p_2)/(p_1 · p_3*p_2 · p_3*p_2 · p_4*p_3 · p_4) + (5*p_2 · e_3*p_3 · p_1*p_3 · p_2*e_2 · p_4*p_1 · p_2)/(p_1 · p_3*p_2 · p_3*p_2 · p_4*p_3 · p_4) - (5*p_2 · e_3*p_3 · p_1*p_3 · e_2*p_2 · p_4*p_1 · p_2)/(p_1 · p_3*p_2 · p_3*p_4 · p_2*p_3 · p_4) - (98*p_1 · p_3*e_3 · p_2*e_2 · p_4)/(p_2 · p_3**2*p_3 · p_4) + (98*p_1 · e_3*p_3 · p_2*e_2 · p_4)/(p_2 · p_3**2*p_3 · p_4) + (98*p_1 · p_3*e_3 · e_2*p_2 · p_4)/(p_2 · p_3**2*p_3 · p_4) - (98*p_1 · e_3*p_3 · e_2*p_2 · p_4)/(p_2 · p_3**2*p_3 · p_4)
-(Tr(F_2 · F_3))/(p_2 · p_3) + 82*(p_4 · F_3 · F_2 · p_1*p_1 · p_2*p_3 · p_4)/(p_1 · p_2*p_1 · p_3*p_2 · p_4*p_3 · p_4),-(e_2 · p_3*e_3 · p_2*p_1 · p_4*p_4 · p_3*p_2 · p_4)/((p_2 · p_3*((p_1 · p_4 + p_3 · p_2))*p_4 · p_3*p_2 · p_4)) - (e_2 · p_3*e_3 · p_2*p_3 · p_2*p_4 · p_3*p_2 · p_4)/((p_2 · p_3*((p_1 · p_4 + p_3 · p_2))*p_4 · p_3*p_2 · p_4)) + (p_2 · p_3*e_3 · e_2*p_1 · p_4*p_4 · p_3*p_2 · p_4)/((p_2 · p_3*((p_1 · p_4 + p_3 · p_2))*p_4 · p_3*p_2 · p_4)) + (p_2 · p_3*e_3 · e_2*p_3 · p_2*p_4 · p_3*p_2 · p_4)/((p_2 · p_3*((p_1 · p_4 + p_3 · p_2))*p_4 · p_3*p_2 · p_4)) + (e_2 · e_3*p_3 · p_2*p_1 · p_4*p_4 · p_3*p_2 · p_4)/((p_2 · p_3*((p_1 · p_4 + p_3 · p_2))*p_4 · p_3*p_2 · p_4)) + (e_2 · e_3*p_3 · p_2*p_3 · p_2*p_4 · p_3*p_2 · p_4)/((p_2 · p_3*((p_1 · p_4 + p_3 · p_2))*p_4 · p_3*p_2 · p_4)) - (p_2 · e_3*p_3 · e_2*p_1 · p_4*p_4 · p_3*p_2 · p_4)/((p_2 · p_3*((p_1 · p_4 + p_3 · p_2))*p_4 · p_3*p_2 · p_4)) - (p_2 · e_3*p_3 · e_2*p_3 · p_2*p_4 · p_3*p_2 · p_4)/((p_2 · p_3*((p_1 · p_4 + p_3 · p_2))*p_4 · p_3*p_2 · p_4)) + (82*p_4 · p_3*e_3 · p_2*e_2 · p_1*p_1 · p_2*p_3 · p_4*p_1 · p_4*p_4 · p_3*p_2 · p_4)/((p_1 · p_2*p_1 · p_3*p_2 · p_4*p_3 · p_4*((p_1 · p_4 + p_3 · p_2))*p_4 · p_3*p_2 · p_4)) + (82*p_4 · p_3*e_3 · p_2*e_2 · p_1*p_1 · p_2*p_3 · p_4*p_3 · p_2*p_4 · p_3*p_2 · p_4)/((p_1 · p_2*p_1 · p_3*p_2 · p_4*p_3 · p_4*((p_1 · p_4 + p_3 · p_2))*p_4 · p_3*p_2 · p_4)) - (82*p_4 · e_3*p_3 · p_2*e_2 · p_1*p_1 · p_2*p_3 · p_4*p_1 · p_4*p_4 · p_3*p_2 · p_4)/((p_1 · p_2*p_1 · p_3*p_2 · p_4*p_3 · p_4*((p_1 · p_4 + p_3 · p_2))*p_4 · p_3*p_2 · p_4)) - (82*p_4 · e_3*p_3 · p_2*e_2 · p_1*p_1 · p_2*p_3 · p_4*p_3 · p_2*p_4 · p_3*p_2 · p_4)/((p_1 · p_2*p_1 · p_3*p_2 · p_4*p_3 · p_4*((p_1 · p_4 + p_3 · p_2))*p_4 · p_3*p_2 · p_4)) - (82*p_4 · p_3*e_3 · e_2*p_2 · p_1*p_1 · p_2*p_3 · p_4*p_1 · p_4*p_4 · p_3*p_2 · p_4)/((p_1 · p_2*p_1 · p_3*p_2 · p_4*p_3 · p_4*((p_1 · p_4 + p_3 · p_2))*p_4 · p_3*p_2 · p_4)) - (82*p_4 · p_3*e_3 · e_2*p_2 · p_1*p_1 · p_2*p_3 · p_4*p_3 · p_2*p_4 · p_3*p_2 · p_4)/((p_1 · p_2*p_1 · p_3*p_2 · p_4*p_3 · p_4*((p_1 · p_4 + p_3 · p_2))*p_4 · p_3*p_2 · p_4)) + (82*p_4 · e_3*p_3 · e_2*p_2 · p_1*p_1 · p_2*p_3 · p_4*p_1 · p_4*p_4 · p_3*p_2 · p_4)/((p_1 · p_2*p_1 · p_3*p_2 · p_4*p_3 · p_4*((p_1 · p_4 + p_3 · p_2))*p_4 · p_3*p_2 · p_4)) + (82*p_4 · e_3*p_3 · e_2*p_2 · p_1*p_1 · p_2*p_3 · p_4*p_3 · p_2*p_4 · p_3*p_2 · p_4)/((p_1 · p_2*p_1 · p_3*p_2 · p_4*p_3 · p_4*((p_1 · p_4 + p_3 · p_2))*p_4 · p_3*p_2 · p_4))
2*(Tr(F_2 · F_3)*p_1 · p_4*p_2 · p_4)/(p_1 · p_2*(p_2 · p_4)^2*p_3 · p_4),(2*e_2 · p_3*e_3 · p_2*p_1 · p_4*p_2 · p_4)/(p_1 · p_2*p_2 · p_4**2*p_3 · p_4) - (2*p_2 · p_3*e_3 · e_2*p_1 · p_4*p_2 · p_4)/(p_1 · p_2*p_2 · p_4**2*p_3 · p_4) - (2*e_2 · e_3*p_3 · p_2*p_1 · p_4*p_2 · p_4)/(p_1 · p_2*p_2 · p_4**2*p_3 · p_4) + (2*p_2 · e_3*p_3 · e_2*p_1 · p_4*p_2 · p_4)/(p_1 · p_2*p_2 · p_4**2*p_3 · p_4)
-(Tr(F_2 · F_3)*p_1 · p_2*p_1 · p_4)/(p_1 · p_3*p_2 · p_3*p_2 · p_4) - 45*(p_4 · F_2 · p_1*p_4 · F_3 · p_2)/(p_1 · p_3*(p_2 · p_3)^2*p_2 · p_4),-(e_2 · p_3*e_3 · p_2*p_1 · p_2*p_1 · p_4)/(p_1 · p_3*p_2 · p_3*p_2 · p_4) + (p_2 · p_3*e_3 · e_2*p_1 · p_2*p_1 · p_4)/(p_1 · p_3*p_2 · p_3*p_2 · p_4) + (e_2 · e_3*p_3 · p_2*p_1 · p_2*p_1 · p_4)/(p_1 · p_3*p_2 · p_3*p_2 · p_4) - (p_2 · e_3*p_3 · e_2*p_1 · p_2*p_1 · p_4)/(p_1 · p_3*p_2 · p_3*p_2 · p_4) - (45*p_4 · p_2*e_2 · p_1*p_4 · p_3*e_3 · p_2)/(p_1 · p_3*p_2 · p_3**2*p_2 · p_4) + (45*p_4 · p_2*e_2 · p_1*p_4 · e_3*p_3 · p_2)/(p_1 · p_3*p_2 · p_3**2*p_2 · p_4) + (45*p_4 · e_2*p_2 · p_1*p_4 · p_3*e_3 · p_2)/(p_1 · p_3*p_2 · p_3**2*p_2 · p_4) - (45*p_4 · e_2*p_2 · p_1*p_4 · e_3*p_3 · p_2)/(p_1 · p_3*p_2 · p_3**2*p_2 · p_4)
7*(p_4 · F_2 · F_3 · p_1*p_2 · p_3)/(p_1 · p_2*p_1 · p_3*p_3 · p_4) + 57*(p_1 · F_3 · F_2 · p_4)/((p_2 · p_4)^2*p_3 · p_4),(7*p_4 · p_2*e_2 · p_3*e_3 · p_1*p_2 · p_3)/(p_1 · p_2*p_1 · p_3*p_3 · p_4) - (7*p_4 · e_2*p_2 · p_3*e_3 · p_1*p_2 · p_3)/(p_1 · p_2*p_1 · p_3*p_3 · p_4) - (7*p_4 · p_2*e_2 · e_3*p_3 · p_1*p_2 · p_3)/(p_1 · p_2*p_1 · p_3*p_3 · p_4) + (7*p_4 · e_2*p_2 · e_3*p_3 · p_1*p_2 · p_3)/(p_1 · p_2*p_1 · p_3*p_3 · p_4) + (57*p_1 · p_3*e_3 · p_2*e_2 · p_4)/(p_2 · p_4**2*p_3 · p_4) - (57*p_1 · e_3*p_3 · p_2*e_2 · p_4)/(p_2 · p_4**2*p_3 · p_4) - (57*p_1 · p_3*e_3 · e_2*p_2 · p_4)/(p_2 · p_4**2*p_3 · p_4) - (57*p_1 · e_3*p_3 · e_2*p_1 · p_4)/(p_2 · p_4**2*p_3 · p_4) - (57*p_1 · e_3*p_3 · e_2*p_3 · p_4)/(p_2 · p_4**2*p_3 · p_4) - (57*p_1 · e_3*p_3 · e_2*p_4 · p_4)/(p_2 · p_4**2*p_3 · p_4)
-4*(p_1 · F_3 · F_2 · p_4*p_1 · p_3*p_2 · p_3)/(p_1 · p_2*p_1 · p_3*p_2 · p_3*p_2 · p_4),-(4*p_1 · p_3*e_3 · p_2*e_2 · p_4*p_1 · p_3*p_2 · p_3)/(p_1 · p_2*p_1 · p_3*p_2 · p_3*p_2 · p_4) + (4*p_1 · e_3*p_3 · p_2*e_2 · p_4*p_1 · p_3*p_2 · p_3)/(p_1 · p_2*p_1 · p_3*p_2 · p_3*p_2 · p_4) + (4*p_1 · p_3*e_3 · e_2*p_2 · p_4*p_1 · p_3*p_2 · p_3)/(p_1 · p_2*p_1 · p_3*p_2 · p_3*p_2 · p_4) - (4*p_1 · e_3*p_3 · e_2*p_2 · p_4*p_1 · p_3*p_2 · p_3)/(p_1 · p_2*p_1 · p_3*p_2 · p_3*p_2 · p_4)
-3*(p_2 · F_3 · p_4*p_4 · F_2 · p_3*p_2 · p_4)/(p_1 · p_3*p_2 · p_3*(p_2 · p_4)^2*p_3 · p_4) - 44*(p_2 · F_3 · p_4*p_3 · F_2 · p_4)/(p_1 · p_2*p_1 · p_3*p_2 · p_3),-(3*p_2 · p_3*e_3 · p_4*p_4 · p_2*e_2 · p_3*p_2 · p_4*p_3 · p_1)/((p_1 · p_3*p_2 · p_3*p_2 · p_4**2*p_3 · p_4*((p_3 · p_1 + p_4 · p_2)))) - (3*p_2 · p_3*e_3 · p_4*p_4 · p_2*e_2 · p_3*p_2 · p_4*p_4 · p_2)/((p_1 · p_3*p_2 · p_3*p_2 · p_4**2*p_3 · p_4*((p_3 · p_1 + p_4 · p_2)))) + (3*p_2 · p_3*e_3 · p_4*p_4 · e_2*p_2 · p_3*p_2 · p_4*p_3 · p_1)/((p_1 · p_3*p_2 · p_3*p_2 · p_4**2*p_3 · p_4*((p_3 · p_1 + p_4 · p_2)))) + (3*p_2 · p_3*e_3 · p_4*p_4 · e_2*p_2 · p_3*p_2 · p_4*p_4 · p_2)/((p_1 · p_3*p_2 · p_3*p_2 · p_4**2*p_3 · p_4*((p_3 · p_1 + p_4 · p_2)))) + (3*p_2 · e_3*p_3 · p_4*p_4 · p_2*e_2 · p_3*p_2 · p_4*p_3 · p_1)/((p_1 · p_3*p_2 · p_3*p_2 · p_4**2*p_3 · p_4*((p_3 · p_1 + p_4 · p_2)))) + (3*p_2 · e_3*p_3 · p_4*p_4 · p_2*e_2 · p_3*p_2 · p_4*p_4 · p_2)/((p_1 · p_3*p_2 · p_3*p_2 · p_4**2*p_3 · p_4*((p_3 · p_1 + p_4 · p_2)))) - (3*p_2 · e_3*p_3 · p_4*p_4 · e_2*p_2 · p_3*p_2 · p_4*p_3 · p_1)/((p_1 · p_3*p_2 · p_3*p_2 · p_4**2*p_3 · p_4*((p_3 · p_1 + p_4 · p_2)))) - (3*p_2 · e_3*p_3 · p_4*p_4 · e_2*p_2 · p_3*p_2 · p_4*p_4 · p_2)/((p_1 · p_3*p_2 · p_3*p_2 · p_4**2*p_3 · p_4*((p_3 · p_1 + p_4 · p_2)))) - (44*p_2 · p_3*e_3 · p_4*p_2 · p_3*e_2 · p_4*p_3 · p_1)/((p_1 · p_2*p_1 · p_3*p_2 · p_3*((p_3 · p_1 + p_4 · p_2)))) - (44*p_2 · p_3*e_3 · p_4*p_2 · p_3*e_2 · p_4*p_4 · p_2)/((p_1 · p_2*p_1 · p_3*p_2 · p_3*((p_3 · p_1 + p_4 · p_2)))) + (44*p_2 · p_3*e_3 · p_4*p_3 · e_2*p_2 · p_4*p_3 · p_1)/((p_1 · p_2*p_1 · p_3*p_2 · p_3*((p_3 · p_1 + p_4 · p_2)))) + (44*p_2 · p_3*e_3 · p_4*p_3 · e_2*p_2 · p_4*p_4 · p_2)/((p_1 · p_2*p_1 · p_3*p_2 · p_3*((p_3 · p_1 + p_4 · p_2)))) + (44*p_2 · e_3*p_3 · p_4*p_3 · p_2*e_2 · p_4*p_3 · p_1)/((p_1 · p_2*p_1 · p_3*p_2 · p_3*((p_3 · p_1 + p_4 · p_2)))) + (44*p_2 · e_3*p_3 · p_4*p_3 · p_2*e_2 · p_4*p_4 · p_2)/((p_1 · p_2*p_1 · p_3*p_2 · p_3*((p_3 · p_1 + p_4 · p_2)))) - (44*p_2 · e_3*p_3 · p_4*p_3 · e_2*p_2 · p_4*p_3 · p_1)/((p_1 · p_2*p_1 · p_3*p_2 · p_3*((p_3 · p_1 + p_4 · p_2)))) - (44*p_2 · e_3*p_3 · p_4*p_3 · e_2*p_2 · p_4*p_4 · p_2)/((p_1 · p_2*p_1 · p_3*p_2 · p_3*((p_3 · p_1 + p_4 · p_2))))
-8*(p_2 · F_3 · p_1*p_3 · F_2 · p_4*p_1 · p_3*p_2 · p_3)/(p_1 · p_2*p_1 · p_3*p_2 · p_3*p_2 · p_4*p_3 · p_4),-(8*p_2 · p_3*e_3 · p_1*p_3 · p_2*e_2 · p_4*p_1 · p_3*p_2 · p_3*p_3 · p_1)/((p_1 · p_2*p_1 · p_3*p_2 · p_3*p_2 · p_4*p_3 · p_4*((p_3 · p_1 + p_2 · p_4)))) - (8*p_2 · p_3*e_3 · p_1*p_3 · p_2*e_2 · p_4*p_1 · p_3*p_2 · p_3*p_2 · p_4)/((p_1 · p_2*p_1 · p_3*p_2 · p_3*p_2 · p_4*p_3 · p_4*((p_3 · p_1 + p_2 · p_4)))) + (8*p_2 · p_3*e_3 · p_1*p_3 · e_2*p_2 · p_4*p_1 · p_3*p_2 · p_3*p_3 · p_1)/((p_1 · p_2*p_1 · p_3*-((p_1 · p_3 + p_3 · p_3 + p_4 · p_3))*p_2 · p_4*p_3 · p_4*((p_3 · p_1 + p_2 · p_4)))) + (8*p_2 · p_3*e_3 · p_1*p_3 · e_2*p_2 · p_4*p_1 · p_3*p_2 · p_3*p_2 · p_4)/((p_1 · p_2*p_1 · p_3*-((p_1 · p_3 + p_3 · p_3 + p_4 · p_3))*p_2 · p_4*p_3 · p_4*((p_3 · p_1 + p_2 · p_4)))) + (8*p_2 · e_3*p_3 · p_1*p_3 · p_2*e_2 · p_4*p_1 · p_3*p_2 · p_3*p_3 · p_1)/((-((p_2 · p_2 + p_3 · p_2 + p_4 · p_2))*p_1 · p_3*p_2 · p_3*p_2 · p_4*p_3 · p_4*((p_3 · p_1 + p_2 · p_4)))) + (8*p_2 · e_3*p_3 · p_1*p_3 · p_2*e_2 · p_4*p_1 · p_3*p_2 · p_3*p_2 · p_4)/((-((p_2 · p_2 + p_3 · p_2 + p_4 · p_2))*p_1 · p_3*p_2 · p_3*p_2 · p_4*p_3 · p_4*((p_3 · p_1 + p_2 · p_4)))) - (8*p_2 · e_3*p_3 · p_1*p_3 · e_2*p_2 · p_4*p_1 · p_3*p_2 · p_3*p_3 · p_1)/((p_1 · p_2*p_1 · p_3*p_2 · p_3*p_2 · p_4*p_3 · p_4*((p_3 · p_1 + p_2 · p_4)))) - (8*p_2 · e_3*p_3 · p_1*p_3 · e_2*p_2 · p_4*p_1 · p_3*p_2 · p_3*p_2 · p_4)/((p_1 · p_2*p_1 · p_3*p_2 · p_3*p_2 · p_4*p_3 · p_4*((p_3 · p_1 + p_2 · p_4))))
-(Tr(F_2 · F_3)*p_2 · p_4)/(p_2 · p_3*p_3 · p_4) + 93*(p_4 · F_3 · F_2 · p_1*p_2 · p_3)/(p_1 · p_3*(p_2 · p_3)^2*p_2 · p_4),-(e_2 · p_3*e_3 · p_2*p_2 · p_4)/(p_2 · p_3*p_3 · p_4) + (p_2 · p_3*e_3 · e_2*p_2 · p_4)/(p_2 · p_3*p_3 · p_4) + (e_2 · e_3*p_3 · p_2*p_2 · p_4)/(p_2 · p_3*p_3 · p_4) - (p_2 · e_3*p_3 · e_2*p_2 · p_4)/(p_2 · p_3*p_3 · p_4) + (93*p_4 · p_3*e_3 · p_2*e_2 · p_1*p_2 · p_3)/(p_1 · p_3*p_2 · p_3**2*p_2 · p_4) - (93*p_4 · e_3*p_3 · p_2*e_2 · p_1*p_2 · p_3)/(p_1 · p_3*p_2 · p_3**2*p_2 · p_4) - (93*p_4 · p_3*e_3 · e_2*p_2 · p_1*p_2 · p_3)/(p_1 · p_3*p_2 · p_3**2*p_2 · p_4) + (93*p_4 · e_3*p_3 · e_2*p_2 · p_1*p_2 · p_3)/(p_1 · p_3*p_2 · p_3**2*p_2 · p_4)
(p_4 · F_3 · F_2 · p_1*p_1 · p_4*p_2 · p_3)/(p_1 · p_3*p_2 · p_3*p_2 · p_4*p_3 · p_4) + 25*(p_1 · F_3 · F_2 · p_4*p_2 · p_3*p_3 · p_4)/(p_1 · p_2*p_1 · p_3*p_2 · p_3*(p_2 · p_4)^2),(p_3 · p_4*e_3 · p_2*e_2 · p_1*p_1 · p_4*p_2 · p_3*p_1 · p_4)/(p_1 · p_3*p_2 · p_3*p_2 · p_4*p_3 · p_4*p_1 · p_4) - (p_4 · e_3*p_3 · p_2*e_2 · p_1*p_1 · p_4*p_2 · p_3*p_1 · p_4)/((((p_3 · p_4 - p_2 · p_3))*p_2 · p_3*p_1 · p_3*p_2 · p_4*p_1 · p_4)) + (p_4 · e_3*p_3 · p_2*e_2 · p_1*p_1 · p_4*p_2 · p_3*p_1 · p_4)/((((p_3 · p_4 - p_2 · p_3))*p_3 · p_4*p_1 · p_3*p_2 · p_4*p_1 · p_4)) - (p_4 · p_3*e_3 · e_2*p_2 · p_1*p_1 · p_4*p_2 · p_3*p_1 · p_4)/((((p_1 · p_3 - p_2 · p_3))*p_2 · p_3*p_2 · p_4*p_3 · p_4*p_1 · p_4)) + (p_4 · p_3*e_3 · e_2*p_2 · p_1*p_1 · p_4*p_2 · p_3*p_1 · p_4)/((((p_1 · p_3 - p_2 · p_3))*p_1 · p_3*p_2 · p_4*p_3 · p_4*p_1 · p_4)) + (p_4 · e_3*p_3 · e_2*p_2 · p_1*p_1 · p_4*p_2 · p_3*p_1 · p_4)/(p_1 · p_3*p_2 · p_3*p_2 · p_4*p_3 · p_4*p_1 · p_4) + (25*p_1 · p_3*e_3 · p_2*e_2 · p_4*p_2 · p_3*p_3 · p_4*p_1 · p_4)/(p_1 · p_2*p_1 · p_3*p_2 · p_3*p_2 · p_4**2*p_1 · p_4) - (25*p_1 · e_3*p_3 · p_2*e_2 · p_4*p_2 · p_3*p_3 · p_4*p_1 · p_4)/(p_1 · p_2*p_1 · p_3*p_2 · p_3*p_2 · p_4**2*p_1 · p_4) - (25*p_1 · p_3*e_3 · e_2*p_2 · p_4*p_2 · p_3*p_3 · p_4*p_1 · p_4)/(p_1 · p_2*p_1 · p_3*p_2 · p_3*p_2 · p_4**2*p_1 · p_4) + (25*p_1 · e_3*p_3 · e_2*p_2 · p_4*p_2 · p_3*p_3 · p_4*p_1 · p_4)/(p_1 · p_2*p_1 · p_3*p_2 · p_3*p_2 · p_4**2*p_1 · p_4)
-8*(p_1 · F_2 · F_3 · p_4*p_2 · p_3)/(p_1 · p_3*p_2 · p_3*p_2 · p_4) - 62*(Tr(F_2 · F_3)*p_2 · p_4)/(p_1 · p_2*p_3 · p_4),-(8*p_1 · p_2*e_2 · p_3*e_3 · p_4*p_2 · p_3*p_1 · p_4)/(p_1 · p_3*p_2 · p_3*p_2 · p_4*p_1 · p_4) + (8*p_1 · e_2*p_2 · p_3*e_3 · p_4*p_2 · p_3*p_1 · p_4)/(p_1 · p_3*p_2 · p_3*p_2 · p_4*p_1 · p_4) + (8*p_1 · p_2*e_2 · e_3*p_3 · p_4*p_2 · p_3*p_1 · p_4)/(p_1 · p_3*p_2 · p_3*p_2 · p_4*p_1 · p_4) - (8*p_1 · e_2*p_2 · e_3*p_3 · p_4*p_2 · p_3*p_1 · p_4)/(p_1 · p_3*p_2 · p_3*p_2 · p_4*p_1 · p_4) - (62*e_2 · p_3*e_3 · p_2*p_2 · p_4*p_1 · p_4)/(p_1 · p_2*p_3 · p_4*p_1 · p_4) + (62*p_2 · p_3*e_3 · e_2*p_2 · p_4*p_1 · p_4)/(p_1 · p_2*p_3 · p_4*p_1 · p_4) + (62*e_2 · e_3*p_3 · p_2*p_2 · p_4*p_1 · p_4)/(p_1 · p_2*p_3 · p_4*p_1 · p_4) - (62*p_2 · e_3*p_3 · e_2*p_2 · p_4*p_1 · p_4)/(p_1 · p_2*p_3 · p_4*p_1 · p_4)
7*(p_1 · F_3 · F_2 · p_4*p_1 · p_2*p_1 · p_3)/(p_1 · p_2*p_2 · p_3*p_2 · p_4*p_3 · p_4),(7*p_1 · p_3*e_3 · p_2*e_2 · p_4*p_1 · p_2*p_1 · p_3)/(p_1 · p_2*p_2 · p_3*p_2 · p_4*p_3 · p_4) - (7*p_1 · e_3*p_3 · p_2*e_2 · p_4*p_1 · p_2*p_1 · p_3)/(p_1 · p_2*p_2 · p_3*p_2 · p_4*p_3 · p_4) - (7*p_1 · p_3*e_3 · e_2*p_2 · p_4*p_1 · p_2*p_1 · p_3)/(p_1 · p_2*p_2 · p_3*p_2 · p_4*p_3 · p_4) + (7*p_1 · e_3*p_3 · e_2*p_2 · p_4*p_1 · p_2*p_1 · p_3)/(p_1 · p_2*p_2 · p_3*p_2 · p_4*p_3 · p_4)
-3*(Tr(F_2 · F_3)*p_2 · p_4)/(p_2 · p_3*p_2 · p_4),-(3*e_2 · p_3*e_3 · p_2*p_2 · p_4*p_2 · p_4*p_2 · p_1)/((p_2 · p_3*p_2 · p_4*((p_2 · p_4 + p_1 · p_3))*((p_2 · p_1 + p_4 · p_3)))) - (3*e_2 · p_3*e_3 · p_2*p_2 · p_4*p_2 · p_4*p_4 · p_3)/((p_2 · p_3*p_2 · p_4*((p_2 · p_4 + p_1 · p_3))*((p_2 · p_1 + p_4 · p_3)))) - (3*e_2 · p_3*e_3 · p_2*p_2 · p_4*p_1 · p_3*p_2 · p_1)/((p_2 · p_3*p_2 · p_4*((p_2 · p_4 + p_1 · p_3))*((p_2 · p_1 + p_4 · p_3)))) - (3*e_2 · p_3*e_3 · p_2*p_2 · p_4*p_1 · p_3*p_4 · p_3)/((p_2 · p_3*p_2 · p_4*((p_2 · p_4 + p_1 · p_3))*((p_2 · p_1 + p_4 · p_3)))) + (3*p_2 · p_3*e_3 · e_2*p_2 · p_4*p_2 · p_4*p_2 · p_1)/((-((p_1 · p_3 + p_3 · p_3 + p_4 · p_3))*p_2 · p_4*((p_2 · p_4 + p_1 · p_3))*((p_2 · p_1 + p_4 · p_3)))) + (3*p_2 · p_3*e_3 · e_2*p_2 · p_4*p_2 · p_4*p_4 · p_3)/((-((p_1 · p_3 + p_3 · p_3 + p_4 · p_3))*p_2 · p_4*((p_2 · p_4 + p_1 · p_3))*((p_2 · p_1 + p_4 · p_3)))) + (3*p_2 · p_3*e_3 · e_2*p_2 · p_4*p_1 · p_3*p_2 · p_1)/((-((p_1 · p_3 + p_3 · p_3 + p_4 · p_3))*p_2 · p_4*((p_2 · p_4 + p_1 · p_3))*((p_2 · p_1 + p_4 · p_3)))) + (3*p_2 · p_3*e_3 · e_2*p_2 · p_4*p_1 · p_3*p_4 · p_3)/((-((p_1 · p_3 + p_3 · p_3 + p_4 · p_3))*p_2 · p_4*((p_2 · p_4 + p_1 · p_3))*((p_2 · p_1 + p_4 · p_3)))) + (3*e_2 · e_3*p_3 · p_2*p_2 · p_4*p_2 · p_4*p_2 · p_1)/((p_2 · p_3*p_2 · p_4*((p_2 · p_4 + p_1 · p_3))*((p_2 · p_1 + p_4 · p_3)))) + (3*e_2 · e_3*p_3 · p_2*p_2 · p_4*p_2 · p_4*p_4 · p_3)/((p_2 · p_3*p_2 · p_4*((p_2 · p_4 + p_1 · p_3))*((p_2 · p_1 + p_4 · p_3)))) + (3*e_2 · e_3*p_3 · p_2*p_2 · p_4*p_1 · p_3*p_2 · p_1)/((p_2 · p_3*p_2 · p_4*((p_2 · p_4 + p_1 · p_3))*((p_2 · p_1 + p_4 · p_3)))) + (3*e_2 · e_3*p_3 · p_2*p_2 · p_4*p_1 · p_3*p_4 · p_3)/((p_2 · p_3*p_2 · p_4*((p_2 · p_4 + p_1 · p_3))*((p_2 · p_1 + p_4 · p_3)))) - (3*p_2 · e_3*p_3 · e_2*p_2 · p_4*p_2 · p_4*p_2 · p_1)/((p_2 · p_3*p_2 · p_4*((p_2 · p_4 + p_1 · p_3))*((p_2 · p_1 + p_4 · p_3)))) - (3*p_2 · e_3*p_3 · e_2*p_2 · p_4*p_2 · p_4*p_4 · p_3)/((p_2 · p_3*p_2 · p_4*((p_2 · p_4 + p_1 · p_3))*((p_2 · p_1 + p_4 · p_3)))) - (3*p_2 · e_3*p_3 · e_2*p_2 · p_4*p_1 · p_3*p_2 · p_1)/((p_2 · p_3*p_2 · p_4*((p_2 · p_4 + p_1 · p_3))*((p_2 · p_1 + p_4 · p_3)))) - (3*p_2 · e_3*p_3 · e_2*p_2 · p_4*p_1 · p_3*p_4 · p_3)/((p_2 · p_3*p_2 · p_4*((p_2 · p_4 + p_1 · p_3))*((p_2 · p_1 + p_4 · p_3))))
9*(p_1 · F_3 · F_2 · p_4*p_2 · p_4)/(p_1 · p_3*(p_2 · p_3)^2*p_2 · p_4) + 24*(p_1 · F_2 · F_3 · p_4)/(p_1 · p_3*p_2 · p_3),(9*p_1 · p_3*e_3 · p_2*e_2 · p_4*p_2 · p_4*p_3 · p_2*p_3 · p_1*p_1 · p_4)/(p_1 · p_3*p_2 · p_3**2*p_2 · p_4*p_3 · p_2*p_3 · p_1*p_1 · p_4) - (9*p_1 · e_3*p_3 · p_2*e_2 · p_4*p_2 · p_4*p_3 · p_2*p_3 · p_1*p_1 · p_4)/(p_1 · p_3*p_2 · p_3**2*p_2 · p_4*p_3 · p_2*p_3 · p_1*p_1 · p_4) - (9*p_1 · p_3*e_3 · e_2*p_2 · p_4*p_2 · p_4*p_3 · p_2*p_3 · p_1*p_1 · p_4)/(p_1 · p_3*p_2 · p_3**2*p_2 · p_4*p_3 · p_2*p_3 · p_1*p_1 · p_4) + (9*p_1 · e_3*p_3 · e_2*p_2 · p_4*p_2 · p_4*p_3 · p_2*p_3 · p_1*p_1 · p_4)/(p_1 · p_3*p_2 · p_3**2*p_2 · p_4*p_3 · p_2*p_3 · p_1*p_1 · p_4) + (24*p_1 · p_2*e_2 · p_3*e_3 · p_4*p_3 · p_2*p_3 · p_1*p_1 · p_4)/(p_1 · p_3*p_2 · p_3*p_3 · p_2*p_3 · p_1*p_1 · p_4) - (24*p_1 · e_2*p_2 · p_3*e_3 · p_4*p_3 · p_2*p_3 · p_1*p_1 · p_4)/(p_3 · p_1*p_2 · p_3*p_3 · p_2*p_3 · p_1*p_1 · p_4) - (24*p_1 · p_2*e_2 · e_3*p_3 · p_4*p_3 · p_2*p_3 · p_1*p_1 · p_4)/(p_1 · p_3*p_2 · p_3*p_3 · p_2*p_3 · p_1*p_1 · p_4) + (24*p_1 · e_2*p_2 · e_3*p_3 · p_4*p_3 · p_2*p_3 · p_1*p_1 · p_4)/(p_1 · p_3*p_2 · p_3*p_3 · p_2*p_3 · p_1*p_1 · p_4)
(p_1 · F_3 · F_2 · p_4)/(p_1 · p_2*p_1 · p_3) + 8*(Tr(F_2 · F_3)*p_1 · p_3)/(p_1 · p_3*p_3 · p_4),(p_1 · p_3*e_3 · p_2*e_2 · p_4)/((((p_1 · p_2 - p_1 · p_3))*p_1 · p_3)) - (p_1 · p_3*e_3 · p_2*e_2 · p_4)/((((p_1 · p_2 - p_1 · p_3))*p_1 · p_2)) - (p_1 · e_3*p_3 · p_2*e_2 · p_4)/(p_1 · p_2*p_1 · p_3) - (p_1 · p_3*e_3 · e_2*p_2 · p_4)/(p_1 · p_2*p_1 · p_3) + (p_1 · e_3*p_3 · e_2*p_2 · p_4)/(p_1 · p_2*p_1 · p_3) + (8*e_2 · p_3*e_3 · p_2*p_1 · p_3)/(p_1 · p_3*p_3 · p_4) - (8*p_2 · p_3*e_3 · e_2*p_1 · p_3)/(p_1 · p_3*p_3 · p_4) - (8*e_2 · e_3*p_3 · p_2*p_1 · p_3)/(p_1 · p_3*p_3 · p_4) + (8*p_2 · e_3*p_3 · e_2*p_1 · p_3)/(p_1 · p_3*p_3 · p_4)
-2*(p_1 · F_2 · F_3 · p_4*p_1 · p_3*p_1 · p_4)/(p_1 · p_2*p_1 · p_3*p_2 · p_3*p_3 · p_4) + 68*(p_1 · F_2 · F_3 · p_4*p_1 · p_4*p_2 · p_3)/(p_1 · p_2*p_2 · p_3*p_2 · p_4*p_3 · p_4),(2*p_1 · p_2*e_2 · p_1*e_3 · p_4*p_1 · p_3*p_1 · p_4*p_2 · p_4*p_3 · p_2)/((p_1 · p_2*p_1 · p_3*p_2 · p_3*p_3 · p_4*((p_2 · p_4 + p_1 · p_3))*p_3 · p_2)) + (2*p_1 · p_2*e_2 · p_1*e_3 · p_4*p_1 · p_3*p_1 · p_4*p_1 · p_3*p_3 · p_2)/((p_1 · p_2*p_1 · p_3*p_2 · p_3*p_3 · p_4*((p_2 · p_4 + p_1 · p_3))*p_3 · p_2)) + (2*p_1 · p_2*e_2 · p_2*e_3 · p_4*p_1 · p_3*p_1 · p_4*p_2 · p_4*p_3 · p_2)/((p_1 · p_2*p_1 · p_3*p_2 · p_3*p_3 · p_4*((p_2 · p_4 + p_1 · p_3))*p_3 · p_2)) + (2*p_1 · p_2*e_2 · p_2*e_3 · p_4*p_1 · p_3*p_1 · p_4*p_1 · p_3*p_3 · p_2)/((p_1 · p_2*p_1 · p_3*p_2 · p_3*p_3 · p_4*((p_2 · p_4 + p_1 · p_3))*p_3 · p_2)) + (2*p_1 · p_2*e_2 · p_4*e_3 · p_4*p_1 · p_3*p_1 · p_4*p_2 · p_4*p_3 · p_2)/((p_1 · p_2*p_1 · p_3*p_2 · p_3*p_3 · p_4*((p_2 · p_4 + p_1 · p_3))*p_3 · p_2)) + (2*p_1 · p_2*e_2 · p_4*e_3 · p_4*p_1 · p_3*p_1 · p_4*p_1 · p_3*p_3 · p_2)/((p_1 · p_2*p_1 · p_3*p_2 · p_3*p_3 · p_4*((p_2 · p_4 + p_1 · p_3))*p_3 · p_2)) + (2*p_1 · e_2*p_2 · p_3*e_3 · p_4*p_1 · p_3*p_1 · p_4*p_2 · p_4*p_3 · p_2)/((p_1 · p_2*p_1 · p_3*p_2 · p_3*p_3 · p_4*((p_2 · p_4 + p_1 · p_3))*p_3 · p_2)) + (2*p_1 · e_2*p_2 · p_3*e_3 · p_4*p_1 · p_3*p_1 · p_4*p_1 · p_3*p_3 · p_2)/((p_1 · p_2*p_1 · p_3*p_2 · p_3*p_3 · p_4*((p_2 · p_4 + p_1 · p_3))*p_3 · p_2)) + (2*p_1 · p_2*e_2 · e_3*p_3 · p_4*p_1 · p_3*p_1 · p_4*p_2 · p_4*p_3 · p_2)/((p_1 · p_2*p_1 · p_3*p_2 · p_3*p_3 · p_4*((p_2 · p_4 + p_1 · p_3))*p_3 · p_2)) + (2*p_1 · p_2*e_2 · e_3*p_3 · p_4*p_1 · p_3*p_1 · p_4*p_1 · p_3*p_3 · p_2)/((p_1 · p_2*p_1 · p_3*p_2 · p_3*p_3 · p_4*((p_2 · p_4 + p_1 · p_3))*p_3 · p_2)) - (2*p_1 · e_2*p_2 · e_3*p_3 · p_4*p_1 · p_3*p_1 · p_4*p_2 · p_4*p_3 · p_2)/((p_1 · p_2*p_1 · p_3*p_2 · p_3*p_3 · p_4*((p_2 · p_4 + p_1 · p_3))*p_3 · p_2)) - (2*p_1 · e_2*p_2 · e_3*p_3 · p_4*p_1 · p_3*p_1 · p_4*p_1 · p_3*p_3 · p_2)/((p_1 · p_2*p_1 · p_3*p_2 · p_3*p_3 · p_4*((p_2 · p_4 + p_1 · p_3))*p_3 · p_2)) + (68*p_1 · p_2*e_2 · p_3*e_3 · p_4*p_1 · p_4*p_2 · p_3*p_2 · p_4*p_3 · p_2)/((p_1 · p_2*p_2 · p_3*p_2 · p_4*p_3 · p_4*((p_2 · p_4 + p_1 · p_3))*p_3 · p_2)) + (68*p_1 · p_2*e_2 · p_3*e_3 · p_4*p_1 · p_4*p_2 · p_3*p_1 · p_3*p_3 · p_2)/((p_1 · p_2*p_2 · p_3*p_2 · p_4*p_3 · p_4*((p_2 · p_4 + p_1 · p_3))*p_3 · p_2)) - (68*p_1 · e_2*p_2 · p_3*e_3 · p_4*p_1 · p_4*p_2 · p_3*p_2 · p_4*p_3 · p_2)/((p_1 · p_2*p_2 · p_3*p_2 · p_4*p_3 · p_4*((p_2 · p_4 + p_1 · p_3))*p_3 · p_2)) - (68*p_1 · e_2*p_2 · p_3*e_3 · p_4*p_1 · p_4*p_2 · p_3*p_1 · p_3*p_3 · p_2)/((p_1 · p_2*p_2 · p_3*p_2 · p_4*p_3 · p_4*((p_2 · p_4 + p_1 · p_3))*p_3 · p_2)) - (68*p_1 · p_2*e_2 · e_3*p_3 · p_4*p_1 · p_4*p_2 · p_3*p_2 · p_4*p_3 · p_2)/((p_1 · p_2*p_2 · p_3*p_2 · p_4*p_3 · p_4*((p_2 · p_4 + p_1 · p_3))*p_3 · p_2)) - (68*p_1 · p_2*e_2 · e_3*p_3 · p_4*p_1 · p_4*p_2 · p_3*p_1 · p_3*p_3 · p_2)/((p_1 · p_2*p_2 · p_3*p_2 · p_4*p_3 · p_4*((p_2 · p_4 + p_1 · p_3))*p_3 · p_2)) + (68*p_1 · e_2*p_2 · e_3*p_3 · p_4*p_1 · p_4*p_2 · p_3*p_2 · p_4*p_3 · p_2)/((p_1 · p_2*p_2 · p_3*p_2 · p_4*p_3 · p_4*((p_2 · p_4 + p_1 · p_3))*p_3 · p_2)) + (68*p_1 · e_2*p_2 · e_3*p_3 · p_4*p_1 · p_4*p_2 · p_3*p_1 · p_3*p_3 · p_2)/((p_1 · p_2*p_2 · p_3*p_2 · p_4*p_3 · p_4*((p_2 · p_4 + p_1 · p_3))*p_3 · p_2))
9*(p_4 · F_2 · F_3 · p_1*p_1 · p_3*p_3 · p_4)/((p_1 · p_3)^2*p_2 · p_3*p_2 · p_4*p_3 · p_4) - 2*(p_4 · F_2 · F_3 · p_1*p_1 · p_4*p_2 · p_4)/(p_1 · p_2*p_2 · p_3*(p_2 · p_4)^2*p_3 · p_4),(9*p_4 · p_2*e_2 · p_3*e_3 · p_1*p_1 · p_3*p_3 · p_4)/(p_1 · p_3**2*p_2 · p_3*p_2 · p_4*p_3 · p_4) - (9*p_4 · e_2*p_2 · p_3*e_3 · p_1*p_1 · p_3*p_3 · p_4)/(p_1 · p_3**2*p_2 · p_3*p_2 · p_4*p_3 · p_4) - (9*p_4 · p_2*e_2 · e_3*p_3 · p_1*p_1 · p_3*p_3 · p_4)/(p_1 · p_3**2*p_2 · p_3*p_2 · p_4*p_3 · p_4) + (9*p_4 · e_2*p_2 · e_3*p_3 · p_1*p_1 · p_3*p_3 · p_4)/(p_1 · p_3**2*p_2 · p_3*p_2 · p_4*p_3 · p_4) - (2*p_4 · p_2*e_2 · p_3*e_3 · p_1*p_1 · p_4*p_2 · p_4)/(p_1 · p_2*p_2 · p_3*p_2 · p_4**2*p_3 · p_4) + (2*p_4 · e_2*p_2 · p_3*e_3 · p_1*p_1 · p_4*p_2 · p_4)/(p_1 · p_2*p_2 · p_3*p_2 · p_4**2*p_3 · p_4) + (2*p_4 · p_2*e_2 · e_3*p_3 · p_1*p_1 · p_4*p_2 · p_4)/(p_1 · p_2*p_2 · p_3*p_2 · p_4**2*p_3 · p_4) - (2*p_4 · e_2*p_2 · e_3*p_3 · p_1*p_1 · p_4*p_2 · p_4)/(p_1 · p_2*p_2 · p_3*p_2 · p_4**2*p_3 · p_4)
-4*(p_4 · F_2 · F_3 · p_1)/(p_1 · p_2*p_3 · p_4) + 29*(p_1 · F_3 · F_2 · p_4*p_1 · p_3*p_3 · p_4)/(p_1 · p_2*p_1 · p_3*p_2 · p_4*p_3 · p_4),(4*p_4 · p_2*e_2 · p_1*e_3 · p_1)/(p_1 · p_2*p_3 · p_4) + (4*p_4 · p_2*e_2 · p_2*e_3 · p_1)/(p_1 · p_2*p_3 · p_4) + (4*p_4 · p_2*e_2 · p_4*e_3 · p_1)/(p_1 · p_2*p_3 · p_4) + (4*p_4 · e_2*p_2 · p_3*e_3 · p_1)/(p_1 · p_2*p_3 · p_4) - (4*p_4 · p_2*e_2 · e_3*p_1 · p_1)/((-((p_2 · p_2 + p_3 · p_2 + p_4 · p_2))*p_3 · p_4)) - (4*p_4 · p_2*e_2 · e_3*p_2 · p_1)/((-((p_2 · p_2 + p_3 · p_2 + p_4 · p_2))*p_3 · p_4)) - (4*p_4 · p_2*e_2 · e_3*p_4 · p_1)/((-((p_2 · p_2 + p_3 · p_2 + p_4 · p_2))*p_3 · p_4)) - (4*p_4 · e_2*p_2 · e_3*p_3 · p_1)/(p_1 · p_2*p_3 · p_4) + (29*p_1 · p_3*e_3 · p_2*e_2 · p_4*p_1 · p_3*p_3 · p_4)/(p_1 · p_2*p_1 · p_3*p_2 · p_4*p_3 · p_4) - (29*p_1 · e_3*p_3 · p_2*e_2 · p_4*p_1 · p_3*p_3 · p_4)/(p_1 · p_2*p_1 · p_3*p_2 · p_4*p_3 · p_4) - (29*p_1 · p_3*e_3 · e_2*p_2 · p_4*p_1 · p_3*p_3 · p_4)/(p_1 · p_2*p_1 · p_3*p_2 · p_4*p_3 · p_4) + (29*p_1 · e_3*p_3 · e_2*p_2 · p_4*p_1 · p_3*p_3 · p_4)/(p_1 · p_2*p_1 · p_3*p_2 · p_4*p_3 · p_4)
-8*(p_1 · F_3 · F_2 · p_4*p_1 · p_2)/(p_1 · p_2*(p_2 · p_3)^2*p_3 · p_4),-(8*p_1 · p_3*e_3 · p_2*e_2 · p_4*p_1 · p_2)/(p_1 · p_2*p_2 · p_3**2*p_3 · p_4) + (8*p_1 · e_3*p_3 · p_2*e_2 · p_4*p_1 · p_2)/(p_1 · p_2*p_2 · p_3**2*p_3 · p_4) + (8*p_1 · p_3*e_3 · e_2*p_2 · p_4*p_1 · p_2)/(p_1 · p_2*p_2 · p_3**2*p_3 · p_4) - (8*p_1 · e_3*p_3 · e_2*p_2 · p_4*p_1 · p_2)/(p_1 · p_2*p_2 · p_3**2*p_3 · p_4)
6*(p_1 · F_2 · F_3 · p_4*p_1 · p_3*p_2 · p_4)/((p_1 · p_2)^2*p_1 · p_3*p_2 · p_3*p_3 · p_4) - 20*(p_4 · F_2 · F_3 · p_1)/(p_1 · p_3*(p_2 · p_4)^2),(6*p_1 · p_2*e_2 · p_3*e_3 · p_4*p_1 · p_3*p_2 · p_4*p_2 · p_3)/(p_1 · p_2**2*p_1 · p_3*p_2 · p_3*p_3 · p_4*p_2 · p_3) - (6*p_1 · e_2*p_2 · p_3*e_3 · p_4*p_1 · p_3*p_2 · p_4*p_2 · p_3)/(p_1 · p_2**2*p_1 · p_3*p_2 · p_3*p_4 · p_3*p_2 · p_3) - (6*p_1 · p_2*e_2 · e_3*p_3 · p_4*p_1 · p_3*p_2 · p_4*p_2 · p_3)/(p_1 · p_2**2*p_1 · p_3*p_2 · p_3*p_3 · p_4*p_2 · p_3) + (6*p_1 · e_2*p_2 · e_3*p_3 · p_4*p_1 · p_3*p_2 · p_4*p_2 · p_3)/(p_1 · p_2**2*p_1 · p_3*p_2 · p_3*p_3 · p_4*p_2 · p_3) - (20*p_4 · p_2*e_2 · p_3*e_3 · p_1*p_2 · p_3)/(p_1 · p_3*p_2 · p_4**2*p_2 · p_3) + (20*p_4 · e_2*p_2 · p_3*e_3 · p_1*p_2 · p_3)/(p_1 · p_3*p_2 · p_4**2*p_2 · p_3) + (20*p_4 · p_2*e_2 · e_3*p_3 · p_1*p_2 · p_3)/(p_1 · p_3*p_2 · p_4**2*p_2 · p_3) - (20*p_4 · e_2*p_2 · e_3*p_3 · p_1*p_2 · p_3)/(p_1 · p_3*p_2 · p_4**2*p_2 · p_3)
7*(p_1 · F_2 · p_4*p_2 · F_3 · p_4)/(p_2 · p_3*p_2 · p_4*p_3 · p_4),(7*p_1 · p_2*e_2 · p_4*p_2 · p_3*e_3 · p_4*p_2 · p_3)/((p_2 · p_3*p_2 · p_4*p_3 · p_4*((p_2 · p_3 + p_4 · p_1)))) + (7*p_1 · p_2*e_2 · p_4*p_2 · p_3*e_3 · p_4*p_4 · p_1)/((p_2 · p_3*p_2 · p_4*p_3 · p_4*((p_2 · p_3 + p_4 · p_1)))) - (7*p_1 · p_2*e_2 · p_4*p_2 · e_3*p_3 · p_4*p_2 · p_3)/((p_2 · p_3*p_2 · p_4*p_3 · p_4*((p_2 · p_3 + p_4 · p_1)))) - (7*p_1 · p_2*e_2 · p_4*p_2 · e_3*p_3 · p_4*p_4 · p_1)/((p_2 · p_3*p_2 · p_4*p_3 · p_4*((p_2 · p_3 + p_4 · p_1)))) - (7*p_1 · e_2*p_2 · p_4*p_2 · p_3*e_3 · p_4*p_2 · p_3)/((p_2 · p_3*p_2 · p_4*p_3 · p_4*((p_2 · p_3 + p_4 · p_1)))) - (7*p_1 · e_2*p_2 · p_4*p_2 · p_3*e_3 · p_4*p_4 · p_1)/((p_2 · p_3*p_2 · p_4*p_3 · p_4*((p_2 · p_3 + p_4 · p_1)))) + (7*p_1 · e_2*p_2 · p_4*p_2 · e_3*p_3 · p_4*p_2 · p_3)/((p_2 · p_3*p_2 · p_4*p_3 · p_4*((p_2 · p_3 + p_4 · p_1)))) + (7*p_1 · e_2*p_2 · p_4*p_2 · e_3*p_3 · p_4*p_4 · p_1)/((p_2 · p_3*p_2 · p_4*p_3 · p_4*((p_2 · p_3 + p_4 · p_1))))
7*(p_1 · F_3 · F_2 · p_4)/(p_2 · p_3*(p_2 · p_4)^2),(7*p_1 · p_3*e_3 · p_2*e_2 · p_4*p_3 · p_2)/((p_2 · p_3*p_2 · p_4**2*((p_3 · p_2 + p_4 · p_1)))) + (7*p_1 · p_3*e_3 · p_2*e_2 · p_4*p_4 · p_1)/((p_2 · p_3*p_2 · p_4**2*((p_3 · p_2 + p_4 · p_1)))) - (7*p_1 · e_3*p_3 · p_2*e_2 · p_4*p_3 · p_2)/((p_2 · p_3*p_2 · p_4**2*((p_3 · p_2 + p_4 · p_1)))) - (7*p_1 · e_3*p_3 · p_2*e_2 · p_4*p_4 · p_1)/((p_2 · p_3*p_2 · p_4**2*((p_3 · p_2 + p_4 · p_1)))) + (7*p_2 · p_3*e_3 · e_2*p_2 · p_4*p_3 · p_2)/((p_2 · p_3*p_2 · p_4**2*((p_3 · p_2 + p_4 · p_1)))) + (7*p_2 · p_3*e_3 · e_2*p_2 · p_4*p_4 · p_1)/((p_2 · p_3*p_2 · p_4**2*((p_3 · p_2 + p_4 · p_1)))) + (7*p_3 · p_3*e_3 · e_2*p_2 · p_4*p_3 · p_2)/((((p_2 · p_4 - p_2 · p_3))*p_2 · p_3**2*((p_3 · p_2 + p_4 · p_1)))) - (7*p_3 · p_3*e_3 · e_2*p_2 · p_4*p_3 · p_2)/((((p_2 · p_4 - p_2 · p_3))*p_2 · p_4**2*((p_3 · p_2 + p_4 · p_1)))) + (7*p_3 · p_3*e_3 · e_2*p_2 · p_4*p_4 · p_1)/((p_2 · p_3*p_2 · p_4**2*((p_3 · p_2 + p_4 · p_1)))) + (7*p_4 · p_3*e_3 · e_2*p_2 · p_4*p_3 · p_2)/((p_2 · p_3*p_2 · p_4**2*((p_3 · p_2 + p_4 · p_1)))) + (7*p_4 · p_3*e_3 · e_2*p_2 · p_4*p_4 · p_1)/((p_2 · p_3*p_2 · p_4**2*((p_3 · p_2 + p_4 · p_1)))) + (7*p_1 · e_3*p_3 · e_2*p_2 · p_4*p_3 · p_2)/((p_2 · p_3*p_2 · p_4**2*((p_3 · p_2 + p_4 · p_1)))) + (7*p_1 · e_3*p_3 · e_2*p_2 · p_4*p_4 · p_1)/((p_2 · p_3*p_2 · p_4**2*((p_3 · p_2 + p_4 · p_1))))
5*(p_1 · F_3 · F_2 · p_4)/(p_1 · p_3*p_2 · p_4),-(5*p_1 · p_3*e_3 · p_2*e_2 · p_4*p_2 · p_2)/((p_1 · p_3*p_2 · p_4*((p_1 · p_2 + p_4 · p_3)))) - (5*p_1 · p_3*e_3 · p_2*e_2 · p_4*p_3 · p_2)/((p_1 · p_3*p_2 · p_4*((p_1 · p_2 + p_4 · p_3)))) - (5*p_1 · p_3*e_3 · p_2*e_2 · p_4*p_4 · p_2)/((p_1 · p_3*p_2 · p_4*((p_2 · p_1 + p_4 · p_3)))) + (5*p_1 · p_3*e_3 · p_2*e_2 · p_4*p_4 · p_3)/((p_1 · p_3*p_2 · p_4*((p_1 · p_2 + p_4 · p_3)))) - (5*p_1 · e_3*p_3 · p_2*e_2 · p_4*p_1 · p_2)/((p_1 · p_3*p_2 · p_4*((p_1 · p_2 + p_4 · p_3)))) - (5*p_1 · e_3*p_2 · p_3*e_2 · p_4*p_4 · p_3)/((p_1 · p_3*p_2 · p_4*((p_1 · p_2 + p_4 · p_3)))) - (5*p_1 · p_3*e_3 · e_2*p_2 · p_4*p_1 · p_2)/((p_1 · p_3*p_2 · p_4*((p_1 · p_2 + p_4 · p_3)))) - (5*p_1 · p_3*e_3 · e_2*p_2 · p_4*p_4 · p_3)/((p_1 · p_3*p_2 · p_4*((p_1 · p_2 + p_4 · p_3)))) + (5*p_1 · e_3*p_3 · e_2*p_2 · p_4*p_1 · p_2)/((p_1 · p_3*p_2 · p_4*((p_1 · p_2 + p_4 · p_3)))) + (5*p_1 · e_3*p_3 · e_2*p_2 · p_4*p_4 · p_3)/((p_1 · p_3*p_2 · p_4*((p_1 · p_2 + p_4 · p_3))))
8*(Tr(F_2 · F_3)*p_2 · p_4*p_3 · p_4)/(p_1 · p_3*p_2 · p_3*p_2 · p_4),(8*e_2 · p_3*e_3 · p_2*p_2 · p_4*p_3 · p_4)/(p_1 · p_3*p_2 · p_3*p_2 · p_4) - (8*p_2 · p_3*e_3 · e_2*p_2 · p_4*p_3 · p_4)/(p_1 · p_3*p_2 · p_3*p_2 · p_4) - (8*e_2 · e_3*p_3 · p_2*p_2 · p_4*p_3 · p_4)/(p_1 · p_3*p_2 · p_3*p_2 · p_4) + (8*p_2 · e_3*p_3 · e_2*p_2 · p_4*p_3 · p_4)/(p_1 · p_3*p_2 · p_3*p_2 · p_4)
-4*(p_4 · F_2 · F_3 · p_1*p_1 · p_4)/(p_1 · p_2*(p_1 · p_3)^2*p_3 · p_4) - 10*(p_1 · F_2 · F_3 · p_4*p_1 · p_3)/((p_1 · p_2)^2*p_2 · p_3*p_3 · p_4),-(4*p_4 · p_2*e_2 · p_3*e_3 · p_1*p_1 · p_4*p_2 · p_3)/((p_1 · p_2*p_1 · p_3**2*p_3 · p_4*((p_2 · p_3 + p_1 · p_4)))) + (4*p_4 · p_2*e_2 · p_3*e_3 · p_1*p_1 · p_4*p_2 · p_4)/((p_1 · p_2*p_1 · p_3**2*p_3 · p_4*((p_2 · p_3 + p_1 · p_4)))) + (4*p_4 · p_2*e_2 · p_3*e_3 · p_1*p_1 · p_4*p_3 · p_4)/((p_1 · p_2*p_1 · p_3**2*p_3 · p_4*((p_2 · p_3 + p_1 · p_4)))) + (4*p_4 · p_2*e_2 · p_3*e_3 · p_1*p_1 · p_4*p_4 · p_4)/((p_1 · p_2*p_1 · p_3**2*p_3 · p_4*((p_2 · p_3 + p_1 · p_4)))) + (4*p_4 · e_2*p_2 · p_3*e_3 · p_1*p_1 · p_4*p_2 · p_3)/((p_1 · p_2*p_1 · p_3**2*p_3 · p_4*((p_2 · p_3 + p_1 · p_4)))) + (4*p_4 · e_2*p_2 · p_3*e_3 · p_1*p_1 · p_4*p_1 · p_4)/((p_1 · p_2*p_1 · p_3**2*p_3 · p_4*((p_2 · p_3 + p_1 · p_4)))) + (4*p_4 · p_2*e_2 · e_3*p_3 · p_1*p_1 · p_4*p_2 · p_3)/((p_1 · p_2*p_1 · p_3**2*p_3 · p_4*((p_2 · p_3 + p_1 · p_4)))) + (4*p_4 · p_2*e_2 · e_3*p_3 · p_1*p_1 · p_4*p_1 · p_4)/((p_1 · p_2*p_1 · p_3**2*p_3 · p_4*((p_2 · p_3 + p_1 · p_4)))) - (4*p_4 · e_2*p_2 · e_3*p_3 · p_1*p_1 · p_4*p_2 · p_3)/((p_1 · p_2*p_1 · p_3**2*p_3 · p_4*((p_2 · p_3 + p_1 · p_4)))) - (4*p_4 · e_2*p_2 · e_3*p_3 · p_1*p_1 · p_4*p_1 · p_4)/((p_1 · p_2*p_1 · p_3**2*p_3 · p_4*((p_2 · p_3 + p_1 · p_4)))) - (10*p_1 · p_2*e_2 · p_3*e_3 · p_4*p_1 · p_3*p_2 · p_3)/((p_1 · p_2**2*p_2 · p_3*p_3 · p_4*((p_2 · p_3 + p_1 · p_4)))) - (10*p_1 · p_2*e_2 · p_3*e_3 · p_4*p_1 · p_3*p_1 · p_4)/((p_1 · p_2**2*p_2 · p_3*p_3 · p_4*((p_2 · p_3 + p_1 · p_4)))) + (10*p_1 · e_2*p_2 · p_3*e_3 · p_4*p_1 · p_3*p_2 · p_3)/((p_1 · p_2**2*p_2 · p_3*p_3 · p_4*((p_2 · p_3 + p_1 · p_4)))) + (10*p_1 · e_2*p_2 · p_3*e_3 · p_4*p_1 · p_3*p_1 · p_4)/((p_1 · p_2**2*p_2 · p_3*p_3 · p_4*((p_2 · p_3 + p_1 · p_4)))) + (10*p_1 · p_2*e_2 · e_3*p_3 · p_4*p_1 · p_3*p_2 · p_3)/((p_1 · p_2**2*p_2 · p_3*p_3 · p_4*((p_2 · p_3 + p_1 · p_4)))) + (10*p_1 · p_2*e_2 · e_3*p_3 · p_4*p_1 · p_3*p_1 · p_4)/((p_1 · p_2**2*p_2 · p_3*p_3 · p_4*((p_2 · p_3 + p_1 · p_4)))) - (10*p_1 · e_2*p_2 · e_3*p_3 · p_4*p_1 · p_3*p_2 · p_3)/((p_1 · p_2**2*p_2 · p_3*p_3 · p_4*((p_2 · p_3 + p_1 · p_4)))) - (10*p_1 · e_2*p_2 · e_3*p_3 · p_4*p_1 · p_3*p_1 · p_4)/((p_1 · p_2**2*p_2 · p_3*p_3 · p_4*((p_2 · p_3 + p_1 · p_4))))
-8*(p_1 · F_2 · F_3 · p_4*p_1 · p_2*p_2 · p_4)/(p_1 · p_2*p_1 · p_3*p_2 · p_3*(p_3 · p_4)^2),-(8*p_1 · p_2*e_2 · p_3*e_3 · p_4*p_1 · p_2*p_2 · p_4*p_3 · p_1)/((p_1 · p_2*p_1 · p_3*p_2 · p_3*p_3 · p_4**2*((p_3 · p_1 + p_2 · p_4)))) - (8*p_1 · p_2*e_2 · p_3*e_3 · p_4*p_1 · p_2*p_2 · p_4*p_2 · p_4)/((p_1 · p_2*p_1 · p_3*p_2 · p_3*p_3 · p_4**2*((p_3 · p_1 + p_2 · p_4)))) + (8*p_1 · e_2*p_2 · p_3*e_3 · p_4*p_1 · p_2*p_2 · p_4*p_3 · p_1)/((p_1 · p_2*p_1 · p_3*p_2 · p_3*p_3 · p_4**2*((p_3 · p_1 + p_4 · p_2)))) + (8*p_1 · e_2*p_2 · p_3*e_3 · p_4*p_1 · p_2*p_2 · p_4*p_2 · p_4)/((p_1 · p_2*p_1 · p_3*p_2 · p_3*p_3 · p_4**2*((p_3 · p_1 + p_2 · p_4)))) + (8*p_1 · p_2*e_2 · e_3*p_3 · p_4*p_1 · p_2*p_2 · p_4*p_3 · p_1)/((p_1 · p_2*p_1 · p_3*p_2 · p_3*p_3 · p_4**2*((p_3 · p_1 + p_2 · p_4)))) + (8*p_1 · p_2*e_2 · e_3*p_3 · p_4*p_1 · p_2*p_2 · p_4*p_2 · p_4)/((p_1 · p_2*p_1 · p_3*p_2 · p_3*p_3 · p_4**2*((p_3 · p_1 + p_2 · p_4)))) - (8*p_1 · e_2*p_2 · e_3*p_3 · p_4*p_1 · p_2*p_2 · p_4*p_3 · p_1)/((p_1 · p_2*p_1 · p_3*p_2 · p_3*p_3 · p_4**2*((p_3 · p_1 + p_2 · p_4)))) - (8*p_1 · e_2*p_2 · e_3*p_3 · p_4*p_1 · p_2*p_2 · p_4*p_2 · p_4)/((p_1 · p_2*p_1 · p_3*p_2 · p_3*p_3 · p_4**2*((p_3 · p_1 + p_2 · p_4))))
4*(p_4 · F_3 · F_2 · p_1*p_1 · p_2*p_3 · p_4)/(p_1 · p_2*p_2 · p_3*p_2 · p_4*p_3 · p_4),(4*p_4 · p_3*e_3 · p_2*e_2 · p_1*p_1 · p_2*p_3 · p_4)/((((p_1 · p_2 - p_2 · p_3))*p_2 · p_3*p_2 · p_4*p_3 · p_4)) - (4*p_4 · p_3*e_3 · p_2*e_2 · p_1*p_1 · p_2*p_3 · p_4)/((((p_1 · p_2 - p_2 · p_3))*p_1 · p_2*p_2 · p_4*p_3 · p_4)) - (4*p_4 · e_3*p_3 · p_2*e_2 · p_1*p_1 · p_2*p_3 · p_4)/(p_1 · p_2*p_2 · p_3*p_2 · p_4*p_3 · p_4) - (4*p_4 · p_3*e_3 · e_2*p_2 · p_1*p_1 · p_2*p_3 · p_4)/(p_1 · p_2*p_2 · p_3*p_2 · p_4*p_3 · p_4) + (4*p_4 · e_3*p_3 · e_2*p_2 · p_1*p_1 · p_2*p_3 · p_4)/(p_1 · p_2*p_2 · p_3*p_2 · p_4*p_3 · p_4)
-9*(Tr(F_2 · F_3)*p_1 · p_3*p_2 · p_3)/(p_1 · p_2*p_1 · p_3*p_2 · p_4) + 17*(p_1 · F_3 · F_2 · p_4)/(p_1 · p_3*(p_2 · p_4)^2),-(9*e_2 · p_3*e_3 · p_2*p_1 · p_3*p_2 · p_3)/(p_1 · p_2*p_1 · p_3*p_2 · p_4) + (9*p_2 · p_3*e_3 · e_2*p_1 · p_3*p_2 · p_3)/(p_1 · p_2*p_1 · p_3*p_2 · p_4) + (9*e_2 · e_3*p_3 · p_2*p_1 · p_3*p_2 · p_3)/(p_1 · p_2*p_1 · p_3*p_2 · p_4) - (9*p_2 · e_3*p_3 · e_2*p_1 · p_3*p_2 · p_3)/(p_1 · p_2*p_1 · p_3*p_2 · p_4) + (17*p_1 · p_3*e_3 · p_2*e_2 · p_4)/(p_1 · p_3*p_2 · p_4**2) - (17*p_1 · e_3*p_3 · p_2*e_2 · p_4)/(p_1 · p_3*p_2 · p_4**2) - (17*p_1 · p_3*e_3 · e_2*p_2 · p_4)/(p_1 · p_3*p_2 · p_4**2) + (17*p_1 · e_3*p_3 · e_2*p_2 · p_4)/(p_1 · p_3*p_2 · p_4**2)
9*(p_1 · F_2 · p_3*p_1 · F_3 · p_2)/(p_1 · p_2*(p_1 · p_3)^2*p_2 · p_4),(9*p_1 · p_2*e_2 · p_3*p_1 · p_3*e_3 · p_2)/(p_1 · p_2*p_1 · p_3**2*p_2 · p_4) - (9*p_1 · p_2*e_2 · p_3*p_1 · e_3*p_3 · p_2)/(p_1 · p_2*p_1 · p_3**2*p_2 · p_4) - (9*p_1 · e_2*p_2 · p_3*p_1 · p_3*e_3 · p_2)/(p_1 · p_2*p_1 · p_3**2*p_2 · p_4) + (9*p_1 · e_2*p_2 · p_3*p_1 · e_3*p_3 · p_2)/(p_1 · p_2*p_1 · p_3**2*p_2 · p_4)
-(p_4 · F_2 · F_3 · p_1*p_1 · p_4)/(p_1 · p_3*p_2 · p_3*p_2 · p_4),-(p_4 · p_2*e_2 · p_3*e_3 · p_1*p_1 · p_4)/(p_1 · p_3*p_2 · p_3*p_2 · p_4) + (p_4 · e_2*p_2 · p_3*e_3 · p_1*p_1 · p_4)/(p_1 · p_3*p_2 · p_3*p_2 · p_4) + (p_4 · p_2*e_2 · e_3*p_3 · p_1*p_1 · p_4)/(p_1 · p_3*p_2 · p_3*p_2 · p_4) - (p_4 · e_2*p_2 · e_3*p_3 · p_1*p_1 · p_4)/(p_1 · p_3*p_2 · p_3*p_2 · p_4)
-5*(Tr(F_2 · F_3)*p_2 · p_4)/(p_1 · p_2*p_2 · p_4),-(5*e_2 · p_3*e_3 · p_2*p_4 · p_2*p_1 · p_2*p_2 · p_4)/((p_1 · p_2*p_2 · p_4*p_1 · p_2*((p_2 · p_4 + p_3 · p_1)))) - (5*e_2 · p_3*e_3 · p_2*p_2 · p_4*p_1 · p_2*p_3 · p_1)/((p_1 · p_2*p_2 · p_4*p_1 · p_2*((p_2 · p_4 + p_3 · p_1)))) + (5*p_2 · p_3*e_3 · e_2*p_2 · p_4*p_1 · p_2*p_2 · p_4)/((p_1 · p_2*p_2 · p_4*p_1 · p_2*((p_2 · p_4 + p_3 · p_1)))) + (5*p_2 · p_3*e_3 · e_2*p_2 · p_4*p_1 · p_2*p_3 · p_1)/((p_1 · p_2*p_2 · p_4*p_1 · p_2*((p_2 · p_4 + p_3 · p_1)))) + (5*e_2 · e_3*p_3 · p_2*p_2 · p_4*p_1 · p_2*p_2 · p_4)/((p_1 · p_2*p_2 · p_4*p_1 · p_2*((p_2 · p_4 + p_3 · p_1)))) + (5*e_2 · e_3*p_3 · p_2*p_2 · p_4*p_1 · p_2*p_3 · p_1)/((p_1 · p_2*p_2 · p_4*p_1 · p_2*((p_2 · p_4 + p_3 · p_1)))) - (5*p_2 · e_3*p_3 · e_2*p_2 · p_4*p_1 · p_2*p_2 · p_4)/((p_1 · p_2*p_4 · p_2*p_1 · p_2*((p_2 · p_4 + p_3 · p_1)))) - (5*p_2 · e_3*p_3 · e_2*p_2 · p_4*p_1 · p_2*p_3 · p_1)/((p_1 · p_2*p_4 · p_2*p_1 · p_2*((p_2 · p_4 + p_3 · p_1))))
-6*(p_4 · F_2 · F_3 · p_1*p_1 · p_3*p_2 · p_4)/(p_1 · p_2*(p_1 · p_3)^2*p_2 · p_3*p_3 · p_4) - 3*(p_4 · F_2 · F_3 · p_1)/(p_1 · p_2*p_1 · p_3),-(6*p_4 · p_2*e_2 · p_3*e_3 · p_1*p_1 · p_3*p_2 · p_4)/(p_1 · p_2*p_1 · p_3**2*p_2 · p_3*p_3 · p_4) + (6*p_4 · e_2*p_2 · p_3*e_3 · p_1*p_1 · p_3*p_2 · p_4)/(p_1 · p_2*p_1 · p_3**2*p_2 · p_3*p_3 · p_4) + (6*p_4 · p_2*e_2 · e_3*p_3 · p_1*p_1 · p_3*p_2 · p_4)/(p_1 · p_2*p_1 · p_3**2*p_2 · p_3*p_3 · p_4) - (6*p_4 · e_2*p_2 · e_3*p_3 · p_1*p_1 · p_3*p_2 · p_4)/(p_1 · p_2*p_1 · p_3**2*p_2 · p_3*p_3 · p_4) - (3*p_4 · p_2*e_2 · p_3*e_3 · p_1)/(p_1 · p_2*p_1 · p_3) + (3*p_4 · e_2*p_2 · p_3*e_3 · p_1)/(p_1 · p_2*p_1 · p_3) + (3*p_4 · p_2*e_2 · e_3*p_3 · p_1)/(p_1 · p_2*p_1 · p_3) - (3*p_4 · e_2*p_2 · e_3*p_3 · p_1)/(p_1 · p_2*p_1 · p_3)
4*(p_3 · F_2 · p_1*p_4 · F_3 · p_1*p_3 · p_4)/((p_1 · p_2)^2*p_1 · p_3*p_2 · p_3*p_2 · p_4),(4*p_3 · p_2*e_2 · p_1*p_4 · p_3*e_3 · p_1*p_3 · p_4*p_3 · p_4*p_2 · p_4)/((p_1 · p_2**2*p_1 · p_3*p_2 · p_3*p_2 · p_4*((p_3 · p_4 + p_1 · p_2))*p_2 · p_4)) + (4*p_3 · p_2*e_2 · p_1*p_4 · p_3*e_3 · p_1*p_3 · p_4*p_1 · p_2*p_2 · p_4)/((p_1 · p_2**2*p_1 · p_3*p_2 · p_3*p_2 · p_4*((p_3 · p_4 + p_1 · p_2))*p_2 · p_4)) - (4*p_3 · p_2*e_2 · p_1*p_4 · e_3*p_3 · p_1*p_3 · p_4*p_3 · p_4*p_2 · p_4)/((p_1 · p_2**2*p_1 · p_3*p_2 · p_3*p_2 · p_4*((p_3 · p_4 + p_1 · p_2))*p_2 · p_4)) - (4*p_3 · p_2*e_2 · p_1*p_4 · e_3*p_3 · p_1*p_3 · p_4*p_1 · p_2*p_2 · p_4)/((p_1 · p_2**2*p_1 · p_3*p_2 · p_3*p_2 · p_4*((p_3 · p_4 + p_1 · p_2))*p_2 · p_4)) - (4*p_3 · e_2*p_2 · p_1*p_4 · p_3*e_3 · p_1*p_3 · p_4*p_3 · p_4*p_2 · p_4)/((p_1 · p_2**2*p_3 · p_1*p_2 · p_3*p_2 · p_4*((p_3 · p_4 + p_1 · p_2))*p_2 · p_4)) - (4*p_3 · e_2*p_2 · p_1*p_4 · p_3*e_3 · p_1*p_3 · p_4*p_1 · p_2*p_2 · p_4)/((p_1 · p_2**2*p_3 · p_1*p_2 · p_3*p_2 · p_4*((p_3 · p_4 + p_1 · p_2))*p_2 · p_4)) + (4*p_3 · e_2*p_2 · p_1*p_4 · e_3*p_3 · p_1*p_3 · p_4*p_3 · p_4*p_2 · p_4)/((p_1 · p_2**2*p_1 · p_3*p_2 · p_3*p_2 · p_4*((p_3 · p_4 + p_1 · p_2))*p_2 · p_4)) + (4*p_3 · e_2*p_2 · p_1*p_4 · e_3*p_3 · p_1*p_3 · p_4*p_1 · p_2*p_2 · p_4)/((p_1 · p_2**2*p_1 · p_3*p_2 · p_3*p_2 · p_4*((p_3 · p_4 + p_1 · p_2))*p_2 · p_4))
-8*(p_4 · F_2 · p_3*p_4 · F_3 · p_1*p_1 · p_4*p_3 · p_4)/(p_1 · p_2*p_1 · p_3*p_2 · p_3*p_2 · p_4*p_3 · p_4),-(8*p_4 · p_2*e_2 · p_3*p_4 · p_3*e_3 · p_1*p_1 · p_4*p_3 · p_4*p_2 · p_4)/(p_1 · p_2*p_1 · p_3*p_2 · p_3*p_2 · p_4*p_3 · p_4*p_2 · p_4) + (8*p_4 · p_2*e_2 · p_3*p_4 · e_3*p_3 · p_1*p_1 · p_4*p_3 · p_4*p_2 · p_4)/(p_1 · p_2*p_1 · p_3*p_2 · p_3*p_2 · p_4*p_3 · p_4*p_2 · p_4) + (8*p_4 · e_2*p_2 · p_3*p_4 · p_3*e_3 · p_1*p_1 · p_4*p_3 · p_4*p_2 · p_4)/((((p_2 · p_3 - p_3 · p_4))*p_3 · p_4*p_1 · p_2*p_1 · p_3*p_2 · p_4*p_2 · p_4)) - (8*p_4 · e_2*p_2 · p_3*p_4 · p_3*e_3 · p_1*p_1 · p_4*p_3 · p_4*p_2 · p_4)/((((p_2 · p_3 - p_3 · p_4))*p_2 · p_3*p_1 · p_2*p_1 · p_3*p_2 · p_4*p_2 · p_4)) - (8*p_4 · e_2*p_2 · p_3*p_4 · e_3*p_3 · p_1*p_1 · p_4*p_3 · p_4*p_2 · p_4)/(p_1 · p_2*p_1 · p_3*p_2 · p_3*p_2 · p_4*p_3 · p_4*p_2 · p_4)
4*(p_2 · F_3 · p_4*p_3 · F_2 · p_4*(p_1 · p_2)^2)/(p_1 · p_2*p_1 · p_3*p_2 · p_3*p_2 · p_4*p_3 · p_4) + 63*(p_1 · F_3 · F_2 · p_4*p_1 · p_2*p_1 · p_4)/(p_1 · p_2*p_1 · p_3*p_2 · p_3*p_3 · p_4),(4*p_2 · p_3*e_3 · p_4*p_3 · p_2*e_2 · p_4*p_1 · p_2**2*p_3 · p_4)/((p_1 · p_2*p_1 · p_3*p_2 · p_3*p_2 · p_4*p_3 · p_4*((p_3 · p_4 + p_1 · p_2)))) + (4*p_2 · p_3*e_3 · p_4*p_3 · p_2*e_2 · p_4*p_1 · p_2**2*p_1 · p_2)/((p_1 · p_2*p_1 · p_3*p_2 · p_3*p_2 · p_4*p_3 · p_4*((p_3 · p_4 + p_1 · p_2)))) - (4*p_2 · p_3*e_3 · p_4*p_3 · e_2*p_2 · p_4*p_1 · p_2**2*p_3 · p_4)/((p_1 · p_2*p_1 · p_3*p_2 · p_3*p_2 · p_4*p_3 · p_4*((p_3 · p_4 + p_1 · p_2)))) - (4*p_2 · p_3*e_3 · p_4*p_3 · e_2*p_2 · p_4*p_1 · p_2**2*p_1 · p_2)/((p_1 · p_2*p_1 · p_3*p_2 · p_3*p_2 · p_4*p_3 · p_4*((p_3 · p_4 + p_1 · p_2)))) - (4*p_2 · e_3*p_3 · p_4*p_3 · p_2*e_2 · p_4*p_1 · p_2**2*p_3 · p_4)/((p_1 · p_2*p_1 · p_3*p_2 · p_3*p_2 · p_4*p_3 · p_4*((p_3 · p_4 + p_1 · p_2)))) - (4*p_2 · e_3*p_3 · p_4*p_3 · p_2*e_2 · p_4*p_1 · p_2**2*p_1 · p_2)/((p_1 · p_2*p_1 · p_3*p_2 · p_3*p_2 · p_4*p_3 · p_4*((p_3 · p_4 + p_1 · p_2)))) + (4*p_2 · e_3*p_3 · p_4*p_3 · e_2*p_2 · p_4*p_1 · p_2**2*p_3 · p_4)/((p_1 · p_2*p_1 · p_3*p_2 · p_3*p_2 · p_4*p_3 · p_4*((p_3 · p_4 + p_1 · p_2)))) + (4*p_2 · e_3*p_3 · p_4*p_3 · e_2*p_2 · p_4*p_1 · p_2**2*p_1 · p_2)/((p_1 · p_2*p_1 · p_3*p_2 · p_3*p_2 · p_4*p_3 · p_4*((p_3 · p_4 + p_1 · p_2)))) + (63*p_1 · p_3*e_3 · p_2*e_2 · p_4*p_1 · p_2*p_1 · p_4*p_3 · p_4)/((p_1 · p_2*p_1 · p_3*p_2 · p_3*p_3 · p_4*((p_3 · p_4 + p_1 · p_2)))) + (63*p_1 · p_3*e_3 · p_2*e_2 · p_4*p_1 · p_2*p_1 · p_4*p_1 · p_2)/((p_1 · p_2*p_1 · p_3*p_2 · p_3*p_3 · p_4*((p_3 · p_4 + p_1 · p_2)))) + (63*p_1 · e_3*p_3 · p_2*e_2 · p_4*p_2 · p_2*p_1 · p_4*p_3 · p_4)/((p_1 · p_2*p_1 · p_3*p_2 · p_3*p_3 · p_4*((p_3 · p_4 + p_1 · p_2)))) + (63*p_1 · e_3*p_3 · p_2*e_2 · p_4*p_2 · p_2*p_1 · p_4*p_1 · p_2)/((p_1 · p_2*p_1 · p_3*p_2 · p_3*p_3 · p_4*((p_3 · p_4 + p_1 · p_2)))) + (63*p_1 · e_3*p_3 · p_2*e_2 · p_4*p_3 · p_2*p_1 · p_4*p_3 · p_4)/((p_1 · p_2*p_1 · p_3*p_2 · p_3*p_3 · p_4*((p_3 · p_4 + p_1 · p_2)))) + (63*p_1 · e_3*p_3 · p_2*e_2 · p_4*p_3 · p_2*p_1 · p_4*p_1 · p_2)/((p_1 · p_2*p_1 · p_3*p_2 · p_3*p_3 · p_4*((p_3 · p_4 + p_1 · p_2)))) + (63*p_1 · e_3*p_3 · p_2*e_2 · p_4*p_4 · p_2*p_1 · p_4*p_3 · p_4)/((p_1 · p_2*p_1 · p_3*p_2 · p_3*p_3 · p_4*((p_3 · p_4 + p_1 · p_2)))) + (63*p_1 · e_3*p_3 · p_2*e_2 · p_4*p_4 · p_2*p_1 · p_4*p_1 · p_2)/((p_1 · p_2*p_1 · p_3*p_2 · p_3*p_3 · p_4*((p_3 · p_4 + p_1 · p_2)))) - (63*p_1 · p_3*e_3 · e_2*p_2 · p_4*p_1 · p_2*p_1 · p_4*p_3 · p_4)/((p_1 · p_2*p_1 · p_3*p_2 · p_3*p_3 · p_4*((p_3 · p_4 + p_1 · p_2)))) - (63*p_1 · p_3*e_3 · e_2*p_2 · p_4*p_1 · p_2*p_1 · p_4*p_1 · p_2)/((p_1 · p_2*p_1 · p_3*p_2 · p_3*p_3 · p_4*((p_3 · p_4 + p_1 · p_2)))) + (63*p_1 · e_3*p_3 · e_2*p_2 · p_4*p_1 · p_2*p_1 · p_4*p_3 · p_4)/((p_1 · p_2*p_1 · p_3*p_2 · p_3*p_3 · p_4*((p_3 · p_4 + p_1 · p_2)))) + (63*p_1 · e_3*p_3 · e_2*p_2 · p_4*p_1 · p_2*p_1 · p_4*p_1 · p_2)/((p_1 · p_2*p_1 · p_3*p_2 · p_3*p_3 · p_4*((p_3 · p_4 + p_1 · p_2))))
6*(Tr(F_2 · F_3)*p_2 · p_3)/(p_1 · p_3*p_2 · p_3) + 91*(p_4 · F_2 · p_3*p_4 · F_3 · p_2)/(p_1 · p_3*p_2 · p_3*(p_2 · p_4)^2),(6*e_2 · p_3*e_3 · p_2*p_2 · p_3)/(p_1 · p_3*p_2 · p_3) + (6*p_1 · p_3*e_3 · e_2*p_2 · p_3)/(p_1 · p_3*p_2 · p_3) + (6*p_3 · p_3*e_3 · e_2*p_2 · p_3)/(p_1 · p_3*p_2 · p_3) + (6*p_4 · p_3*e_3 · e_2*p_2 · p_3)/(p_1 · p_3*p_2 · p_3) - (6*e_2 · e_3*p_3 · p_2*p_2 · p_3)/(p_1 · p_3*p_2 · p_3) + (6*p_2 · e_3*p_3 · e_2*p_2 · p_3)/(p_1 · p_3*p_2 · p_3) + (91*p_4 · p_2*e_2 · p_3*p_4 · p_3*e_3 · p_2)/(p_1 · p_3*p_2 · p_3*p_2 · p_4**2) - (91*p_4 · p_2*e_2 · p_3*p_4 · e_3*p_3 · p_2)/(p_3 · p_1*p_2 · p_3*p_2 · p_4**2) - (91*p_4 · e_2*p_2 · p_3*p_4 · p_3*e_3 · p_2)/(p_1 · p_3*p_2 · p_3*p_2 · p_4**2) + (91*p_4 · e_2*p_2 · p_3*p_4 · e_3*p_3 · p_2)/(p_1 · p_3*p_2 · p_3*p_2 · p_4**2)
2*(p_1 · F_2 · p_3*p_4 · F_3 · p_1*p_1 · p_3*p_1 · p_4)/(p_1 · p_2*p_1 · p_3*p_2 · p_3*p_2 · p_4*p_3 · p_4),(2*p_1 · p_2*e_2 · p_3*p_4 · p_3*e_3 · p_1*p_1 · p_3*p_1 · p_4*p_4 · p_3)/((((p_1 · p_3 - p_1 · p_2))*p_1 · p_2*p_2 · p_3*p_2 · p_4*p_3 · p_4*p_4 · p_3)) - (2*p_1 · p_2*e_2 · p_3*p_4 · p_3*e_3 · p_1*p_1 · p_3*p_1 · p_4*p_4 · p_3)/((((p_1 · p_3 - p_1 · p_2))*p_1 · p_3*p_2 · p_3*p_2 · p_4*p_3 · p_4*p_4 · p_3)) - (2*p_1 · p_2*e_2 · p_3*p_4 · e_3*p_3 · p_1*p_1 · p_3*p_1 · p_4*p_4 · p_3)/(p_1 · p_2*p_1 · p_3*p_2 · p_3*p_2 · p_4*p_3 · p_4*p_4 · p_3) - (2*p_1 · e_2*p_2 · p_3*p_4 · p_3*e_3 · p_1*p_1 · p_3*p_1 · p_4*p_4 · p_3)/(p_1 · p_2*p_1 · p_3*p_2 · p_3*p_2 · p_4*p_3 · p_4*p_4 · p_3) + (2*p_1 · e_2*p_2 · p_3*p_4 · e_3*p_3 · p_1*p_1 · p_3*p_1 · p_4*p_4 · p_3)/(p_1 · p_2*p_1 · p_3*p_2 · p_3*p_2 · p_4*p_3 · p_4*p_4 · p_3)
-5*(Tr(F_2 · F_3)*p_2 · p_4)/((p_2 · p_4)^2*p_3 · p_4) - 80*(Tr(F_2 · F_3)*p_1 · p_2)/(p_1 · p_3*(p_2 · p_3)^2),-(5*e_2 · p_3*e_3 · p_2*p_2 · p_4*p_1 · p_4)/(p_2 · p_4**2*p_3 · p_4*p_1 · p_4) + (5*p_2 · p_3*e_3 · e_2*p_2 · p_4*p_1 · p_4)/(p_2 · p_4**2*p_3 · p_4*p_1 · p_4) + (5*e_2 · e_3*p_3 · p_2*p_2 · p_4*p_1 · p_4)/(p_2 · p_4**2*p_3 · p_4*p_1 · p_4) - (5*p_2 · e_3*p_3 · e_2*p_2 · p_4*p_1 · p_4)/(p_2 · p_4**2*p_3 · p_4*p_1 · p_4) - (80*e_2 · p_3*e_3 · p_2*p_1 · p_2*p_1 · p_4)/(p_1 · p_3*p_2 · p_3**2*p_1 · p_4) + (80*p_2 · p_3*e_3 · e_2*p_1 · p_2*p_1 · p_4)/(p_1 · p_3*p_2 · p_3**2*p_1 · p_4) + (80*e_2 · e_3*p_3 · p_2*p_1 · p_2*p_1 · p_4)/(p_1 · p_3*p_2 · p_3**2*p_1 · p_4) - (80*p_2 · e_3*p_3 · e_2*p_1 · p_2*p_1 · p_4)/(p_1 · p_3*p_2 · p_3**2*p_1 · p_4)
-7*(p_1 · F_2 · p_3*p_2 · F_3 · p_4*p_1 · p_3*p_2 · p_4)/(p_1 · p_2*p_1 · p_3*p_2 · p_3*p_2 · p_4*p_3 · p_4),-(7*p_1 · p_2*e_2 · p_3*p_2 · p_3*e_3 · p_4*p_1 · p_3*p_2 · p_4*p_3 · p_1)/(p_1 · p_2*p_1 · p_3*p_2 · p_3*p_2 · p_4*p_3 · p_4*p_3 · p_1) + (7*p_1 · p_2*e_2 · p_3*p_2 · e_3*p_3 · p_4*p_1 · p_3*p_2 · p_4*p_3 · p_1)/((p_1 · p_2*p_1 · p_3*p_2 · p_3*p_2 · p_4*-((p_1 · p_4 + p_2 · p_4 + p_4 · p_4))*p_3 · p_1)) + (7*p_1 · e_2*p_2 · p_3*p_2 · p_3*e_3 · p_4*p_1 · p_3*p_2 · p_4*p_3 · p_1)/((((p_3 · p_4 - p_1 · p_3))*p_1 · p_3*p_1 · p_2*p_2 · p_3*p_2 · p_4*p_3 · p_1)) - (7*p_1 · e_2*p_2 · p_3*p_2 · p_3*e_3 · p_4*p_1 · p_3*p_2 · p_4*p_3 · p_1)/((((p_3 · p_4 - p_1 · p_3))*p_3 · p_4*p_1 · p_2*p_2 · p_3*p_2 · p_4*p_3 · p_1)) - (7*p_1 · e_2*p_2 · p_3*p_2 · e_3*p_3 · p_4*p_1 · p_3*p_2 · p_4*p_3 · p_1)/(p_1 · p_2*p_1 · p_3*p_2 · p_3*p_2 · p_4*p_3 · p_4*p_3 · p_1)
-8*(Tr(F_2 · F_3)*p_1 · p_3*p_2 · p_3)/(p_1 · p_2*(p_1 · p_3)^2*p_2 · p_4),-(8*e_2 · p_3*e_3 · p_2*p_1 · p_3*p_2 · p_3)/(p_1 · p_2*p_1 · p_3**2*p_2 · p_4) + (8*p_2 · p_3*e_2 · e_3*p_1 · p_3*p_2 · p_3)/((p_1 · p_2*p_1 · p_3**2*-((p_1 · p_4 + p_3 · p_4 + p_4 · p_4)))) + (8*e_2 · e_3*p_3 · p_2*p_1 · p_3*p_2 · p_3)/(p_1 · p_2*p_1 · p_3**2*p_2 · p_4) - (8*p_2 · e_3*p_3 · e_2*p_1 · p_3*p_2 · p_3)/(p_1 · p_2*p_1 · p_3**2*p_2 · p_4)
-3*(p_1 · F_3 · F_2 · p_4*p_1 · p_3)/((p_1 · p_3)^2*p_2 · p_3*p_2 · p_4) + 32*(p_2 · F_3 · p_4*p_4 · F_2 · p_1*p_2 · p_3)/(p_1 · p_2*p_1 · p_3*p_2 · p_3*p_3 · p_4),-(3*p_1 · p_3*e_3 · p_2*e_2 · p_4*p_1 · p_3*p_2 · p_3*p_3 · p_4)/(p_1 · p_3**2*p_2 · p_3*p_2 · p_4*p_2 · p_3*p_3 · p_4) + (3*p_1 · e_3*p_3 · p_2*e_2 · p_4*p_1 · p_3*p_2 · p_3*p_3 · p_4)/(p_1 · p_3**2*p_2 · p_3*p_2 · p_4*p_2 · p_3*p_3 · p_4) + (3*p_1 · p_3*e_3 · e_2*p_2 · p_4*p_1 · p_3*p_2 · p_3*p_3 · p_4)/((((p_2 · p_3 - p_2 · p_4))*p_2 · p_4*p_1 · p_3**2*p_2 · p_3*p_3 · p_4)) - (3*p_1 · p_3*e_3 · e_2*p_2 · p_4*p_1 · p_3*p_2 · p_3*p_3 · p_4)/((((p_2 · p_3 - p_2 · p_4))*p_2 · p_3*p_1 · p_3**2*p_2 · p_3*p_3 · p_4)) - (3*p_1 · e_3*p_3 · e_2*p_2 · p_4*p_1 · p_3*p_2 · p_3*p_3 · p_4)/(p_1 · p_3**2*p_2 · p_3*p_2 · p_4*p_2 · p_3*p_3 · p_4) - (32*p_2 · p_3*e_3 · p_4*p_4 · p_2*e_2 · p_2*p_2 · p_3*p_2 · p_3*p_3 · p_4)/(p_1 · p_2*p_1 · p_3*p_2 · p_3*p_3 · p_4*p_2 · p_3*p_3 · p_4) - (32*p_2 · p_3*e_3 · p_4*p_4 · p_2*e_2 · p_3*p_2 · p_3*p_2 · p_3*p_3 · p_4)/(p_1 · p_2*p_1 · p_3*p_2 · p_3*p_3 · p_4*p_2 · p_3*p_3 · p_4) - (32*p_2 · p_3*e_3 · p_4*p_4 · p_2*e_2 · p_4*p_2 · p_3*p_2 · p_3*p_3 · p_4)/(p_1 · p_2*p_1 · p_3*p_2 · p_3*p_3 · p_4*p_2 · p_3*p_3 · p_4) - (32*p_2 · p_3*e_3 · p_4*p_4 · e_2*p_2 · p_1*p_2 · p_3*p_2 · p_3*p_3 · p_4)/(p_1 · p_2*p_1 · p_3*p_2 · p_3*p_3 · p_4*p_2 · p_3*p_3 · p_4) - (32*p_2 · e_3*p_3 · p_4*p_4 · p_2*e_2 · p_1*p_2 · p_3*p_2 · p_3*p_3 · p_4)/(p_1 · p_2*p_1 · p_3*p_2 · p_3*p_3 · p_4*p_2 · p_3*p_3 · p_4) + (32*p_2 · e_3*p_3 · p_4*p_4 · e_2*p_2 · p_1*p_2 · p_3*p_2 · p_3*p_3 · p_4)/(p_1 · p_2*p_1 · p_3*p_2 · p_3*p_3 · p_4*p_2 · p_3*p_3 · p_4)
3*(p_4 · F_2 · F_3 · p_1*p_1 · p_4)/(p_1 · p_2*p_2 · p_3*p_2 · p_4) + 21*(p_4 · F_2 · p_1*p_4 · F_3 · p_1*p_1 · p_3*p_1 · p_4)/(p_1 · p_2*p_1 · p_3*p_2 · p_3*p_2 · p_4*p_3 · p_4),-(3*p_4 · p_2*e_2 · p_3*e_3 · p_1*p_2 · p_4)/(p_1 · p_2*p_2 · p_3*p_2 · p_4) - (3*p_4 · p_2*e_2 · p_3*e_3 · p_1*p_3 · p_4)/(p_1 · p_2*p_2 · p_3*p_2 · p_4) - (3*p_4 · p_2*p_3 · e_2*e_3 · p_1*p_4 · p_4)/(p_1 · p_2*p_2 · p_3*p_2 · p_4) - (3*p_4 · e_2*p_2 · p_3*e_3 · p_1*p_1 · p_4)/(p_1 · p_2*p_2 · p_3*p_2 · p_4) - (3*p_4 · p_2*e_2 · e_3*p_3 · p_1*p_1 · p_4)/(p_1 · p_2*p_2 · p_3*p_2 · p_4) + (3*p_4 · e_2*p_2 · e_3*p_3 · p_1*p_1 · p_4)/(p_1 · p_2*p_2 · p_3*p_2 · p_4) + (21*p_4 · p_2*e_2 · p_1*p_4 · p_3*e_3 · p_1*p_1 · p_3*p_1 · p_4)/(p_1 · p_2*p_1 · p_3*p_2 · p_3*p_2 · p_4*p_3 · p_4) - (21*p_4 · p_2*e_2 · p_1*p_4 · e_3*p_3 · p_1*p_1 · p_3*p_1 · p_4)/(p_1 · p_2*p_1 · p_3*p_2 · p_3*p_2 · p_4*p_3 · p_4) - (21*p_4 · e_2*p_2 · p_1*p_4 · p_3*e_3 · p_1*p_1 · p_3*p_1 · p_4)/(p_1 · p_2*p_1 · p_3*p_2 · p_3*p_2 · p_4*p_3 · p_4) + (21*p_4 · e_2*p_2 · p_1*p_4 · e_3*p_3 · p_1*p_1 · p_3*p_1 · p_4)/(p_1 · p_2*p_1 · p_3*p_2 · p_3*p_2 · p_4*p_3 · p_4)
8*(p_1 · F_3 · F_2 · p_4*p_2 · p_4)/(p_2 · p_3*p_2 · p_4*p_3 · p_4) - 52*(p_1 · F_3 · F_2 · p_4*p_1 · p_3)/(p_1 · p_2*(p_1 · p_3)^2*p_2 · p_3),(8*p_1 · p_3*e_3 · p_2*e_2 · p_4*p_2 · p_4*p_1 · p_2)/((p_2 · p_3*p_2 · p_4*p_3 · p_4*((p_1 · p_2 + p_4 · p_3)))) + (8*p_1 · p_3*e_3 · p_2*e_2 · p_4*p_2 · p_4*p_4 · p_3)/((p_2 · p_3*p_2 · p_4*p_3 · p_4*((p_1 · p_2 + p_4 · p_3)))) - (8*p_1 · e_3*p_3 · p_2*e_2 · p_4*p_2 · p_4*p_1 · p_2)/((p_2 · p_3*p_2 · p_4*p_4 · p_3*((p_1 · p_2 + p_4 · p_3)))) - (8*p_1 · e_3*p_3 · p_2*e_2 · p_4*p_2 · p_4*p_4 · p_3)/((p_2 · p_3*p_2 · p_4*p_3 · p_4*((p_1 · p_2 + p_4 · p_3)))) - (8*p_1 · p_3*e_3 · e_2*p_2 · p_4*p_2 · p_4*p_1 · p_2)/((p_2 · p_3*p_2 · p_4*p_3 · p_4*((p_1 · p_2 + p_4 · p_3)))) - (8*p_1 · p_3*e_3 · e_2*p_2 · p_4*p_2 · p_4*p_4 · p_3)/((p_2 · p_3*p_2 · p_4*p_3 · p_4*((p_1 · p_2 + p_4 · p_3)))) + (8*p_1 · e_3*p_3 · e_2*p_2 · p_4*p_2 · p_4*p_1 · p_2)/((p_2 · p_3*p_2 · p_4*p_3 · p_4*((p_1 · p_2 + p_4 · p_3)))) + (8*p_1 · e_3*p_3 · e_2*p_2 · p_4*p_2 · p_4*p_4 · p_3)/((p_2 · p_3*p_2 · p_4*p_3 · p_4*((p_1 · p_2 + p_4 · p_3)))) - (52*p_1 · p_3*e_3 · p_2*e_2 · p_4*p_1 · p_3*p_1 · p_2)/((p_1 · p_2*p_1 · p_3**2*p_2 · p_3*((p_1 · p_2 + p_4 · p_3)))) - (52*p_1 · p_3*e_3 · p_2*e_2 · p_4*p_1 · p_3*p_4 · p_3)/((p_1 · p_2*p_1 · p_3**2*p_2 · p_3*((p_1 · p_2 + p_4 · p_3)))) + (52*p_1 · e_3*p_3 · p_2*e_2 · p_4*p_1 · p_3*p_1 · p_2)/((p_1 · p_2*p_1 · p_3**2*p_2 · p_3*((p_1 · p_2 + p_4 · p_3)))) + (52*p_1 · e_3*p_3 · p_2*e_2 · p_4*p_1 · p_3*p_4 · p_3)/((p_1 · p_2*p_1 · p_3**2*p_2 · p_3*((p_1 · p_2 + p_4 · p_3)))) + (52*p_1 · p_3*e_3 · e_2*p_2 · p_4*p_1 · p_3*p_1 · p_2)/((-((p_2 · p_2 + p_3 · p_2 + p_4 · p_2))*p_1 · p_3**2*p_2 · p_3*((p_1 · p_2 + p_4 · p_3)))) + (52*p_1 · p_3*e_3 · e_2*p_2 · p_4*p_1 · p_3*p_4 · p_3)/((-((p_2 · p_2 + p_3 · p_2 + p_4 · p_2))*p_1 · p_3**2*p_2 · p_3*((p_1 · p_2 + p_4 · p_3)))) - (52*p_1 · e_3*p_3 · e_2*p_2 · p_4*p_1 · p_3*p_1 · p_2)/((p_1 · p_2*p_1 · p_3**2*p_2 · p_3*((p_1 · p_2 + p_4 · p_3)))) - (52*p_1 · e_3*p_3 · e_2*p_2 · p_4*p_1 · p_3*p_4 · p_3)/((p_1 · p_2*p_1 · p_3**2*p_2 · p_3*((p_1 · p_2 + p_4 · p_3))))
9*(p_1 · F_3 · F_2 · p_4*p_1 · p_3*p_1 · p_4)/(p_1 · p_2*p_2 · p_3*p_2 · p_4*p_3 · p_4),(9*p_1 · p_3*e_3 · p_2*e_2 · p_4*p_1 · p_3*p_1 · p_4)/(p_1 · p_2*p_2 · p_3*p_2 · p_4*p_3 · p_4) - (9*p_1 · e_3*p_3 · p_2*e_2 · p_4*p_1 · p_3*p_1 · p_4)/(p_1 · p_2*p_2 · p_3*p_2 · p_4*p_3 · p_4) - (9*p_1 · p_3*e_3 · e_2*p_2 · p_4*p_1 · p_3*p_1 · p_4)/(p_1 · p_2*p_2 · p_3*p_2 · p_4*p_3 · p_4) + (9*p_1 · e_3*p_3 · e_2*p_2 · p_4*p_1 · p_3*p_1 · p_4)/(p_1 · p_2*p_2 · p_3*p_2 · p_4*p_3 · p_4)
-8*(Tr(F_2 · F_3)*p_1 · p_2)/(p_1 · p_2*p_2 · p_3) + 27*(Tr(F_2 · F_3))/((p_2 · p_3)^2),-(8*e_2 · p_3*e_3 · p_2*p_1 · p_2)/(p_1 · p_2*p_2 · p_3) + (8*p_2 · p_3*e_3 · e_2*p_1 · p_2)/(p_1 · p_2*p_2 · p_3) + (8*e_2 · e_3*p_3 · p_2*p_1 · p_2)/(p_1 · p_2*p_2 · p_3) - (8*p_2 · e_3*p_3 · e_2*p_1 · p_2)/(p_1 · p_2*p_2 · p_3) + (27*e_2 · p_3*e_3 · p_2)/(p_2 · p_3**2) - (27*p_2 · p_3*e_3 · e_2)/(p_2 · p_3**2) - (27*e_2 · e_3*p_3 · p_2)/(p_2 · p_3**2) + (27*p_2 · e_3*p_3 · e_2)/(p_2 · p_3**2)
9*(p_1 · F_3 · p_2*p_3 · F_2 · p_4)/(p_1 · p_2*p_1 · p_3*(p_2 · p_3)^2),(9*p_1 · p_3*e_3 · p_2*p_3 · p_2*e_2 · p_4*p_1 · p_3*p_3 · p_4)/((p_1 · p_2*p_1 · p_3*p_2 · p_3**2*((p_1 · p_3 + p_2 · p_4))*p_3 · p_4)) + (9*p_1 · p_3*e_3 · p_2*p_3 · p_2*e_2 · p_4*p_2 · p_4*p_3 · p_4)/((p_1 · p_2*p_1 · p_3*p_2 · p_3**2*((p_1 · p_3 + p_2 · p_4))*p_3 · p_4)) - (9*p_1 · p_3*e_3 · p_2*p_3 · e_2*p_2 · p_4*p_1 · p_3*p_3 · p_4)/((p_1 · p_2*p_1 · p_3*p_2 · p_3**2*((p_1 · p_3 + p_2 · p_4))*p_3 · p_4)) - (9*p_1 · p_3*e_3 · p_2*p_3 · e_2*p_2 · p_4*p_2 · p_4*p_3 · p_4)/((p_1 · p_2*p_1 · p_3*p_2 · p_3**2*((p_1 · p_3 + p_2 · p_4))*p_3 · p_4)) - (9*p_1 · e_3*p_3 · p_2*p_3 · p_2*e_2 · p_4*p_1 · p_3*p_3 · p_4)/((p_1 · p_2*p_1 · p_3*p_2 · p_3**2*((p_1 · p_3 + p_2 · p_4))*p_3 · p_4)) - (9*p_1 · e_3*p_3 · p_2*p_3 · p_2*e_2 · p_4*p_2 · p_4*p_3 · p_4)/((p_1 · p_2*p_1 · p_3*p_2 · p_3**2*((p_1 · p_3 + p_2 · p_4))*p_3 · p_4)) + (9*p_1 · e_3*p_3 · p_2*p_3 · e_2*p_2 · p_4*p_1 · p_3*p_3 · p_4)/((p_1 · p_2*p_1 · p_3*p_2 · p_3**2*((p_1 · p_3 + p_2 · p_4))*p_3 · p_4)) + (9*p_1 · e_3*p_3 · p_2*p_3 · e_2*p_2 · p_4*p_2 · p_4*p_3 · p_4)/((p_1 · p_2*p_1 · p_3*p_2 · p_3**2*((p_1 · p_3 + p_2 · p_4))*p_3 · p_4))
-5*(p_3 · F_2 · p_4*p_4 · F_3 · p_2*p_1 · p_3*p_1 · p_4)/(p_1 · p_2*p_1 · p_3*p_2 · p_3*p_2 · p_4*p_3 · p_4) + 22*(Tr(F_2 · F_3))/(p_3 · p_4),-(5*p_3 · p_2*e_2 · p_4*p_4 · p_3*e_3 · p_2*p_1 · p_3*p_1 · p_4*p_4 · p_2*p_3 · p_1)/(p_1 · p_2*p_1 · p_3*p_2 · p_3*p_2 · p_4*p_3 · p_4*p_4 · p_2*p_3 · p_1) + (5*p_3 · p_2*e_2 · p_4*p_4 · e_3*p_3 · p_2*p_1 · p_3*p_1 · p_4*p_4 · p_2*p_3 · p_1)/(p_1 · p_2*p_1 · p_3*p_2 · p_3*p_2 · p_4*p_3 · p_4*p_4 · p_2*p_3 · p_1) + (5*p_3 · e_2*p_2 · p_4*p_4 · p_3*e_3 · p_2*p_1 · p_3*p_1 · p_4*p_4 · p_2*p_3 · p_1)/(p_1 · p_2*p_1 · p_3*p_2 · p_3*p_2 · p_4*p_3 · p_4*p_4 · p_2*p_3 · p_1) - (5*p_3 · e_2*p_2 · p_4*p_4 · e_3*p_3 · p_2*p_1 · p_3*p_1 · p_4*p_4 · p_2*p_3 · p_1)/(p_1 · p_2*p_1 · p_3*p_2 · p_3*p_2 · p_4*p_3 · p_4*p_4 · p_2*p_3 · p_1) + (22*e_2 · p_3*e_3 · p_2*p_4 · p_2*p_3 · p_1)/(p_3 · p_4*p_4 · p_2*p_3 · p_1) - (22*p_2 · p_3*e_3 · e_2*p_4 · p_2*p_3 · p_1)/(p_3 · p_4*p_4 · p_2*p_3 · p_1) - (22*e_2 · e_3*p_3 · p_2*p_4 · p_2*p_3 · p_1)/(p_3 · p_4*p_4 · p_2*p_3 · p_1) + (22*p_2 · e_3*p_3 · e_2*p_4 · p_2*p_3 · p_1)/(p_3 · p_4*p_4 · p_2*p_3 · p_1)
3*(p_1 · F_2 · p_4*p_2 · F_3 · p_1*p_1 · p_2)/(p_1 · p_2*p_1 · p_3*p_2 · p_3*p_3 · p_4),-(3*p_1 · p_2*e_2 · p_1*p_2 · p_3*e_3 · p_1*p_1 · p_2)/(p_1 · p_2*p_1 · p_3*p_3 · p_2*p_3 · p_4) - (3*p_1 · p_2*e_2 · p_2*p_2 · p_3*e_3 · p_1*p_1 · p_2)/(p_1 · p_2*p_1 · p_3*p_2 · p_3*p_3 · p_4) - (3*p_1 · p_2*e_2 · p_3*p_2 · p_3*e_3 · p_1*p_1 · p_2)/(p_1 · p_2*p_1 · p_3*p_2 · p_3*p_3 · p_4) - (3*p_1 · p_2*e_2 · p_4*p_2 · e_3*p_3 · p_1*p_1 · p_2)/(p_2 · p_1*p_1 · p_3*p_2 · p_3*p_3 · p_4) - (3*p_1 · e_2*p_2 · p_4*p_2 · p_3*e_3 · p_1*p_1 · p_2)/(p_1 · p_2*p_1 · p_3*p_2 · p_3*p_3 · p_4) + (3*p_1 · e_2*p_2 · p_4*e_3 · p_2*p_3 · p_1*p_1 · p_2)/(p_1 · p_2*p_1 · p_3*p_2 · p_3*p_3 · p_4)
2*(p_4 · F_3 · F_2 · p_1*p_1 · p_2)/(p_1 · p_2*p_1 · p_3*p_2 · p_3) + 98*(Tr(F_2 · F_3))/(p_2 · p_4),-(2*p_4 · p_3*e_3 · p_1*e_2 · p_1*p_1 · p_2*p_4 · p_1)/((p_1 · p_2*p_1 · p_3*-((p_1 · p_3 + p_3 · p_3 + p_4 · p_3))*((p_4 · p_1 + p_3 · p_2)))) - (2*p_4 · p_3*e_3 · p_1*e_2 · p_1*p_1 · p_2*p_3 · p_2)/((p_1 · p_2*p_1 · p_3*-((p_1 · p_3 + p_3 · p_3 + p_4 · p_3))*((p_4 · p_1 + p_3 · p_2)))) - (2*p_4 · p_3*e_3 · p_3*e_2 · p_1*p_1 · p_2*p_4 · p_1)/((p_1 · p_2*p_1 · p_3*p_2 · p_3*((p_4 · p_1 + p_3 · p_2)))) - (2*p_4 · p_3*e_3 · p_3*e_2 · p_1*p_1 · p_2*p_3 · p_2)/((p_1 · p_2*p_1 · p_3*p_2 · p_3*((p_4 · p_1 + p_3 · p_2)))) - (2*p_4 · p_3*e_3 · p_4*e_2 · p_1*p_1 · p_2*p_4 · p_1)/((p_1 · p_2*p_1 · p_3*p_2 · p_3*((p_4 · p_1 + p_3 · p_2)))) - (2*p_4 · p_3*e_3 · p_4*e_2 · p_1*p_1 · p_2*p_3 · p_2)/((p_1 · p_2*p_1 · p_3*p_2 · p_3*((p_4 · p_1 + p_3 · p_2)))) - (2*p_4 · e_3*p_3 · p_2*e_2 · p_1*p_1 · p_2*p_4 · p_1)/((p_1 · p_2*p_1 · p_3*p_2 · p_3*((p_4 · p_1 + p_3 · p_2)))) - (2*p_4 · e_3*p_3 · p_2*e_2 · p_1*p_1 · p_2*p_3 · p_2)/((p_1 · p_2*p_1 · p_3*p_2 · p_3*((p_4 · p_1 + p_3 · p_2)))) - (2*p_4 · p_3*e_3 · e_2*p_2 · p_1*p_1 · p_2*p_4 · p_1)/((p_1 · p_2*p_1 · p_3*p_2 · p_3*((p_4 · p_1 + p_3 · p_2)))) - (2*p_4 · p_3*e_3 · e_2*p_2 · p_1*p_1 · p_2*p_3 · p_2)/((p_1 · p_2*p_1 · p_3*p_2 · p_3*((p_4 · p_1 + p_3 · p_2)))) + (2*p_4 · e_3*p_3 · e_2*p_2 · p_1*p_1 · p_2*p_4 · p_1)/((p_1 · p_2*p_1 · p_3*p_2 · p_3*((p_4 · p_1 + p_3 · p_2)))) + (2*p_4 · e_3*p_3 · e_2*p_2 · p_1*p_1 · p_2*p_3 · p_2)/((p_1 · p_2*p_1 · p_3*p_2 · p_3*((p_4 · p_1 + p_3 · p_2)))) + (98*e_2 · p_3*e_3 · p_2*p_4 · p_1)/((p_2 · p_4*((p_4 · p_1 + p_3 · p_2)))) + (98*e_2 · p_3*e_3 · p_2*p_3 · p_2)/((p_2 · p_4*((p_4 · p_1 + p_3 · p_2)))) - (98*p_2 · p_3*e_3 · e_2*p_4 · p_1)/((p_2 · p_4*((p_4 · p_1 + p_3 · p_2)))) - (98*p_2 · p_3*e_3 · e_2*p_3 · p_2)/((p_2 · p_4*((p_4 · p_1 + p_3 · p_2)))) - (98*e_2 · e_3*p_3 · p_2*p_4 · p_1)/((p_2 · p_4*((p_4 · p_1 + p_3 · p_2)))) - (98*e_2 · e_3*p_3 · p_2*p_3 · p_2)/((p_2 · p_4*((p_4 · p_1 + p_3 · p_2)))) + (98*p_2 · e_3*p_3 · e_2*p_4 · p_1)/((p_4 · p_2*((p_4 · p_1 + p_3 · p_2)))) + (98*p_2 · e_3*p_3 · e_2*p_3 · p_2)/((p_4 · p_2*((p_4 · p_1 + p_3 · p_2))))
-2*(Tr(F_2 · F_3))/(p_1 · p_2),-(2*e_2 · p_3*e_3 · p_2*p_2 · p_3)/((p_1 · p_2*((p_2 · p_3 + p_1 · p_4)))) - (2*e_2 · p_3*e_3 · p_2*p_1 · p_4)/((p_1 · p_2*((p_2 · p_3 + p_1 · p_4)))) + (2*p_2 · p_3*e_3 · e_2*p_2 · p_3)/((p_1 · p_2*((p_2 · p_3 + p_1 · p_4)))) + (2*p_2 · p_3*e_3 · e_2*p_1 · p_4)/((p_1 · p_2*((p_2 · p_3 + p_1 · p_4)))) + (2*e_2 · e_3*p_3 · p_2*p_2 · p_3)/((p_1 · p_2*((p_2 · p_3 + p_1 · p_4)))) + (2*e_2 · e_3*p_3 · p_2*p_1 · p_4)/((p_1 · p_2*((p_2 · p_3 + p_1 · p_4)))) - (2*p_2 · e_3*p_3 · e_2*p_2 · p_3)/((p_1 · p_2*((p_2 · p_3 + p_1 · p_4)))) - (2*p_2 · e_3*p_3 · e_2*p_1 · p_4)/((p_1 · p_2*((p_2 · p_3 + p_1 · p_4))))
6*(Tr(F_2 · F_3)*p_1 · p_4*p_2 · p_4)/(p_1 · p_3*p_2 · p_3*(p_2 · p_4)^2),(6*e_2 · p_3*e_3 · p_2*p_1 · p_4*p_2 · p_4)/(p_1 · p_3*p_2 · p_3*p_2 · p_4**2) - (6*p_2 · p_3*e_3 · e_2*p_1 · p_4*p_2 · p_4)/(p_1 · p_3*p_2 · p_3*p_2 · p_4**2) + (6*e_2 · e_3*p_3 · p_2*p_2 · p_4*p_2 · p_4)/(p_1 · p_3*p_2 · p_3*p_2 · p_4**2) + (6*e_2 · e_3*p_3 · p_2*p_4 · p_3*p_2 · p_4)/(p_1 · p_3*p_2 · p_3*p_2 · p_4**2) + (6*e_2 · e_3*p_3 · p_2*p_4 · p_4*p_2 · p_4)/(p_1 · p_3*p_2 · p_3*p_2 · p_4**2) + (6*p_2 · e_3*p_3 · e_2*p_1 · p_4*p_2 · p_4)/(p_1 · p_3*p_2 · p_3*p_2 · p_4**2)
5*(p_1 · F_2 · F_3 · p_4*(p_1 · p_2)^2)/(p_1 · p_3*p_2 · p_3*p_2 · p_4*p_3 · p_4),(5*p_1 · p_2*e_2 · p_3*e_3 · p_4*p_1 · p_2**2*p_3 · p_2)/(p_1 · p_3*p_2 · p_3*p_2 · p_4*p_3 · p_4*p_3 · p_2) - (5*p_1 · e_2*p_2 · p_3*e_3 · p_4*p_1 · p_2**2*p_3 · p_2)/(p_1 · p_3*p_2 · p_3*p_2 · p_4*p_3 · p_4*p_3 · p_2) - (5*p_1 · p_2*e_2 · e_3*p_3 · p_4*p_1 · p_2**2*p_3 · p_2)/(p_1 · p_3*p_2 · p_3*p_2 · p_4*p_3 · p_4*p_3 · p_2) + (5*p_1 · e_2*p_2 · e_3*p_3 · p_4*p_1 · p_2**2*p_3 · p_2)/(p_1 · p_3*p_2 · p_3*p_2 · p_4*p_3 · p_4*p_3 · p_2)
5*(Tr(F_2 · F_3)*p_1 · p_2)/((p_1 · p_2)^2*p_3 · p_4) - 20*(p_1 · F_2 · F_3 · p_4)/(p_1 · p_3*p_2 · p_4),(5*e_2 · p_3*p_2 · e_3*p_1 · p_2)/(p_1 · p_2**2*p_3 · p_4) - (5*p_2 · p_3*e_3 · e_2*p_1 · p_2)/(p_1 · p_2**2*p_3 · p_4) - (5*e_2 · e_3*p_3 · p_2*p_1 · p_2)/(p_1 · p_2**2*p_3 · p_4) - (5*p_2 · e_3*p_3 · e_2*p_2 · p_2)/(p_1 · p_2**2*p_3 · p_4) - (5*p_2 · e_3*p_3 · e_2*p_3 · p_2)/(p_1 · p_2**2*p_3 · p_4) - (5*p_2 · e_3*p_3 · e_2*p_4 · p_2)/(p_1 · p_2**2*p_3 · p_4) - (20*p_1 · p_2*e_2 · p_3*e_3 · p_4)/(p_1 · p_3*p_2 · p_4) + (20*p_1 · e_2*p_2 · p_3*e_3 · p_4)/(p_3 · p_1*p_2 · p_4) + (20*p_1 · p_2*e_2 · e_3*p_3 · p_4)/(p_1 · p_3*p_2 · p_4) - (20*p_1 · e_2*p_2 · e_3*p_3 · p_4)/(p_1 · p_3*p_2 · p_4)
-7*(p_1 · F_2 · p_4*p_4 · F_3 · p_1*p_1 · p_3)/(p_1 · p_2*p_1 · p_3*p_2 · p_3*p_2 · p_4) + 4*(p_4 · F_3 · F_2 · p_1*p_1 · p_2*p_2 · p_4)/(p_1 · p_2*(p_2 · p_3)^2*p_2 · p_4*p_3 · p_4),-(7*p_1 · p_2*e_2 · p_4*p_4 · p_3*e_3 · p_1*p_1 · p_3)/(p_1 · p_2*p_1 · p_3*p_2 · p_3*p_2 · p_4) + (7*p_1 · p_2*e_2 · p_4*p_4 · e_3*p_3 · p_1*p_1 · p_3)/(p_1 · p_2*p_1 · p_3*p_2 · p_3*p_2 · p_4) + (7*p_1 · e_2*p_2 · p_4*p_4 · p_3*e_3 · p_1*p_1 · p_3)/(p_1 · p_2*p_1 · p_3*p_2 · p_3*p_2 · p_4) - (7*p_1 · e_2*p_2 · p_4*p_4 · e_3*p_3 · p_1*p_1 · p_3)/(p_1 · p_2*p_1 · p_3*p_2 · p_3*p_2 · p_4) + (4*p_4 · p_3*e_3 · p_2*e_2 · p_1*p_1 · p_2*p_2 · p_4)/(p_1 · p_2*p_2 · p_3**2*p_2 · p_4*p_3 · p_4) - (4*p_4 · e_3*p_3 · p_2*e_2 · p_1*p_1 · p_2*p_2 · p_4)/(p_1 · p_2*p_2 · p_3**2*p_2 · p_4*p_3 · p_4) - (4*p_4 · p_3*e_3 · e_2*p_2 · p_1*p_1 · p_2*p_2 · p_4)/(p_1 · p_2*p_2 · p_3**2*p_2 · p_4*p_3 · p_4) + (4*p_4 · e_3*p_3 · e_2*p_2 · p_1*p_1 · p_2*p_2 · p_4)/(p_1 · p_2*p_2 · p_3**2*p_2 · p_4*p_3 · p_4)
4*(p_1 · F_3 · p_2*p_3 · F_2 · p_4)/(p_2 · p_3*p_2 · p_4*p_3 · p_4),(4*p_1 · p_3*e_3 · p_2*p_3 · p_2*e_2 · p_4*p_3 · p_1)/(p_2 · p_3*p_2 · p_4*p_3 · p_4*p_3 · p_1) - (4*p_1 · p_3*e_3 · p_2*p_3 · e_2*p_2 · p_4*p_3 · p_1)/((((p_3 · p_1 - p_3 · p_2))*p_3 · p_2*p_2 · p_4*p_3 · p_4)) + (4*p_1 · p_3*e_3 · p_2*p_3 · e_2*p_2 · p_4*p_3 · p_1)/((((p_3 · p_1 - p_3 · p_2))*p_3 · p_1*p_2 · p_4*p_3 · p_4)) - (4*p_1 · e_3*p_3 · p_2*p_3 · p_2*e_2 · p_4*p_3 · p_1)/(p_2 · p_3*p_2 · p_4*p_3 · p_4*p_3 · p_1) + (4*p_1 · e_3*p_3 · p_2*p_3 · e_2*p_2 · p_4*p_3 · p_1)/(p_2 · p_3*p_2 · p_4*p_3 · p_4*p_3 · p_1)
(Tr(F_2 · F_3)*p_1 · p_4)/(p_1 · p_2*p_2 · p_4),(e_2 · p_3*e_3 · p_2*p_1 · p_4*p_2 · p_4*p_1 · p_3*p_4 · p_3)/((p_1 · p_2*p_2 · p_4*p_2 · p_4*p_1 · p_3*((p_4 · p_3 + p_1 · p_2)))) + (e_2 · p_3*e_3 · p_2*p_1 · p_4*p_2 · p_4*p_1 · p_3*p_1 · p_2)/((p_1 · p_2*p_2 · p_4*p_2 · p_4*p_1 · p_3*((p_4 · p_3 + p_1 · p_2)))) - (p_2 · p_3*e_3 · e_2*p_1 · p_4*p_2 · p_4*p_1 · p_3*p_4 · p_3)/((p_1 · p_2*p_4 · p_2*p_2 · p_4*p_1 · p_3*((p_4 · p_3 + p_1 · p_2)))) - (p_2 · p_3*e_3 · e_2*p_1 · p_4*p_2 · p_4*p_1 · p_3*p_1 · p_2)/((p_1 · p_2*p_4 · p_2*p_2 · p_4*p_1 · p_3*((p_4 · p_3 + p_1 · p_2)))) - (e_2 · e_3*p_3 · p_2*p_1 · p_4*p_2 · p_4*p_1 · p_3*p_4 · p_3)/((p_1 · p_2*p_2 · p_4*p_2 · p_4*p_1 · p_3*((p_4 · p_3 + p_1 · p_2)))) - (e_2 · e_3*p_3 · p_2*p_1 · p_4*p_2 · p_4*p_1 · p_3*p_1 · p_2)/((p_1 · p_2*p_2 · p_4*p_2 · p_4*p_1 · p_3*((p_4 · p_3 + p_1 · p_2)))) + (p_2 · e_3*p_3 · e_2*p_1 · p_4*p_2 · p_4*p_1 · p_3*p_4 · p_3)/((p_1 · p_2*p_2 · p_4*p_2 · p_4*p_1 · p_3*((p_4 · p_3 + p_1 · p_2)))) + (p_2 · e_3*p_3 · e_2*p_1 · p_4*p_2 · p_4*p_1 · p_3*p_1 · p_2)/((p_1 · p_2*p_2 · p_4*p_2 · p_4*p_1 · p_3*((p_4 · p_3 + p_1 · p_2))))
-6*(p_2 · F_3 · p_1*p_4 · F_2 · p_1)/(p_1 · p_2*p_2 · p_3*p_2 · p_4) + 68*(p_4 · F_3 · F_2 · p_1)/(p_2 · p_3*p_3 · p_4),-(6*p_2 · p_3*e_3 · p_1*p_4 · p_2*p_1 · e_2*p_4 · p_3)/(p_1 · p_2*p_2 · p_3*p_2 · p_4*p_4 · p_3) + (6*p_2 · p_3*e_3 · p_1*p_4 · e_2*p_2 · p_1*p_4 · p_3)/(p_1 · p_2*p_2 · p_3*p_2 · p_4*p_4 · p_3) + (6*p_2 · e_3*p_3 · p_1*p_4 · p_2*e_2 · p_1*p_4 · p_3)/(p_1 · p_2*p_2 · p_3*p_2 · p_4*p_4 · p_3) - (6*p_2 · e_3*p_3 · p_1*p_4 · e_2*p_2 · p_1*p_4 · p_3)/(p_1 · p_2*p_2 · p_3*p_2 · p_4*p_4 · p_3) + (68*p_4 · p_3*e_3 · p_2*e_2 · p_1*p_4 · p_3)/(p_2 · p_3*p_3 · p_4*p_4 · p_3) - (68*p_4 · e_3*p_3 · p_2*e_2 · p_1*p_4 · p_3)/(p_2 · p_3*p_3 · p_4*p_4 · p_3) - (68*p_4 · p_3*e_3 · e_2*p_2 · p_1*p_4 · p_3)/(p_2 · p_3*p_3 · p_4*p_4 · p_3) + (68*p_4 · e_3*p_3 · e_2*p_2 · p_1*p_4 · p_3)/(p_2 · p_3*p_3 · p_4*p_4 · p_3)
-3*(p_4 · F_3 · F_2 · p_1*p_2 · p_3)/(p_1 · p_2*(p_2 · p_3)^2*p_3 · p_4),-(3*p_4 · p_3*e_3 · p_2*e_2 · p_1*p_2 · p_3*p_1 · p_3)/(p_1 · p_2*p_2 · p_3**2*p_3 · p_4*p_1 · p_3) + (3*p_4 · e_3*p_3 · p_2*e_2 · p_1*p_2 · p_3*p_1 · p_3)/(p_1 · p_2*p_2 · p_3**2*p_3 · p_4*p_1 · p_3) + (3*p_4 · p_3*e_3 · e_2*p_2 · p_1*p_2 · p_3*p_1 · p_3)/(p_1 · p_2*p_2 · p_3**2*p_3 · p_4*p_1 · p_3) - (3*p_4 · e_3*p_3 · e_2*p_2 · p_1*p_2 · p_3*p_1 · p_3)/(p_1 · p_2*p_2 · p_3**2*p_3 · p_4*p_1 · p_3)
5*(Tr(F_2 · F_3)*p_3 · p_4)/(p_1 · p_2*p_3 · p_4) - 26*(p_1 · F_2 · F_3 · p_4*p_2 · p_4)/(p_1 · p_2*(p_2 · p_4)^2*p_3 · p_4),(5*e_2 · p_3*e_3 · p_2*p_3 · p_4*p_4 · p_3)/(p_1 · p_2*p_3 · p_4*p_4 · p_3) - (5*p_2 · p_3*e_3 · e_2*p_3 · p_4*p_4 · p_3)/((p_1 · p_2*-((p_1 · p_4 + p_2 · p_4 + p_4 · p_4))*-((p_1 · p_3 + p_2 · p_3 + p_3 · p_3)))) - (5*e_2 · e_3*p_3 · p_2*p_3 · p_4*p_4 · p_3)/(p_1 · p_2*p_3 · p_4*p_4 · p_3) + (5*p_2 · e_3*p_3 · e_2*p_3 · p_4*p_4 · p_3)/(p_1 · p_2*p_3 · p_4*p_4 · p_3) - (26*p_1 · p_2*e_2 · p_3*e_3 · p_4*p_2 · p_4*p_4 · p_3)/(p_1 · p_2*p_2 · p_4**2*p_3 · p_4*p_4 · p_3) + (26*p_1 · e_2*p_2 · p_3*e_3 · p_4*p_2 · p_4*p_4 · p_3)/(p_1 · p_2*p_2 · p_4**2*p_3 · p_4*p_4 · p_3) + (26*p_1 · p_2*e_2 · e_3*p_3 · p_4*p_2 · p_4*p_4 · p_3)/(p_1 · p_2*p_2 · p_4**2*p_3 · p_4*p_4 · p_3) - (26*p_1 · e_2*p_2 · e_3*p_3 · p_4*p_2 · p_4*p_4 · p_3)/(p_1 · p_2*p_2 · p_4**2*p_3 · p_4*p_4 · p_3)
9*(p_4 · F_2 · F_3 · p_1*p_1 · p_3)/(p_1 · p_2*(p_2 · p_3)^2*p_3 · p_4) - 7*(Tr(F_2 · F_3))/(p_1 · p_2),(9*p_4 · p_2*e_2 · p_3*e_3 · p_1*p_1 · p_3)/(p_1 · p_2*p_2 · p_3**2*p_3 · p_4) - (9*p_4 · e_2*p_2 · p_3*e_3 · p_1*p_1 · p_3)/(p_1 · p_2*p_2 · p_3**2*p_3 · p_4) - (9*p_4 · p_2*e_2 · e_3*p_3 · p_1*p_1 · p_3)/(p_1 · p_2*p_2 · p_3**2*p_3 · p_4) + (9*p_4 · e_2*p_2 · e_3*p_3 · p_1*p_1 · p_3)/(p_1 · p_2*p_2 · p_3**2*p_3 · p_4) - (7*e_2 · p_3*e_3 · p_2)/(p_1 · p_2) + (7*p_2 · p_3*e_3 · e_2)/(p_1 · p_2) + (7*e_2 · e_3*p_3 · p_2)/(p_1 · p_2) - (7*p_2 · e_3*p_3 · e_2)/(p_1 · p_2)
-6*(p_1 · F_3 · p_2*p_4 · F_2 · p_3*p_1 · p_2)/(p_1 · p_2*p_1 · p_3*p_2 · p_3*p_2 · p_4),-(6*p_1 · p_3*e_3 · p_2*p_4 · p_2*e_2 · p_3*p_1 · p_2*p_4 · p_2)/((-((p_2 · p_2 + p_3 · p_2 + p_4 · p_2))*p_1 · p_3*p_2 · p_3*p_2 · p_4*p_4 · p_2)) + (6*p_1 · p_3*e_3 · p_2*p_4 · e_2*p_2 · p_3*p_1 · p_2*p_4 · p_2)/(p_1 · p_2*p_1 · p_3*p_2 · p_3*p_2 · p_4*p_4 · p_2) + (6*p_1 · e_3*p_3 · p_2*p_4 · p_2*e_2 · p_3*p_1 · p_2*p_4 · p_2)/(p_1 · p_2*p_1 · p_3*p_2 · p_3*p_2 · p_4*p_4 · p_2) - (6*p_1 · e_3*p_3 · p_2*p_4 · e_2*p_2 · p_3*p_1 · p_2*p_4 · p_2)/(p_1 · p_2*p_1 · p_3*p_2 · p_3*p_2 · p_4*p_4 · p_2)
-2*(Tr(F_2 · F_3)*p_3 · p_4)/(p_1 · p_2*(p_3 · p_4)^2) + 75*(p_1 · F_3 · p_4*p_3 · F_2 · p_4*p_1 · p_4*p_2 · p_4)/(p_1 · p_2*p_1 · p_3*p_2 · p_3*p_2 · p_4*p_3 · p_4),-(2*e_2 · p_3*e_3 · p_2*p_3 · p_4)/(p_1 · p_2*p_3 · p_4**2) + (2*p_2 · p_3*e_3 · e_2*p_3 · p_4)/(p_1 · p_2*p_3 · p_4**2) + (2*e_2 · e_3*p_3 · p_2*p_3 · p_4)/(p_1 · p_2*p_4 · p_3**2) - (2*p_2 · e_3*p_3 · e_2*p_3 · p_4)/(p_1 · p_2*p_3 · p_4**2) + (75*p_1 · p_3*e_3 · p_4*p_3 · p_2*e_2 · p_4*p_1 · p_4*p_2 · p_4)/((((p_3 · p_4 - p_1 · p_3))*p_1 · p_3*p_1 · p_2*p_2 · p_3*p_2 · p_4)) - (75*p_1 · p_3*e_3 · p_4*p_3 · p_2*e_2 · p_4*p_1 · p_4*p_2 · p_4)/((((p_3 · p_4 - p_1 · p_3))*p_3 · p_4*p_1 · p_2*p_2 · p_3*p_2 · p_4)) - (75*p_1 · p_3*e_3 · p_4*p_3 · e_2*p_2 · p_4*p_1 · p_4*p_2 · p_4)/(p_1 · p_2*p_1 · p_3*p_2 · p_3*p_2 · p_4*p_4 · p_3) - (75*p_1 · e_3*p_3 · p_4*p_3 · p_2*e_2 · p_4*p_1 · p_4*p_2 · p_4)/(p_1 · p_2*p_1 · p_3*p_2 · p_3*p_2 · p_4*p_3 · p_4) + (75*p_1 · e_3*p_3 · p_4*p_3 · e_2*p_2 · p_4*p_4 · p_1*p_2 · p_4)/(p_1 · p_2*p_1 · p_3*p_2 · p_3*p_2 · p_4*p_3 · p_4)
-2*(p_1 · F_3 · p_4*p_3 · F_2 · p_1*p_2 · p_4)/((p_1 · p_2)^2*p_1 · p_3*p_2 · p_3*p_2 · p_4),-(2*p_1 · p_3*e_3 · p_4*p_3 · p_2*e_2 · p_1*p_2 · p_4*p_2 · p_1)/((p_1 · p_2**2*p_1 · p_3*p_2 · p_3*p_2 · p_4*((p_2 · p_1 + p_3 · p_4)))) - (2*p_1 · p_3*e_3 · p_4*p_3 · p_2*e_2 · p_1*p_2 · p_4*p_3 · p_4)/((p_1 · p_2**2*p_1 · p_3*p_2 · p_3*p_2 · p_4*((p_2 · p_1 + p_3 · p_4)))) + (2*p_1 · p_3*e_3 · p_4*p_3 · e_2*p_2 · p_1*p_2 · p_4*p_2 · p_1)/((p_1 · p_2**2*p_1 · p_3*p_2 · p_3*p_2 · p_4*((p_2 · p_1 + p_3 · p_4)))) + (2*p_1 · p_3*e_3 · p_4*p_3 · e_2*p_2 · p_1*p_2 · p_4*p_3 · p_4)/((p_1 · p_2**2*p_1 · p_3*p_2 · p_3*p_2 · p_4*((p_2 · p_1 + p_3 · p_4)))) + (2*p_1 · e_3*p_3 · p_4*p_3 · p_2*e_2 · p_1*p_2 · p_4*p_2 · p_1)/((p_1 · p_2**2*p_1 · p_3*p_2 · p_3*p_2 · p_4*((p_2 · p_1 + p_3 · p_4)))) + (2*p_1 · e_3*p_3 · p_4*p_3 · p_2*e_2 · p_1*p_2 · p_4*p_3 · p_4)/((p_1 · p_2**2*p_1 · p_3*p_2 · p_3*p_2 · p_4*((p_2 · p_1 + p_3 · p_4)))) - (2*p_1 · e_3*p_3 · p_4*p_3 · e_2*p_2 · p_1*p_2 · p_4*p_2 · p_1)/((p_1 · p_2**2*p_1 · p_3*p_2 · p_3*p_2 · p_4*((p_2 · p_1 + p_3 · p_4)))) - (2*p_1 · e_3*p_3 · p_4*p_3 · e_2*p_2 · p_1*p_2 · p_4*p_3 · p_4)/((p_1 · p_2**2*p_1 · p_3*p_2 · p_3*p_2 · p_4*((p_2 · p_1 + p_3 · p_4))))
2*(p_1 · F_3 · F_2 · p_4)/(p_1 · p_2*p_3 · p_4),(2*p_1 · p_3*e_3 · p_2*e_2 · p_4)/(p_1 · p_2*p_3 · p_4) - (2*p_1 · e_3*p_3 · p_2*e_2 · p_4)/(p_1 · p_2*p_3 · p_4) - (2*p_1 · p_3*e_3 · e_2*p_2 · p_4)/(p_1 · p_2*p_3 · p_4) + (2*p_1 · e_3*p_3 · e_2*p_2 · p_4)/(p_1 · p_2*p_3 · p_4)
-8*(Tr(F_2 · F_3))/(p_3 · p_4),-(8*e_2 · p_3*e_3 · p_2*p_1 · p_2*p_3 · p_1)/((p_3 · p_4*((p_1 · p_2 + p_3 · p_4))*p_3 · p_1)) - (8*e_2 · p_3*e_3 · p_2*p_3 · p_4*p_3 · p_1)/((p_3 · p_4*((p_1 · p_2 + p_3 · p_4))*p_3 · p_1)) + (8*p_2 · p_3*e_3 · e_2*p_1 · p_2*p_3 · p_1)/((p_3 · p_4*((p_1 · p_2 + p_3 · p_4))*p_3 · p_1)) + (8*p_2 · p_3*e_3 · e_2*p_3 · p_4*p_3 · p_1)/((p_3 · p_4*((p_1 · p_2 + p_3 · p_4))*p_3 · p_1)) + (8*e_2 · e_3*p_3 · p_2*p_1 · p_2*p_3 · p_1)/((-((p_1 · p_4 + p_2 · p_4 + p_4 · p_4))*((p_1 · p_2 + p_3 · p_4))*p_3 · p_1)) + (8*e_2 · e_3*p_3 · p_2*p_3 · p_4*p_3 · p_1)/((-((p_1 · p_4 + p_2 · p_4 + p_4 · p_4))*((p_1 · p_2 + p_3 · p_4))*p_3 · p_1)) - (8*p_2 · e_3*p_3 · e_2*p_1 · p_2*p_3 · p_1)/((p_4 · p_3*((p_1 · p_2 + p_3 · p_4))*p_3 · p_1)) - (8*p_2 · e_3*p_3 · e_2*p_3 · p_4*p_3 · p_1)/((p_4 · p_3*((p_1 · p_2 + p_3 · p_4))*p_3 · p_1))
-6*(p_1 · F_3 · F_2 · p_4*p_2 · p_3)/(p_2 · p_3*p_2 · p_4*p_3 · p_4) - 61*(p_4 · F_2 · F_3 · p_1)/(p_1 · p_3*p_2 · p_3),-(6*p_1 · p_3*e_3 · p_2*e_2 · p_4*p_2 · p_3*p_3 · p_2*p_1 · p_2)/((p_2 · p_3*p_2 · p_4*p_3 · p_4*((p_3 · p_2 + p_1 · p_4))*p_1 · p_2)) - (6*p_1 · p_3*e_3 · p_2*e_2 · p_4*p_2 · p_3*p_1 · p_4*p_1 · p_2)/((p_2 · p_3*p_2 · p_4*p_3 · p_4*((p_3 · p_2 + p_1 · p_4))*p_1 · p_2)) + (6*p_1 · e_3*p_3 · p_2*e_2 · p_4*p_2 · p_3*p_3 · p_2*p_1 · p_2)/((p_2 · p_3*p_2 · p_4*p_3 · p_4*((p_3 · p_2 + p_1 · p_4))*p_1 · p_2)) + (6*p_1 · e_3*p_3 · p_2*e_2 · p_4*p_2 · p_3*p_1 · p_4*p_1 · p_2)/((p_2 · p_3*p_2 · p_4*p_3 · p_4*((p_3 · p_2 + p_1 · p_4))*p_1 · p_2)) + (6*p_1 · p_3*e_3 · e_2*p_2 · p_4*p_2 · p_3*p_3 · p_2*p_1 · p_2)/((p_2 · p_3*p_2 · p_4*p_3 · p_4*((p_3 · p_2 + p_1 · p_4))*p_1 · p_2)) + (6*p_1 · p_3*e_3 · e_2*p_2 · p_4*p_2 · p_3*p_1 · p_4*p_1 · p_2)/((p_2 · p_3*p_2 · p_4*p_3 · p_4*((p_3 · p_2 + p_1 · p_4))*p_1 · p_2)) - (6*p_1 · e_3*p_3 · e_2*p_2 · p_4*p_2 · p_3*p_3 · p_2*p_1 · p_2)/((p_2 · p_3*p_2 · p_4*p_3 · p_4*((p_3 · p_2 + p_1 · p_4))*p_1 · p_2)) - (6*p_1 · e_3*p_3 · e_2*p_2 · p_4*p_2 · p_3*p_1 · p_4*p_1 · p_2)/((p_2 · p_3*p_2 · p_4*p_3 · p_4*((p_3 · p_2 + p_1 · p_4))*p_1 · p_2)) - (61*p_4 · p_2*e_2 · p_3*e_3 · p_1*p_3 · p_2*p_1 · p_2)/((p_1 · p_3*p_2 · p_3*((p_3 · p_2 + p_1 · p_4))*p_1 · p_2)) - (61*p_4 · p_2*e_2 · p_3*e_3 · p_1*p_1 · p_4*p_1 · p_2)/((p_1 · p_3*p_2 · p_3*((p_3 · p_2 + p_1 · p_4))*p_1 · p_2)) + (61*p_4 · e_2*p_2 · p_3*e_3 · p_1*p_3 · p_2*p_1 · p_2)/((p_1 · p_3*p_2 · p_3*((p_3 · p_2 + p_1 · p_4))*p_1 · p_2)) + (61*p_4 · e_2*p_2 · p_3*e_3 · p_1*p_1 · p_4*p_1 · p_2)/((p_1 · p_3*p_2 · p_3*((p_3 · p_2 + p_1 · p_4))*p_1 · p_2)) + (61*p_4 · p_2*e_2 · e_3*p_3 · p_1*p_3 · p_2*p_1 · p_2)/((p_1 · p_3*p_2 · p_3*((p_3 · p_2 + p_1 · p_4))*p_1 · p_2)) + (61*p_4 · p_2*e_2 · e_3*p_3 · p_1*p_1 · p_4*p_1 · p_2)/((p_1 · p_3*p_2 · p_3*((p_3 · p_2 + p_1 · p_4))*p_1 · p_2)) - (61*p_4 · e_2*p_2 · e_3*p_3 · p_1*p_3 · p_2*p_1 · p_2)/((p_1 · p_3*p_2 · p_3*((p_3 · p_2 + p_1 · p_4))*p_1 · p_2)) - (61*p_4 · e_2*p_2 · e_3*p_3 · p_1*p_1 · p_4*p_1 · p_2)/((p_1 · p_3*p_2 · p_3*((p_3 · p_2 + p_1 · p_4))*p_1 · p_2))
(p_1 · F_2 · p_4*p_1 · F_3 · p_2)/(p_2 · p_3*(p_2 · p_4)^2) + (p_1 · F_2 · p_3*p_1 · F_3 · p_4)/(p_2 · p_3*(p_3 · p_4)^2), -((e_2 · p_4*e_3 · p_1*p_1 · p_2)/(p_2 · p_4)^2) + (e_2 · p_4*e_3 · p_2*p_1 · p_2*p_1 · p_3)/(p_2 · p_3*(p_2 · p_4)^2) + (e_2 · p_1*e_3 · p_1)/(p_2 · p_4) - (e_2 · p_1*e_3 · p_2*p_1 · p_3)/(p_2 · p_3*p_2 · p_4) - (e_2 · p_1*e_3 · p_4*p_1 · p_3)/(p_3 · p_4)^2 + (e_2 · p_3*e_3 · p_4*p_1 · p_2*p_1 · p_3)/(p_2 · p_3*(p_3 · p_4)^2) + (e_2 · p_1*e_3 · p_1)/(p_3 · p_4) + (e_2 · p_3*e_3 · p_1)/(p_3 · p_4) + (e_2 · p_3*e_3 · p_1*p_2 · p_4)/(p_2 · p_3*p_3 · p_4)
(p_1 · F_2 · p_4*p_2 · F_3 · p_4)/(p_1 · p_2*(p_3 · p_4)^2) + (p_1 · F_3 · p_4*p_3 · F_2 · p_4)/(p_1 · p_3*(p_2 · p_4)^2), (e_2 · p_4*e_3 · p_4*p_2 · p_3)/(p_2 · p_4)^2 + (e_2 · p_3*e_3 · p_1)/(p_2 · p_4) + (e_2 · p_3*e_3 · p_2)/(p_2 · p_4) + (e_2 · p_4*e_3 · p_4*p_2 · p_3)/(p_3 · p_4)^2 - (e_2 · p_1*e_3 · p_4*p_2 · p_3*p_2 · p_4)/(p_1 · p_2*(p_3 · p_4)^2) - (e_2 · p_4*e_3 · p_2)/(p_3 · p_4) + (e_2 · p_1*e_3 · p_2*p_2 · p_4)/(p_1 · p_2*p_3 · p_4) - (e_2 · p_4*e_3 · p_1*p_2 · p_3*p_3 · p_4)/(p_1 · p_3*(p_2 · p_4)^2) + (e_2 · p_3*e_3 · p_1*p_3 · p_4)/(p_1 · p_3*p_2 · p_4)
(p_1 · F_2 · F_3 · p_4)/(p_1 · p_2*p_3 · p_4) + (p_1 · F_3 · F_2 · p_4)/(p_1 · p_3*p_2 · p_4), -2*e_2 · e_3 + (e_2 · p_1*e_3 · p_2)/(p_1 · p_2) + (e_2 · p_3*e_3 · p_1)/(p_1 · p_3) + (e_2 · p_4*e_3 · p_2)/(p_2 · p_4) + (e_2 · e_3*p_1 · p_1)/(p_2 · p_4) + (e_2 · e_3*(p_1 · p_1)^2)/(p_1 · p_3*p_2 · p_4) + (e_2 · e_3*p_1 · p_1*p_1 · p_4)/(p_1 · p_3*p_2 · p_4) - (e_2 · p_4*e_3 · p_1*p_2 · p_3)/(p_1 · p_3*p_2 · p_4) - (e_2 · p_1*e_3 · p_4)/(p_3 · p_4) - (e_2 · p_4*e_3 · p_4)/(p_3 · p_4) - (e_2 · p_1*e_3 · p_4*p_2 · p_3)/(p_1 · p_2*p_3 · p_4) + (e_2 · e_3*p_1 · p_1*p_3 · p_4)/(p_1 · p_3*p_2 · p_4)
(2*p_1 · F_2 · p_3*p_1 · F_3 · p_2)/(p_1 · p_2*p_1 · p_3*p_2 · p_3), (-2*e_2 · p_1*e_3 · p_2)/(p_1 · p_2) + (2*e_2 · p_1*e_3 · p_1)/(p_1 · p_3) + (2*e_2 · p_4*e_3 · p_1)/(p_1 · p_3) + (2*e_2 · p_3*e_3 · p_2)/(p_2 · p_3) - (2*e_2 · p_3*e_3 · p_1*p_2 · p_3)/(p_1 · p_2*p_1 · p_3) - (2*e_2 · p_4*e_3 · p_1*p_2 · p_3)/(p_1 · p_2*p_1 · p_3)
(p_2 · p_3*p_1 · F_2 · F_3 · p_4)/(p_1 · p_2*p_2 · p_4*p_3 · p_4) + (p_2 · p_3*p_1 · F_3 · F_2 · p_4)/(p_1 · p_3*p_2 · p_4*p_3 · p_4), -((e_2 · e_3*p_1 · p_1)/(p_2 · p_4)) - (e_2 · e_3*p_2 · p_3)/(p_2 · p_4) + (e_2 · p_1*e_3 · p_2*p_2 · p_3)/(p_1 · p_2*p_2 · p_4) + (e_2 · e_3*p_1 · p_2)/(p_3 · p_4) - (e_2 · e_3*p_2 · p_3)/(p_3 · p_4) + (e_2 · p_3*e_3 · p_1*p_2 · p_3)/(p_1 · p_3*p_3 · p_4) - (e_2 · e_3*(p_1 · p_1)^2)/(p_2 · p_4*p_3 · p_4) - (e_2 · e_3*p_1 · p_1*p_1 · p_3)/(p_2 · p_4*p_3 · p_4) - (e_2 · e_3*p_1 · p_1*p_1 · p_4)/(p_2 · p_4*p_3 · p_4) + (e_2 · p_4*e_3 · p_2*p_2 · p_3)/(p_2 · p_4*p_3 · p_4) + (e_2 · p_3*e_3 · p_4*p_2 · p_3)/(p_2 · p_4*p_3 · p_4) - (e_2 · e_3*p_1 · p_1*p_1 · p_2*p_2 · p_3)/(p_1 · p_4*p_2 · p_4*p_3 · p_4) - (e_2 · e_3*p_1 · p_1*p_1 · p_3*p_2 · p_3)/(p_1 · p_4*p_2 · p_4*p_3 · p_4) - (e_2 · p_1*e_3 · p_4*(p_2 · p_3)^2)/(p_1 · p_2*p_2 · p_4*p_3 · p_4) - (e_2 · p_4*e_3 · p_1*(p_2 · p_3)^2)/(p_1 · p_3*p_2 · p_4*p_3 · p_4) - (e_2 · e_3*p_1 · p_1*(p_2 · p_3)^2)/(p_1 · p_4*p_2 · p_4*p_3 · p_4) - (e_2 · e_3*p_1 · p_2*p_2 · p_4)/(p_1 · p_3*p_3 · p_4)
(p_1 · F_2 · p_4*p_2 · F_3 · p_4)/(p_2 · p_3*(p_2 · p_4)^2) + (p_1 · F_3 · p_4*p_3 · F_2 · p_4)/(p_2 · p_3*(p_3 · p_4)^2), (e_2 · p_4*e_3 · p_4*p_1 · p_2)/(p_2 · p_4)^2 + (e_2 · e_3*p_1 · p_1*p_2 · p_3)/(p_2 · p_4)^2 - (e_2 · p_1*e_3 · p_4)/(p_2 · p_4) + (e_2 · p_4*e_3 · p_1*p_1 · p_1)/(p_3 · p_4)^2 - (e_2 · e_3*p_1 · p_1*p_1 · p_2)/(p_3 · p_4)^2 - (e_2 · e_3*(p_1 · p_2)^2)/(p_3 · p_4)^2 + (e_2 · p_4*e_3 · p_1*p_1 · p_3)/(p_3 · p_4)^2 + (e_2 · p_4*e_3 · p_4*p_1 · p_3)/(p_3 · p_4)^2 + (e_2 · e_3*p_1 · p_1*p_1 · p_3)/(p_3 · p_4)^2 + (e_2 · p_4*e_3 · p_1*p_1 · p_4)/(p_3 · p_4)^2 - (e_2 · e_3*p_1 · p_2*p_1 · p_4)/(p_3 · p_4)^2 + (e_2 · e_3*p_1 · p_3*p_1 · p_4)/(p_3 · p_4)^2 - (e_2 · e_3*p_1 · p_2*p_2 · p_3)/(p_3 · p_4)^2 - (e_2 · e_3*p_1 · p_2*p_2 · p_4)/(p_3 · p_4)^2 + (e_2 · e_3*p_1 · p_3*p_2 · p_4)/(p_3 · p_4)^2 - (e_2 · p_3*e_3 · p_4*p_1 · p_3*p_2 · p_4)/(p_2 · p_3*(p_3 · p_4)^2) - (e_2 · e_3*p_1 · p_2)/(p_3 · p_4) - (e_2 · e_3*p_1 · p_1*p_1 · p_2*p_2 · p_3)/((p_2 · p_4)^2*p_3 · p_4) + (e_2 · p_3*e_3 · p_1*p_2 · p_4)/(p_2 · p_3*p_3 · p_4) - (e_2 · p_4*e_3 · p_2*p_1 · p_2*p_3 · p_4)/(p_2 · p_3*(p_2 · p_4)^2) + (e_2 · p_1*e_3 · p_2*p_3 · p_4)/(p_2 · p_3*p_2 · p_4)
(2*p_1 · F_2 · F_3 · p_1)/(p_1 · p_2*p_1 · p_3), -2*e_2 · e_3 + (2*e_2 · p_1*e_3 · p_2)/(p_1 · p_2) + (2*e_2 · p_1*e_3 · p_1)/(p_1 · p_3) + (2*e_2 · p_3*e_3 · p_1)/(p_1 · p_3) - (e_2 · p_1*e_3 · p_4*p_1 · p_1)/(p_1 · p_2*p_1 · p_3) - (e_2 · p_1*e_3 · p_4*p_1 · p_4)/(p_1 · p_2*p_1 · p_3) + (2*e_2 · p_1*e_3 · p_1*p_2 · p_4)/(p_1 · p_2*p_1 · p_3) - (e_2 · p_1*e_3 · p_4*p_2 · p_4)/(p_1 · p_2*p_1 · p_3) - (e_2 · p_1*e_3 · p_4*p_3 · p_4)/(p_1 · p_2*p_2 · p_4)
(p_1 · F_2 · p_4*p_1 · F_3 · p_2)/(p_1 · p_2*p_1 · p_3*p_3 · p_4) + (p_1 · F_2 · p_3*p_1 · F_3 · p_4)/(p_1 · p_2*p_1 · p_3*p_2 · p_4), (e_2 · p_3*e_3 · p_4)/(p_2 · p_4) - (e_2 · p_1*e_3 · p_4*p_2 · p_3)/(p_1 · p_2*p_2 · p_4) - (e_2 · p_3*e_3 · p_2*(p_1 · p_1)^2)/(p_1 · p_2*(p_3 · p_4)^2) - (e_2 · p_3*e_3 · p_4*(p_1 · p_1)^2)/(p_1 · p_2*(p_3 · p_4)^2) + (e_2 · p_3*e_3 · p_1*p_1 · p_1*p_1 · p_4)/(p_1 · p_2*(p_3 · p_4)^2) - (e_2 · p_3*e_3 · p_1*p_1 · p_1*p_2 · p_3)/(p_1 · p_2*(p_3 · p_4)^2) - (e_2 · p_4*e_3 · p_1)/(p_3 · p_4) + (e_2 · p_4*e_3 · p_2)/(p_3 · p_4) - (e_2 · p_4*e_3 · p_1*p_1 · p_1)/(p_1 · p_2*p_3 · p_4) - (e_2 · p_4*e_3 · p_1*p_1 · p_4)/(p_1 · p_2*p_3 · p_4) - (e_2 · p_4*e_3 · p_1*p_2 · p_3)/(p_1 · p_3*p_3 · p_4) + (e_2 · p_1*e_3 · p_1*p_2 · p_4)/(p_1 · p_2*p_3 · p_4) + (e_2 · p_3*e_3 · p_1*p_2 · p_4)/(p_1 · p_2*p_3 · p_4) - (e_2 · p_1*e_3 · p_2*p_2 · p_4)/(p_1 · p_2*p_3 · p_4) + (e_2 · p_1*e_3 · p_1*p_2 · p_3*p_2 · p_4)/(p_1 · p_2*p_1 · p_3*p_3 · p_4) - (e_2 · p_3*e_3 · p_1*p_3 · p_4)/(p_1 · p_3*p_2 · p_4) + (e_2 · p_1*e_3 · p_1*p_2 · p_3*p_3 · p_4)/(p_1 · p_2*p_1 · p_3*p_2 · p_4)
(p_1 · F_2 · F_3 · p_1)/(p_1 · p_3*p_2 · p_4) + (p_1 · F_2 · F_3 · p_1)/(p_1 · p_2*p_3 · p_4), (e_2 · p_1*e_3 · p_2)/(p_2 · p_4) - (e_2 · e_3*p_1 · p_2)/(p_2 · p_4) + (e_2 · p_3*e_3 · p_1*p_1 · p_2)/(p_1 · p_3*p_2 · p_4) - (e_2 · p_1*e_3 · p_1*p_2 · p_3)/(p_1 · p_3*p_2 · p_4) - (e_2 · p_1*e_3 · p_1)/(p_3 · p_4) - (e_2 · p_4*e_3 · p_1)/(p_3 · p_4) + (e_2 · e_3*p_1 · p_1)/(p_3 · p_4) + (e_2 · e_3*p_1 · p_2)/(p_3 · p_4) - (e_2 · e_3*p_1 · p_3)/(p_3 · p_4) + (e_2 · p_1*e_3 · p_2*p_1 · p_3)/(p_1 · p_2*p_3 · p_4) + (e_2 · e_3*p_1 · p_4)/(p_3 · p_4) - (e_2 · p_1*e_3 · p_1*p_2 · p_3)/(p_1 · p_2*p_3 · p_4) + (e_2 · e_3*p_1 · p_1*p_1 · p_2)/(p_2 · p_4*p_3 · p_4) + (e_2 · e_3*(p_1 · p_1)^2*p_1 · p_2)/(p_1 · p_4*p_2 · p_4*p_3 · p_4) - (e_2 · e_3*p_1 · p_1*p_1 · p_2*p_2 · p_3)/(p_1 · p_4*p_2 · p_4*p_3 · p_4) + (e_2 · e_3*p_2 · p_4)/(p_3 · p_4)
(p_2 · F_3 · p_4*p_3 · F_2 · p_4)/(p_1 · p_2*p_2 · p_4*p_3 · p_4) + (p_2 · F_3 · p_4*p_3 · F_2 · p_4)/(p_1 · p_3*p_2 · p_4*p_3 · p_4), (e_2 · p_3*e_3 · p_2)/(p_1 · p_2) + (e_2 · p_3*e_3 · p_2)/(p_1 · p_3) - (e_2 · e_3*p_1 · p_2)/(p_1 · p_3) - (e_2 · p_4*e_3 · p_2*p_2 · p_3)/(p_1 · p_2*p_2 · p_4) - (e_2 · p_4*e_3 · p_2*p_2 · p_3)/(p_1 · p_3*p_2 · p_4) - (e_2 · p_3*e_3 · p_4*p_2 · p_3)/(p_1 · p_2*p_3 · p_4) - (e_2 · p_3*e_3 · p_4*p_2 · p_3)/(p_1 · p_3*p_3 · p_4) - (e_2 · e_3*(p_1 · p_1)^2*p_2 · p_3)/((p_1 · p_4)^2*p_3 · p_4) - (e_2 · e_3*p_1 · p_1*p_2 · p_3)/(p_1 · p_4*p_3 · p_4) + (e_2 · e_3*p_1 · p_1*(p_2 · p_3)^2)/((p_1 · p_4)^2*p_3 · p_4) + (e_2 · p_4*e_3 · p_4*(p_2 · p_3)^2)/(p_1 · p_2*p_2 · p_4*p_3 · p_4) + (e_2 · p_4*e_3 · p_4*(p_2 · p_3)^2)/(p_1 · p_3*p_2 · p_4*p_3 · p_4) + (e_2 · e_3*p_3 · p_4)/(p_1 · p_3)
(p_2 · F_3 · F_2 · p_4)/(p_2 · p_3*p_2 · p_4) + (p_3 · F_2 · F_3 · p_4)/(p_2 · p_3*p_3 · p_4), -2*e_2 · e_3 - (2*e_2 · p_3*e_3 · p_1)/(p_2 · p_3) - (2*e_2 · p_3*e_3 · p_4)/(p_2 · p_3)
(p_1 · F_2 · p_4*p_1 · F_3 · p_2)/(p_1 · p_2*p_2 · p_3*p_2 · p_4) + (p_1 · F_2 · p_3*p_1 · F_3 · p_4)/(p_1 · p_3*p_2 · p_3*p_3 · p_4), -((e_2 · p_3*e_3 · p_1)/(p_1 · p_2)) - (e_2 · p_4*e_3 · p_1)/(p_1 · p_2) + (e_2 · p_1*e_3 · p_1)/(p_1 · p_3) - (e_2 · p_3*e_3 · p_1*p_1 · p_2)/(p_1 · p_3*p_2 · p_3) - (e_2 · p_1*e_3 · p_2*p_1 · p_3)/(p_1 · p_2*p_2 · p_3) - (e_2 · p_4*e_3 · p_1)/(p_2 · p_4) + (e_2 · p_4*e_3 · p_2*p_1 · p_3)/(p_2 · p_3*p_2 · p_4) - (e_2 · p_1*e_3 · p_4)/(p_3 · p_4) - (e_2 · p_3*e_3 · p_4*p_1 · p_1)/(p_2 · p_3*p_3 · p_4) - (e_2 · p_3*e_3 · p_4*p_1 · p_3)/(p_2 · p_3*p_3 · p_4) - (e_2 · p_3*e_3 · p_4*p_1 · p_4)/(p_2 · p_3*p_3 · p_4)
(p_1 · F_2 · p_3*p_1 · F_3 · p_2)/((p_1 · p_2)^2*p_2 · p_3) + (p_1 · F_2 · p_3*p_1 · F_3 · p_2)/((p_1 · p_3)^2*p_2 · p_3), (e_2 · p_1*e_3 · p_2*p_1 · p_1)/(p_1 · p_2)^2 - (e_2 · p_3*e_3 · p_1)/(p_1 · p_2) + (e_2 · p_1*e_3 · p_2)/(p_1 · p_2) - (e_2 · p_3*e_3 · p_1*p_1 · p_2)/(p_1 · p_3)^2 - (e_2 · p_1*e_3 · p_2)/(p_1 · p_3) + (e_2 · p_1*e_3 · p_2*p_1 · p_4)/(p_1 · p_2)^2 + (e_2 · p_4*e_3 · p_1*p_1 · p_2)/(p_2 · p_3)^2 - (e_2 · p_3*e_3 · p_2)/(p_2 · p_3) - (e_2 · p_3*e_3 · p_2*p_1 · p_1)/(p_1 · p_3*p_2 · p_3) + (e_2 · p_3*e_3 · p_2*p_1 · p_3)/(p_1 · p_2*p_2 · p_3) - (e_2 · p_3*e_3 · p_2*p_1 · p_4)/(p_1 · p_3*p_2 · p_3) + (e_2 · p_1*e_3 · p_1*p_2 · p_3)/(p_1 · p_2)^2 - (e_2 · p_3*e_3 · p_1*p_2 · p_3)/(p_1 · p_3)^2 - (e_2 · p_4*e_3 · p_1*p_2 · p_3)/(p_1 · p_3)^2 + (e_2 · p_4*e_3 · p_1*p_1 · p_2)/(p_2 · p_3*p_2 · p_4) + (e_2 · p_4*e_3 · p_1*p_1 · p_2*p_3 · p_4)/((p_2 · p_3)^2*p_2 · p_4)
(p_2 · F_3 · F_2 · p_4)/(p_2 · p_3*p_2 · p_4) + (p_3 · F_2 · F_3 · p_4)/(p_2 · p_3*p_3 · p_4), -2*e_2 · e_3 - (e_2 · p_1*e_3 · p_1)/(p_1 · p_4) - (e_2 · p_1*e_3 · p_2)/(p_1 · p_4) + (2*e_2 · p_3*e_3 · p_2)/(p_2 · p_3) - (e_2 · p_1*e_3 · p_4)/(p_2 · p_3) - (e_2 · p_1*e_3 · p_4*p_1 · p_1)/(p_1 · p_4*p_2 · p_3)
(p_1 · F_2 · p_4*p_1 · F_3 · p_2)/(p_2 · p_3*p_2 · p_4*p_3 · p_4) + (p_1 · F_2 · p_3*p_1 · F_3 · p_4)/(p_2 · p_3*p_2 · p_4*p_3 · p_4), -((e_2 · p_3*e_3 · p_2*(p_1 · p_1)^2)/(p_2 · p_3)^3) + (e_2 · e_3*(p_1 · p_1)^3)/(p_1 · p_3*(p_2 · p_3)^2) + (e_2 · p_1*e_3 · p_1)/(p_2 · p_4) + (e_2 · e_3*(p_1 · p_1)^3)/((p_2 · p_3)^2*p_2 · p_4) - (e_2 · p_3*e_3 · p_2*p_1 · p_1*p_1 · p_2)/((p_2 · p_3)^2*p_2 · p_4) + (e_2 · e_3*(p_1 · p_1)^4)/(p_1 · p_3*(p_2 · p_3)^2*p_2 · p_4) + (e_2 · e_3*(p_1 · p_1)^3*p_1 · p_2)/(p_1 · p_3*(p_2 · p_3)^2*p_2 · p_4) - (e_2 · p_3*e_3 · p_2*p_1 · p_1*p_1 · p_3)/((p_2 · p_3)^2*p_2 · p_4) + (e_2 · e_3*(p_1 · p_1)^3*p_1 · p_4)/(p_1 · p_3*(p_2 · p_3)^2*p_2 · p_4) - (e_2 · p_3*e_3 · p_2*p_1 · p_1)/(p_2 · p_3*p_2 · p_4) + (e_2 · p_1*e_3 · p_1*p_1 · p_2)/(p_2 · p_3*p_2 · p_4) + (e_2 · p_4*e_3 · p_1*p_1 · p_2)/(p_2 · p_3*p_2 · p_4) + (e_2 · e_3*(p_1 · p_1)^3)/(p_1 · p_3*p_2 · p_3*p_2 · p_4) + (e_2 · p_3*e_3 · p_2*(p_1 · p_1)^2*p_2 · p_4)/(p_1 · p_3*(p_2 · p_3)^3) + (e_2 · p_1*e_3 · p_1)/(p_3 · p_4) - (e_2 · p_1*e_3 · p_2*p_1 · p_3)/(p_2 · p_3*p_3 · p_4) - (e_2 · p_4*e_3 · p_1*p_1 · p_2)/(p_2 · p_4*p_3 · p_4) - (e_2 · p_1*e_3 · p_4*p_1 · p_3)/(p_2 · p_4*p_3 · p_4) + (e_2 · p_4*e_3 · p_2*p_1 · p_2*p_1 · p_3)/(p_2 · p_3*p_2 · p_4*p_3 · p_4) + (e_2 · p_3*e_3 · p_4*p_1 · p_2*p_1 · p_3)/(p_2 · p_3*p_2 · p_4*p_3 · p_4) + (e_2 · e_3*(p_1 · p_1)^3*p_3 · p_4)/(p_1 · p_3*(p_2 · p_3)^2*p_2 · p_4)
(p_1 · F_2 · p_4*p_1 · F_3 · p_2)/(p_1 · p_2*p_1 · p_3*p_3 · p_4) + (p_1 · F_2 · p_3*p_1 · F_3 · p_4)/(p_1 · p_2*p_1 · p_3*p_2 · p_4), (e_2 · p_3*e_3 · p_4)/(p_2 · p_4) + (e_2 · p_1*e_3 · p_4*p_1 · p_3)/(p_1 · p_2*p_2 · p_4) + (e_2 · p_4*e_3 · p_2)/(p_3 · p_4) + (e_2 · e_3*(p_1 · p_1)^2*p_1 · p_3)/((p_1 · p_2)^2*p_3 · p_4) + (e_2 · e_3*p_1 · p_1*p_1 · p_3*p_1 · p_4)/((p_1 · p_2)^2*p_3 · p_4) - (e_2 · p_4*e_3 · p_1*p_2 · p_3)/(p_1 · p_3*p_3 · p_4) - (e_2 · e_3*p_1 · p_1*p_1 · p_3*p_2 · p_3)/((p_1 · p_2)^2*p_3 · p_4) - (e_2 · p_1*e_3 · p_2*p_2 · p_4)/(p_1 · p_2*p_3 · p_4) + (e_2 · p_1*e_3 · p_1*p_2 · p_3*p_2 · p_4)/(p_1 · p_2*p_1 · p_3*p_3 · p_4) + (e_2 · p_1*e_3 · p_4*p_3 · p_4)/(p_1 · p_2*p_2 · p_4) - (e_2 · p_3*e_3 · p_1*p_3 · p_4)/(p_1 · p_3*p_2 · p_4) + (e_2 · p_1*e_3 · p_1*p_2 · p_3*p_3 · p_4)/(p_1 · p_2*p_1 · p_3*p_2 · p_4)
(p_1 · F_2 · p_4*p_1 · F_3 · p_4)/((p_1 · p_3)^2*p_2 · p_4) + (p_1 · F_2 · p_4*p_1 · F_3 · p_4)/((p_1 · p_2)^2*p_3 · p_4), -((e_2 · p_1*e_3 · p_1)/(p_1 · p_2)) - (e_2 · p_4*e_3 · p_1)/(p_1 · p_2) - (e_2 · p_1*e_3 · p_4)/(p_1 · p_3) - (e_2 · p_1*e_3 · p_1*p_2 · p_3)/(p_1 · p_2)^2 + (e_2 · p_4*e_3 · p_4*p_1 · p_2)/(p_1 · p_3*p_2 · p_4) + (e_2 · p_1*e_3 · p_4*p_1 · p_3)/(p_1 · p_2*p_3 · p_4) + (e_2 · p_4*e_3 · p_4*p_1 · p_3)/(p_1 · p_2*p_3 · p_4) + (e_2 · p_1*e_3 · p_4*p_1 · p_3*p_2 · p_3)/((p_1 · p_2)^2*p_3 · p_4) + (e_2 · p_1*e_3 · p_1*p_3 · p_4)/(p_1 · p_3)^2 - (e_2 · p_4*e_3 · p_1*p_1 · p_2*p_3 · p_4)/((p_1 · p_3)^2*p_2 · p_4)
(p_1 · F_2 · F_3 · p_2)/(p_1 · p_2*p_2 · p_3) + (p_1 · F_3 · F_2 · p_3)/(p_1 · p_3*p_2 · p_3), -2*e_2 · e_3 + (2*e_2 · p_3*e_3 · p_2)/(p_2 · p_3)
(p_1 · F_2 · p_3*p_1 · F_3 · p_2)/(p_1 · p_2*(p_1 · p_3)^2) + (p_1 · F_2 · p_3*p_1 · F_3 · p_2)/((p_1 · p_2)^2*p_1 · p_3), (e_2 · e_3*(p_1 · p_1)^2)/(p_1 · p_2)^2 + (e_2 · p_3*e_3 · p_2)/(p_1 · p_2) + (2*e_2 · e_3*p_1 · p_1)/(p_1 · p_2) + (e_2 · p_3*e_3 · p_2)/(p_1 · p_3) - (e_2 · p_3*e_3 · p_1*(p_1 · p_1)^2)/((p_1 · p_2)^2*p_1 · p_3) + (e_2 · e_3*(p_1 · p_1)^2)/(p_1 · p_2*p_1 · p_3) + (e_2 · e_3*p_1 · p_1*p_1 · p_4)/(p_1 · p_2)^2 + (e_2 · e_3*p_1 · p_1*p_1 · p_4)/(p_1 · p_2*p_1 · p_3) - (e_2 · p_1*e_3 · p_2*p_2 · p_3)/(p_1 · p_2)^2 - (e_2 · e_3*p_1 · p_1*p_2 · p_3)/(p_1 · p_2)^2 - (e_2 · p_3*e_3 · p_1*p_2 · p_3)/(p_1 · p_3)^2 - (e_2 · p_3*e_3 · p_1*p_2 · p_3)/(p_1 · p_2*p_1 · p_3) - (e_2 · p_1*e_3 · p_2*p_2 · p_3)/(p_1 · p_2*p_1 · p_3) + (e_2 · p_1*e_3 · p_1*(p_2 · p_3)^2)/(p_1 · p_2*(p_1 · p_3)^2) + (e_2 · p_1*e_3 · p_1*(p_2 · p_3)^2)/((p_1 · p_2)^2*p_1 · p_3) + (e_2 · e_3*p_1 · p_1*p_2 · p_3)/(p_1 · p_2*p_2 · p_4) + (e_2 · p_3*e_3 · p_1*(p_1 · p_1)^2*p_2 · p_4)/((p_1 · p_2)^2*(p_1 · p_3)^2) + (e_2 · e_3*p_1 · p_1*p_3 · p_4)/(p_1 · p_2*p_1 · p_3) + (e_2 · e_3*p_1 · p_1*p_3 · p_4)/(p_1 · p_2*p_2 · p_4)
(p_1 · F_2 · p_4*p_2 · F_3 · p_4)/(p_1 · p_2*p_2 · p_3*p_2 · p_4) + (p_1 · F_3 · p_4*p_3 · F_2 · p_4)/(p_1 · p_3*p_2 · p_3*p_3 · p_4), -((e_2 · p_1*e_3 · p_4)/(p_1 · p_2)) - (e_2 · p_4*e_3 · p_1)/(p_1 · p_3) - (e_2 · e_3*(p_1 · p_1)^2)/(p_1 · p_3*p_2 · p_3) - (e_2 · e_3*p_1 · p_1*p_1 · p_2)/(p_1 · p_3*p_2 · p_3) - (e_2 · e_3*p_1 · p_1*p_1 · p_4)/(p_1 · p_3*p_2 · p_3) + (e_2 · p_4*e_3 · p_4)/(p_2 · p_4) + (e_2 · p_3*e_3 · p_1*p_2 · p_4)/(p_1 · p_3*p_2 · p_3) - (e_2 · e_3*p_1 · p_1*p_2 · p_4)/(p_1 · p_3*p_2 · p_3) + (e_2 · p_4*e_3 · p_4)/(p_3 · p_4) - (e_2 · p_3*e_3 · p_4*p_2 · p_4)/(p_2 · p_3*p_3 · p_4) + (e_2 · p_1*e_3 · p_2*p_3 · p_4)/(p_1 · p_2*p_2 · p_3) - (e_2 · p_4*e_3 · p_2*p_3 · p_4)/(p_2 · p_3*p_2 · p_4)
(p_1 · F_2 · p_3*p_2 · F_3 · p_4)/(p_2 · p_3*p_2 · p_4*p_3 · p_4) + (p_1 · F_3 · p_2*p_3 · F_2 · p_4)/(p_2 · p_3*p_2 · p_4*p_3 · p_4), (e_2 · p_1*e_3 · p_2)/(p_2 · p_4) - (e_2 · p_3*e_3 · p_2*p_1 · p_2)/(p_2 · p_3*p_2 · p_4) + (e_2 · p_3*e_3 · p_1)/(p_3 · p_4) - (e_2 · p_3*e_3 · p_2*p_1 · p_3)/(p_2 · p_3*p_3 · p_4) + (e_2 · p_3*e_3 · p_4*p_1 · p_2)/(p_2 · p_4*p_3 · p_4) - (e_2 · p_4*e_3 · p_1*p_1 · p_3)/(p_2 · p_4*p_3 · p_4) - (e_2 · p_4*e_3 · p_4*p_1 · p_3)/(p_2 · p_4*p_3 · p_4) - (e_2 · p_4*e_3 · p_1*p_2 · p_3)/(p_2 · p_4*p_3 · p_4) - (e_2 · p_1*e_3 · p_4*p_2 · p_3)/(p_2 · p_4*p_3 · p_4)
(p_1 · F_2 · p_3*p_2 · F_3 · p_4)/(p_1 · p_2*p_1 · p_3*p_3 · p_4) + (p_1 · F_3 · p_2*p_3 · F_2 · p_4)/(p_1 · p_2*p_1 · p_3*p_2 · p_4), -((e_2 · p_3*e_3 · p_2)/(p_1 · p_2)) - (e_2 · p_4*e_3 · p_2)/(p_1 · p_2) - (2*e_2 · p_1*e_3 · p_4)/(p_1 · p_2) - (e_2 · p_3*e_3 · p_2)/(p_1 · p_3) + (e_2 · p_3*e_3 · p_1*p_2 · p_3)/(p_1 · p_2*p_1 · p_3) + (e_2 · p_1*e_3 · p_2*p_2 · p_3)/(p_1 · p_2*p_1 · p_3) - (e_2 · p_4*e_3 · p_2)/(p_2 · p_4) + (e_2 · e_3*p_1 · p_1)/(p_2 · p_4) - (e_2 · p_4*e_3 · p_1*(p_2 · p_3)^2)/(p_1 · p_2*p_1 · p_3*p_2 · p_4) - (e_2 · p_1*e_3 · p_4*p_1 · p_3)/(p_1 · p_2*p_3 · p_4) - (e_2 · p_3*e_3 · p_1*p_2 · p_3)/(p_1 · p_3*p_3 · p_4) - (e_2 · p_3*e_3 · p_2*p_2 · p_3)/(p_1 · p_3*p_3 · p_4) - (e_2 · p_1*e_3 · p_4*p_3 · p_4)/(p_1 · p_2*p_1 · p_3) - (e_2 · e_3*p_1 · p_1*p_3 · p_4)/(p_1 · p_2*p_2 · p_4)
(p_2 · F_3 · F_2 · p_3)/(p_1 · p_2*p_2 · p_3) + (p_2 · F_3 · F_2 · p_3)/(p_1 · p_3*p_2 · p_3), (e_2 · p_3*e_3 · p_2)/(p_1 · p_2) + (e_2 · p_4*e_3 · p_1)/(p_1 · p_3) - (e_2 · p_1*e_3 · p_2)/(p_1 · p_3) + (e_2 · p_4*e_3 · p_4)/(p_1 · p_3) - (e_2 · e_3*p_2 · p_3)/(p_1 · p_2) - (e_2 · e_3*p_2 · p_3)/(p_1 · p_3)
(p_2 · F_3 · p_4*p_3 · F_2 · p_4)/(p_2 · p_4*(p_3 · p_4)^2) + (p_2 · F_3 · p_4*p_3 · F_2 · p_4)/((p_2 · p_4)^2*p_3 · p_4), (e_2 · p_3*e_3 · p_1*p_1 · p_3)/(p_2 · p_4)^2 - (e_2 · p_1*e_3 · p_1*p_2 · p_3)/(p_2 · p_4)^2 - (e_2 · p_3*e_3 · p_1*p_2 · p_3)/(p_2 · p_4)^2 + (e_2 · p_4*e_3 · p_4*p_2 · p_3)/(p_2 · p_4)^2 - (e_2 · p_3*e_3 · p_1)/(p_2 · p_4) + (e_2 · p_3*e_3 · p_2)/(p_2 · p_4) - (e_2 · p_3*e_3 · p_4*p_2 · p_3)/(p_3 · p_4)^2 + (e_2 · p_4*e_3 · p_4*(p_2 · p_3)^2)/(p_2 · p_4*(p_3 · p_4)^2) + (e_2 · p_3*e_3 · p_2)/(p_3 · p_4) + (e_2 · p_4*e_3 · p_4*(p_2 · p_3)^2)/((p_2 · p_4)^2*p_3 · p_4) - (e_2 · p_4*e_3 · p_2*p_2 · p_3)/(p_2 · p_4*p_3 · p_4) - (e_2 · p_3*e_3 · p_4*p_2 · p_3)/(p_2 · p_4*p_3 · p_4)
(p_1 · F_2 · p_3*p_2 · F_3 · p_4)/(p_1 · p_3*p_2 · p_3*p_3 · p_4) + (p_1 · F_3 · p_2*p_3 · F_2 · p_4)/(p_1 · p_2*p_2 · p_3*p_2 · p_4), (e_2 · p_3*e_3 · p_1)/(p_1 · p_2) + (e_2 · p_1*e_3 · p_2)/(p_1 · p_3) + (e_2 · p_1*e_3 · p_4)/(p_1 · p_3) - (e_2 · e_3*p_1 · p_1*p_1 · p_4)/(p_1 · p_2)^2 - (e_2 · p_3*e_3 · p_2*p_1 · p_2)/(p_1 · p_3*p_2 · p_3) - (e_2 · p_3*e_3 · p_2*p_1 · p_3)/(p_1 · p_2*p_2 · p_3) + (e_2 · p_4*e_3 · p_2*p_1 · p_3)/(p_1 · p_2*p_2 · p_4) - (e_2 · e_3*(p_1 · p_1)^2*p_1 · p_4)/((p_1 · p_2)^2*p_2 · p_4) - (e_2 · e_3*p_1 · p_1*p_1 · p_4)/(p_1 · p_2*p_2 · p_4) - (e_2 · e_3*p_1 · p_1*p_1 · p_3*p_1 · p_4)/((p_1 · p_2)^2*p_2 · p_4) - (e_2 · e_3*p_1 · p_1*(p_1 · p_4)^2)/((p_1 · p_2)^2*p_2 · p_4) - (e_2 · p_4*e_3 · p_1*p_2 · p_3)/(p_1 · p_2*p_2 · p_4) - (e_2 · e_3*p_1 · p_1*p_1 · p_4*p_2 · p_3)/((p_1 · p_2)^2*p_2 · p_4) + (e_2 · p_1*e_3 · p_4)/(p_3 · p_4) + (e_2 · p_3*e_3 · p_4*p_1 · p_2)/(p_1 · p_3*p_3 · p_4) - (e_2 · e_3*p_1 · p_1*p_1 · p_4*p_3 · p_4)/((p_1 · p_2)^2*p_2 · p_4)
(p_1 · F_2 · p_4*p_2 · F_3 · p_4)/(p_1 · p_3*p_2 · p_3*p_2 · p_4) + (p_1 · F_3 · p_4*p_3 · F_2 · p_4)/(p_1 · p_2*p_2 · p_3*p_3 · p_4), -((e_2 · p_4*e_3 · p_1)/(p_1 · p_2)) - (e_2 · p_1*e_3 · p_4)/(p_1 · p_3) - (e_2 · e_3*(p_1 · p_1)^3)/(p_1 · p_3*(p_2 · p_3)^2) + (e_2 · p_4*e_3 · p_4*p_1 · p_2)/(p_1 · p_3*p_2 · p_4) + (e_2 · e_3*(p_1 · p_1)^3)/((p_2 · p_3)^2*p_2 · p_4) + (e_2 · p_3*e_3 · p_1*p_2 · p_4)/(p_1 · p_2*p_2 · p_3) + (e_2 · p_4*e_3 · p_4*p_1 · p_3)/(p_1 · p_2*p_3 · p_4) - (e_2 · p_3*e_3 · p_4*p_1 · p_3*p_2 · p_4)/(p_1 · p_2*p_2 · p_3*p_3 · p_4) + (e_2 · e_3*p_1 · p_1*p_3 · p_4)/(p_2 · p_3)^2 + (e_2 · e_3*p_1 · p_1*p_1 · p_3*p_3 · p_4)/(p_1 · p_2*(p_2 · p_3)^2) + (e_2 · e_3*p_1 · p_1*p_3 · p_4)/(p_1 · p_2*p_2 · p_3) + (e_2 · p_1*e_3 · p_2*p_3 · p_4)/(p_1 · p_3*p_2 · p_3) - (e_2 · p_4*e_3 · p_2*p_1 · p_2*p_3 · p_4)/(p_1 · p_3*p_2 · p_3*p_2 · p_4)
(p_1 · F_2 · F_3 · p_2)/(p_1 · p_2*p_2 · p_3) + (p_1 · F_3 · F_2 · p_3)/(p_1 · p_3*p_2 · p_3), -2*e_2 · e_3 + (2*e_2 · p_3*e_3 · p_2)/(p_2 · p_3)
(p_1 · F_2 · p_3*p_2 · F_3 · p_4)/(p_1 · p_2*p_2 · p_4*p_3 · p_4) + (p_1 · F_3 · p_2*p_3 · F_2 · p_4)/(p_1 · p_3*p_2 · p_4*p_3 · p_4), -((e_2 · p_3*e_3 · p_2)/(p_2 · p_4)) + (e_2 · p_1*e_3 · p_2*p_2 · p_3)/(p_1 · p_2*p_2 · p_4) - (e_2 · p_3*e_3 · p_2)/(p_3 · p_4) + (e_2 · p_1*e_3 · p_2*(p_1 · p_1)^2*p_1 · p_2)/(p_1 · p_3*(p_2 · p_3)^2*p_3 · p_4) + (e_2 · p_1*e_3 · p_2*p_1 · p_1*p_1 · p_2*p_1 · p_4)/(p_1 · p_3*(p_2 · p_3)^2*p_3 · p_4) - (e_2 · p_1*e_3 · p_2*p_1 · p_1*p_1 · p_2)/(p_1 · p_3*p_2 · p_3*p_3 · p_4) + (e_2 · p_3*e_3 · p_1*p_2 · p_3)/(p_1 · p_3*p_3 · p_4) + (e_2 · p_4*e_3 · p_2*p_2 · p_3)/(p_2 · p_4*p_3 · p_4) + (e_2 · p_3*e_3 · p_4*p_2 · p_3)/(p_2 · p_4*p_3 · p_4) - (e_2 · p_1*e_3 · p_4*(p_2 · p_3)^2)/(p_1 · p_2*p_2 · p_4*p_3 · p_4) - (e_2 · p_4*e_3 · p_1*(p_2 · p_3)^2)/(p_1 · p_3*p_2 · p_4*p_3 · p_4)
(p_1 · F_2 · p_4*p_2 · F_3 · p_4)/((p_1 · p_2)^2*p_2 · p_3) + (p_1 · F_3 · p_4*p_3 · F_2 · p_4)/((p_1 · p_3)^2*p_2 · p_3), (e_2 · e_3*(p_1 · p_1)^2)/(p_1 · p_2)^2 - (e_2 · p_4*e_3 · p_1)/(p_1 · p_2) - (e_2 · p_4*e_3 · p_2)/(p_1 · p_2) + (e_2 · p_4*e_3 · p_4)/(p_1 · p_3) + (e_2 · e_3*(p_1 · p_1)^3)/((p_1 · p_2)^2*p_2 · p_3) + (e_2 · e_3*(p_1 · p_1)^2)/(p_1 · p_2*p_2 · p_3) + (e_2 · e_3*(p_1 · p_1)^2*p_1 · p_3)/((p_1 · p_2)^2*p_2 · p_3) + (e_2 · e_3*(p_1 · p_1)^2*p_1 · p_4)/((p_1 · p_2)^2*p_2 · p_3) - (e_2 · p_1*e_3 · p_4*p_2 · p_4)/(p_1 · p_2)^2 + (e_2 · e_3*(p_1 · p_1)^2*p_2 · p_4)/((p_1 · p_2)^2*p_2 · p_3) - (e_2 · p_3*e_3 · p_4*p_2 · p_4)/(p_1 · p_3*p_2 · p_3) - (e_2 · p_4*e_3 · p_1*p_3 · p_4)/(p_1 · p_3)^2 + (e_2 · e_3*(p_1 · p_1)^2*p_3 · p_4)/((p_1 · p_2)^2*p_2 · p_3) - (e_2 · p_4*e_3 · p_2*p_3 · p_4)/(p_1 · p_2*p_2 · p_3) + (e_2 · p_1*e_3 · p_2*p_2 · p_4*p_3 · p_4)/((p_1 · p_2)^2*p_2 · p_3) + (e_2 · p_3*e_3 · p_1*p_2 · p_4*p_3 · p_4)/((p_1 · p_3)^2*p_2 · p_3)
(p_1 · F_2 · p_3*p_1 · F_3 · p_2)/(p_1 · p_2*p_2 · p_3*p_2 · p_4) + (p_1 · F_2 · p_3*p_1 · F_3 · p_2)/(p_1 · p_3*p_2 · p_3*p_3 · p_4), -((e_2 · p_3*e_3 · p_1)/(p_2 · p_4)) - (e_2 · p_1*e_3 · p_2*p_1 · p_3)/(p_1 · p_2*p_2 · p_4) + (e_2 · p_3*e_3 · p_2*p_1 · p_3)/(p_2 · p_3*p_2 · p_4) + (e_2 · p_1*e_3 · p_1*p_2 · p_3)/(p_1 · p_2*p_2 · p_4) - (e_2 · p_1*e_3 · p_2)/(p_3 · p_4) - (e_2 · p_3*e_3 · p_1*p_1 · p_2)/(p_1 · p_3*p_3 · p_4) + (e_2 · p_3*e_3 · p_2*p_1 · p_2)/(p_2 · p_3*p_3 · p_4) - (e_2 · e_3*(p_1 · p_1)^3)/(p_1 · p_4*p_2 · p_3*p_3 · p_4) + (e_2 · p_1*e_3 · p_1*p_2 · p_3)/(p_1 · p_3*p_3 · p_4) + (e_2 · e_3*(p_1 · p_1)^3*p_1 · p_3)/(p_1 · p_4*p_2 · p_3*p_2 · p_4*p_3 · p_4)
(p_1 · p_3*p_1 · F_2 · F_3 · p_4)/(p_1 · p_2*(p_3 · p_4)^2) + (p_1 · p_2*p_1 · F_3 · F_2 · p_4)/(p_1 · p_3*(p_2 · p_4)^2), (e_2 · p_4*e_3 · p_2*p_1 · p_2)/(p_2 · p_4)^2 - (e_2 · p_4*e_3 · p_1*p_1 · p_2*p_2 · p_3)/(p_1 · p_3*(p_2 · p_4)^2) - (e_2 · e_3*p_1 · p_2)/(p_2 · p_4) - (e_2 · e_3*(p_1 · p_1)^2)/(p_1 · p_3*p_2 · p_4) + (e_2 · p_3*e_3 · p_1*p_1 · p_2)/(p_1 · p_3*p_2 · p_4) + (e_2 · p_3*e_3 · p_4*p_1 · p_3)/(p_3 · p_4)^2 - (e_2 · p_1*e_3 · p_4*p_1 · p_3*p_2 · p_3)/(p_1 · p_2*(p_3 · p_4)^2) - (e_2 · e_3*(p_1 · p_1)^2)/(p_1 · p_3*p_3 · p_4) - (e_2 · e_3*p_1 · p_3)/(p_3 · p_4) + (e_2 · p_1*e_3 · p_2*p_1 · p_3)/(p_1 · p_2*p_3 · p_4) - (e_2 · e_3*(p_1 · p_1)^2)/(p_2 · p_4*p_3 · p_4) - (e_2 · e_3*(p_1 · p_1)^3)/(p_1 · p_3*p_2 · p_4*p_3 · p_4) - (e_2 · e_3*(p_1 · p_1)^2*p_1 · p_2)/(p_1 · p_3*p_2 · p_4*p_3 · p_4) - (e_2 · e_3*(p_1 · p_1)^2*p_1 · p_4)/(p_1 · p_3*p_2 · p_4*p_3 · p_4) - (e_2 · e_3*(p_1 · p_1)^2*p_2 · p_3)/(p_1 · p_3*p_2 · p_4*p_3 · p_4)
(p_1 · p_3*p_1 · F_2 · F_3 · p_4)/((p_1 · p_2)^2*p_3 · p_4) + (p_1 · p_2*p_1 · F_3 · F_2 · p_4)/((p_1 · p_3)^2*p_2 · p_4), (-6*e_2 · e_3*p_1 · p_1)/(p_1 · p_2) + (e_2 · p_3*e_3 · p_1*p_1 · p_2)/(p_1 · p_3)^2 - (e_2 · e_3*p_1 · p_2)/(p_1 · p_3) + (e_2 · p_1*e_3 · p_2*p_1 · p_3)/(p_1 · p_2)^2 - (e_2 · e_3*p_1 · p_3)/(p_1 · p_2) - (3*e_2 · e_3*(p_1 · p_1)^2)/(p_1 · p_2*p_2 · p_4) + (e_2 · p_4*e_3 · p_2*p_1 · p_2)/(p_1 · p_3*p_2 · p_4) + (e_2 · p_1*e_3 · p_1*p_1 · p_2*p_2 · p_3)/((p_1 · p_3)^2*p_2 · p_4) + (e_2 · p_3*e_3 · p_1*p_1 · p_2*p_2 · p_3)/((p_1 · p_3)^2*p_2 · p_4) - (3*e_2 · e_3*p_2 · p_4)/(p_1 · p_2) - (3*e_2 · e_3*(p_1 · p_1)^2)/(p_1 · p_2*p_3 · p_4) + (e_2 · p_3*e_3 · p_4*p_1 · p_3)/(p_1 · p_2*p_3 · p_4) + (e_2 · e_3*(p_1 · p_4)^2)/(p_1 · p_2*p_3 · p_4) - (e_2 · p_1*e_3 · p_4*p_1 · p_3*p_2 · p_3)/((p_1 · p_2)^2*p_3 · p_4) - (e_2 · e_3*(p_1 · p_1)^3)/(p_1 · p_2*p_2 · p_4*p_3 · p_4) + (e_2 · e_3*(p_1 · p_4)^2)/(p_2 · p_4*p_3 · p_4) + (e_2 · e_3*p_1 · p_1*(p_1 · p_4)^2)/(p_1 · p_2*p_2 · p_4*p_3 · p_4) - (3*e_2 · e_3*p_1 · p_1*p_2 · p_4)/(p_1 · p_2*p_3 · p_4) - (e_2 · e_3*(p_2 · p_4)^2)/(p_1 · p_2*p_3 · p_4) - (3*e_2 · e_3*p_3 · p_4)/(p_1 · p_2) - (3*e_2 · e_3*p_1 · p_1*p_3 · p_4)/(p_1 · p_2*p_2 · p_4) - (e_2 · e_3*(p_3 · p_4)^2)/(p_1 · p_2*p_2 · p_4)
(2*p_2 · F_3 · p_4*p_3 · F_2 · p_4)/(p_2 · p_3*p_2 · p_4*p_3 · p_4), -((e_2 · p_1*e_3 · p_1)/(p_2 · p_3)) - (2*e_2 · p_3*e_3 · p_1)/(p_2 · p_3) - (2*e_2 · p_3*e_3 · p_4)/(p_2 · p_3) - (2*e_2 · p_4*e_3 · p_2)/(p_2 · p_4) + (e_2 · p_1*e_3 · p_1*p_1 · p_3)/(p_2 · p_3*p_2 · p_4) + (2*e_2 · p_1*e_3 · p_4)/(p_3 · p_4) + (2*e_2 · p_4*e_3 · p_4)/(p_3 · p_4) + (e_2 · p_4*e_3 · p_1*p_1 · p_1)/(p_2 · p_4*p_3 · p_4) + (e_2 · p_4*e_3 · p_1*p_1 · p_4)/(p_2 · p_4*p_3 · p_4) - (e_2 · p_4*e_3 · p_1*p_2 · p_3)/(p_2 · p_4*p_3 · p_4) + (2*e_2 · p_4*e_3 · p_4*p_2 · p_3)/(p_2 · p_4*p_3 · p_4)
(p_2 · F_3 · F_2 · p_3)/((p_2 · p_3)^2*p_2 · p_4) + (p_2 · F_3 · F_2 · p_3)/((p_2 · p_3)^2*p_3 · p_4), -((e_2 · e_3)/(p_2 · p_4)) + (e_2 · p_3*e_3 · p_2)/(p_2 · p_3*p_2 · p_4) - (e_2 · e_3)/(p_3 · p_4) - (e_2 · p_3*e_3 · p_1)/(p_2 · p_3*p_3 · p_4) - (e_2 · p_4*e_3 · p_1)/(p_2 · p_3*p_3 · p_4) - (e_2 · p_4*e_3 · p_2)/(p_2 · p_3*p_3 · p_4) + (e_2 · p_1*e_3 · p_4)/(p_2 · p_3*p_3 · p_4)
(p_1 · F_2 · p_4*p_1 · F_3 · p_2)/(p_1 · p_2*p_1 · p_3*p_3 · p_4) + (p_1 · F_2 · p_3*p_1 · F_3 · p_4)/(p_1 · p_2*p_1 · p_3*p_2 · p_4), (e_2 · p_3*e_3 · p_4)/(p_2 · p_4) + (e_2 · p_1*e_3 · p_4*p_1 · p_3)/(p_1 · p_2*p_2 · p_4) + (e_2 · p_4*e_3 · p_2)/(p_3 · p_4) - (e_2 · p_4*e_3 · p_1*p_2 · p_3)/(p_1 · p_3*p_3 · p_4) - (e_2 · p_1*e_3 · p_2*p_2 · p_4)/(p_1 · p_2*p_3 · p_4) + (e_2 · p_1*e_3 · p_1*p_2 · p_3*p_2 · p_4)/(p_1 · p_2*p_1 · p_3*p_3 · p_4) + (e_2 · p_1*e_3 · p_4*p_3 · p_4)/(p_1 · p_2*p_2 · p_4) - (e_2 · p_3*e_3 · p_1*p_3 · p_4)/(p_1 · p_3*p_2 · p_4) + (e_2 · p_1*e_3 · p_1*p_2 · p_3*p_3 · p_4)/(p_1 · p_2*p_1 · p_3*p_2 · p_4)
(p_1 · F_2 · p_3*p_2 · F_3 · p_4)/((p_1 · p_2)^2*p_3 · p_4) + (p_1 · F_3 · p_2*p_3 · F_2 · p_4)/((p_1 · p_3)^2*p_2 · p_4), -((e_2 · p_3*e_3 · p_2)/(p_1 · p_2)) + (e_2 · p_1*e_3 · p_2)/(p_1 · p_3) + (e_2 · p_4*e_3 · p_2)/(p_1 · p_3) - (e_2 · p_1*e_3 · p_2*p_1 · p_3)/(p_1 · p_2)^2 + (e_2 · p_3*e_3 · p_1*p_2 · p_3)/(p_1 · p_3)^2 + (e_2 · e_3*(p_1 · p_1)^2*(p_1 · p_2)^2)/((p_1 · p_3)^2*(p_2 · p_4)^2) + (e_2 · e_3*(p_1 · p_1)^2*(p_1 · p_2)^3)/((p_1 · p_3)^2*p_2 · p_3*(p_2 · p_4)^2) + (e_2 · e_3*(p_1 · p_1)^2*(p_1 · p_2)^2)/(p_1 · p_3*p_2 · p_3*(p_2 · p_4)^2) + (e_2 · p_4*e_3 · p_2*p_2 · p_3)/(p_1 · p_3*p_2 · p_4) - (e_2 · p_4*e_3 · p_1*(p_2 · p_3)^2)/((p_1 · p_3)^2*p_2 · p_4) + (e_2 · p_3*e_3 · p_4*p_2 · p_3)/(p_1 · p_2*p_3 · p_4) - (e_2 · p_1*e_3 · p_4*(p_2 · p_3)^2)/((p_1 · p_2)^2*p_3 · p_4) - (e_2 · p_1*e_3 · p_2*p_3 · p_4)/(p_1 · p_2)^2
(p_1 · p_2*p_2 · F_3 · F_2 · p_4)/(p_2 · p_3*(p_2 · p_4)^2) + (p_1 · p_3*p_3 · F_2 · F_3 · p_4)/(p_2 · p_3*(p_3 · p_4)^2), -((e_2 · p_3*e_3 · p_4*p_1 · p_1)/(p_1 · p_4)^2) - (e_2 · e_3*p_1 · p_2)/(p_2 · p_4) - (e_2 · p_4*e_3 · p_4*p_1 · p_1)/(p_2 · p_3*p_2 · p_4) + (e_2 · p_3*e_3 · p_2*p_1 · p_2)/(p_2 · p_3*p_2 · p_4) - (e_2 · p_4*e_3 · p_4*(p_1 · p_1)^2)/(p_1 · p_4*p_2 · p_3*p_2 · p_4) - (e_2 · p_4*e_3 · p_4*p_1 · p_1*p_1 · p_3)/(p_1 · p_4*p_2 · p_3*p_2 · p_4) - (e_2 · e_3*p_1 · p_3)/(p_3 · p_4) + (e_2 · p_3*e_3 · p_4*p_1 · p_1*p_1 · p_2)/((p_1 · p_4)^2*p_3 · p_4) + (e_2 · p_3*e_3 · p_2*p_1 · p_3)/(p_2 · p_3*p_3 · p_4) - (e_2 · p_4*e_3 · p_4*p_1 · p_1*p_3 · p_4)/(p_1 · p_4*p_2 · p_3*p_2 · p_4)
(p_1 · F_2 · p_4*p_1 · F_3 · p_2)/(p_2 · p_3*(p_2 · p_4)^2) + (p_1 · F_2 · p_3*p_1 · F_3 · p_4)/(p_2 · p_3*(p_3 · p_4)^2), -((e_2 · p_4*e_3 · p_1*p_1 · p_2)/(p_2 · p_4)^2) + (e_2 · p_4*e_3 · p_2*p_1 · p_2*p_1 · p_3)/(p_2 · p_3*(p_2 · p_4)^2) + (e_2 · p_1*e_3 · p_1)/(p_2 · p_4) - (e_2 · p_1*e_3 · p_2*p_1 · p_3)/(p_2 · p_3*p_2 · p_4) - (e_2 · e_3*(p_1 · p_1)^2*p_1 · p_2)/(p_3 · p_4)^3 + (e_2 · e_3*(p_1 · p_1)^3*p_1 · p_2)/(p_2 · p_3*(p_3 · p_4)^3) + (e_2 · e_3*(p_1 · p_1)^2*p_1 · p_2*p_1 · p_4)/(p_2 · p_3*(p_3 · p_4)^3) - (e_2 · p_1*e_3 · p_4*p_1 · p_3)/(p_3 · p_4)^2 + (e_2 · p_3*e_3 · p_4*p_1 · p_2*p_1 · p_3)/(p_2 · p_3*(p_3 · p_4)^2) + (e_2 · p_1*e_3 · p_1)/(p_3 · p_4) + (e_2 · p_3*e_3 · p_1*p_1 · p_3)/(p_1 · p_4*p_3 · p_4) - (e_2 · p_3*e_3 · p_1*p_1 · p_2)/(p_2 · p_3*p_3 · p_4) + (e_2 · p_3*e_3 · p_1*p_1 · p_2*p_1 · p_3)/(p_1 · p_4*p_2 · p_3*p_3 · p_4) + (e_2 · p_3*e_3 · p_1*(p_1 · p_3)^2)/(p_1 · p_4*p_2 · p_3*p_3 · p_4)
(p_1 · F_2 · p_4*p_1 · F_3 · p_2)/(p_1 · p_3*p_2 · p_3*p_2 · p_4) + (p_1 · F_2 · p_3*p_1 · F_3 · p_4)/(p_1 · p_2*p_2 · p_3*p_3 · p_4), (e_2 · p_1*e_3 · p_1)/(p_1 · p_2) + (e_2 · p_1*e_3 · p_1)/(p_1 · p_3) - (e_2 · p_3*e_3 · p_2*p_1 · p_1)/(p_1 · p_2*p_1 · p_4) - (e_2 · p_4*e_3 · p_2*p_1 · p_1)/(p_1 · p_3*p_1 · p_4) - (e_2 · p_3*e_3 · p_1)/(p_2 · p_3) - (e_2 · p_1*e_3 · p_2)/(p_2 · p_3) - (e_2 · p_4*e_3 · p_2)/(p_2 · p_3) - (e_2 · p_4*e_3 · p_2)/(p_2 · p_4) - (e_2 · p_4*e_3 · p_1*p_1 · p_2)/(p_1 · p_3*p_2 · p_4) - (e_2 · p_3*e_3 · p_2*p_1 · p_1*p_2 · p_3)/(p_1 · p_2*p_1 · p_4*p_2 · p_4) - (e_2 · p_4*e_3 · p_2*p_1 · p_1*p_2 · p_3)/(p_1 · p_3*p_1 · p_4*p_2 · p_4) - (e_2 · p_1*e_3 · p_4*p_1 · p_3)/(p_1 · p_2*p_3 · p_4) + (e_2 · p_3*e_3 · p_4*p_1 · p_3)/(p_2 · p_3*p_3 · p_4) - (e_2 · p_3*e_3 · p_2*p_1 · p_1*p_3 · p_4)/(p_1 · p_2*p_1 · p_4*p_2 · p_4) - (e_2 · p_4*e_3 · p_2*p_1 · p_1*p_3 · p_4)/(p_1 · p_3*p_1 · p_4*p_2 · p_4)
(p_1 · p_4*p_1 · F_2 · F_3 · p_4)/(p_1 · p_2*p_1 · p_3*p_3 · p_4) + (p_1 · p_4*p_1 · F_3 · F_2 · p_4)/(p_1 · p_2*p_1 · p_3*p_2 · p_4), e_2 · e_3 + (e_2 · e_3*p_1 · p_1)/(p_1 · p_2) + (e_2 · e_3*p_1 · p_1)/(p_1 · p_3) + (e_2 · e_3*p_1 · p_2)/(p_1 · p_3) + (e_2 · p_3*e_3 · p_1*p_1 · p_4)/(p_1 · p_2*p_1 · p_3) + (e_2 · p_1*e_3 · p_2*p_1 · p_4)/(p_1 · p_2*p_1 · p_3) + (e_2 · p_4*e_3 · p_2*p_1 · p_4)/(p_1 · p_2*p_2 · p_4) - (e_2 · p_4*e_3 · p_1*p_1 · p_4*p_2 · p_3)/(p_1 · p_2*p_1 · p_3*p_2 · p_4) + (e_2 · e_3*p_2 · p_4)/(p_1 · p_2) + (e_2 · p_3*e_3 · p_4*p_1 · p_4)/(p_1 · p_3*p_3 · p_4) - (e_2 · p_1*e_3 · p_4*p_1 · p_4*p_2 · p_3)/(p_1 · p_2*p_1 · p_3*p_3 · p_4) + (e_2 · e_3*(p_1 · p_1)^3*p_1 · p_2)/(p_1 · p_3*(p_2 · p_4)^2*p_3 · p_4) + (e_2 · e_3*(p_1 · p_1)^2*p_1 · p_2*p_1 · p_4)/(p_1 · p_3*(p_2 · p_4)^2*p_3 · p_4) - (e_2 · e_3*(p_1 · p_1)^2*p_1 · p_2*p_2 · p_3)/(p_1 · p_3*(p_2 · p_4)^2*p_3 · p_4) + (e_2 · e_3*p_3 · p_4)/(p_1 · p_2)
(p_1 · F_2 · p_4*p_1 · F_3 · p_2)/(p_2 · p_3*(p_2 · p_4)^2) + (p_1 · F_2 · p_3*p_1 · F_3 · p_4)/(p_2 · p_3*(p_3 · p_4)^2), -((e_2 · p_4*e_3 · p_1*p_1 · p_2)/(p_2 · p_4)^2) - (e_2 · p_4*e_3 · p_1*p_1 · p_2*p_1 · p_3)/(p_2 · p_3*(p_2 · p_4)^2) - (e_2 · p_4*e_3 · p_4*p_1 · p_2*p_1 · p_3)/(p_2 · p_3*(p_2 · p_4)^2) + (e_2 · p_1*e_3 · p_1)/(p_2 · p_4) - (e_2 · p_1*e_3 · p_2*p_1 · p_3)/(p_2 · p_3*p_2 · p_4) - (e_2 · p_1*e_3 · p_4*p_1 · p_3)/(p_3 · p_4)^2 + (e_2 · p_3*e_3 · p_4*p_1 · p_2*p_1 · p_3)/(p_2 · p_3*(p_3 · p_4)^2) + (e_2 · p_1*e_3 · p_1)/(p_3 · p_4) - (e_2 · p_3*e_3 · p_1*p_1 · p_2)/(p_2 · p_3*p_3 · p_4)
(p_1 · F_2 · F_3 · p_2)/(p_1 · p_2*p_2 · p_3) + (p_1 · F_3 · F_2 · p_3)/(p_1 · p_3*p_2 · p_3), -2*e_2 · e_3 - (e_2 · p_3*e_3 · p_2*p_1 · p_1)/(p_2 · p_3)^2 - (e_2 · p_3*e_3 · p_2*(p_1 · p_1)^2)/(p_1 · p_4*(p_2 · p_3)^2) - (e_2 · p_3*e_3 · p_2*p_1 · p_1*p_1 · p_3)/(p_1 · p_4*(p_2 · p_3)^2) + (2*e_2 · p_3*e_3 · p_2)/(p_2 · p_3) - (e_2 · p_1*e_3 · p_2*p_1 · p_2)/(p_1 · p_4*p_2 · p_3) - (e_2 · p_3*e_3 · p_2*p_1 · p_1*p_3 · p_4)/(p_1 · p_4*(p_2 · p_3)^2) + (e_2 · p_1*e_3 · p_2*p_3 · p_4)/(p_1 · p_4*p_2 · p_3)
(p_1 · F_2 · p_3*p_2 · F_3 · p_4)/(p_1 · p_2*p_2 · p_3*p_3 · p_4) + (p_1 · F_3 · p_2*p_3 · F_2 · p_4)/(p_1 · p_3*p_2 · p_3*p_2 · p_4), e_2 · e_3 + (e_2 · p_1*e_3 · p_2)/(p_1 · p_2) + (e_2 · p_3*e_3 · p_1)/(p_1 · p_3) + (e_2 · p_4*e_3 · p_1)/(p_1 · p_3) - (2*e_2 · p_3*e_3 · p_2)/(p_2 · p_3) + (e_2 · p_4*e_3 · p_2)/(p_2 · p_4) + (e_2 · p_4*e_3 · p_1*p_1 · p_2)/(p_1 · p_3*p_2 · p_4) + (e_2 · p_3*e_3 · p_4)/(p_3 · p_4) + (e_2 · e_3*p_2 · p_3)/(p_3 · p_4) - (e_2 · p_1*e_3 · p_4*p_2 · p_3)/(p_1 · p_2*p_3 · p_4) + (e_2 · e_3*p_2 · p_4)/(p_3 · p_4)
(p_1 · F_2 · p_4*p_1 · F_3 · p_4)/(p_1 · p_2*p_1 · p_3*p_2 · p_4) + (p_1 · F_2 · p_4*p_1 · F_3 · p_4)/(p_1 · p_2*p_1 · p_3*p_3 · p_4), -((e_2 · p_1*e_3 · p_4)/(p_1 · p_2)) - (e_2 · p_4*e_3 · p_1)/(p_1 · p_3) + (e_2 · e_3*(p_1 · p_1)^4)/((p_1 · p_2)^3*p_1 · p_3) + (e_2 · e_3*(p_1 · p_1)^3*p_1 · p_4)/((p_1 · p_2)^3*p_1 · p_3) - (e_2 · e_3*(p_1 · p_1)^3*p_2 · p_3)/((p_1 · p_2)^3*p_1 · p_3) - (e_2 · p_4*e_3 · p_1)/(p_2 · p_4) - (e_2 · p_4*e_3 · p_2)/(p_2 · p_4) + (e_2 · p_1*e_3 · p_1*p_2 · p_4)/(p_1 · p_2*p_1 · p_3) + (e_2 · p_4*e_3 · p_4)/(p_3 · p_4) - (e_2 · p_1*e_3 · p_4*p_2 · p_4)/(p_1 · p_2*p_3 · p_4) - (e_2 · p_1*e_3 · p_2*p_3 · p_4)/(p_1 · p_2*p_1 · p_3) - (e_2 · p_1*e_3 · p_4*p_3 · p_4)/(p_1 · p_2*p_1 · p_3) - (e_2 · p_4*e_3 · p_1*p_3 · p_4)/(p_1 · p_3*p_2 · p_4)
(p_1 · F_2 · F_3 · p_4)/(p_1 · p_2*p_3 · p_4) + (p_1 · F_3 · F_2 · p_4)/(p_1 · p_3*p_2 · p_4), -2*e_2 · e_3 + (e_2 · p_1*e_3 · p_2)/(p_1 · p_2) + (e_2 · p_3*e_3 · p_1)/(p_1 · p_3) + (e_2 · p_4*e_3 · p_2)/(p_2 · p_4) - (e_2 · p_4*e_3 · p_1*p_2 · p_3)/(p_1 · p_3*p_2 · p_4) + (e_2 · p_1*e_3 · p_2*p_1 · p_1*(p_2 · p_3)^2)/(p_1 · p_2*(p_3 · p_4)^3) + (e_2 · p_1*e_3 · p_2*p_1 · p_1*p_2 · p_3*p_2 · p_4)/(p_1 · p_2*(p_3 · p_4)^3) + (e_2 · p_1*e_3 · p_2*p_1 · p_1*p_2 · p_3)/(p_1 · p_2*(p_3 · p_4)^2) - (e_2 · p_3*e_3 · p_1)/(p_3 · p_4) - (e_2 · p_3*e_3 · p_2)/(p_3 · p_4) - (e_2 · p_1*e_3 · p_4*p_2 · p_3)/(p_1 · p_2*p_3 · p_4)
Tr(F_2 · F_3)/(p_2 · p_4) + Tr(F_2 · F_3)/(p_3 · p_4), (2*e_2 · p_3*e_3 · p_2)/(p_2 · p_4) + (e_2 · e_3*(p_1 · p_2)^2)/(p_1 · p_4*p_2 · p_4) - (2*e_2 · e_3*p_2 · p_3)/(p_2 · p_4) - (2*e_2 · p_1*e_3 · p_2)/(p_3 · p_4) - (2*e_2 · p_4*e_3 · p_2)/(p_3 · p_4) - (2*e_2 · e_3*p_2 · p_3)/(p_3 · p_4) - (e_2 · e_3*p_1 · p_2*p_3 · p_4)/(p_1 · p_4*p_2 · p_4)
(p_1 · F_2 · p_4*p_2 · F_3 · p_4)/(p_1 · p_2*p_2 · p_4*p_3 · p_4) + (p_1 · F_3 · p_4*p_3 · F_2 · p_4)/(p_1 · p_3*p_2 · p_4*p_3 · p_4), (e_2 · p_1*e_3 · p_2)/(p_1 · p_2) + (e_2 · p_3*e_3 · p_1)/(p_1 · p_3) - (e_2 · p_4*e_3 · p_2)/(p_2 · p_4) - (e_2 · p_4*e_3 · p_1*p_2 · p_3)/(p_1 · p_3*p_2 · p_4) - (e_2 · p_3*e_3 · p_4)/(p_3 · p_4) - (e_2 · e_3*p_1 · p_1)/(p_3 · p_4) - (e_2 · p_1*e_3 · p_4*p_2 · p_3)/(p_1 · p_2*p_3 · p_4) + (2*e_2 · p_4*e_3 · p_4*p_2 · p_3)/(p_2 · p_4*p_3 · p_4) + (e_2 · e_3*p_1 · p_1*p_2 · p_4)/(p_1 · p_3*p_3 · p_4)
(p_1 · F_2 · p_4*p_2 · F_3 · p_4)/((p_2 · p_4)^2*p_3 · p_4) + (p_1 · F_3 · p_4*p_3 · F_2 · p_4)/(p_2 · p_4*(p_3 · p_4)^2), (e_2 · p_3*e_3 · p_1)/(p_1 · p_3) - (e_2 · p_4*e_3 · p_2*p_1 · p_2)/(p_2 · p_4)^2 + (e_2 · p_1*e_3 · p_2)/(p_2 · p_4) + (e_2 · p_3*e_3 · p_1*p_1 · p_1)/(p_3 · p_4)^2 + (e_2 · p_3*e_3 · p_1*p_1 · p_2)/(p_3 · p_4)^2 + (e_2 · p_3*e_3 · p_1*p_1 · p_3)/(p_3 · p_4)^2 - (e_2 · p_3*e_3 · p_4*p_1 · p_3)/(p_3 · p_4)^2 + (e_2 · p_3*e_3 · p_1*p_1 · p_4)/(p_3 · p_4)^2 + (e_2 · p_3*e_3 · p_1*p_2 · p_3)/(p_3 · p_4)^2 + (e_2 · p_4*e_3 · p_4*p_1 · p_3*p_2 · p_3)/(p_2 · p_4*(p_3 · p_4)^2) + (e_2 · p_3*e_3 · p_1*p_2 · p_4)/(p_3 · p_4)^2 - (3*e_2 · p_3*e_3 · p_2)/(p_3 · p_4) - (3*e_2 · p_3*e_3 · p_4)/(p_3 · p_4) + (e_2 · p_3*e_3 · p_1*p_1 · p_1)/(p_1 · p_3*p_3 · p_4) + (e_2 · p_3*e_3 · p_1*p_1 · p_2)/(p_1 · p_3*p_3 · p_4) + (e_2 · p_3*e_3 · p_1*p_1 · p_4)/(p_1 · p_3*p_3 · p_4) + (e_2 · p_3*e_3 · p_1*p_2 · p_3)/(p_1 · p_3*p_3 · p_4) + (e_2 · p_4*e_3 · p_4*p_1 · p_2*p_2 · p_3)/((p_2 · p_4)^2*p_3 · p_4) - (e_2 · p_4*e_3 · p_1*p_2 · p_3)/(p_2 · p_4*p_3 · p_4) - (e_2 · p_1*e_3 · p_4*p_2 · p_3)/(p_2 · p_4*p_3 · p_4) + (e_2 · p_3*e_3 · p_1*p_2 · p_4)/(p_1 · p_3*p_3 · p_4)
(2*p_4 · F_2 · F_3 · p_4)/(p_2 · p_4*p_3 · p_4), -3*e_2 · e_3 + (2*e_2 · p_4*e_3 · p_2)/(p_2 · p_4) + (2*e_2 · p_3*e_3 · p_4)/(p_3 · p_4) - (e_2 · e_3*p_2 · p_3)/(p_3 · p_4) - (2*e_2 · p_4*e_3 · p_4*p_2 · p_3)/(p_2 · p_4*p_3 · p_4) - (e_2 · e_3*p_2 · p_4)/(p_3 · p_4)
(p_2 · F_3 · F_2 · p_4)/(p_2 · p_3*p_2 · p_4) + (p_3 · F_2 · F_3 · p_4)/(p_2 · p_3*p_3 · p_4), -2*e_2 · e_3 + (2*e_2 · p_3*e_3 · p_2)/(p_2 · p_3)
(p_1 · p_4*p_1 · F_2 · F_3 · p_4)/(p_1 · p_2*p_1 · p_3*p_3 · p_4) + (p_1 · p_4*p_1 · F_3 · F_2 · p_4)/(p_1 · p_2*p_1 · p_3*p_2 · p_4), -((e_2 · p_4*e_3 · p_2)/(p_1 · p_2)) - (e_2 · e_3*p_1 · p_4)/(p_1 · p_2) - (e_2 · e_3*p_1 · p_4)/(p_1 · p_3) + (e_2 · p_3*e_3 · p_1*p_1 · p_4)/(p_1 · p_2*p_1 · p_3) - (e_2 · p_3*e_3 · p_2*p_1 · p_4)/(p_1 · p_2*p_1 · p_3) - (e_2 · p_4*e_3 · p_2*p_1 · p_4)/(p_1 · p_2*p_1 · p_3) + (e_2 · e_3*(p_1 · p_1)^2)/(p_1 · p_3*p_2 · p_3) - (e_2 · p_1*e_3 · p_4*p_1 · p_2)/(p_1 · p_3*p_2 · p_3) - (e_2 · p_4*e_3 · p_2*p_1 · p_1)/(p_1 · p_2*p_2 · p_4) - (e_2 · p_4*e_3 · p_1*p_1 · p_4*p_2 · p_3)/(p_1 · p_2*p_1 · p_3*p_2 · p_4) - (e_2 · e_3*(p_1 · p_1)^2*p_2 · p_4)/((p_1 · p_3)^2*p_2 · p_3) - (e_2 · p_1*e_3 · p_4*p_1 · p_2)/(p_1 · p_3*p_3 · p_4) + (e_2 · p_3*e_3 · p_4*p_1 · p_4)/(p_1 · p_3*p_3 · p_4) - (e_2 · p_1*e_3 · p_4*p_1 · p_2)/(p_2 · p_3*p_3 · p_4) - (e_2 · p_1*e_3 · p_4*p_1 · p_1*p_1 · p_2)/(p_1 · p_3*p_2 · p_3*p_3 · p_4) - (e_2 · p_1*e_3 · p_4*(p_1 · p_2)^2)/(p_1 · p_3*p_2 · p_3*p_3 · p_4) - (e_2 · p_1*e_3 · p_4*p_1 · p_2*p_1 · p_4)/(p_1 · p_3*p_2 · p_3*p_3 · p_4) - (e_2 · p_1*e_3 · p_4*p_1 · p_4*p_2 · p_3)/(p_1 · p_2*p_1 · p_3*p_3 · p_4) - (e_2 · p_1*e_3 · p_4*p_1 · p_2*p_2 · p_4)/(p_1 · p_3*p_2 · p_3*p_3 · p_4) - (e_2 · p_4*e_3 · p_2*p_3 · p_4)/(p_1 · p_2*p_2 · p_4)
(p_2 · F_3 · F_2 · p_4)/(p_2 · p_3*p_2 · p_4) + (p_3 · F_2 · F_3 · p_4)/(p_2 · p_3*p_3 · p_4), -2*e_2 · e_3 - (2*e_2 · p_1*e_3 · p_2)/(p_2 · p_3) - (2*e_2 · p_4*e_3 · p_2)/(p_2 · p_3)
(p_1 · F_2 · p_4*p_1 · F_3 · p_2)/(p_1 · p_2*p_1 · p_3*p_2 · p_3) + (p_1 · F_2 · p_3*p_1 · F_3 · p_4)/(p_1 · p_2*p_1 · p_3*p_2 · p_3), -((e_2 · p_1*e_3 · p_4)/(p_1 · p_2)) - (e_2 · p_4*e_3 · p_1)/(p_1 · p_3) + (e_2 · e_3*p_1 · p_1)/(p_1 · p_3) - (e_2 · e_3*p_1 · p_3)/(p_1 · p_2) + (e_2 · e_3*p_1 · p_4)/(p_1 · p_3) + (e_2 · p_4*e_3 · p_2)/(p_2 · p_3) + (e_2 · p_3*e_3 · p_4)/(p_2 · p_3) - (e_2 · e_3*p_2 · p_3)/(p_1 · p_3) - (e_2 · e_3*p_1 · p_1*p_1 · p_3)/(p_1 · p_2*p_2 · p_4) - (e_2 · e_3*p_1 · p_3*p_1 · p_4)/(p_1 · p_2*p_2 · p_4) + (e_2 · e_3*p_2 · p_3)/(p_2 · p_4) + (e_2 · p_1*e_3 · p_1*p_2 · p_4)/(p_1 · p_2*p_1 · p_3) - (e_2 · p_1*e_3 · p_2*p_2 · p_4)/(p_1 · p_2*p_2 · p_3) + (e_2 · p_1*e_3 · p_1*p_3 · p_4)/(p_1 · p_2*p_1 · p_3) - (e_2 · p_3*e_3 · p_1*p_3 · p_4)/(p_1 · p_3*p_2 · p_3) + (e_2 · e_3*p_3 · p_4)/(p_2 · p_4)
(p_1 · F_2 · p_3*p_1 · F_3 · p_2)/(p_1 · p_2*(p_1 · p_3)^2) + (p_1 · F_2 · p_3*p_1 · F_3 · p_2)/((p_1 · p_2)^2*p_1 · p_3), (e_2 · p_3*e_3 · p_2)/(p_1 · p_2) + (e_2 · p_3*e_3 · p_1)/(p_1 · p_3) + (e_2 · p_3*e_3 · p_2)/(p_1 · p_3) - (e_2 · p_1*e_3 · p_2*p_2 · p_3)/(p_1 · p_2)^2 - (e_2 · p_3*e_3 · p_1*p_2 · p_3)/(p_1 · p_3)^2 + (e_2 · p_3*e_3 · p_2*p_2 · p_3)/(p_1 · p_2*p_1 · p_3) + (e_2 · p_4*e_3 · p_2*p_2 · p_3)/(p_1 · p_2*p_1 · p_3) + (e_2 · p_1*e_3 · p_1*(p_2 · p_3)^2)/(p_1 · p_2*(p_1 · p_3)^2) + (e_2 · p_1*e_3 · p_1*(p_2 · p_3)^2)/((p_1 · p_2)^2*p_1 · p_3) + (e_2 · p_3*e_3 · p_1*p_2 · p_4)/(p_1 · p_2*p_1 · p_3)
(p_1 · F_2 · p_4*p_1 · F_3 · p_2)/(p_1 · p_3*p_2 · p_3*p_2 · p_4) + (p_1 · F_2 · p_3*p_1 · F_3 · p_4)/(p_1 · p_2*p_2 · p_3*p_3 · p_4), (e_2 · p_1*e_3 · p_1)/(p_1 · p_2) + (e_2 · p_1*e_3 · p_1)/(p_1 · p_3) - (e_2 · p_3*e_3 · p_1)/(p_2 · p_3) - (e_2 · p_1*e_3 · p_2)/(p_2 · p_3) + (e_2 · p_4*e_3 · p_2*p_1 · p_2)/(p_1 · p_3*p_2 · p_3) - (e_2 · p_3*e_3 · p_2*p_1 · p_1)/(p_1 · p_3*p_2 · p_4) - (e_2 · p_4*e_3 · p_1*p_1 · p_2)/(p_1 · p_3*p_2 · p_4) - (e_2 · p_3*e_3 · p_2*(p_1 · p_1)^2)/(p_1 · p_3*p_1 · p_4*p_2 · p_4) + (e_2 · p_4*e_3 · p_2*p_1 · p_2)/(p_2 · p_3*p_2 · p_4) + (e_2 · p_3*e_3 · p_2*p_1 · p_1*p_2 · p_3)/(p_1 · p_3*p_1 · p_4*p_2 · p_4) - (e_2 · p_1*e_3 · p_4*p_1 · p_3)/(p_1 · p_2*p_3 · p_4) - (e_2 · p_3*e_3 · p_1*p_1 · p_3)/(p_2 · p_3*p_3 · p_4) - (e_2 · p_3*e_3 · p_2*p_1 · p_3)/(p_2 · p_3*p_3 · p_4) - (e_2 · p_4*e_3 · p_2*p_3 · p_4)/(p_1 · p_3*p_2 · p_3)
(p_2 · p_3*p_1 · F_2 · F_3 · p_1)/(p_1 · p_2*(p_1 · p_3)^2) + (p_2 · p_3*p_1 · F_2 · F_3 · p_1)/((p_1 · p_2)^2*p_1 · p_3), (e_2 · p_3*e_3 · p_1*p_1 · p_1)/(p_1 · p_2)^2 - (e_2 · p_3*e_3 · p_1*p_1 · p_2)/(p_1 · p_3)^2 + (e_2 · p_3*e_3 · p_1*p_1 · p_4)/(p_1 · p_2)^2 - (e_2 · p_3*e_3 · p_1*p_2 · p_3)/(p_1 · p_2)^2 + (e_2 · p_1*e_3 · p_2*p_2 · p_3)/(p_1 · p_2)^2 - (e_2 · e_3*p_2 · p_3)/(p_1 · p_2) - (e_2 · e_3*p_2 · p_3)/(p_1 · p_3) + (e_2 · p_3*e_3 · p_1*p_2 · p_3)/(p_1 · p_2*p_1 · p_3) + (e_2 · p_1*e_3 · p_2*p_2 · p_3)/(p_1 · p_2*p_1 · p_3) - (e_2 · p_1*e_3 · p_1*(p_2 · p_3)^2)/(p_1 · p_2*(p_1 · p_3)^2) - (e_2 · p_1*e_3 · p_1*(p_2 · p_3)^2)/((p_1 · p_2)^2*p_1 · p_3) - (e_2 · p_3*e_3 · p_1*p_2 · p_4)/(p_1 · p_3)^2 - (e_2 · e_3*(p_1 · p_1)^2*p_1 · p_2)/((p_1 · p_3)^2*p_3 · p_4) - (e_2 · e_3*p_1 · p_1*(p_1 · p_2)^2)/((p_1 · p_3)^2*p_3 · p_4) - (e_2 · e_3*p_1 · p_1*p_1 · p_2*p_1 · p_4)/((p_1 · p_3)^2*p_3 · p_4) - (e_2 · e_3*p_1 · p_1*p_1 · p_2*p_2 · p_4)/((p_1 · p_3)^2*p_3 · p_4)
(2*p_4 · F_2 · F_3 · p_4)/(p_2 · p_4*p_3 · p_4), -2*e_2 · e_3 - (2*e_2 · p_1*e_3 · p_2)/(p_2 · p_4) - (2*e_2 · p_3*e_3 · p_2)/(p_2 · p_4) + (2*e_2 · p_4*e_3 · p_4)/(p_2 · p_4) + (2*e_2 · p_3*e_3 · p_4)/(p_3 · p_4) - (e_2 · e_3*p_1 · p_3)/(p_3 · p_4) + (2*e_2 · p_4*e_3 · p_4*p_1 · p_3)/(p_2 · p_4*p_3 · p_4) + (e_2 · e_3*p_2 · p_4)/(p_3 · p_4)
(p_1 · F_2 · p_4*p_1 · F_3 · p_4)/(p_2 · p_4*(p_3 · p_4)^2) + (p_1 · F_2 · p_4*p_1 · F_3 · p_4)/((p_2 · p_4)^2*p_3 · p_4), (e_2 · p_1*e_3 · p_1*p_1 · p_2)/(p_2 · p_4)^2 + (e_2 · p_3*e_3 · p_1*p_1 · p_2)/(p_2 · p_4)^2 - (e_2 · p_1*e_3 · p_2)/(p_2 · p_4) - (e_2 · p_1*e_3 · p_4)/(p_2 · p_4) - (e_2 · p_1*e_3 · p_4*p_1 · p_3)/(p_3 · p_4)^2 - (e_2 · p_4*e_3 · p_4*p_1 · p_1*p_1 · p_3)/(p_2 · p_4*(p_3 · p_4)^2) - (e_2 · p_4*e_3 · p_4*(p_1 · p_3)^2)/(p_2 · p_4*(p_3 · p_4)^2) - (e_2 · p_4*e_3 · p_4*p_1 · p_3*p_1 · p_4)/(p_2 · p_4*(p_3 · p_4)^2) + (e_2 · p_1*e_3 · p_1)/(p_3 · p_4) + (e_2 · p_4*e_3 · p_4*p_1 · p_2*p_1 · p_3)/((p_2 · p_4)^2*p_3 · p_4) - (e_2 · p_4*e_3 · p_1*p_1 · p_2)/(p_2 · p_4*p_3 · p_4) - (e_2 · p_1*e_3 · p_4*p_1 · p_3)/(p_2 · p_4*p_3 · p_4) + (e_2 · e_3*p_1 · p_1*p_1 · p_3*p_3 · p_4)/(p_2 · p_3*(p_2 · p_4)^2) - (e_2 · e_3*p_1 · p_1*p_3 · p_4)/(p_2 · p_3*p_2 · p_4)
(p_1 · F_2 · p_4*p_1 · F_3 · p_2)/(p_1 · p_2*p_2 · p_3*p_3 · p_4) + (p_1 · F_2 · p_3*p_1 · F_3 · p_4)/(p_1 · p_3*p_2 · p_3*p_2 · p_4), -(e_2 · e_3) - (e_2 · p_1*e_3 · p_4)/(p_2 · p_4) + (e_2 · p_3*e_3 · p_4*p_1 · p_2)/(p_2 · p_3*p_2 · p_4) - (e_2 · p_1*e_3 · p_1)/(p_3 · p_4) - (e_2 · p_4*e_3 · p_1)/(p_3 · p_4) + (e_2 · p_4*e_3 · p_2*p_1 · p_3)/(p_2 · p_3*p_3 · p_4) - (e_2 · e_3*p_2 · p_3)/(p_3 · p_4) - (e_2 · p_1*e_3 · p_1*p_2 · p_3)/(p_1 · p_2*p_3 · p_4) - (e_2 · e_3*p_2 · p_4)/(p_3 · p_4) - (e_2 · p_1*e_3 · p_2*p_1 · p_3*p_2 · p_4)/(p_1 · p_2*p_2 · p_3*p_3 · p_4) + (e_2 · p_1*e_3 · p_1*p_3 · p_4)/(p_1 · p_3*p_2 · p_4) - (e_2 · p_3*e_3 · p_1*p_1 · p_2*p_3 · p_4)/(p_1 · p_3*p_2 · p_3*p_2 · p_4)
(2*p_2 · F_3 · p_4*p_3 · F_2 · p_4)/(p_2 · p_3*p_2 · p_4*p_3 · p_4), -(e_2 · e_3) + (2*e_2 · p_3*e_3 · p_2)/(p_2 · p_3) - (2*e_2 · p_4*e_3 · p_2)/(p_2 · p_4) - (2*e_2 · p_3*e_3 · p_4)/(p_3 · p_4) - (e_2 · e_3*p_2 · p_3)/(p_3 · p_4) + (2*e_2 · p_4*e_3 · p_4*p_2 · p_3)/(p_2 · p_4*p_3 · p_4) - (e_2 · e_3*p_2 · p_4)/(p_3 · p_4)
(p_2 · p_3*Tr(F_2 · F_3))/(p_1 · p_2*p_2 · p_4) + (p_2 · p_3*Tr(F_2 · F_3))/(p_1 · p_3*p_3 · p_4), (e_2 · p_4*e_3 · p_2)/(p_1 · p_3) + (2*e_2 · p_3*e_3 · p_2*p_2 · p_3)/(p_1 · p_2*p_2 · p_4) - (2*e_2 · e_3*(p_2 · p_3)^2)/(p_1 · p_2*p_2 · p_4) + (e_2 · p_4*e_3 · p_2)/(p_3 · p_4) + (e_2 · p_4*e_3 · p_2*p_1 · p_1)/(p_1 · p_3*p_3 · p_4) + (e_2 · p_4*e_3 · p_2*p_1 · p_4)/(p_1 · p_3*p_3 · p_4) + (2*e_2 · p_3*e_3 · p_2*p_2 · p_3)/(p_1 · p_3*p_3 · p_4) - (2*e_2 · e_3*(p_2 · p_3)^2)/(p_1 · p_3*p_3 · p_4)
(p_1 · F_2 · p_3*p_1 · F_3 · p_2)/((p_1 · p_2)^2*p_2 · p_3) + (p_1 · F_2 · p_3*p_1 · F_3 · p_2)/((p_1 · p_3)^2*p_2 · p_3), -((e_2 · p_1*e_3 · p_1)/(p_1 · p_2)) - (e_2 · p_3*e_3 · p_1)/(p_1 · p_2) - (e_2 · p_3*e_3 · p_1*p_1 · p_2)/(p_1 · p_3)^2 - (e_2 · p_1*e_3 · p_2)/(p_1 · p_3) - (e_2 · p_1*e_3 · p_2*p_1 · p_3)/(p_1 · p_2)^2 + (e_2 · p_3*e_3 · p_2*p_1 · p_2)/(p_1 · p_3*p_2 · p_3) + (e_2 · p_3*e_3 · p_2*p_1 · p_3)/(p_1 · p_2*p_2 · p_3) + (e_2 · p_1*e_3 · p_1*p_2 · p_3)/(p_1 · p_3)^2 - (e_2 · p_1*e_3 · p_1*p_2 · p_4)/(p_1 · p_2)^2
(p_1 · F_2 · F_3 · p_4)/(p_1 · p_2*p_3 · p_4) + (p_1 · F_3 · F_2 · p_4)/(p_1 · p_3*p_2 · p_4), -2*e_2 · e_3 + (e_2 · p_1*e_3 · p_2)/(p_1 · p_2) + (e_2 · p_3*e_3 · p_1)/(p_1 · p_3) + (e_2 · p_4*e_3 · p_2)/(p_2 · p_4) - (e_2 · p_4*e_3 · p_1*p_2 · p_3)/(p_1 · p_3*p_2 · p_4) + (e_2 · p_3*e_3 · p_4)/(p_3 · p_4) - (e_2 · p_1*e_3 · p_4*p_2 · p_3)/(p_1 · p_2*p_3 · p_4)
(p_2 · F_3 · p_4*p_3 · F_2 · p_4)/(p_1 · p_2*p_2 · p_4*p_3 · p_4) + (p_2 · F_3 · p_4*p_3 · F_2 · p_4)/(p_1 · p_3*p_2 · p_4*p_3 · p_4), (e_2 · p_3*e_3 · p_2)/(p_1 · p_2) - (e_2 · p_1*e_3 · p_2)/(p_1 · p_3) + (e_2 · p_3*e_3 · p_2)/(p_1 · p_3) + (e_2 · p_4*e_3 · p_2)/(p_1 · p_3) + (e_2 · p_4*e_3 · p_2*p_1 · p_2)/(p_1 · p_3*p_2 · p_4) - (e_2 · p_4*e_3 · p_2*p_2 · p_3)/(p_1 · p_2*p_2 · p_4) + (e_2 · p_3*e_3 · p_2*p_1 · p_1)/(p_3 · p_4)^2 - (e_2 · p_3*e_3 · p_1*(p_1 · p_1)^2)/(p_2 · p_4*(p_3 · p_4)^2) - (e_2 · p_3*e_3 · p_4*(p_1 · p_1)^2)/(p_2 · p_4*(p_3 · p_4)^2) + (e_2 · p_3*e_3 · p_2*p_1 · p_1*p_1 · p_2)/(p_2 · p_4*(p_3 · p_4)^2) + (e_2 · p_3*e_3 · p_2*p_1 · p_1*p_1 · p_3)/(p_2 · p_4*(p_3 · p_4)^2) + (e_2 · p_3*e_3 · p_2*p_1 · p_1*p_1 · p_4)/(p_2 · p_4*(p_3 · p_4)^2) + (e_2 · p_3*e_3 · p_2*p_1 · p_1*p_2 · p_3)/(p_2 · p_4*(p_3 · p_4)^2) + (e_2 · p_1*e_3 · p_2*p_1 · p_2)/(p_1 · p_3*p_3 · p_4) - (e_2 · p_3*e_3 · p_4*p_2 · p_3)/(p_1 · p_2*p_3 · p_4) - (e_2 · p_3*e_3 · p_4*p_2 · p_3)/(p_1 · p_3*p_3 · p_4) + (e_2 · p_3*e_3 · p_2*p_1 · p_1)/(p_2 · p_4*p_3 · p_4) + (e_2 · p_4*e_3 · p_4*(p_2 · p_3)^2)/(p_1 · p_2*p_2 · p_4*p_3 · p_4) + (e_2 · p_4*e_3 · p_4*(p_2 · p_3)^2)/(p_1 · p_3*p_2 · p_4*p_3 · p_4)
(p_1 · F_2 · F_3 · p_4)/(p_1 · p_2*p_3 · p_4) + (p_1 · F_3 · F_2 · p_4)/(p_1 · p_3*p_2 · p_4), (e_2 · p_1*e_3 · p_2)/(p_1 · p_2) + (e_2 · p_3*e_3 · p_1)/(p_1 · p_3) - (e_2 · p_1*e_3 · p_2)/(p_2 · p_4) - (e_2 · p_3*e_3 · p_2)/(p_2 · p_4) + (e_2 · e_3*p_1 · p_1)/(p_2 · p_4) + (e_2 · e_3*p_1 · p_2)/(p_2 · p_4) + (e_2 · e_3*p_1 · p_4)/(p_2 · p_4) + (e_2 · e_3*p_2 · p_3)/(p_2 · p_4) - (e_2 · p_4*e_3 · p_1*p_2 · p_3)/(p_1 · p_3*p_2 · p_4) + (e_2 · p_1*e_3 · p_4)/(p_3 · p_4) + (e_2 · p_3*e_3 · p_4)/(p_3 · p_4) + (e_2 · p_1*e_3 · p_4*p_2 · p_4)/(p_1 · p_2*p_3 · p_4) + (e_2 · e_3*p_3 · p_4)/(p_2 · p_4)
(p_1 · F_2 · F_3 · p_4)/(p_1 · p_2*p_3 · p_4) + (p_1 · F_3 · F_2 · p_4)/(p_1 · p_3*p_2 · p_4), -3*e_2 · e_3 + (e_2 · p_1*e_3 · p_2)/(p_1 · p_2) + (e_2 · p_3*e_3 · p_1)/(p_1 · p_3) + (e_2 · p_4*e_3 · p_2)/(p_2 · p_4) - (e_2 · e_3*p_1 · p_1)/(p_2 · p_4) - (e_2 · e_3*p_1 · p_2)/(p_2 · p_4) - (e_2 · e_3*p_1 · p_3)/(p_2 · p_4) - (e_2 · e_3*p_1 · p_4)/(p_2 · p_4) - (e_2 · e_3*p_2 · p_3)/(p_2 · p_4) - (e_2 · p_4*e_3 · p_1*p_2 · p_3)/(p_1 · p_3*p_2 · p_4) + (e_2 · p_3*e_3 · p_4)/(p_3 · p_4) - (e_2 · p_1*e_3 · p_4*p_2 · p_3)/(p_1 · p_2*p_3 · p_4) - (e_2 · e_3*p_3 · p_4)/(p_1 · p_3) - (e_2 · e_3*p_3 · p_4)/(p_2 · p_4) - (e_2 · e_3*p_2 · p_3*p_3 · p_4)/(p_1 · p_3*p_2 · p_4) - (e_2 · e_3*(p_3 · p_4)^2)/(p_1 · p_3*p_2 · p_4)
(2*p_2 · F_3 · p_4*p_3 · F_2 · p_4)/(p_2 · p_3*p_2 · p_4*p_3 · p_4), (2*e_2 · p_3*e_3 · p_2)/(p_2 · p_3) - (2*e_2 · p_4*e_3 · p_2)/(p_2 · p_4) - (e_2 · e_3*p_1 · p_1)/(p_2 · p_4) + (e_2 · p_1*e_3 · p_1*p_1 · p_1)/(p_3 · p_4)^2 + (e_2 · p_1*e_3 · p_1*p_1 · p_4)/(p_3 · p_4)^2 - (e_2 · p_1*e_3 · p_1*p_2 · p_3)/(p_3 · p_4)^2 + (2*e_2 · p_1*e_3 · p_4)/(p_3 · p_4) + (2*e_2 · p_4*e_3 · p_4)/(p_3 · p_4) + (e_2 · e_3*p_1 · p_1*p_1 · p_2)/(p_2 · p_4*p_3 · p_4) + (2*e_2 · p_4*e_3 · p_4*p_2 · p_3)/(p_2 · p_4*p_3 · p_4)
(p_1 · F_2 · p_3*p_2 · F_3 · p_4)/(p_1 · p_2*(p_2 · p_3)^2*p_2 · p_4) + (p_1 · F_3 · p_2*p_3 · F_2 · p_4)/(p_1 · p_3*(p_2 · p_3)^2*p_3 · p_4), -((e_2 · p_4*e_3 · p_1*p_1 · p_1*p_1 · p_3)/((p_2 · p_3)^2*(p_2 · p_4)^2)) - (e_2 · p_4*e_3 · p_1*p_1 · p_2*p_1 · p_3)/((p_2 · p_3)^2*(p_2 · p_4)^2) - (e_2 · p_4*e_3 · p_1*(p_1 · p_3)^2)/((p_2 · p_3)^2*(p_2 · p_4)^2) - (e_2 · p_4*e_3 · p_1*p_1 · p_3*p_1 · p_4)/((p_2 · p_3)^2*(p_2 · p_4)^2) - (e_2 · p_4*e_3 · p_1*p_1 · p_3)/(p_2 · p_3*(p_2 · p_4)^2) - (e_2 · p_1*e_3 · p_4)/(p_1 · p_2*p_2 · p_4) - (e_2 · p_4*e_3 · p_1*p_1 · p_3)/((p_2 · p_3)^2*p_2 · p_4) + (e_2 · p_3*e_3 · p_4)/(p_2 · p_3*p_2 · p_4) - (e_2 · p_4*e_3 · p_1)/(p_1 · p_3*p_3 · p_4) + (e_2 · p_4*e_3 · p_2)/(p_2 · p_3*p_3 · p_4) - (e_2 · p_3*e_3 · p_2*p_2 · p_4)/((p_2 · p_3)^2*p_3 · p_4) + (e_2 · p_3*e_3 · p_1*p_2 · p_4)/(p_1 · p_3*p_2 · p_3*p_3 · p_4) - (e_2 · p_4*e_3 · p_1*p_1 · p_3*p_3 · p_4)/((p_2 · p_3)^2*(p_2 · p_4)^2) - (e_2 · p_3*e_3 · p_2*p_3 · p_4)/((p_2 · p_3)^2*p_2 · p_4) + (e_2 · p_1*e_3 · p_2*p_3 · p_4)/(p_1 · p_2*p_2 · p_3*p_2 · p_4)
(p_2 · F_3 · F_2 · p_3)/((p_2 · p_3)^2*p_2 · p_4) + (p_2 · F_3 · F_2 · p_3)/((p_2 · p_3)^2*p_3 · p_4), (e_2 · p_4*e_3 · p_1)/(p_1 · p_3)^2 - (e_2 · e_3)/(p_2 · p_4) + (e_2 · p_4*e_3 · p_1*p_1 · p_1)/((p_1 · p_3)^2*p_2 · p_4) + (e_2 · p_4*e_3 · p_1*p_1 · p_2)/((p_1 · p_3)^2*p_2 · p_4) + (e_2 · e_3*p_1 · p_1*p_1 · p_2)/((p_1 · p_3)^2*p_2 · p_4) + (e_2 · p_4*e_3 · p_1)/(p_1 · p_3*p_2 · p_4) + (e_2 · p_4*e_3 · p_1*p_1 · p_4)/((p_1 · p_3)^2*p_2 · p_4) + (e_2 · e_3*p_1 · p_1*p_1 · p_2)/((p_2 · p_3)^2*p_2 · p_4) + (e_2 · e_3*(p_1 · p_1)^2*p_1 · p_2)/(p_1 · p_3*(p_2 · p_3)^2*p_2 · p_4) - (e_2 · e_3*p_1 · p_1*p_1 · p_4)/((p_2 · p_3)^2*p_2 · p_4) - (e_2 · e_3*(p_1 · p_1)^2*p_1 · p_4)/(p_1 · p_3*(p_2 · p_3)^2*p_2 · p_4) - (e_2 · e_3*p_1 · p_1*(p_1 · p_4)^2)/(p_1 · p_3*(p_2 · p_3)^2*p_2 · p_4) + (e_2 · p_3*e_3 · p_2)/(p_2 · p_3*p_2 · p_4) + (e_2 · p_4*e_3 · p_1*p_2 · p_3)/((p_1 · p_3)^2*p_2 · p_4) - (e_2 · e_3)/(p_3 · p_4) + (e_2 · p_3*e_3 · p_2)/(p_2 · p_3*p_3 · p_4) + (e_2 · p_4*e_3 · p_1*p_3 · p_4)/((p_1 · p_3)^2*p_2 · p_4) - (e_2 · e_3*p_1 · p_1*p_3 · p_4)/((p_1 · p_3)^2*p_2 · p_4) + (e_2 · e_3*p_1 · p_1*p_1 · p_2*p_3 · p_4)/(p_1 · p_3*(p_2 · p_3)^2*p_2 · p_4)
(p_1 · F_2 · F_3 · p_2)/(p_1 · p_2*p_2 · p_3) + (p_1 · F_3 · F_2 · p_3)/(p_1 · p_3*p_2 · p_3), -3*e_2 · e_3 - (e_2 · e_3*p_1 · p_1)/(p_1 · p_2) - (e_2 · e_3*p_1 · p_3)/(p_1 · p_2) - (e_2 · p_4*e_3 · p_2*p_1 · p_1)/(p_1 · p_4)^2 - (e_2 · p_4*e_3 · p_2*(p_1 · p_1)^2)/(p_1 · p_2*(p_1 · p_4)^2) - (e_2 · p_4*e_3 · p_2*p_1 · p_1)/(p_1 · p_2*p_1 · p_4) + (e_2 · e_3*p_1 · p_1*p_1 · p_4)/(p_1 · p_2)^2 - (e_2 · e_3*p_1 · p_4)/(p_1 · p_2) + (2*e_2 · p_3*e_3 · p_2)/(p_2 · p_3) - (e_2 · e_3*p_2 · p_3)/(p_1 · p_2) - (e_2 · e_3*p_2 · p_4)/(p_1 · p_2) - (e_2 · p_4*e_3 · p_2*p_1 · p_1*p_2 · p_4)/(p_1 · p_2*(p_1 · p_4)^2) + (e_2 · e_3*p_1 · p_1*p_1 · p_4*p_2 · p_3)/((p_1 · p_2)^2*p_3 · p_4) + (e_2 · e_3*p_1 · p_1*p_1 · p_4*p_2 · p_4)/((p_1 · p_2)^2*p_3 · p_4) - (e_2 · e_3*p_3 · p_4)/(p_1 · p_2)
(p_2 · F_3 · F_2 · p_3)/(p_1 · p_2*(p_2 · p_3)^2) + (p_2 · F_3 · F_2 · p_3)/(p_1 · p_3*(p_2 · p_3)^2), -((e_2 · e_3)/(p_1 · p_2)) - (e_2 · e_3)/(p_1 · p_3) + (e_2 · p_3*e_3 · p_2)/(p_1 · p_2*p_2 · p_3) + (e_2 · p_1*e_3 · p_1)/(p_1 · p_3*p_2 · p_3) + (e_2 · p_4*e_3 · p_1)/(p_1 · p_3*p_2 · p_3) - (e_2 · p_3*e_3 · p_4)/(p_1 · p_3*p_2 · p_3)
(p_1 · F_2 · F_3 · p_4)/(p_1 · p_2*p_3 · p_4) + (p_1 · F_3 · F_2 · p_4)/(p_1 · p_3*p_2 · p_4), -3*e_2 · e_3 + (e_2 · p_1*e_3 · p_2)/(p_1 · p_2) - (e_2 · p_1*e_3 · p_1)/(p_1 · p_3) - (e_2 · p_4*e_3 · p_1)/(p_1 · p_3) + (e_2 · p_4*e_3 · p_2)/(p_2 · p_4) - (e_2 · e_3*p_1 · p_2)/(p_2 · p_4) - (e_2 · e_3*p_1 · p_3)/(p_2 · p_4) - (e_2 · e_3*p_2 · p_3)/(p_2 · p_4) - (e_2 · p_4*e_3 · p_1*p_2 · p_3)/(p_1 · p_3*p_2 · p_4) + (e_2 · p_3*e_3 · p_4)/(p_3 · p_4) + (e_2 · e_3*p_1 · p_2)/(p_3 · p_4) - (e_2 · p_1*e_3 · p_4*p_2 · p_3)/(p_1 · p_2*p_3 · p_4)
(p_1 · p_4*p_4 · F_2 · F_3 · p_4)/(p_2 · p_4*(p_3 · p_4)^2) + (p_1 · p_4*p_4 · F_2 · F_3 · p_4)/((p_2 · p_4)^2*p_3 · p_4), (e_2 · p_4*e_3 · p_2*p_1 · p_4)/(p_2 · p_4)^2 - (e_2 · e_3*p_1 · p_4)/(p_2 · p_4) + (e_2 · p_3*e_3 · p_4*p_1 · p_4)/(p_3 · p_4)^2 - (e_2 · p_4*e_3 · p_4*p_1 · p_4*p_2 · p_3)/(p_2 · p_4*(p_3 · p_4)^2) - (e_2 · e_3*p_1 · p_4)/(p_3 · p_4) - (e_2 · p_4*e_3 · p_4*p_1 · p_4*p_2 · p_3)/((p_2 · p_4)^2*p_3 · p_4) + (e_2 · p_4*e_3 · p_2*p_1 · p_4)/(p_2 · p_4*p_3 · p_4) + (e_2 · p_3*e_3 · p_4*p_1 · p_4)/(p_2 · p_4*p_3 · p_4)
(p_1 · F_2 · F_3 · p_2)/(p_1 · p_2)^2 + (p_1 · F_3 · F_2 · p_3)/(p_1 · p_3)^2, e_2 · e_3 + (e_2 · p_3*e_3 · p_2)/(p_1 · p_2) - (e_2 · e_3*p_1 · p_1)/(p_1 · p_2) - (e_2 · e_3*p_1 · p_1*p_1 · p_2)/(p_1 · p_3)^2 + (e_2 · p_3*e_3 · p_2)/(p_1 · p_3) - (e_2 · e_3*p_1 · p_4)/(p_1 · p_2) - (e_2 · e_3*p_1 · p_2*p_1 · p_4)/(p_1 · p_3)^2 + (e_2 · e_3*p_2 · p_4)/(p_1 · p_3) - (e_2 · e_3*p_3 · p_4)/(p_1 · p_2) - (e_2 · e_3*p_1 · p_2*p_3 · p_4)/(p_1 · p_3)^2
(p_1 · p_4*p_4 · F_2 · F_3 · p_4)/(p_1 · p_2*p_2 · p_4*p_3 · p_4) + (p_1 · p_4*p_4 · F_2 · F_3 · p_4)/(p_1 · p_3*p_2 · p_4*p_3 · p_4), (e_2 · e_3*p_1 · p_1)/(p_1 · p_3) - (e_2 · e_3*p_1 · p_4)/(p_1 · p_2) - (e_2 · e_3*p_1 · p_4)/(p_1 · p_3) + (e_2 · p_4*e_3 · p_2*p_1 · p_4)/(p_1 · p_2*p_2 · p_4) + (e_2 · p_4*e_3 · p_2*p_1 · p_4)/(p_1 · p_3*p_2 · p_4) + (e_2 · e_3*p_1 · p_1)/(p_3 · p_4) + (e_2 · e_3*(p_1 · p_1)^2)/(p_1 · p_3*p_3 · p_4) + (e_2 · e_3*p_1 · p_1*p_1 · p_2)/(p_1 · p_3*p_3 · p_4) + (e_2 · p_3*e_3 · p_4*p_1 · p_4)/(p_1 · p_2*p_3 · p_4) + (e_2 · p_3*e_3 · p_4*p_1 · p_4)/(p_1 · p_3*p_3 · p_4) + (e_2 · e_3*p_1 · p_1*p_1 · p_4)/(p_1 · p_3*p_3 · p_4) + (e_2 · e_3*p_1 · p_1*p_2 · p_3)/(p_1 · p_3*p_3 · p_4) - (e_2 · p_4*e_3 · p_4*p_1 · p_4*p_2 · p_3)/(p_1 · p_2*p_2 · p_4*p_3 · p_4) - (e_2 · p_4*e_3 · p_4*p_1 · p_4*p_2 · p_3)/(p_1 · p_3*p_2 · p_4*p_3 · p_4) + (e_2 · e_3*p_1 · p_1*p_2 · p_4)/(p_1 · p_3*p_3 · p_4)
(p_1 · F_2 · p_3*p_1 · F_3 · p_2)/(p_1 · p_2*(p_2 · p_3)^2*p_2 · p_4) + (p_1 · F_2 · p_3*p_1 · F_3 · p_2)/(p_1 · p_3*(p_2 · p_3)^2*p_3 · p_4), (e_2 · p_1*e_3 · p_1)/(p_1 · p_2*p_2 · p_4) + (e_2 · p_3*e_3 · p_2*p_1 · p_3)/((p_2 · p_3)^2*p_2 · p_4) - (e_2 · p_3*e_3 · p_1)/(p_2 · p_3*p_2 · p_4) - (e_2 · p_1*e_3 · p_2*p_1 · p_3)/(p_1 · p_2*p_2 · p_3*p_2 · p_4) + (e_2 · p_1*e_3 · p_1)/(p_3 · p_4)^2 - (e_2 · p_1*e_3 · p_1*p_1 · p_1)/(p_2 · p_3*(p_3 · p_4)^2) - (e_2 · p_1*e_3 · p_1*p_1 · p_4)/(p_2 · p_3*(p_3 · p_4)^2) + (e_2 · p_1*e_3 · p_1)/(p_1 · p_3*p_3 · p_4) + (e_2 · p_3*e_3 · p_2*p_1 · p_2)/((p_2 · p_3)^2*p_3 · p_4) - (e_2 · p_1*e_3 · p_2)/(p_2 · p_3*p_3 · p_4) - (e_2 · p_3*e_3 · p_1*p_1 · p_2)/(p_1 · p_3*p_2 · p_3*p_3 · p_4)
(p_1 · F_2 · p_4*p_1 · F_3 · p_2)/(p_1 · p_2*(p_1 · p_3)^2) + (p_1 · F_2 · p_3*p_1 · F_3 · p_4)/((p_1 · p_2)^2*p_1 · p_3), (e_2 · e_3*(p_1 · p_1)^2)/(p_1 · p_2)^2 + (e_2 · p_3*e_3 · p_4)/(p_1 · p_2) + (e_2 · e_3*p_1 · p_1)/(p_1 · p_2) + (e_2 · p_4*e_3 · p_2)/(p_1 · p_3) - (e_2 · p_4*e_3 · p_4)/(p_1 · p_3) - (e_2 · p_4*e_3 · p_4*p_1 · p_1)/(p_1 · p_2*p_1 · p_3) + (e_2 · e_3*p_1 · p_1*p_1 · p_4)/(p_1 · p_2)^2 - (e_2 · p_4*e_3 · p_4*p_1 · p_4)/(p_1 · p_2*p_1 · p_3) - (e_2 · p_1*e_3 · p_4*p_2 · p_3)/(p_1 · p_2)^2 - (e_2 · p_4*e_3 · p_2*p_1 · p_1*p_2 · p_3)/(p_1 · p_3)^3 - (e_2 · p_4*e_3 · p_1*p_2 · p_3)/(p_1 · p_3)^2 + (e_2 · e_3*p_1 · p_1*p_2 · p_4)/(p_1 · p_2)^2 - (e_2 · p_4*e_3 · p_2*p_1 · p_1*p_2 · p_4)/(p_1 · p_3)^3 - (e_2 · p_1*e_3 · p_2*p_2 · p_4)/(p_1 · p_2*p_1 · p_3) - (e_2 · p_4*e_3 · p_4*p_2 · p_4)/(p_1 · p_2*p_1 · p_3) + (e_2 · p_1*e_3 · p_1*p_2 · p_3*p_2 · p_4)/(p_1 · p_2*(p_1 · p_3)^2) - (e_2 · p_4*e_3 · p_2*p_1 · p_1*p_3 · p_4)/(p_1 · p_3)^3 - (e_2 · p_3*e_3 · p_1*p_3 · p_4)/(p_1 · p_2*p_1 · p_3) + (e_2 · p_1*e_3 · p_1*p_2 · p_3*p_3 · p_4)/((p_1 · p_2)^2*p_1 · p_3)
(p_1 · p_2*p_2 · F_3 · F_2 · p_4)/(p_1 · p_3*p_2 · p_3*p_2 · p_4) + (p_1 · p_3*p_3 · F_2 · F_3 · p_4)/(p_1 · p_2*p_2 · p_3*p_3 · p_4), -((e_2 · e_3*p_1 · p_2)/(p_1 · p_3)) - (e_2 · e_3*p_1 · p_3)/(p_1 · p_2) + (e_2 · p_3*e_3 · p_2*p_1 · p_2)/(p_1 · p_3*p_2 · p_3) + (e_2 · p_3*e_3 · p_2*p_1 · p_3)/(p_1 · p_2*p_2 · p_3)
(p_1 · F_2 · F_3 · p_2)/(p_1 · p_2*p_2 · p_3) + (p_1 · F_3 · F_2 · p_3)/(p_1 · p_3*p_2 · p_3), -2*e_2 · e_3 - (2*e_2 · p_3*e_3 · p_1)/(p_2 · p_3) - (2*e_2 · p_3*e_3 · p_4)/(p_2 · p_3) - (2*e_2 · p_4*e_3 · p_4)/(p_2 · p_3) - (2*e_2 · p_4*e_3 · p_4*p_1 · p_1)/(p_1 · p_4*p_2 · p_3) - (e_2 · p_4*e_3 · p_4*p_2 · p_4)/(p_1 · p_4*p_2 · p_3) + (e_2 · p_4*e_3 · p_4*p_1 · p_2)/(p_1 · p_4*p_3 · p_4) - (2*e_2 · p_4*e_3 · p_4*p_1 · p_1)/(p_2 · p_3*p_3 · p_4) - (e_2 · p_4*e_3 · p_4*(p_1 · p_1)^2)/(p_1 · p_4*p_2 · p_3*p_3 · p_4) + (e_2 · p_4*e_3 · p_4*(p_1 · p_2)^2)/(p_1 · p_4*p_2 · p_3*p_3 · p_4) - (e_2 · p_4*e_3 · p_4*p_1 · p_4)/(p_2 · p_3*p_3 · p_4) - (e_2 · p_4*e_3 · p_4*p_2 · p_4)/(p_1 · p_4*p_3 · p_4) - (e_2 · p_4*e_3 · p_4*p_2 · p_4)/(p_2 · p_3*p_3 · p_4) - (e_2 · p_4*e_3 · p_4*p_1 · p_1*p_2 · p_4)/(p_1 · p_4*p_2 · p_3*p_3 · p_4) - (e_2 · p_4*e_3 · p_4*p_1 · p_3*p_2 · p_4)/(p_1 · p_4*p_2 · p_3*p_3 · p_4) - (e_2 · p_4*e_3 · p_4*p_3 · p_4)/(p_1 · p_4*p_2 · p_3)
(p_2 · p_3*p_1 · F_2 · F_3 · p_1)/(p_1 · p_2*p_1 · p_3*p_2 · p_4) + (p_2 · p_3*p_1 · F_2 · F_3 · p_1)/(p_1 · p_2*p_1 · p_3*p_3 · p_4), -((e_2 · e_3*p_2 · p_3)/(p_2 · p_4)) + (e_2 · p_1*e_3 · p_2*p_2 · p_3)/(p_1 · p_2*p_2 · p_4) + (e_2 · p_3*e_3 · p_1*p_2 · p_3)/(p_1 · p_3*p_2 · p_4) + (e_2 · p_1*e_3 · p_2*(p_2 · p_3)^2)/(p_1 · p_2*p_1 · p_3*p_2 · p_4) + (e_2 · p_1*e_3 · p_4*(p_2 · p_3)^2)/(p_1 · p_2*p_1 · p_3*p_2 · p_4) - (e_2 · e_3*p_2 · p_3)/(p_3 · p_4) + (e_2 · p_1*e_3 · p_2*p_2 · p_3)/(p_1 · p_2*p_3 · p_4) + (e_2 · p_3*e_3 · p_1*p_2 · p_3)/(p_1 · p_3*p_3 · p_4) - (e_2 · p_1*e_3 · p_1*(p_2 · p_3)^2)/(p_1 · p_2*p_1 · p_3*p_3 · p_4)
(p_1 · F_2 · p_4*p_2 · F_3 · p_4)/(p_2 · p_4*(p_3 · p_4)^2) + (p_1 · F_3 · p_4*p_3 · F_2 · p_4)/((p_2 · p_4)^2*p_3 · p_4), -((e_2 · e_3*(p_1 · p_1)^2)/(p_2 · p_4)^2) - (e_2 · p_4*e_3 · p_1*p_2 · p_3)/(p_2 · p_4)^2 + (e_2 · p_3*e_3 · p_1)/(p_2 · p_4) - (e_2 · p_1*e_3 · p_4*p_2 · p_3)/(p_3 · p_4)^2 - (e_2 · p_4*e_3 · p_1*(p_1 · p_1)^4)/((p_2 · p_4)^3*(p_3 · p_4)^2) - (e_2 · p_4*e_3 · p_1*(p_1 · p_1)^3*p_1 · p_2)/((p_2 · p_4)^3*(p_3 · p_4)^2) - (e_2 · p_4*e_3 · p_1*(p_1 · p_1)^3*p_1 · p_3)/((p_2 · p_4)^3*(p_3 · p_4)^2) - (e_2 · p_4*e_3 · p_1*(p_1 · p_1)^3*p_1 · p_4)/((p_2 · p_4)^3*(p_3 · p_4)^2) - (e_2 · p_4*e_3 · p_1*(p_1 · p_1)^3*p_2 · p_3)/((p_2 · p_4)^3*(p_3 · p_4)^2) - (e_2 · p_4*e_3 · p_1*(p_1 · p_1)^3)/((p_2 · p_4)^2*(p_3 · p_4)^2) + (e_2 · p_4*e_3 · p_4*p_1 · p_2*p_2 · p_3)/(p_2 · p_4*(p_3 · p_4)^2) + (e_2 · p_1*e_3 · p_2)/(p_3 · p_4) + (e_2 · p_4*e_3 · p_2*(p_1 · p_1)^3)/((p_2 · p_4)^3*p_3 · p_4) + (e_2 · p_4*e_3 · p_4*(p_1 · p_1)^3)/((p_2 · p_4)^3*p_3 · p_4) - (e_2 · e_3*(p_1 · p_1)^2*p_2 · p_3)/((p_2 · p_4)^2*p_3 · p_4) + (e_2 · p_4*e_3 · p_4*p_1 · p_3*p_2 · p_3)/((p_2 · p_4)^2*p_3 · p_4) - (e_2 · e_3*(p_1 · p_1)^2)/(p_2 · p_4*p_3 · p_4) + (e_2 · p_1*e_3 · p_2*p_1 · p_2)/(p_2 · p_4*p_3 · p_4) + (e_2 · p_3*e_3 · p_2*p_1 · p_2)/(p_2 · p_4*p_3 · p_4) - (e_2 · p_3*e_3 · p_4*p_1 · p_3)/(p_2 · p_4*p_3 · p_4)
(p_2 · p_4*p_1 · F_2 · F_3 · p_1)/((p_1 · p_2)^2*p_1 · p_3) + (p_3 · p_4*p_1 · F_2 · F_3 · p_1)/(p_1 · p_2*(p_1 · p_3)^2), -((e_2 · p_3*e_3 · p_2*p_2 · p_4)/(p_1 · p_2)^2) - (e_2 · p_4*e_3 · p_2*p_2 · p_4)/(p_1 · p_2)^2 - (e_2 · e_3*p_2 · p_4)/(p_1 · p_2) - (e_2 · p_3*e_3 · p_1*p_1 · p_1*p_2 · p_4)/((p_1 · p_2)^2*p_1 · p_3) - (e_2 · p_3*e_3 · p_1*p_1 · p_4*p_2 · p_4)/((p_1 · p_2)^2*p_1 · p_3) - (e_2 · p_1*e_3 · p_1*p_2 · p_3*p_2 · p_4)/((p_1 · p_2)^2*p_1 · p_3) - (e_2 · p_3*e_3 · p_1*(p_2 · p_4)^2)/((p_1 · p_2)^2*p_1 · p_3) + (e_2 · p_3*e_3 · p_1*p_3 · p_4)/(p_1 · p_3)^2 - (e_2 · e_3*p_3 · p_4)/(p_1 · p_3) + (e_2 · p_1*e_3 · p_2*p_3 · p_4)/(p_1 · p_2*p_1 · p_3) - (e_2 · p_1*e_3 · p_1*p_2 · p_3*p_3 · p_4)/(p_1 · p_2*(p_1 · p_3)^2)
(p_1 · F_2 · p_3*p_2 · F_3 · p_4)/(p_1 · p_2*p_2 · p_3*p_3 · p_4) + (p_1 · F_3 · p_2*p_3 · F_2 · p_4)/(p_1 · p_3*p_2 · p_3*p_2 · p_4), (e_2 · p_1*e_3 · p_2)/(p_1 · p_2) + (e_2 · p_1*e_3 · p_4)/(p_1 · p_2) - (e_2 · e_3*p_1 · p_1)/(p_1 · p_2) + (e_2 · p_3*e_3 · p_1)/(p_1 · p_3) + (e_2 · e_3*p_1 · p_2)/(p_1 · p_3) - (e_2 · e_3*p_1 · p_3)/(p_1 · p_2) + (e_2 · e_3*p_1 · p_1)/(p_1 · p_4) - (e_2 · e_3*p_1 · p_4)/(p_1 · p_2) - (2*e_2 · p_3*e_3 · p_2)/(p_2 · p_3) - (e_2 · e_3*p_2 · p_3)/(p_1 · p_2) + (e_2 · e_3*p_2 · p_3)/(p_1 · p_3) + (e_2 · p_4*e_3 · p_2)/(p_2 · p_4) - (e_2 · p_4*e_3 · p_1*p_2 · p_3)/(p_1 · p_3*p_2 · p_4) - (e_2 · e_3*p_2 · p_4)/(p_1 · p_2) - (e_2 · e_3*p_1 · p_1*p_2 · p_4)/(p_1 · p_3*p_1 · p_4) + (e_2 · p_3*e_3 · p_4)/(p_3 · p_4) + (e_2 · p_1*e_3 · p_4*p_1 · p_3)/(p_1 · p_2*p_3 · p_4) - (e_2 · e_3*p_3 · p_4)/(p_1 · p_2)
(p_1 · p_4*p_1 · F_2 · F_3 · p_2)/(p_1 · p_2*p_2 · p_3*p_3 · p_4) + (p_1 · p_4*p_1 · F_3 · F_2 · p_3)/(p_1 · p_3*p_2 · p_3*p_2 · p_4), -((e_2 · p_3*e_3 · p_2)/(p_2 · p_3)) - (e_2 · e_3*p_1 · p_4)/(p_2 · p_4) + (e_2 · p_3*e_3 · p_2*p_1 · p_4)/(p_2 · p_3*p_2 · p_4) + (e_2 · e_3*p_1 · p_1)/(p_3 · p_4) + (e_2 · e_3*p_1 · p_2)/(p_3 · p_4) + (e_2 · e_3*p_1 · p_3)/(p_3 · p_4) - (e_2 · p_3*e_3 · p_2*p_1 · p_1)/(p_2 · p_3*p_3 · p_4) - (e_2 · p_3*e_3 · p_2*p_2 · p_4)/(p_2 · p_3*p_3 · p_4)
(p_1 · F_2 · p_4*p_1 · F_3 · p_4)/(p_1 · p_2*p_1 · p_3*p_2 · p_4) + (p_1 · F_2 · p_4*p_1 · F_3 · p_4)/(p_1 · p_2*p_1 · p_3*p_3 · p_4), -((e_2 · p_1*e_3 · p_1)/(p_1 · p_2)) - (e_2 · p_1*e_3 · p_4)/(p_1 · p_2) - (e_2 · p_4*e_3 · p_1)/(p_1 · p_3) - (e_2 · p_4*e_3 · p_2)/(p_1 · p_3) - (e_2 · p_1*e_3 · p_1*p_2 · p_3)/(p_1 · p_2*p_1 · p_3) + (e_2 · e_3*(p_1 · p_1)^2)/(p_2 · p_4)^2 + (e_2 · e_3*p_1 · p_1*p_1 · p_2)/(p_2 · p_4)^2 + (e_2 · e_3*p_1 · p_1*p_1 · p_3)/(p_2 · p_4)^2 + (e_2 · e_3*p_1 · p_1*p_1 · p_4)/(p_2 · p_4)^2 + (e_2 · e_3*p_1 · p_1*p_2 · p_3)/(p_2 · p_4)^2 - (e_2 · p_4*e_3 · p_2)/(p_2 · p_4) + (e_2 · p_4*e_3 · p_4)/(p_2 · p_4) + (e_2 · e_3*p_1 · p_1)/(p_2 · p_4) - (e_2 · p_4*e_3 · p_2*p_1 · p_1)/(p_1 · p_3*p_2 · p_4) - (e_2 · p_4*e_3 · p_2*p_1 · p_2)/(p_1 · p_3*p_2 · p_4) - (e_2 · p_4*e_3 · p_2*p_1 · p_4)/(p_1 · p_3*p_2 · p_4) - (e_2 · p_4*e_3 · p_2*p_2 · p_3)/(p_1 · p_3*p_2 · p_4) + (e_2 · p_1*e_3 · p_1*p_2 · p_4)/(p_1 · p_2*p_1 · p_3) + (e_2 · p_4*e_3 · p_4)/(p_3 · p_4) - (e_2 · p_1*e_3 · p_4*p_2 · p_4)/(p_1 · p_2*p_3 · p_4) + (e_2 · e_3*p_1 · p_1*p_3 · p_4)/(p_2 · p_4)^2 - (e_2 · p_4*e_3 · p_1*p_3 · p_4)/(p_1 · p_3*p_2 · p_4) - (e_2 · p_4*e_3 · p_2*p_3 · p_4)/(p_1 · p_3*p_2 · p_4)
(p_2 · p_4*Tr(F_2 · F_3))/(p_1 · p_3*p_3 · p_4) + (p_3 · p_4*Tr(F_2 · F_3))/(p_1 · p_2*p_2 · p_4), (e_2 · p_3*e_3 · p_1)/(p_1 · p_2) + (e_2 · p_3*e_3 · p_1)/(p_2 · p_4) + (e_2 · p_3*e_3 · p_1*p_1 · p_1)/(p_1 · p_2*p_2 · p_4) + (e_2 · p_3*e_3 · p_1*p_1 · p_4)/(p_1 · p_2*p_2 · p_4) + (2*e_2 · p_3*e_3 · p_2*p_2 · p_4)/(p_1 · p_3*p_3 · p_4) - (2*e_2 · e_3*p_2 · p_3*p_2 · p_4)/(p_1 · p_3*p_3 · p_4) - (2*e_2 · p_1*e_3 · p_2*p_3 · p_4)/(p_1 · p_2*p_2 · p_4) - (2*e_2 · p_4*e_3 · p_2*p_3 · p_4)/(p_1 · p_2*p_2 · p_4) - (2*e_2 · e_3*p_2 · p_3*p_3 · p_4)/(p_1 · p_2*p_2 · p_4)
(p_1 · F_2 · p_4*p_1 · F_3 · p_2)/(p_1 · p_3*(p_2 · p_4)^2) + (p_1 · F_2 · p_3*p_1 · F_3 · p_4)/(p_1 · p_2*(p_3 · p_4)^2), (e_2 · p_4*e_3 · p_2*p_1 · p_2)/(p_2 · p_4)^2 + (e_2 · p_4*e_3 · p_1*(p_1 · p_2)^2)/(p_1 · p_3*(p_2 · p_4)^2) - (e_2 · p_1*e_3 · p_2)/(p_2 · p_4) + (e_2 · p_4*e_3 · p_1*p_1 · p_2)/(p_1 · p_3*p_2 · p_4) + (e_2 · p_1*e_3 · p_1*p_2 · p_3)/(p_1 · p_3*p_2 · p_4) + (e_2 · p_3*e_3 · p_4*p_1 · p_3)/(p_3 · p_4)^2 - (e_2 · p_1*e_3 · p_4*p_1 · p_3*p_2 · p_3)/(p_1 · p_2*(p_3 · p_4)^2) - (e_2 · p_3*e_3 · p_1)/(p_3 · p_4) + (e_2 · p_1*e_3 · p_1*p_2 · p_3)/(p_1 · p_2*p_3 · p_4)
(p_1 · F_2 · p_4*p_1 · F_3 · p_2)/(p_1 · p_2*p_1 · p_3*p_3 · p_4) + (p_1 · F_2 · p_3*p_1 · F_3 · p_4)/(p_1 · p_2*p_1 · p_3*p_2 · p_4), -((e_2 · p_3*e_3 · p_1)/(p_2 · p_4)) - (e_2 · p_3*e_3 · p_2)/(p_2 · p_4) - (e_2 · p_1*e_3 · p_4*p_2 · p_3)/(p_1 · p_2*p_2 · p_4) - (e_2 · p_1*e_3 · p_2)/(p_3 · p_4) - (e_2 · p_3*e_3 · p_2)/(p_3 · p_4) - (e_2 · p_4*e_3 · p_1*p_2 · p_3)/(p_1 · p_3*p_3 · p_4) - (e_2 · p_1*e_3 · p_2*p_2 · p_4)/(p_1 · p_2*p_3 · p_4) + (e_2 · p_1*e_3 · p_1*p_2 · p_3*p_2 · p_4)/(p_1 · p_2*p_1 · p_3*p_3 · p_4) - (e_2 · p_3*e_3 · p_1*p_3 · p_4)/(p_1 · p_3*p_2 · p_4) + (e_2 · p_1*e_3 · p_1*p_2 · p_3*p_3 · p_4)/(p_1 · p_2*p_1 · p_3*p_2 · p_4)
(p_2 · p_4*p_1 · F_2 · F_3 · p_4)/(p_1 · p_2*p_1 · p_3*p_3 · p_4) + (p_3 · p_4*p_1 · F_3 · F_2 · p_4)/(p_1 · p_2*p_1 · p_3*p_2 · p_4), -((e_2 · e_3*(p_1 · p_1)^3)/((p_1 · p_2)^2*p_1 · p_4)) + (e_2 · e_3*(p_1 · p_1)^3*p_1 · p_3)/((p_1 · p_2)^2*p_1 · p_4*p_2 · p_4) - (e_2 · e_3*p_2 · p_4)/(p_1 · p_3) + (e_2 · p_1*e_3 · p_2*p_2 · p_4)/(p_1 · p_2*p_1 · p_3) - (e_2 · p_1*e_3 · p_4*p_2 · p_4)/(p_1 · p_3*p_3 · p_4) - (e_2 · p_4*e_3 · p_4*p_2 · p_4)/(p_1 · p_3*p_3 · p_4) - (e_2 · p_1*e_3 · p_4*p_2 · p_3*p_2 · p_4)/(p_1 · p_2*p_1 · p_3*p_3 · p_4) - (e_2 · e_3*p_3 · p_4)/(p_1 · p_2) + (e_2 · p_3*e_3 · p_1*p_3 · p_4)/(p_1 · p_2*p_1 · p_3) + (e_2 · p_4*e_3 · p_2*p_3 · p_4)/(p_1 · p_2*p_2 · p_4) - (e_2 · p_4*e_3 · p_1*p_2 · p_3*p_3 · p_4)/(p_1 · p_2*p_1 · p_3*p_2 · p_4)
(p_1 · F_2 · p_3*p_2 · F_3 · p_4)/(p_1 · p_2*(p_3 · p_4)^2) + (p_1 · F_3 · p_2*p_3 · F_2 · p_4)/(p_1 · p_3*(p_2 · p_4)^2), (e_2 · p_3*e_3 · p_1)/(p_1 · p_2) + (e_2 · p_4*e_3 · p_2*p_2 · p_3)/(p_2 · p_4)^2 - (e_2 · p_4*e_3 · p_1*(p_2 · p_3)^2)/(p_1 · p_3*(p_2 · p_4)^2) - (e_2 · p_3*e_3 · p_2)/(p_2 · p_4) + (e_2 · p_3*e_3 · p_1*p_2 · p_3)/(p_1 · p_3*p_2 · p_4) - (e_2 · p_3*e_3 · p_4*p_1 · p_3)/(p_3 · p_4)^2 - (e_2 · p_1*e_3 · p_4*(p_2 · p_3)^2)/(p_1 · p_2*(p_3 · p_4)^2) - (e_2 · p_3*e_3 · p_2)/(p_3 · p_4) - (e_2 · p_3*e_3 · p_4)/(p_3 · p_4) + (e_2 · p_3*e_3 · p_1*p_1 · p_1)/(p_1 · p_2*p_3 · p_4) + (e_2 · p_3*e_3 · p_1*p_1 · p_3)/(p_1 · p_2*p_3 · p_4) + (e_2 · p_3*e_3 · p_1*p_1 · p_4)/(p_1 · p_2*p_3 · p_4) + (e_2 · p_1*e_3 · p_2*p_2 · p_3)/(p_1 · p_2*p_3 · p_4)
(p_1 · F_2 · p_4*p_1 · F_3 · p_4)/((p_1 · p_3)^2*p_2 · p_4) + (p_1 · F_2 · p_4*p_1 · F_3 · p_4)/((p_1 · p_2)^2*p_3 · p_4), -((e_2 · p_1*e_3 · p_1)/(p_1 · p_2)) - (2*e_2 · p_4*e_3 · p_1)/(p_1 · p_2) - (e_2 · p_1*e_3 · p_4)/(p_1 · p_3) - (e_2 · p_4*e_3 · p_1)/(p_2 · p_3) - (e_2 · p_4*e_3 · p_1*p_1 · p_1)/(p_1 · p_2*p_2 · p_3) - (e_2 · p_4*e_3 · p_1*p_1 · p_3)/(p_1 · p_2*p_2 · p_3) - (e_2 · p_4*e_3 · p_1*p_1 · p_4)/(p_1 · p_2*p_2 · p_3) + (e_2 · p_1*e_3 · p_2*p_2 · p_3)/(p_1 · p_2)^2 + (e_2 · p_1*e_3 · p_4*p_2 · p_3)/(p_1 · p_2)^2 + (e_2 · p_4*e_3 · p_4*p_1 · p_2)/(p_1 · p_3*p_2 · p_4) - (e_2 · p_4*e_3 · p_1*p_2 · p_4)/(p_1 · p_2*p_2 · p_3) + (e_2 · p_4*e_3 · p_4*p_1 · p_3)/(p_1 · p_2*p_3 · p_4) - (e_2 · p_1*e_3 · p_4*p_1 · p_3*p_2 · p_4)/((p_1 · p_2)^2*p_3 · p_4) + (e_2 · p_1*e_3 · p_1*p_3 · p_4)/(p_1 · p_3)^2 - (e_2 · p_4*e_3 · p_1*p_3 · p_4)/(p_1 · p_2*p_2 · p_3) - (e_2 · p_4*e_3 · p_1*p_1 · p_2*p_3 · p_4)/((p_1 · p_3)^2*p_2 · p_4)
(p_1 · F_2 · F_3 · p_2)/(p_1 · p_2*p_2 · p_3) + (p_1 · F_3 · F_2 · p_3)/(p_1 · p_3*p_2 · p_3), -2*e_2 · e_3 - (2*e_2 · p_3*e_3 · p_1)/(p_2 · p_3) - (2*e_2 · p_3*e_3 · p_4)/(p_2 · p_3)
(p_1 · F_2 · F_3 · p_2)/(p_1 · p_2*p_2 · p_3) + (p_1 · F_3 · F_2 · p_3)/(p_1 · p_3*p_2 · p_3), -2*e_2 · e_3 + (e_2 · e_3*p_1 · p_2)/(p_1 · p_4) + (2*e_2 · p_3*e_3 · p_2)/(p_2 · p_3) - (e_2 · e_3*p_3 · p_4)/(p_1 · p_4)
(p_2 · F_3 · p_4*p_3 · F_2 · p_4)/(p_1 · p_2*p_2 · p_3*p_2 · p_4) + (p_2 · F_3 · p_4*p_3 · F_2 · p_4)/(p_1 · p_3*p_2 · p_3*p_3 · p_4), -((e_2 · p_3*e_3 · p_4)/(p_1 · p_2)) - (e_2 · p_4*e_3 · p_4)/(p_1 · p_2) - (e_2 · p_4*e_3 · p_2)/(p_1 · p_3) - (e_2 · p_4*e_3 · p_4)/(p_2 · p_4) + (e_2 · p_3*e_3 · p_2*p_2 · p_4)/(p_1 · p_3*p_2 · p_3) + (e_2 · p_4*e_3 · p_4*p_2 · p_3)/(p_1 · p_3*p_3 · p_4) - (e_2 · p_3*e_3 · p_4*p_2 · p_4)/(p_1 · p_3*p_3 · p_4) + (e_2 · p_3*e_3 · p_2*p_3 · p_4)/(p_1 · p_2*p_2 · p_3) - (e_2 · p_4*e_3 · p_2*p_3 · p_4)/(p_1 · p_2*p_2 · p_4)
(p_1 · F_2 · p_4*p_1 · F_3 · p_4)/(p_1 · p_2*p_2 · p_4*p_3 · p_4) + (p_1 · F_2 · p_4*p_1 · F_3 · p_4)/(p_1 · p_3*p_2 · p_4*p_3 · p_4), (e_2 · p_1*e_3 · p_1)/(p_1 · p_2) + (e_2 · p_1*e_3 · p_1)/(p_1 · p_3) + (e_2 · p_1*e_3 · p_1)/(p_2 · p_4) + (e_2 · p_3*e_3 · p_1)/(p_2 · p_4) - (e_2 · p_4*e_3 · p_1*p_1 · p_2)/(p_1 · p_3*p_2 · p_4) - (e_2 · p_1*e_3 · p_4)/(p_3 · p_4) - (e_2 · p_1*e_3 · p_4*p_1 · p_3)/(p_1 · p_2*p_3 · p_4) + (e_2 · p_4*e_3 · p_4*p_1 · p_2)/(p_2 · p_4*p_3 · p_4) + (e_2 · p_4*e_3 · p_4*p_1 · p_3)/(p_2 · p_4*p_3 · p_4)
(2*p_4 · F_2 · F_3 · p_4)/(p_2 · p_4*p_3 · p_4), -2*e_2 · e_3 + (2*e_2 · p_4*e_3 · p_2)/(p_2 · p_4) + (e_2 · p_4*e_3 · p_2*p_1 · p_2*p_2 · p_3)/((p_1 · p_4)^2*p_2 · p_4) + (2*e_2 · p_3*e_3 · p_4)/(p_3 · p_4) - (2*e_2 · p_4*e_3 · p_4*p_2 · p_3)/(p_2 · p_4*p_3 · p_4) - (e_2 · p_4*e_3 · p_2*p_2 · p_3*p_3 · p_4)/((p_1 · p_4)^2*p_2 · p_4)
(p_1 · F_2 · p_3*p_2 · F_3 · p_4)/(p_1 · p_2*p_2 · p_3*p_3 · p_4) + (p_1 · F_3 · p_2*p_3 · F_2 · p_4)/(p_1 · p_3*p_2 · p_3*p_2 · p_4), -(e_2 · e_3) - (e_2 · p_1*e_3 · p_1)/(p_1 · p_2) - (e_2 · p_1*e_3 · p_4)/(p_1 · p_2) - (e_2 · p_1*e_3 · p_1)/(p_1 · p_3) - (e_2 · p_4*e_3 · p_1)/(p_1 · p_3) - (e_2 · e_3*p_1 · p_1)/(p_1 · p_3) - (e_2 · e_3*p_1 · p_4)/(p_1 · p_3) - (2*e_2 · p_3*e_3 · p_2)/(p_2 · p_3) + (e_2 · p_4*e_3 · p_2)/(p_2 · p_4) - (e_2 · p_4*e_3 · p_1*p_2 · p_3)/(p_1 · p_3*p_2 · p_4) + (e_2 · p_1*e_3 · p_4)/(p_3 · p_4) + (e_2 · p_3*e_3 · p_4)/(p_3 · p_4) + (e_2 · p_1*e_3 · p_4*p_2 · p_4)/(p_1 · p_2*p_3 · p_4) - (e_2 · e_3*p_3 · p_4)/(p_1 · p_3)
(p_1 · F_2 · p_4*p_1 · F_3 · p_2)/(p_1 · p_2*p_1 · p_3*p_3 · p_4) + (p_1 · F_2 · p_3*p_1 · F_3 · p_4)/(p_1 · p_2*p_1 · p_3*p_2 · p_4), (e_2 · e_3*(p_1 · p_1)^2)/(p_1 · p_2)^2 + (e_2 · p_3*e_3 · p_4)/(p_2 · p_4) - (e_2 · p_1*e_3 · p_4*p_2 · p_3)/(p_1 · p_2*p_2 · p_4) + (e_2 · p_4*e_3 · p_2)/(p_3 · p_4) + (e_2 · e_3*(p_1 · p_1)^3)/((p_1 · p_2)^2*p_3 · p_4) + (e_2 · e_3*(p_1 · p_1)^2*p_1 · p_4)/((p_1 · p_2)^2*p_3 · p_4) - (e_2 · e_3*(p_1 · p_1)^3*p_1 · p_4)/((p_1 · p_2)^2*p_1 · p_3*p_3 · p_4) - (e_2 · e_3*(p_1 · p_1)^2*p_1 · p_4)/(p_1 · p_2*p_1 · p_3*p_3 · p_4) - (e_2 · e_3*(p_1 · p_1)^2*(p_1 · p_4)^2)/((p_1 · p_2)^2*p_1 · p_3*p_3 · p_4) - (e_2 · p_4*e_3 · p_1*p_2 · p_3)/(p_1 · p_3*p_3 · p_4) + (e_2 · e_3*(p_1 · p_1)^2*p_2 · p_4)/((p_1 · p_2)^2*p_3 · p_4) - (e_2 · p_1*e_3 · p_2*p_2 · p_4)/(p_1 · p_2*p_3 · p_4) - (e_2 · e_3*(p_1 · p_1)^2*p_1 · p_4*p_2 · p_4)/((p_1 · p_2)^2*p_1 · p_3*p_3 · p_4) + (e_2 · p_1*e_3 · p_1*p_2 · p_3*p_2 · p_4)/(p_1 · p_2*p_1 · p_3*p_3 · p_4) - (e_2 · p_3*e_3 · p_1*p_3 · p_4)/(p_1 · p_3*p_2 · p_4) + (e_2 · p_1*e_3 · p_1*p_2 · p_3*p_3 · p_4)/(p_1 · p_2*p_1 · p_3*p_2 · p_4)
(p_1 · F_2 · p_4*p_1 · F_3 · p_4)/(p_1 · p_3*(p_2 · p_4)^2) + (p_1 · F_2 · p_4*p_1 · F_3 · p_4)/(p_1 · p_2*(p_3 · p_4)^2), (e_2 · p_4*e_3 · p_4*p_1 · p_2)/(p_2 · p_4)^2 + (e_2 · p_4*e_3 · p_1*p_1 · p_1*p_1 · p_2)/(p_1 · p_3*(p_2 · p_4)^2) - (e_2 · p_4*e_3 · p_1*p_1 · p_4)/(p_2 · p_4)^2 - (e_2 · p_4*e_3 · p_1*p_1 · p_1*p_1 · p_4)/(p_1 · p_3*(p_2 · p_4)^2) - (e_2 · p_4*e_3 · p_1*(p_1 · p_4)^2)/(p_1 · p_3*(p_2 · p_4)^2) + (e_2 · p_3*e_3 · p_4)/(p_2 · p_4) + (e_2 · p_4*e_3 · p_4)/(p_2 · p_4) + (e_2 · p_4*e_3 · p_1*p_1 · p_2)/(p_1 · p_3*p_2 · p_4) - (e_2 · p_4*e_3 · p_1*p_1 · p_3)/(p_3 · p_4)^2 - (e_2 · p_4*e_3 · p_2*p_1 · p_3)/(p_3 · p_4)^2 - (e_2 · p_1*e_3 · p_4*p_1 · p_3*p_2 · p_4)/(p_1 · p_2*(p_3 · p_4)^2) - (e_2 · p_4*e_3 · p_1)/(p_3 · p_4) + (e_2 · p_1*e_3 · p_1*p_2 · p_4)/(p_1 · p_2*p_3 · p_4) + (e_2 · p_1*e_3 · p_1*p_3 · p_4)/(p_1 · p_3*p_2 · p_4)
(p_2 · F_3 · F_2 · p_4)/(p_2 · p_3*p_2 · p_4) + (p_3 · F_2 · F_3 · p_4)/(p_2 · p_3*p_3 · p_4), -2*e_2 · e_3 - (2*e_2 · p_1*e_3 · p_2)/(p_2 · p_3) - (2*e_2 · p_4*e_3 · p_2)/(p_2 · p_3) + (e_2 · e_3*p_1 · p_1)/(p_2 · p_3) + (e_2 · e_3*p_1 · p_3)/(p_2 · p_3) + (e_2 · e_3*p_1 · p_4)/(p_2 · p_3) + (e_2 · e_3*p_3 · p_4)/(p_2 · p_3)
(p_1 · F_2 · p_3*p_2 · F_3 · p_4)/(p_1 · p_3*p_2 · p_3*p_3 · p_4) + (p_1 · F_3 · p_2*p_3 · F_2 · p_4)/(p_1 · p_2*p_2 · p_3*p_2 · p_4), (e_2 · p_3*e_3 · p_1)/(p_1 · p_2) + (e_2 · p_1*e_3 · p_2)/(p_1 · p_3) - (e_2 · p_4*e_3 · p_2)/(p_1 · p_3) - (e_2 · p_4*e_3 · p_2)/(p_2 · p_3) - (e_2 · p_3*e_3 · p_2*p_1 · p_2)/(p_1 · p_3*p_2 · p_3) - (e_2 · p_4*e_3 · p_2*p_1 · p_2)/(p_1 · p_3*p_2 · p_3) - (e_2 · p_3*e_3 · p_2*p_1 · p_3)/(p_1 · p_2*p_2 · p_3) + (e_2 · p_4*e_3 · p_2*p_1 · p_3)/(p_1 · p_2*p_2 · p_4) - (e_2 · p_1*e_3 · p_2*p_2 · p_3)/(p_1 · p_2*p_2 · p_4) - (e_2 · p_3*e_3 · p_2*p_2 · p_3)/(p_1 · p_2*p_2 · p_4) + (e_2 · p_4*e_3 · p_4*p_2 · p_3)/(p_1 · p_2*p_2 · p_4) + (e_2 · p_3*e_3 · p_4*p_1 · p_2)/(p_1 · p_3*p_3 · p_4) + (e_2 · p_3*e_3 · p_4*p_2 · p_3)/(p_1 · p_3*p_3 · p_4) + (e_2 · p_4*e_3 · p_4*p_2 · p_3)/(p_1 · p_3*p_3 · p_4)
(p_1 · F_2 · p_4*p_1 · F_3 · p_2)/((p_1 · p_2)^2*p_2 · p_3) + (p_1 · F_2 · p_3*p_1 · F_3 · p_4)/((p_1 · p_3)^2*p_2 · p_3), -((e_2 · p_4*e_3 · p_1)/(p_1 · p_2)) - (e_2 · p_1*e_3 · p_4)/(p_1 · p_3) - (e_2 · e_3*(p_1 · p_1)^3)/(p_1 · p_2*p_1 · p_3*p_2 · p_3) + (e_2 · p_3*e_3 · p_4*p_1 · p_2)/(p_1 · p_3*p_2 · p_3) + (e_2 · p_4*e_3 · p_2*p_1 · p_3)/(p_1 · p_2*p_2 · p_3) + (e_2 · p_1*e_3 · p_1*p_2 · p_4)/(p_1 · p_2)^2 + (e_2 · p_4*e_3 · p_1*p_1 · p_1*p_2 · p_4)/((p_1 · p_2)^2*p_1 · p_3) + (e_2 · p_4*e_3 · p_1*p_1 · p_1*p_2 · p_4)/((p_1 · p_2)^2*p_2 · p_3) + (e_2 · e_3*(p_1 · p_1)^3*p_2 · p_4)/(p_1 · p_2*(p_1 · p_3)^2*p_2 · p_3) + (e_2 · p_4*e_3 · p_1*(p_1 · p_1)^2*p_2 · p_4)/((p_1 · p_2)^2*p_1 · p_3*p_2 · p_3) + (e_2 · p_4*e_3 · p_1*p_1 · p_1*p_2 · p_4)/(p_1 · p_2*p_1 · p_3*p_2 · p_3) - (e_2 · p_1*e_3 · p_2*p_1 · p_3*p_2 · p_4)/((p_1 · p_2)^2*p_2 · p_3) + (e_2 · p_4*e_3 · p_1*p_1 · p_1*p_1 · p_4*p_2 · p_4)/((p_1 · p_2)^2*p_1 · p_3*p_2 · p_3) + (e_2 · p_4*e_3 · p_1*p_1 · p_1*(p_2 · p_4)^2)/((p_1 · p_2)^2*p_1 · p_3*p_2 · p_3) + (e_2 · p_1*e_3 · p_1*p_3 · p_4)/(p_1 · p_3)^2 - (e_2 · p_3*e_3 · p_1*p_1 · p_2*p_3 · p_4)/((p_1 · p_3)^2*p_2 · p_3) + (e_2 · p_4*e_3 · p_1*p_1 · p_1*p_2 · p_4*p_3 · p_4)/((p_1 · p_2)^2*p_1 · p_3*p_2 · p_3)
(p_1 · F_2 · p_4*p_1 · F_3 · p_4)/(p_1 · p_2*p_1 · p_3*p_2 · p_4) + (p_1 · F_2 · p_4*p_1 · F_3 · p_4)/(p_1 · p_2*p_1 · p_3*p_3 · p_4), -((e_2 · p_4*e_3 · p_1)/(p_1 · p_3)) - (e_2 · p_1*e_3 · p_1*p_1 · p_1)/(p_1 · p_2*p_1 · p_3) - (e_2 · p_1*e_3 · p_1*p_1 · p_4)/(p_1 · p_2*p_1 · p_3) + (e_2 · p_4*e_3 · p_4)/(p_2 · p_4) + (e_2 · p_4*e_3 · p_4)/(p_3 · p_4) + (e_2 · p_1*e_3 · p_4*p_1 · p_1)/(p_1 · p_2*p_3 · p_4) + (e_2 · p_1*e_3 · p_4*p_1 · p_4)/(p_1 · p_2*p_3 · p_4) - (e_2 · e_3*p_1 · p_1*p_2 · p_4)/(p_1 · p_3*p_3 · p_4) - (e_2 · e_3*(p_1 · p_1)^2*p_2 · p_4)/(p_1 · p_2*p_1 · p_3*p_3 · p_4) - (e_2 · e_3*p_1 · p_1*p_1 · p_4*p_2 · p_4)/(p_1 · p_2*p_1 · p_3*p_3 · p_4) - (e_2 · e_3*p_1 · p_1*(p_2 · p_4)^2)/(p_1 · p_2*p_1 · p_3*p_3 · p_4) - (e_2 · p_4*e_3 · p_1*p_3 · p_4)/(p_1 · p_3*p_2 · p_4)
(2*p_4 · F_2 · F_3 · p_4)/(p_2 · p_4*p_3 · p_4), -2*e_2 · e_3 + (e_2 · e_3*p_1 · p_1)/(p_1 · p_2) + (2*e_2 · p_4*e_3 · p_2)/(p_2 · p_4) + (e_2 · e_3*p_1 · p_1)/(p_2 · p_4) + (e_2 · e_3*(p_1 · p_1)^2)/(p_1 · p_2*p_2 · p_4) + (e_2 · e_3*p_1 · p_1*p_1 · p_3)/(p_1 · p_2*p_2 · p_4) + (e_2 · e_3*p_1 · p_1*p_1 · p_4)/(p_1 · p_2*p_2 · p_4) + (e_2 · e_3*p_1 · p_1*p_2 · p_3)/(p_1 · p_2*p_2 · p_4) + (2*e_2 · p_3*e_3 · p_4)/(p_3 · p_4) - (2*e_2 · p_4*e_3 · p_4*p_2 · p_3)/(p_2 · p_4*p_3 · p_4) + (e_2 · e_3*p_1 · p_1*p_3 · p_4)/(p_1 · p_2*p_2 · p_4)
(p_1 · F_2 · p_4*p_1 · F_3 · p_2)/((p_1 · p_2)^2*p_2 · p_3) + (p_1 · F_2 · p_3*p_1 · F_3 · p_4)/((p_1 · p_3)^2*p_2 · p_3), (e_2 · p_4*e_3 · p_2)/(p_1 · p_2) + (e_2 · p_4*e_3 · p_4)/(p_1 · p_2) - (e_2 · p_1*e_3 · p_4)/(p_1 · p_3) + (e_2 · p_3*e_3 · p_4*p_1 · p_2)/(p_1 · p_3*p_2 · p_3) - (e_2 · p_4*e_3 · p_1*p_1 · p_3)/(p_1 · p_2*p_2 · p_3) - (e_2 · p_4*e_3 · p_4*p_1 · p_3)/(p_1 · p_2*p_2 · p_3) + (e_2 · p_1*e_3 · p_1*p_2 · p_4)/(p_1 · p_2)^2 - (e_2 · p_1*e_3 · p_2*p_1 · p_3*p_2 · p_4)/((p_1 · p_2)^2*p_2 · p_3) + (e_2 · p_1*e_3 · p_1*p_3 · p_4)/(p_1 · p_3)^2 - (e_2 · p_3*e_3 · p_1*p_1 · p_2*p_3 · p_4)/((p_1 · p_3)^2*p_2 · p_3)
(p_1 · F_2 · p_4*p_1 · F_3 · p_4)/(p_1 · p_2*p_2 · p_4*p_3 · p_4) + (p_1 · F_2 · p_4*p_1 · F_3 · p_4)/(p_1 · p_3*p_2 · p_4*p_3 · p_4), (e_2 · p_1*e_3 · p_1)/(p_1 · p_2) - (e_2 · p_3*e_3 · p_1)/(p_1 · p_3) - (e_2 · p_4*e_3 · p_1)/(p_1 · p_3) - (e_2 · p_4*e_3 · p_1)/(p_2 · p_4) - (e_2 · p_4*e_3 · p_1*p_1 · p_2)/(p_1 · p_3*p_2 · p_4) - (e_2 · p_1*e_3 · p_4)/(p_3 · p_4) + (e_2 · p_3*e_3 · p_4*p_1 · p_3)/(p_1 · p_2*p_3 · p_4) + (e_2 · p_4*e_3 · p_4*p_1 · p_3)/(p_1 · p_2*p_3 · p_4) - (e_2 · e_3*p_1 · p_1*p_1 · p_3*p_1 · p_4)/((p_2 · p_3)^2*p_3 · p_4) - (e_2 · e_3*p_1 · p_2*p_1 · p_3*p_1 · p_4)/((p_2 · p_3)^2*p_3 · p_4) - (e_2 · e_3*p_1 · p_3*(p_1 · p_4)^2)/((p_2 · p_3)^2*p_3 · p_4) + (e_2 · p_4*e_3 · p_4*p_1 · p_2)/(p_2 · p_4*p_3 · p_4) + (e_2 · p_4*e_3 · p_4*p_1 · p_3)/(p_2 · p_4*p_3 · p_4) - (e_2 · e_3*p_1 · p_3*p_1 · p_4*p_2 · p_4)/((p_2 · p_3)^2*p_3 · p_4)
(p_1 · F_2 · p_3*p_2 · F_3 · p_4)/(p_1 · p_2*p_2 · p_3*p_2 · p_4) + (p_1 · F_3 · p_2*p_3 · F_2 · p_4)/(p_1 · p_3*p_2 · p_3*p_3 · p_4), -(e_2 · e_3) + (e_2 · e_3*p_1 · p_1)/(p_2 · p_3) + (e_2 · e_3*p_1 · p_4)/(p_2 · p_3) + (e_2 · p_3*e_3 · p_4)/(p_2 · p_4) - (e_2 · e_3*(p_1 · p_1)^2)/(p_2 · p_3*p_2 · p_4) - (e_2 · e_3*p_1 · p_1*p_1 · p_3)/(p_2 · p_3*p_2 · p_4) - (e_2 · e_3*p_1 · p_1*p_1 · p_4)/(p_2 · p_3*p_2 · p_4) - (e_2 · p_1*e_3 · p_4*p_2 · p_3)/(p_1 · p_2*p_2 · p_4) + (e_2 · p_4*e_3 · p_2)/(p_3 · p_4) - (e_2 · p_4*e_3 · p_1*p_2 · p_3)/(p_1 · p_3*p_3 · p_4) + (e_2 · p_3*e_3 · p_1*p_2 · p_4)/(p_1 · p_3*p_3 · p_4) - (e_2 · p_3*e_3 · p_2*p_2 · p_4)/(p_2 · p_3*p_3 · p_4) + (e_2 · p_1*e_3 · p_2*p_3 · p_4)/(p_1 · p_2*p_2 · p_4) - (e_2 · p_3*e_3 · p_2*p_3 · p_4)/(p_2 · p_3*p_2 · p_4) - (e_2 · e_3*p_1 · p_1*p_3 · p_4)/(p_2 · p_3*p_2 · p_4)
(p_1 · F_2 · p_3*p_1 · F_3 · p_2)/(p_1 · p_3*(p_2 · p_3)^2*p_2 · p_4) + (p_1 · F_2 · p_3*p_1 · F_3 · p_2)/(p_1 · p_2*(p_2 · p_3)^2*p_3 · p_4), (e_2 · e_3*(p_1 · p_1)^2)/(p_1 · p_3*(p_2 · p_4)^2) + (e_2 · e_3*(p_1 · p_1)^2)/(p_2 · p_3*(p_2 · p_4)^2) + (e_2 · e_3*(p_1 · p_1)^2*p_1 · p_2)/(p_1 · p_3*p_2 · p_3*(p_2 · p_4)^2) + (e_2 · p_1*e_3 · p_1)/(p_1 · p_3*p_2 · p_4) + (e_2 · p_3*e_3 · p_2*p_1 · p_2)/((p_2 · p_3)^2*p_2 · p_4) - (e_2 · p_1*e_3 · p_2)/(p_2 · p_3*p_2 · p_4) - (e_2 · p_3*e_3 · p_1*p_1 · p_2)/(p_1 · p_3*p_2 · p_3*p_2 · p_4) + (e_2 · p_1*e_3 · p_1)/(p_1 · p_2*p_3 · p_4) + (e_2 · p_3*e_3 · p_2*p_1 · p_3)/((p_2 · p_3)^2*p_3 · p_4) - (e_2 · p_3*e_3 · p_1)/(p_2 · p_3*p_3 · p_4) - (e_2 · p_1*e_3 · p_2*p_1 · p_3)/(p_1 · p_2*p_2 · p_3*p_3 · p_4)
(p_2 · F_3 · F_2 · p_3)/(p_1 · p_2*(p_2 · p_3)^2) + (p_2 · F_3 · F_2 · p_3)/(p_1 · p_3*(p_2 · p_3)^2), -((e_2 · e_3)/(p_1 · p_2)) - (e_2 · e_3)/(p_1 · p_3) - (e_2 · e_3*p_1 · p_2)/(p_1 · p_3*p_1 · p_4) - (e_2 · p_3*e_3 · p_1)/(p_1 · p_2*p_2 · p_3) - (e_2 · p_3*e_3 · p_4)/(p_1 · p_2*p_2 · p_3) + (e_2 · p_3*e_3 · p_2)/(p_1 · p_3*p_2 · p_3) + (e_2 · e_3*(p_1 · p_2)^2)/(p_1 · p_3*p_1 · p_4*p_3 · p_4)
(p_1 · F_2 · F_3 · p_4)/(p_1 · p_2*p_3 · p_4) + (p_1 · F_3 · F_2 · p_4)/(p_1 · p_3*p_2 · p_4), -2*e_2 · e_3 + (e_2 · p_1*e_3 · p_2)/(p_1 · p_2) + (e_2 · p_3*e_3 · p_1)/(p_1 · p_3) + (e_2 · p_4*e_3 · p_2)/(p_2 · p_4) - (e_2 · p_4*e_3 · p_1*p_2 · p_3)/(p_1 · p_3*p_2 · p_4) - (e_2 · p_1*e_3 · p_4)/(p_3 · p_4) - (e_2 · p_4*e_3 · p_4)/(p_3 · p_4) - (e_2 · p_1*e_3 · p_4*p_2 · p_3)/(p_1 · p_2*p_3 · p_4)
(p_2 · p_3*p_2 · p_4*Tr(F_2 · F_3))/(p_1 · p_3*(p_3 · p_4)^2) + (p_2 · p_3*p_3 · p_4*Tr(F_2 · F_3))/(p_1 · p_2*(p_2 · p_4)^2), -((e_2 · p_3*e_3 · p_4)/(p_2 · p_4)) + (2*e_2 · p_3*e_3 · p_2*p_2 · p_3*p_2 · p_4)/(p_1 · p_3*(p_3 · p_4)^2) - (2*e_2 · e_3*(p_2 · p_3)^2*p_2 · p_4)/(p_1 · p_3*(p_3 · p_4)^2) + (2*e_2 · p_3*e_3 · p_2*p_2 · p_3*p_3 · p_4)/(p_1 · p_2*(p_2 · p_4)^2) - (2*e_2 · e_3*(p_2 · p_3)^2*p_3 · p_4)/(p_1 · p_2*(p_2 · p_4)^2) + (e_2 · p_3*e_3 · p_4*p_3 · p_4)/(p_1 · p_2*p_2 · p_4)
(p_1 · F_2 · p_4*p_2 · F_3 · p_4)/(p_1 · p_2*p_2 · p_3*p_3 · p_4) + (p_1 · F_3 · p_4*p_3 · F_2 · p_4)/(p_1 · p_3*p_2 · p_3*p_2 · p_4), -((e_2 · p_4*e_3 · p_2)/(p_2 · p_3)) - (e_2 · p_3*e_3 · p_4)/(p_2 · p_3) - (e_2 · p_1*e_3 · p_4)/(p_2 · p_4) - (e_2 · p_3*e_3 · p_4)/(p_2 · p_4) + (e_2 · p_1*e_3 · p_2*p_2 · p_4)/(p_1 · p_2*p_2 · p_3) + (e_2 · p_4*e_3 · p_4)/(p_3 · p_4) - (e_2 · p_1*e_3 · p_4*p_2 · p_4)/(p_1 · p_2*p_3 · p_4) + (e_2 · p_3*e_3 · p_1*p_3 · p_4)/(p_1 · p_3*p_2 · p_3) - (e_2 · p_4*e_3 · p_1*p_3 · p_4)/(p_1 · p_3*p_2 · p_4)
(p_2 · F_3 · F_2 · p_4)/(p_2 · p_3*p_2 · p_4) + (p_3 · F_2 · F_3 · p_4)/(p_2 · p_3*p_3 · p_4), -2*e_2 · e_3 + (2*e_2 · p_3*e_3 · p_2)/(p_2 · p_3)
(p_1 · F_2 · p_3*p_1 · F_3 · p_2)/((p_1 · p_2)^2*p_2 · p_3) + (p_1 · F_2 · p_3*p_1 · F_3 · p_2)/((p_1 · p_3)^2*p_2 · p_3), -((e_2 · p_3*e_3 · p_1)/(p_1 · p_2)) - (e_2 · p_3*e_3 · p_1*p_1 · p_2)/(p_1 · p_3)^2 - (e_2 · p_1*e_3 · p_2)/(p_1 · p_3) - (e_2 · p_1*e_3 · p_2*p_1 · p_3)/(p_1 · p_2)^2 - (e_2 · p_4*e_3 · p_2*(p_1 · p_1)^3)/(p_1 · p_2*p_1 · p_3*(p_2 · p_3)^2) - (e_2 · p_4*e_3 · p_2*(p_1 · p_1)^2*p_1 · p_4)/(p_1 · p_2*p_1 · p_3*(p_2 · p_3)^2) + (e_2 · p_4*e_3 · p_2*(p_1 · p_1)^2)/(p_1 · p_2*p_1 · p_3*p_2 · p_3) + (e_2 · p_3*e_3 · p_2*p_1 · p_2)/(p_1 · p_3*p_2 · p_3) + (e_2 · p_3*e_3 · p_2*p_1 · p_3)/(p_1 · p_2*p_2 · p_3) + (e_2 · p_1*e_3 · p_1*p_2 · p_3)/(p_1 · p_2)^2 + (e_2 · p_1*e_3 · p_1*p_2 · p_3)/(p_1 · p_3)^2 - (e_2 · e_3*p_1 · p_1*p_1 · p_2*(p_2 · p_4)^2)/((p_1 · p_3)^2*(p_2 · p_3)^2) - (e_2 · e_3*(p_1 · p_1)^2*p_1 · p_2*(p_2 · p_4)^2)/((p_1 · p_3)^2*p_1 · p_4*(p_2 · p_3)^2) - (e_2 · e_3*p_1 · p_1*p_1 · p_2*(p_2 · p_4)^2)/(p_1 · p_3*p_1 · p_4*(p_2 · p_3)^2) - (e_2 · e_3*p_1 · p_1*p_1 · p_2*(p_2 · p_4)^2*p_3 · p_4)/((p_1 · p_3)^2*p_1 · p_4*(p_2 · p_3)^2)
(p_1 · F_2 · p_3*p_2 · F_3 · p_4)/(p_1 · p_2*(p_2 · p_3)^2*p_2 · p_4) + (p_1 · F_3 · p_2*p_3 · F_2 · p_4)/(p_1 · p_3*(p_2 · p_3)^2*p_3 · p_4), -((e_2 · p_1*e_3 · p_2)/(p_1 · p_2*p_2 · p_3)) - (e_2 · p_1*e_3 · p_4)/(p_1 · p_2*p_2 · p_4) - (e_2 · p_1*e_3 · p_4)/(p_2 · p_3*p_2 · p_4) - (e_2 · p_4*e_3 · p_4)/(p_2 · p_3*p_2 · p_4) - (e_2 · p_1*e_3 · p_2*p_1 · p_1)/(p_1 · p_2*p_2 · p_3*p_2 · p_4) - (e_2 · p_1*e_3 · p_2*p_1 · p_4)/(p_1 · p_2*p_2 · p_3*p_2 · p_4) - (e_2 · p_4*e_3 · p_1)/(p_1 · p_3*p_3 · p_4) + (e_2 · p_4*e_3 · p_2)/(p_2 · p_3*p_3 · p_4) - (e_2 · p_3*e_3 · p_2*p_2 · p_4)/((p_2 · p_3)^2*p_3 · p_4) - (e_2 · p_3*e_3 · p_2*p_2 · p_4)/(p_1 · p_3*p_2 · p_3*p_3 · p_4) - (e_2 · p_3*e_3 · p_4*p_2 · p_4)/(p_1 · p_3*p_2 · p_3*p_3 · p_4) - (e_2 · p_3*e_3 · p_2*p_3 · p_4)/((p_2 · p_3)^2*p_2 · p_4)
(p_1 · F_2 · p_4*p_1 · F_3 · p_2)/(p_1 · p_2*p_1 · p_3*p_2 · p_4) + (p_1 · F_2 · p_3*p_1 · F_3 · p_4)/(p_1 · p_2*p_1 · p_3*p_3 · p_4), -(e_2 · e_3) - (e_2 · p_1*e_3 · p_2)/(p_1 · p_2) + (e_2 · p_1*e_3 · p_4)/(p_1 · p_2) + (e_2 · p_3*e_3 · p_2)/(p_1 · p_3) + (e_2 · p_3*e_3 · p_4)/(p_1 · p_3) + (2*e_2 · p_1*e_3 · p_1*p_2 · p_3)/(p_1 · p_2*p_1 · p_3) + (e_2 · p_4*e_3 · p_2)/(p_2 · p_4) - (e_2 · p_4*e_3 · p_1*p_2 · p_3)/(p_1 · p_3*p_2 · p_4) + (e_2 · p_3*e_3 · p_4)/(p_3 · p_4) + (e_2 · e_3*p_1 · p_2)/(p_3 · p_4) + (e_2 · p_1*e_3 · p_4*p_1 · p_3)/(p_1 · p_2*p_3 · p_4)
(p_1 · F_2 · p_4*p_2 · F_3 · p_4)/(p_2 · p_4*(p_3 · p_4)^2) + (p_1 · F_3 · p_4*p_3 · F_2 · p_4)/((p_2 · p_4)^2*p_3 · p_4), -((e_2 · p_4*e_3 · p_4*p_1 · p_3)/(p_2 · p_4)^2) - (e_2 · p_4*e_3 · p_1*p_2 · p_3)/(p_2 · p_4)^2 + (e_2 · p_3*e_3 · p_1)/(p_2 · p_4) - (e_2 · p_1*e_3 · p_4*p_2 · p_3)/(p_3 · p_4)^2 - (e_2 · p_4*e_3 · p_4*p_2 · p_3)/(p_3 · p_4)^2 - (e_2 · p_4*e_3 · p_4*(p_2 · p_3)^2)/(p_2 · p_4*(p_3 · p_4)^2) + (e_2 · p_1*e_3 · p_2)/(p_3 · p_4) - (e_2 · p_4*e_3 · p_4*(p_1 · p_3)^2)/((p_2 · p_4)^2*p_3 · p_4) + (e_2 · p_3*e_3 · p_4*p_1 · p_1)/(p_2 · p_4*p_3 · p_4) - (e_2 · p_4*e_3 · p_2*p_1 · p_2)/(p_2 · p_4*p_3 · p_4) + (e_2 · p_3*e_3 · p_4*p_1 · p_2)/(p_2 · p_4*p_3 · p_4) - (e_2 · p_1*e_3 · p_4*p_1 · p_4)/(p_2 · p_4*p_3 · p_4) - (e_2 · p_4*e_3 · p_4*p_1 · p_4)/(p_2 · p_4*p_3 · p_4)
(p_2 · p_3*p_1 · F_2 · F_3 · p_4)/(p_1 · p_2*p_1 · p_3*p_3 · p_4) + (p_2 · p_3*p_1 · F_3 · F_2 · p_4)/(p_1 · p_2*p_1 · p_3*p_2 · p_4), (e_2 · e_3*p_1 · p_2)/(p_1 · p_3) - (e_2 · e_3*p_2 · p_3)/(p_1 · p_2) + (e_2 · p_3*e_3 · p_1*p_2 · p_3)/(p_1 · p_2*p_1 · p_3) + (e_2 · p_1*e_3 · p_2*p_2 · p_3)/(p_1 · p_2*p_1 · p_3) - (e_2 · p_4*e_3 · p_1*p_1 · p_3)/(p_1 · p_2*p_2 · p_4) + (e_2 · p_4*e_3 · p_2*p_2 · p_3)/(p_1 · p_2*p_2 · p_4) + (e_2 · e_3*p_2 · p_4)/(p_1 · p_3) + (e_2 · p_3*e_3 · p_4*p_2 · p_3)/(p_1 · p_3*p_3 · p_4) - (e_2 · p_1*e_3 · p_4*(p_2 · p_3)^2)/(p_1 · p_2*p_1 · p_3*p_3 · p_4) - (2*e_2 · p_4*e_3 · p_1*p_3 · p_4)/(p_1 · p_2*p_2 · p_4) - (e_2 · p_4*e_3 · p_1*(p_3 · p_4)^2)/(p_1 · p_2*p_1 · p_3*p_2 · p_4)
(p_1 · p_4*p_1 · F_2 · F_3 · p_4)/(p_1 · p_2*p_1 · p_3*p_3 · p_4) + (p_1 · p_4*p_1 · F_3 · F_2 · p_4)/(p_1 · p_2*p_1 · p_3*p_2 · p_4), -((e_2 · e_3*p_1 · p_4)/(p_1 · p_2)) - (e_2 · e_3*p_1 · p_4)/(p_1 · p_3) + (e_2 · p_3*e_3 · p_1*p_1 · p_4)/(p_1 · p_2*p_1 · p_3) + (e_2 · p_1*e_3 · p_2*p_1 · p_4)/(p_1 · p_2*p_1 · p_3) + (e_2 · p_4*e_3 · p_2*p_1 · p_4)/(p_1 · p_2*p_2 · p_4) + (e_2 · p_4*e_3 · p_2*p_1 · p_4*p_2 · p_3)/(p_1 · p_2*p_1 · p_3*p_2 · p_4) + (e_2 · p_4*e_3 · p_4*p_1 · p_4*p_2 · p_3)/(p_1 · p_2*p_1 · p_3*p_2 · p_4) + (e_2 · p_3*e_3 · p_4*p_1 · p_4)/(p_1 · p_3*p_3 · p_4) - (e_2 · p_1*e_3 · p_4*p_1 · p_4*p_2 · p_3)/(p_1 · p_2*p_1 · p_3*p_3 · p_4)
(p_1 · F_2 · p_4*p_1 · F_3 · p_2)/(p_1 · p_2*p_1 · p_3*p_2 · p_4) + (p_1 · F_2 · p_3*p_1 · F_3 · p_4)/(p_1 · p_2*p_1 · p_3*p_3 · p_4), -((e_2 · p_1*e_3 · p_2)/(p_1 · p_2)) - (e_2 · p_3*e_3 · p_1)/(p_1 · p_3) + (2*e_2 · p_1*e_3 · p_1*p_2 · p_3)/(p_1 · p_2*p_1 · p_3) + (e_2 · p_4*e_3 · p_2)/(p_2 · p_4) - (e_2 · p_4*e_3 · p_1*p_2 · p_3)/(p_1 · p_3*p_2 · p_4) + (e_2 · p_3*e_3 · p_4)/(p_3 · p_4) - (e_2 · p_1*e_3 · p_4*p_2 · p_3)/(p_1 · p_2*p_3 · p_4)
Tr(F_2 · F_3)/(p_2 · p_4) + Tr(F_2 · F_3)/(p_3 · p_4), (2*e_2 · p_3*e_3 · p_2)/(p_2 · p_4) + (e_2 · p_1*e_3 · p_4*p_1 · p_2)/(p_1 · p_4*p_2 · p_4) - (2*e_2 · e_3*p_2 · p_3)/(p_2 · p_4) - (e_2 · e_3*(p_1 · p_1)^3)/(p_3 · p_4)^3 - (e_2 · e_3*(p_1 · p_1)^2*p_1 · p_2)/(p_3 · p_4)^3 - (e_2 · e_3*(p_1 · p_1)^2*p_1 · p_3)/(p_3 · p_4)^3 - (e_2 · e_3*(p_1 · p_1)^2*p_1 · p_4)/(p_3 · p_4)^3 - (e_2 · e_3*(p_1 · p_1)^2*p_2 · p_3)/(p_3 · p_4)^3 - (e_2 · e_3*(p_1 · p_1)^2*p_2 · p_4)/(p_3 · p_4)^3 - (e_2 · e_3*(p_1 · p_1)^2)/(p_3 · p_4)^2 + (2*e_2 · p_3*e_3 · p_2)/(p_3 · p_4) - (2*e_2 · e_3*p_2 · p_3)/(p_3 · p_4) - (e_2 · p_1*e_3 · p_4*p_3 · p_4)/(p_1 · p_4*p_2 · p_4)
(p_1 · F_2 · p_4*p_1 · F_3 · p_2)/(p_2 · p_3*(p_2 · p_4)^2) + (p_1 · F_2 · p_3*p_1 · F_3 · p_4)/(p_2 · p_3*(p_3 · p_4)^2), -((e_2 · p_4*e_3 · p_1*p_1 · p_2)/(p_2 · p_4)^2) + (e_2 · p_4*e_3 · p_2*p_1 · p_2*p_1 · p_3)/(p_2 · p_3*(p_2 · p_4)^2) + (e_2 · p_1*e_3 · p_1)/(p_2 · p_4) - (e_2 · p_1*e_3 · p_2*p_1 · p_3)/(p_2 · p_3*p_2 · p_4) - (e_2 · p_1*e_3 · p_4*p_1 · p_3)/(p_3 · p_4)^2 + (e_2 · p_3*e_3 · p_4*p_1 · p_2*p_1 · p_3)/(p_2 · p_3*(p_3 · p_4)^2) + (e_2 · p_1*e_3 · p_1)/(p_3 · p_4) - (e_2 · p_3*e_3 · p_4)/(p_3 · p_4) - (e_2 · p_3*e_3 · p_1*p_1 · p_2)/(p_2 · p_3*p_3 · p_4) - (e_2 · p_3*e_3 · p_4*p_1 · p_2)/(p_2 · p_3*p_3 · p_4) - (e_2 · p_3*e_3 · p_4*p_1 · p_3)/(p_2 · p_3*p_3 · p_4)
(p_1 · p_3*p_1 · p_4*Tr(F_2 · F_3))/(p_1 · p_2*(p_2 · p_4)^2) + (p_1 · p_2*p_1 · p_4*Tr(F_2 · F_3))/(p_1 · p_3*(p_3 · p_4)^2), (2*e_2 · p_3*e_3 · p_2*p_1 · p_3*p_1 · p_4)/(p_1 · p_2*(p_2 · p_4)^2) - (2*e_2 · e_3*p_1 · p_3*p_1 · p_4*p_2 · p_3)/(p_1 · p_2*(p_2 · p_4)^2) + (e_2 · e_3*p_1 · p_1*p_1 · p_2)/(p_3 · p_4)^2 + (e_2 · p_3*e_3 · p_2*(p_1 · p_1)^3*p_1 · p_2)/(p_1 · p_3*(p_1 · p_4)^2*(p_3 · p_4)^2) + (2*e_2 · p_3*e_3 · p_2*p_1 · p_2*p_1 · p_4)/(p_1 · p_3*(p_3 · p_4)^2) + (2*e_2 · e_3*(p_1 · p_2)^2*p_1 · p_4)/(p_1 · p_3*(p_3 · p_4)^2) - (e_2 · e_3*(p_1 · p_1)^2*p_1 · p_2)/(p_2 · p_3*(p_3 · p_4)^2) - (e_2 · e_3*p_1 · p_1*p_1 · p_2*p_1 · p_4)/(p_2 · p_3*(p_3 · p_4)^2) + (2*e_2 · e_3*p_1 · p_2*p_1 · p_4*p_2 · p_4)/(p_1 · p_3*(p_3 · p_4)^2) - (e_2 · p_3*e_3 · p_2*(p_1 · p_1)^3)/(p_1 · p_3*(p_1 · p_4)^2*p_3 · p_4)
(p_1 · F_2 · p_4*p_1 · F_3 · p_2)/(p_1 · p_2*p_1 · p_3*p_2 · p_4) + (p_1 · F_2 · p_3*p_1 · F_3 · p_4)/(p_1 · p_2*p_1 · p_3*p_3 · p_4), -(e_2 · e_3) - (e_2 · p_1*e_3 · p_2)/(p_1 · p_2) - (2*e_2 · p_1*e_3 · p_1)/(p_1 · p_3) - (e_2 · p_3*e_3 · p_1)/(p_1 · p_3) - (e_2 · p_1*e_3 · p_1)/(p_2 · p_4) + (e_2 · p_4*e_3 · p_2)/(p_2 · p_4) + (e_2 · p_3*e_3 · p_1*p_2 · p_3)/(p_1 · p_3*p_2 · p_4) - (2*e_2 · p_1*e_3 · p_1*p_2 · p_4)/(p_1 · p_2*p_1 · p_3) + (e_2 · p_3*e_3 · p_4)/(p_3 · p_4) - (e_2 · p_1*e_3 · p_4*p_2 · p_3)/(p_1 · p_2*p_3 · p_4) + (e_2 · e_3*p_3 · p_4)/(p_1 · p_2) - (e_2 · p_1*e_3 · p_1*p_3 · p_4)/(p_1 · p_3*p_2 · p_4)
(p_1 · F_2 · p_4*p_1 · F_3 · p_4)/(p_1 · p_2*p_2 · p_4*p_3 · p_4) + (p_1 · F_2 · p_4*p_1 · F_3 · p_4)/(p_1 · p_3*p_2 · p_4*p_3 · p_4), -((e_2 · p_1*e_3 · p_2)/(p_1 · p_2)) - (e_2 · p_1*e_3 · p_4)/(p_1 · p_2) + (e_2 · p_1*e_3 · p_1)/(p_1 · p_3) - (e_2 · p_4*e_3 · p_1)/(p_2 · p_4) - (e_2 · p_4*e_3 · p_1*p_1 · p_2)/(p_1 · p_3*p_2 · p_4) - (e_2 · p_1*e_3 · p_4)/(p_3 · p_4) - (e_2 · p_1*e_3 · p_4*p_1 · p_3)/(p_1 · p_2*p_3 · p_4) + (e_2 · p_4*e_3 · p_4*p_1 · p_2)/(p_2 · p_4*p_3 · p_4) + (e_2 · p_4*e_3 · p_4*p_1 · p_3)/(p_2 · p_4*p_3 · p_4)
(p_1 · F_2 · p_4*p_1 · F_3 · p_4)/(p_1 · p_2*p_1 · p_3*p_2 · p_4) + (p_1 · F_2 · p_4*p_1 · F_3 · p_4)/(p_1 · p_2*p_1 · p_3*p_3 · p_4), -((e_2 · p_1*e_3 · p_1)/(p_1 · p_2)) - (e_2 · p_1*e_3 · p_4)/(p_1 · p_2) - (e_2 · p_4*e_3 · p_1)/(p_1 · p_3) - (e_2 · p_1*e_3 · p_1*p_2 · p_3)/(p_1 · p_2*p_1 · p_3) + (e_2 · p_3*e_3 · p_1)/(p_2 · p_4) + (e_2 · p_4*e_3 · p_4)/(p_2 · p_4) + (e_2 · p_3*e_3 · p_1*p_1 · p_1)/(p_1 · p_4*p_2 · p_4) + (e_2 · p_3*e_3 · p_1*p_1 · p_3)/(p_1 · p_4*p_2 · p_4) + (e_2 · p_1*e_3 · p_1*p_2 · p_4)/(p_1 · p_2*p_1 · p_3) + (e_2 · p_4*e_3 · p_4)/(p_3 · p_4) - (e_2 · p_4*e_3 · p_1*p_1 · p_3)/(p_1 · p_2*p_3 · p_4) + (e_2 · p_4*e_3 · p_1*p_2 · p_4)/(p_1 · p_2*p_3 · p_4) - (e_2 · p_1*e_3 · p_4*p_2 · p_4)/(p_1 · p_2*p_3 · p_4) - (e_2 · p_4*e_3 · p_1*p_3 · p_4)/(p_1 · p_3*p_2 · p_4) + (e_2 · p_3*e_3 · p_1*p_3 · p_4)/(p_1 · p_4*p_2 · p_4)
(p_1 · F_2 · p_4*p_2 · F_3 · p_4)/(p_1 · p_2*p_2 · p_3*p_2 · p_4) + (p_1 · F_3 · p_4*p_3 · F_2 · p_4)/(p_1 · p_3*p_2 · p_3*p_3 · p_4), (e_2 · p_1*e_3 · p_1)/(p_1 · p_2) + (e_2 · p_1*e_3 · p_2)/(p_1 · p_2) - (e_2 · p_4*e_3 · p_1)/(p_1 · p_3) - (e_2 · p_3*e_3 · p_1*p_1 · p_1)/(p_1 · p_3*p_2 · p_3) - (e_2 · p_3*e_3 · p_1*p_1 · p_4)/(p_1 · p_3*p_2 · p_3) - (e_2 · p_4*e_3 · p_1)/(p_2 · p_4) - (e_2 · p_4*e_3 · p_2)/(p_2 · p_4) + (e_2 · p_4*e_3 · p_4)/(p_3 · p_4) - (e_2 · p_3*e_3 · p_4*p_2 · p_4)/(p_2 · p_3*p_3 · p_4) + (e_2 · p_1*e_3 · p_2*p_3 · p_4)/(p_1 · p_2*p_2 · p_3) - (e_2 · p_3*e_3 · p_1*p_3 · p_4)/(p_1 · p_3*p_2 · p_3) - (e_2 · p_4*e_3 · p_2*p_3 · p_4)/(p_2 · p_3*p_2 · p_4)
(p_2 · F_3 · F_2 · p_3)/(p_1 · p_2*p_2 · p_3) + (p_2 · F_3 · F_2 · p_3)/(p_1 · p_3*p_2 · p_3), e_2 · e_3 + (e_2 · p_3*e_3 · p_2)/(p_1 · p_2) - (e_2 · p_3*e_3 · p_1)/(p_1 · p_3) - (e_2 · p_3*e_3 · p_4)/(p_1 · p_3) + (e_2 · e_3*p_1 · p_2)/(p_1 · p_3) - (e_2 · e_3*p_2 · p_3)/(p_1 · p_2)
(p_1 · F_2 · p_4*p_2 · F_3 · p_4)/((p_1 · p_2)^2*p_2 · p_3) + (p_1 · F_3 · p_4*p_3 · F_2 · p_4)/((p_1 · p_3)^2*p_2 · p_3), (e_2 · p_4*e_3 · p_4)/(p_1 · p_2) + (e_2 · p_4*e_3 · p_4)/(p_1 · p_3) - (e_2 · p_1*e_3 · p_1*p_1 · p_3*p_1 · p_4*p_2 · p_3)/((p_1 · p_2)^2*(p_2 · p_4)^2) + (e_2 · p_1*e_3 · p_1*p_1 · p_4*p_2 · p_3)/((p_1 · p_2)^2*p_2 · p_4) - (e_2 · p_1*e_3 · p_4*p_2 · p_4)/(p_1 · p_2)^2 - (e_2 · p_3*e_3 · p_4*p_2 · p_4)/(p_1 · p_3*p_2 · p_3) - (e_2 · p_4*e_3 · p_1*p_3 · p_4)/(p_1 · p_3)^2 - (e_2 · p_4*e_3 · p_2*p_3 · p_4)/(p_1 · p_2*p_2 · p_3) + (e_2 · p_1*e_3 · p_2*p_2 · p_4*p_3 · p_4)/((p_1 · p_2)^2*p_2 · p_3) + (e_2 · p_3*e_3 · p_1*p_2 · p_4*p_3 · p_4)/((p_1 · p_3)^2*p_2 · p_3)
(p_1 · F_2 · F_3 · p_2)/(p_1 · p_2*p_2 · p_3) + (p_1 · F_3 · F_2 · p_3)/(p_1 · p_3*p_2 · p_3), -2*e_2 · e_3 + (e_2 · p_1*e_3 · p_4)/(p_1 · p_4) + (2*e_2 · p_3*e_3 · p_2)/(p_2 · p_3) + (e_2 · p_1*e_3 · p_4)/(p_2 · p_3) + (e_2 · p_1*e_3 · p_4*p_1 · p_1)/(p_1 · p_4*p_2 · p_3) + (e_2 · p_1*e_3 · p_4*p_1 · p_2)/(p_1 · p_4*p_2 · p_3) + (e_2 · p_1*e_3 · p_4*p_1 · p_3)/(p_1 · p_4*p_2 · p_3) + (e_2 · p_1*e_3 · p_4*p_2 · p_4)/(p_1 · p_4*p_2 · p_3) - (e_2 · e_3*p_1 · p_1*p_3 · p_4)/(p_1 · p_3*p_2 · p_3) + (e_2 · p_1*e_3 · p_4*p_3 · p_4)/(p_1 · p_4*p_2 · p_3) - (e_2 · e_3*(p_1 · p_1)^2*p_3 · p_4)/(p_1 · p_3*p_1 · p_4*p_2 · p_3) - (e_2 · e_3*p_1 · p_1*p_1 · p_2*p_3 · p_4)/(p_1 · p_3*p_1 · p_4*p_2 · p_3) - (e_2 · e_3*p_1 · p_1*p_2 · p_4*p_3 · p_4)/(p_1 · p_3*p_1 · p_4*p_2 · p_3)
(p_3 · p_4*p_1 · F_2 · F_3 · p_2)/(p_1 · p_2*p_1 · p_3*p_2 · p_3) + (p_2 · p_4*p_1 · F_3 · F_2 · p_3)/(p_1 · p_2*p_1 · p_3*p_2 · p_3), (e_2 · e_3*p_1 · p_2)/(p_1 · p_3) - (e_2 · p_3*e_3 · p_2*p_1 · p_1)/(p_1 · p_3*p_2 · p_3) - (e_2 · p_3*e_3 · p_2*p_1 · p_4)/(p_1 · p_3*p_2 · p_3) + (e_2 · e_3*(p_1 · p_1)^3)/(p_1 · p_2*p_1 · p_3*p_2 · p_4) + (e_2 · e_3*(p_1 · p_1)^3)/(p_1 · p_2*p_2 · p_3*p_2 · p_4) + (e_2 · e_3*(p_1 · p_1)^3)/(p_1 · p_3*p_2 · p_3*p_2 · p_4) - (e_2 · e_3*p_2 · p_4)/(p_1 · p_2) + (e_2 · p_3*e_3 · p_2*p_2 · p_4)/(p_1 · p_2*p_2 · p_3) - (e_2 · p_3*e_3 · p_2*p_2 · p_4)/(p_1 · p_3*p_2 · p_3) - (2*e_2 · e_3*p_3 · p_4)/(p_1 · p_3)
(p_2 · F_3 · p_4*p_3 · F_2 · p_4)/(p_1 · p_2*p_2 · p_3*p_2 · p_4) + (p_2 · F_3 · p_4*p_3 · F_2 · p_4)/(p_1 · p_3*p_2 · p_3*p_3 · p_4), -((e_2 · p_3*e_3 · p_4)/(p_1 · p_2)) + (e_2 · p_1*e_3 · p_2)/(p_1 · p_3) + (e_2 · p_3*e_3 · p_2)/(p_1 · p_3) + (e_2 · p_4*e_3 · p_4*p_2 · p_3)/(p_1 · p_2*p_2 · p_4) + (e_2 · p_3*e_3 · p_2*p_2 · p_4)/(p_1 · p_3*p_2 · p_3) + (e_2 · p_4*e_3 · p_4*p_2 · p_3)/(p_1 · p_3*p_3 · p_4) - (e_2 · p_3*e_3 · p_4*p_2 · p_4)/(p_1 · p_3*p_3 · p_4) + (e_2 · p_3*e_3 · p_2*p_3 · p_4)/(p_1 · p_2*p_2 · p_3) - (e_2 · p_4*e_3 · p_2*p_3 · p_4)/(p_1 · p_2*p_2 · p_4)
(2*p_4 · F_2 · F_3 · p_4)/(p_2 · p_4*p_3 · p_4), -2*e_2 · e_3 - (e_2 · e_3*(p_1 · p_1)^2)/(p_2 · p_4)^2 - (e_2 · e_3*p_1 · p_1*p_1 · p_2)/(p_2 · p_4)^2 - (e_2 · e_3*p_1 · p_1*p_1 · p_3)/(p_2 · p_4)^2 - (e_2 · e_3*p_1 · p_1*p_1 · p_4)/(p_2 · p_4)^2 - (e_2 · e_3*p_1 · p_1*p_2 · p_3)/(p_2 · p_4)^2 + (2*e_2 · p_4*e_3 · p_2)/(p_2 · p_4) - (e_2 · e_3*p_1 · p_1)/(p_2 · p_4) + (2*e_2 · p_3*e_3 · p_4)/(p_3 · p_4) - (2*e_2 · p_4*e_3 · p_4*p_2 · p_3)/(p_2 · p_4*p_3 · p_4) - (e_2 · e_3*p_1 · p_1*p_3 · p_4)/(p_2 · p_4)^2
(p_1 · F_2 · p_4*p_1 · F_3 · p_2)/(p_1 · p_2*p_2 · p_3*p_2 · p_4) + (p_1 · F_2 · p_3*p_1 · F_3 · p_4)/(p_1 · p_3*p_2 · p_3*p_3 · p_4), -((e_2 · p_3*e_3 · p_2*p_1 · p_1)/(p_1 · p_2)^2) + (e_2 · p_1*e_3 · p_1)/(p_1 · p_2) - (e_2 · p_3*e_3 · p_2)/(p_1 · p_2) + (e_2 · p_1*e_3 · p_1)/(p_1 · p_3) - (e_2 · p_3*e_3 · p_2*p_1 · p_3)/(p_1 · p_2)^2 - (e_2 · p_3*e_3 · p_2*p_1 · p_4)/(p_1 · p_2)^2 + (e_2 · p_3*e_3 · p_2*p_1 · p_2)/(p_1 · p_3*p_2 · p_3) + (e_2 · p_3*e_3 · p_4*p_1 · p_2)/(p_1 · p_3*p_2 · p_3) - (e_2 · p_1*e_3 · p_2*p_1 · p_3)/(p_1 · p_2*p_2 · p_3) - (e_2 · p_3*e_3 · p_2*p_2 · p_3)/(p_1 · p_2)^2 - (e_2 · p_4*e_3 · p_1)/(p_2 · p_4) + (e_2 · p_4*e_3 · p_2*p_1 · p_3)/(p_2 · p_3*p_2 · p_4) - (e_2 · p_3*e_3 · p_2*p_2 · p_4)/(p_1 · p_2)^2 + (e_2 · p_1*e_3 · p_1)/(p_3 · p_4) + (e_2 · p_1*e_3 · p_2)/(p_3 · p_4) + (e_2 · p_3*e_3 · p_4*p_1 · p_2)/(p_2 · p_3*p_3 · p_4) - (e_2 · p_3*e_3 · p_2*p_3 · p_4)/(p_1 · p_2)^2
(p_1 · F_2 · p_3*p_1 · F_3 · p_2)/(p_1 · p_2*(p_1 · p_3)^2) + (p_1 · F_2 · p_3*p_1 · F_3 · p_2)/((p_1 · p_2)^2*p_1 · p_3), (e_2 · p_3*e_3 · p_2)/(p_1 · p_2) + (e_2 · p_1*e_3 · p_1)/(p_1 · p_3) - (e_2 · p_4*e_3 · p_2)/(p_1 · p_3) + (e_2 · p_1*e_3 · p_4)/(p_1 · p_3) - (e_2 · p_1*e_3 · p_2*p_2 · p_3)/(p_1 · p_2)^2 - (e_2 · p_3*e_3 · p_1*p_2 · p_3)/(p_1 · p_3)^2 - (e_2 · p_3*e_3 · p_1*p_2 · p_3)/(p_1 · p_2*p_1 · p_3) - (e_2 · p_1*e_3 · p_2*p_2 · p_3)/(p_1 · p_2*p_1 · p_3) + (e_2 · p_1*e_3 · p_1*(p_2 · p_3)^2)/(p_1 · p_2*(p_1 · p_3)^2) + (e_2 · p_1*e_3 · p_1*(p_2 · p_3)^2)/((p_1 · p_2)^2*p_1 · p_3)
(p_1 · F_2 · p_4*p_1 · F_3 · p_2)/((p_1 · p_3)^2*p_2 · p_4) + (p_1 · F_2 · p_3*p_1 · F_3 · p_4)/((p_1 · p_2)^2*p_3 · p_4), -((e_2 · p_3*e_3 · p_1)/(p_1 · p_2)) + (e_2 · p_4*e_3 · p_1*p_1 · p_2)/(p_1 · p_3)^2 - (e_2 · p_1*e_3 · p_2)/(p_1 · p_3) + (e_2 · p_1*e_3 · p_1*p_2 · p_3)/(p_1 · p_2)^2 + (e_2 · p_1*e_3 · p_1*p_2 · p_3)/(p_1 · p_3)^2 + (e_2 · p_4*e_3 · p_1*(p_1 · p_2)^2)/((p_1 · p_3)^2*p_2 · p_4) + (e_2 · p_4*e_3 · p_2*p_1 · p_2)/(p_1 · p_3*p_2 · p_4) + (e_2 · p_3*e_3 · p_4*p_1 · p_3)/(p_1 · p_2*p_3 · p_4) - (e_2 · p_1*e_3 · p_4*p_1 · p_3*p_2 · p_3)/((p_1 · p_2)^2*p_3 · p_4)
(p_1 · F_2 · p_4*p_1 · F_3 · p_2)/(p_2 · p_3*(p_2 · p_4)^2) + (p_1 · F_2 · p_3*p_1 · F_3 · p_4)/(p_2 · p_3*(p_3 · p_4)^2), -((e_2 · p_4*e_3 · p_1*p_1 · p_2)/(p_2 · p_4)^2) - (e_2 · e_3*(p_1 · p_1)^3)/(p_2 · p_3*(p_2 · p_4)^2) + (e_2 · p_4*e_3 · p_2*p_1 · p_2*p_1 · p_3)/(p_2 · p_3*(p_2 · p_4)^2) + (e_2 · p_1*e_3 · p_1)/(p_2 · p_4) - (e_2 · e_3*(p_1 · p_1)^3)/((p_2 · p_3)^2*p_2 · p_4) - (e_2 · p_1*e_3 · p_2*p_1 · p_3)/(p_2 · p_3*p_2 · p_4) - (e_2 · p_1*e_3 · p_4*p_1 · p_3)/(p_3 · p_4)^2 + (e_2 · p_3*e_3 · p_4*p_1 · p_2*p_1 · p_3)/(p_2 · p_3*(p_3 · p_4)^2) + (e_2 · p_1*e_3 · p_1)/(p_3 · p_4) - (e_2 · p_3*e_3 · p_1*p_1 · p_2)/(p_2 · p_3*p_3 · p_4) + (e_2 · p_1*e_3 · p_2*p_1 · p_1*p_3 · p_4)/(p_1 · p_3*(p_2 · p_4)^2) - (e_2 · e_3*(p_1 · p_1)^3*p_3 · p_4)/((p_2 · p_3)^2*(p_2 · p_4)^2) - (e_2 · p_3*e_3 · p_2*p_1 · p_1*p_3 · p_4)/(p_1 · p_3*p_2 · p_3*p_2 · p_4) - (e_2 · p_4*e_3 · p_2*p_1 · p_1*p_3 · p_4)/(p_1 · p_3*p_2 · p_3*p_2 · p_4) + (e_2 · p_1*e_3 · p_2*p_1 · p_1*(p_3 · p_4)^2)/(p_1 · p_3*p_2 · p_3*(p_2 · p_4)^2)
(p_1 · F_2 · F_3 · p_2)/(p_1 · p_2*p_2 · p_3) + (p_1 · F_3 · F_2 · p_3)/(p_1 · p_3*p_2 · p_3), -2*e_2 · e_3 + (2*e_2 · p_3*e_3 · p_2)/(p_2 · p_3)
(p_1 · F_2 · p_4*p_2 · F_3 · p_4)/(p_1 · p_3*p_2 · p_4*p_3 · p_4) + (p_1 · F_3 · p_4*p_3 · F_2 · p_4)/(p_1 · p_2*p_2 · p_4*p_3 · p_4), (e_2 · p_3*e_3 · p_1)/(p_1 · p_2) + (e_2 · p_1*e_3 · p_2)/(p_1 · p_3) + (e_2 · p_1*e_3 · p_2*p_1 · p_2)/(p_1 · p_3*p_2 · p_4) + (e_2 · p_3*e_3 · p_2*p_1 · p_2)/(p_1 · p_3*p_2 · p_4) - (e_2 · p_4*e_3 · p_1*p_2 · p_3)/(p_1 · p_2*p_2 · p_4) - (e_2 · p_3*e_3 · p_4*p_1 · p_3)/(p_1 · p_2*p_3 · p_4) - (e_2 · p_1*e_3 · p_4*p_2 · p_3)/(p_1 · p_3*p_3 · p_4) + (e_2 · p_4*e_3 · p_4*p_1 · p_2*p_2 · p_3)/(p_1 · p_3*p_2 · p_4*p_3 · p_4) + (e_2 · p_4*e_3 · p_4*p_1 · p_3*p_2 · p_3)/(p_1 · p_2*p_2 · p_4*p_3 · p_4)
(p_1 · F_2 · p_3*p_2 · F_3 · p_4)/(p_1 · p_2*p_2 · p_4*p_3 · p_4) + (p_1 · F_3 · p_2*p_3 · F_2 · p_4)/(p_1 · p_3*p_2 · p_4*p_3 · p_4), -((e_2 · p_3*e_3 · p_2)/(p_2 · p_4)) - (e_2 · p_3*e_3 · p_4)/(p_2 · p_4) + (e_2 · p_1*e_3 · p_2*p_2 · p_3)/(p_1 · p_2*p_2 · p_4) + (e_2 · p_3*e_3 · p_1)/(p_3 · p_4) + (e_2 · p_3*e_3 · p_4)/(p_3 · p_4) + (e_2 · p_3*e_3 · p_1*p_2 · p_3)/(p_1 · p_3*p_3 · p_4) - (e_2 · p_3*e_3 · p_4*p_1 · p_3)/(p_2 · p_4*p_3 · p_4) + (e_2 · p_4*e_3 · p_2*p_2 · p_3)/(p_2 · p_4*p_3 · p_4) - (e_2 · p_1*e_3 · p_4*(p_2 · p_3)^2)/(p_1 · p_2*p_2 · p_4*p_3 · p_4) - (e_2 · p_4*e_3 · p_1*(p_2 · p_3)^2)/(p_1 · p_3*p_2 · p_4*p_3 · p_4)
(p_1 · F_2 · p_4*p_2 · F_3 · p_4)/(p_2 · p_3*(p_2 · p_4)^2) + (p_1 · F_3 · p_4*p_3 · F_2 · p_4)/(p_2 · p_3*(p_3 · p_4)^2), (e_2 · p_4*e_3 · p_4*p_1 · p_2)/(p_2 · p_4)^2 - (e_2 · p_1*e_3 · p_4)/(p_2 · p_4) + (e_2 · p_4*e_3 · p_4*p_1 · p_3)/(p_3 · p_4)^2 - (e_2 · p_3*e_3 · p_4*p_1 · p_3*p_2 · p_4)/(p_2 · p_3*(p_3 · p_4)^2) - (e_2 · p_4*e_3 · p_1)/(p_3 · p_4) - (e_2 · p_3*e_3 · p_2*p_2 · p_4)/(p_2 · p_3*p_3 · p_4) - (e_2 · p_3*e_3 · p_4*p_2 · p_4)/(p_2 · p_3*p_3 · p_4) - (e_2 · p_4*e_3 · p_2*p_1 · p_2*p_3 · p_4)/(p_2 · p_3*(p_2 · p_4)^2) + (e_2 · p_1*e_3 · p_2*p_3 · p_4)/(p_2 · p_3*p_2 · p_4)
(p_1 · F_2 · p_4*p_2 · F_3 · p_4)/(p_1 · p_2*p_2 · p_3*p_2 · p_4) + (p_1 · F_3 · p_4*p_3 · F_2 · p_4)/(p_1 · p_3*p_2 · p_3*p_3 · p_4), -((e_2 · p_1*e_3 · p_4)/(p_1 · p_2)) - (e_2 · p_4*e_3 · p_1)/(p_1 · p_3) + (e_2 · p_4*e_3 · p_2)/(p_2 · p_3) - (e_2 · p_3*e_3 · p_1*p_1 · p_1)/(p_1 · p_3*p_2 · p_3) - (e_2 · p_3*e_3 · p_1*p_1 · p_4)/(p_1 · p_3*p_2 · p_3) + (e_2 · p_4*e_3 · p_4)/(p_2 · p_4) + (e_2 · p_4*e_3 · p_2*p_1 · p_1)/(p_2 · p_3*p_2 · p_4) + (e_2 · p_4*e_3 · p_2*p_1 · p_4)/(p_2 · p_3*p_2 · p_4) - (e_2 · p_4*e_3 · p_1)/(p_3 · p_4) - (e_2 · p_4*e_3 · p_2)/(p_3 · p_4) - (e_2 · p_3*e_3 · p_4*p_2 · p_4)/(p_2 · p_3*p_3 · p_4) + (e_2 · p_1*e_3 · p_2*p_3 · p_4)/(p_1 · p_2*p_2 · p_3) - (e_2 · p_3*e_3 · p_1*p_3 · p_4)/(p_1 · p_3*p_2 · p_3)
(p_2 · F_3 · p_4*p_3 · F_2 · p_4)/(p_2 · p_3*(p_2 · p_4)^2) + (p_2 · F_3 · p_4*p_3 · F_2 · p_4)/(p_2 · p_3*(p_3 · p_4)^2), -((e_2 · p_3*e_3 · p_2)/(p_2 · p_3)) + (e_2 · p_4*e_3 · p_4*p_2 · p_3)/(p_2 · p_4)^2 - (e_2 · p_3*e_3 · p_4)/(p_2 · p_4) + (e_2 · p_4*e_3 · p_4*p_2 · p_3)/(p_3 · p_4)^2 - (e_2 · p_3*e_3 · p_4*p_2 · p_4)/(p_3 · p_4)^2 - (e_2 · p_3*e_3 · p_2)/(p_3 · p_4) - (e_2 · p_4*e_3 · p_2)/(p_3 · p_4) - (e_2 · e_3*p_1 · p_1)/(p_3 · p_4) - (e_2 · e_3*p_1 · p_4)/(p_3 · p_4) + (e_2 · e_3*p_2 · p_3)/(p_3 · p_4) - (e_2 · p_4*e_3 · p_2*p_3 · p_4)/(p_2 · p_4)^2 + (e_2 · p_3*e_3 · p_2*p_3 · p_4)/(p_2 · p_3*p_2 · p_4)
(p_2 · F_3 · p_4*p_3 · F_2 · p_4)/(p_1 · p_3*(p_2 · p_3)^2*p_2 · p_4) + (p_2 · F_3 · p_4*p_3 · F_2 · p_4)/(p_1 · p_2*(p_2 · p_3)^2*p_3 · p_4), -((e_2 · p_3*e_3 · p_2)/(p_2 · p_3)^2) - (e_2 · p_4*e_3 · p_2)/(p_1 · p_2*p_2 · p_3) - (e_2 · p_3*e_3 · p_2)/(p_1 · p_3*p_2 · p_3) - (e_2 · p_3*e_3 · p_4)/(p_1 · p_3*p_2 · p_3) - (e_2 · p_1*e_3 · p_4)/(p_1 · p_3*p_2 · p_4) - (e_2 · p_3*e_3 · p_4)/(p_1 · p_3*p_2 · p_4) + (e_2 · p_3*e_3 · p_2*p_2 · p_4)/(p_1 · p_2*(p_2 · p_3)^2) + (e_2 · p_4*e_3 · p_4)/(p_1 · p_2*p_3 · p_4) + (e_2 · p_4*e_3 · p_4*p_1 · p_1)/(p_1 · p_3*p_2 · p_3*p_3 · p_4) + (e_2 · p_4*e_3 · p_4*p_1 · p_2)/(p_1 · p_3*p_2 · p_3*p_3 · p_4) + (e_2 · p_4*e_3 · p_4*p_1 · p_4)/(p_1 · p_3*p_2 · p_3*p_3 · p_4) + (e_2 · p_1*e_3 · p_4*p_2 · p_4)/(p_1 · p_2*p_2 · p_3*p_3 · p_4) + (e_2 · p_4*e_3 · p_4*p_2 · p_4)/(p_1 · p_2*p_2 · p_3*p_3 · p_4) + (e_2 · p_4*e_3 · p_4*p_2 · p_4)/(p_1 · p_3*p_2 · p_3*p_3 · p_4) - (e_2 · p_4*e_3 · p_2*p_3 · p_4)/(p_1 · p_3*p_2 · p_3*p_2 · p_4)
(p_2 · F_3 · F_2 · p_3)/((p_2 · p_3)^2*p_2 · p_4) + (p_2 · F_3 · F_2 · p_3)/((p_2 · p_3)^2*p_3 · p_4), -((e_2 · e_3)/(p_2 · p_4)) + (e_2 · p_3*e_3 · p_2)/(p_2 · p_3*p_2 · p_4) - (e_2 · p_3*e_3 · p_2*p_1 · p_1)/(p_1 · p_3*p_2 · p_3*p_2 · p_4) - (e_2 · e_3)/(p_3 · p_4) + (e_2 · p_3*e_3 · p_2)/(p_2 · p_3*p_3 · p_4) - (e_2 · p_3*e_3 · p_2*p_1 · p_1)/(p_1 · p_3*p_2 · p_3*p_3 · p_4) - (e_2 · p_3*e_3 · p_2*p_1 · p_1)/(p_1 · p_3*p_2 · p_4*p_3 · p_4)
(p_1 · p_3*p_1 · F_2 · F_3 · p_4)/(p_1 · p_2*p_2 · p_4*p_3 · p_4) + (p_1 · p_2*p_1 · F_3 · F_2 · p_4)/(p_1 · p_3*p_2 · p_4*p_3 · p_4), -((e_2 · e_3*p_1 · p_3)/(p_2 · p_4)) + (e_2 · p_1*e_3 · p_2*p_1 · p_3)/(p_1 · p_2*p_2 · p_4) - (e_2 · e_3*(p_1 · p_1)^2*p_1 · p_2*p_1 · p_4)/(p_1 · p_3*p_2 · p_4*(p_3 · p_4)^2) + (e_2 · e_3*p_1 · p_1)/(p_3 · p_4) + (e_2 · p_3*e_3 · p_1*p_1 · p_2)/(p_1 · p_3*p_3 · p_4) + (e_2 · e_3*p_1 · p_3)/(p_3 · p_4) + (e_2 · e_3*p_1 · p_4)/(p_3 · p_4) + (e_2 · p_4*e_3 · p_2*p_1 · p_2)/(p_2 · p_4*p_3 · p_4) - (e_2 · p_3*e_3 · p_1*p_1 · p_3)/(p_2 · p_4*p_3 · p_4) - (e_2 · p_3*e_3 · p_2*p_1 · p_3)/(p_2 · p_4*p_3 · p_4) + (e_2 · e_3*(p_1 · p_1)^2*p_1 · p_4)/(p_1 · p_3*p_2 · p_4*p_3 · p_4) - (e_2 · p_4*e_3 · p_1*p_1 · p_2*p_2 · p_3)/(p_1 · p_3*p_2 · p_4*p_3 · p_4) - (e_2 · p_1*e_3 · p_4*p_1 · p_3*p_2 · p_3)/(p_1 · p_2*p_2 · p_4*p_3 · p_4)
(p_1 · F_2 · p_4*p_1 · F_3 · p_2)/((p_1 · p_2)^2*p_2 · p_3) + (p_1 · F_2 · p_3*p_1 · F_3 · p_4)/((p_1 · p_3)^2*p_2 · p_3), -((e_2 · p_4*e_3 · p_1)/(p_1 · p_2)) - (e_2 · p_1*e_3 · p_4)/(p_1 · p_3) + (e_2 · e_3*p_1 · p_2)/(p_1 · p_3) + (e_2 · e_3*p_1 · p_2)/(p_1 · p_4) + (e_2 · e_3*p_1 · p_1*p_1 · p_2)/(p_1 · p_3*p_1 · p_4) + (e_2 · e_3*(p_1 · p_2)^2)/(p_1 · p_3*p_1 · p_4) + (e_2 · p_3*e_3 · p_4*p_1 · p_2)/(p_1 · p_3*p_2 · p_3) + (e_2 · p_4*e_3 · p_2*p_1 · p_3)/(p_1 · p_2*p_2 · p_3) + (e_2 · e_3*p_1 · p_2*p_2 · p_3)/(p_1 · p_3*p_1 · p_4) + (e_2 · p_1*e_3 · p_1*p_2 · p_4)/(p_1 · p_2)^2 + (e_2 · e_3*p_1 · p_2*p_2 · p_4)/(p_1 · p_3*p_1 · p_4) - (e_2 · p_1*e_3 · p_2*p_1 · p_3*p_2 · p_4)/((p_1 · p_2)^2*p_2 · p_3) + (e_2 · p_1*e_3 · p_1*p_3 · p_4)/(p_1 · p_3)^2 + (e_2 · e_3*p_1 · p_2*p_3 · p_4)/(p_1 · p_3*p_1 · p_4) - (e_2 · p_3*e_3 · p_1*p_1 · p_2*p_3 · p_4)/((p_1 · p_3)^2*p_2 · p_3)
(p_1 · F_2 · F_3 · p_2)/(p_1 · p_2*p_2 · p_3) + (p_1 · F_3 · F_2 · p_3)/(p_1 · p_3*p_2 · p_3), -2*e_2 · e_3 + (2*e_2 · p_3*e_3 · p_2)/(p_2 · p_3)
(p_1 · F_2 · p_3*p_2 · F_3 · p_4)/(p_1 · p_3*(p_2 · p_3)^2*p_3 · p_4) + (p_1 · F_3 · p_2*p_3 · F_2 · p_4)/(p_1 · p_2*(p_2 · p_3)^2*p_2 · p_4), -((e_2 · e_3*p_1 · p_1)/(p_2 · p_3)^2) - (e_2 · e_3*(p_1 · p_1)^2)/(p_1 · p_2*(p_2 · p_3)^2) - (e_2 · p_3*e_3 · p_2*p_1 · p_2)/(p_1 · p_3*(p_2 · p_3)^2) - (e_2 · p_3*e_3 · p_2*p_1 · p_3)/(p_1 · p_2*(p_2 · p_3)^2) - (e_2 · e_3*p_1 · p_1*p_1 · p_4)/(p_1 · p_2*(p_2 · p_3)^2) + (e_2 · p_3*e_3 · p_1)/(p_1 · p_2*p_2 · p_3) + (e_2 · p_1*e_3 · p_2)/(p_1 · p_3*p_2 · p_3) - (e_2 · p_4*e_3 · p_1)/(p_1 · p_2*p_2 · p_4) - (e_2 · e_3*p_1 · p_1*(p_1 · p_3)^2)/(p_1 · p_2*(p_2 · p_3)^2*p_2 · p_4) + (e_2 · p_4*e_3 · p_2*p_1 · p_3)/(p_1 · p_2*p_2 · p_3*p_2 · p_4) + (e_2 · p_3*e_3 · p_4)/(p_1 · p_3*p_3 · p_4) + (e_2 · p_4*e_3 · p_4)/(p_1 · p_3*p_3 · p_4) + (e_2 · p_3*e_3 · p_4*p_1 · p_2)/(p_1 · p_3*p_2 · p_3*p_3 · p_4)
(p_1 · F_2 · p_4*p_1 · F_3 · p_2)/(p_2 · p_3*p_2 · p_4*p_3 · p_4) + (p_1 · F_2 · p_3*p_1 · F_3 · p_4)/(p_2 · p_3*p_2 · p_4*p_3 · p_4), (e_2 · p_1*e_3 · p_1)/(p_2 · p_4) - (e_2 · p_3*e_3 · p_1*p_1 · p_2)/(p_2 · p_3*p_2 · p_4) + (e_2 · p_3*e_3 · p_4*(p_1 · p_1)^3)/((p_1 · p_3)^2*p_2 · p_3*p_2 · p_4) + (e_2 · p_3*e_3 · p_4*(p_1 · p_1)^2)/(p_1 · p_3*p_2 · p_3*p_2 · p_4) + (e_2 · p_3*e_3 · p_4*(p_1 · p_1)^2*p_1 · p_4)/((p_1 · p_3)^2*p_2 · p_3*p_2 · p_4) + (e_2 · p_1*e_3 · p_1)/(p_3 · p_4) + (e_2 · p_3*e_3 · p_2*p_1 · p_3)/(p_2 · p_3*p_3 · p_4) + (e_2 · p_4*e_3 · p_2*p_1 · p_3)/(p_2 · p_3*p_3 · p_4) - (e_2 · p_4*e_3 · p_1*p_1 · p_2)/(p_2 · p_4*p_3 · p_4) - (e_2 · p_1*e_3 · p_4*p_1 · p_3)/(p_2 · p_4*p_3 · p_4) + (e_2 · p_4*e_3 · p_2*p_1 · p_2*p_1 · p_3)/(p_2 · p_3*p_2 · p_4*p_3 · p_4) + (e_2 · p_3*e_3 · p_4*p_1 · p_2*p_1 · p_3)/(p_2 · p_3*p_2 · p_4*p_3 · p_4) + (e_2 · p_3*e_3 · p_4*(p_1 · p_1)^2*p_3 · p_4)/((p_1 · p_3)^2*p_2 · p_3*p_2 · p_4)
